date,open,high,low,close,adjclose,volume
2009-01-02,3.067143,3.251429,3.041429,3.241071,2.714299,746015200.00
2009-01-05,3.327500,3.435000,3.311071,3.377857,2.828853,1181608400.00
2009-01-06,3.426786,3.470357,3.299643,3.322143,2.782194,1289310400.00
2009-01-07,3.278929,3.303571,3.223571,3.250357,2.722075,753048800.00
2009-01-08,3.229643,3.326786,3.215714,3.310714,2.772623,673500800.00
2009-01-09,3.328929,3.335000,3.219286,3.235000,2.709214,546845600.00
2009-01-12,3.230714,3.249643,3.126786,3.166429,2.651788,617716400.00
2009-01-13,3.151429,3.205000,3.083929,3.132500,2.623374,798397600.00
2009-01-14,3.080000,3.116071,3.025714,3.047500,2.552188,1021664000.00
2009-01-15,2.877500,3.004286,2.858929,2.977857,2.493865,1831634000.00
2009-01-16,3.010714,3.013571,2.871429,2.940357,2.462459,1047625600.00
2009-01-20,2.926071,2.928571,2.792857,2.792857,2.338933,919914800.00
2009-01-21,2.835357,2.960000,2.832500,2.958214,2.477415,1089270000.00
2009-01-22,3.144286,3.214286,3.065000,3.155714,2.642814,1409528400.00
2009-01-23,3.100714,3.209643,3.089286,3.155714,2.642814,763770000.00
2009-01-26,3.173571,3.248929,3.153571,3.201429,2.681099,692238400.00
2009-01-27,3.221071,3.269643,3.205000,3.240357,2.713701,618038400.00
2009-01-28,3.290000,3.392857,3.267857,3.364286,2.817488,861406000.00
2009-01-29,3.324643,3.369286,3.307143,3.321429,2.781596,592729200.00
2009-01-30,3.307143,3.343571,3.214643,3.218929,2.695755,651478800.00
2009-02-02,3.182143,3.285714,3.175000,3.268214,2.737030,558247200.00
2009-02-03,3.282857,3.335000,3.224286,3.320714,2.780997,599309200.00
2009-02-04,3.329286,3.437500,3.325000,3.341071,2.798046,808421600.00
2009-02-05,3.313214,3.473214,3.307857,3.445000,2.885082,749246400.00
2009-02-06,3.465000,3.571429,3.464286,3.561429,2.982589,687209600.00
2009-02-09,3.571429,3.678571,3.553571,3.661071,3.066036,715010800.00
2009-02-10,3.618929,3.661071,3.466429,3.493929,2.926059,849060800.00
2009-02-11,3.441786,3.511071,3.420357,3.457857,2.895851,674973600.00
2009-02-12,3.422500,3.562500,3.422500,3.545357,2.969129,817188400.00
2009-02-13,3.535357,3.569286,3.504286,3.541429,2.965839,608977600.00
2009-02-17,3.459643,3.465714,3.367143,3.376071,2.827357,678238400.00
2009-02-18,3.394643,3.423214,3.311429,3.370357,2.822571,684779200.00
2009-02-19,3.334643,3.366071,3.218214,3.237143,2.711009,922804400.00
2009-02-20,3.192857,3.300000,3.178571,3.257143,2.727758,750316000.00
2009-02-23,3.273214,3.285714,3.089643,3.105357,2.600642,786982000.00
2009-02-24,3.123214,3.246071,3.107143,3.223214,2.699345,807105600.00
2009-02-25,3.209286,3.318571,3.187500,3.255714,2.726562,833053200.00
2009-02-26,3.285714,3.318571,3.177143,3.185357,2.667640,629868400.00
2009-02-27,3.140357,3.260714,3.131071,3.189643,2.671229,706658400.00
2009-03-02,3.147143,3.257143,3.131071,3.140714,2.630253,770929600.00
2009-03-03,3.176071,3.240714,3.138571,3.156071,2.643114,724340400.00
2009-03-04,3.220714,3.313214,3.194643,3.256071,2.726861,741403600.00
2009-03-05,3.230714,3.281071,3.158929,3.172857,2.657172,706899200.00
2009-03-06,3.155000,3.157143,2.940357,3.046429,2.551292,1011147200.00
2009-03-09,3.006429,3.128571,2.948929,2.968214,2.485790,698297600.00
2009-03-10,3.031071,3.184643,3.012857,3.165357,2.650890,844258800.00
2009-03-11,3.207500,3.359643,3.199286,3.310000,2.772025,846372800.00
2009-03-12,3.317857,3.449286,3.285714,3.441071,2.881793,768457200.00
2009-03-13,3.439286,3.471429,3.393214,3.426071,2.869231,601168400.00
2009-03-16,3.447500,3.478214,3.363571,3.407857,2.853977,797244000.00
2009-03-17,3.401429,3.560357,3.395357,3.559286,2.980794,786646000.00
2009-03-18,3.568214,3.695714,3.561429,3.625714,3.036426,796037200.00
2009-03-19,3.637500,3.685714,3.580357,3.629286,3.039417,500180800.00
2009-03-20,3.646071,3.682500,3.591786,3.628214,3.038519,695587200.00
2009-03-23,3.668214,3.862857,3.633929,3.845000,3.220071,666397200.00
2009-03-24,3.798571,3.908571,3.763929,3.803571,3.185376,640612000.00
2009-03-25,3.842143,3.870000,3.709286,3.803214,3.185076,646618000.00
2009-03-26,3.851071,3.927857,3.842143,3.923929,3.286171,616252000.00
2009-03-27,3.865357,3.876071,3.800000,3.816071,3.195844,492872800.00
2009-03-30,3.732500,3.750357,3.664643,3.731786,3.125258,502796000.00
2009-03-31,3.766071,3.837500,3.750000,3.754286,3.144101,570080000.00
2009-04-01,3.717500,3.892857,3.710357,3.881786,3.250878,589372000.00
2009-04-02,3.933571,4.098214,3.920714,4.025357,3.371114,812366800.00
2009-04-03,4.078214,4.147500,4.054286,4.142500,3.469219,636241200.00
2009-04-06,4.105000,4.241071,4.045714,4.230357,3.542795,658064400.00
2009-04-07,4.161786,4.166786,4.078214,4.107143,3.439608,536580800.00
2009-04-08,4.122500,4.171071,4.092143,4.154286,3.479089,455630000.00
2009-04-09,4.229286,4.285714,4.212857,4.270357,3.576293,530756800.00
2009-04-13,4.286071,4.320714,4.250000,4.293571,3.595735,389236400.00
2009-04-14,4.270357,4.291786,4.187500,4.225357,3.538608,454622000.00
2009-04-15,4.185714,4.223214,4.134286,4.201429,3.518569,412882400.00
2009-04-16,4.256786,4.398214,4.242500,4.337500,3.632525,593446000.00
2009-04-17,4.327857,4.437500,4.294643,4.407857,3.691445,497495600.00
2009-04-20,4.347500,4.392500,4.255714,4.303571,3.604110,466466000.00
2009-04-21,4.246071,4.362143,4.235714,4.348571,3.641796,470685600.00
2009-04-22,4.379643,4.476786,4.328571,4.339643,3.634320,938767200.00
2009-04-23,4.522143,4.542857,4.411071,4.478571,3.750666,945156800.00
2009-04-24,4.451429,4.469286,4.391786,4.425000,3.705803,540764000.00
2009-04-27,4.389286,4.464286,4.380714,4.454643,3.730628,480690000.00
2009-04-28,4.405357,4.507500,4.402143,4.425000,3.705803,455856800.00
2009-04-29,4.458929,4.530357,4.422500,4.469286,3.742892,458110800.00
2009-04-30,4.507857,4.535714,4.461429,4.493929,3.763528,498489600.00
2009-05-01,4.492857,4.569643,4.492857,4.544286,3.805700,397516000.00
2009-05-04,4.580000,4.723214,4.560000,4.716786,3.950165,609358400.00
2009-05-05,4.705357,4.745000,4.682857,4.739643,3.969307,398255200.00
2009-05-06,4.761786,4.767857,4.650714,4.732143,3.963026,473538800.00
2009-05-07,4.726071,4.728214,4.567857,4.609286,3.860138,531776000.00
2009-05-08,4.608571,4.686786,4.509286,4.613929,3.864024,467964000.00
2009-05-11,4.548929,4.677143,4.540000,4.627500,3.875391,404658800.00
2009-05-12,4.627143,4.632500,4.401786,4.443571,3.721356,609481600.00
2009-05-13,4.400357,4.429286,4.263571,4.267500,3.573902,595971600.00
2009-05-14,4.277857,4.411786,4.275000,4.391071,3.677389,447826400.00
2009-05-15,4.368571,4.450714,4.343214,4.372143,3.661536,367567200.00
2009-05-18,4.418929,4.525000,4.341786,4.523214,3.788054,458841600.00
2009-05-19,4.529286,4.618214,4.490714,4.551786,3.811982,372422400.00
2009-05-20,4.558214,4.614643,4.475000,4.495357,3.764726,388584000.00
2009-05-21,4.469643,4.527857,4.388929,4.435000,3.714178,407946000.00
2009-05-22,4.430357,4.435000,4.348214,4.375000,3.663929,297998400.00
2009-05-26,4.455714,4.672500,4.448214,4.670714,3.911582,636927200.00
2009-05-27,4.706429,4.820714,4.675357,4.751786,3.979477,646422000.00
2009-05-28,4.766071,4.835357,4.715357,4.823929,4.039893,487552800.00
2009-05-29,4.835357,4.853571,4.780357,4.850357,4.062028,456534400.00
2009-06-01,4.873929,4.999643,4.857143,4.976786,4.167908,452499600.00
2009-06-02,4.963929,5.047857,4.941071,4.981786,4.172096,456223600.00
2009-06-03,5.000000,5.039643,4.966786,5.033929,4.215763,565199600.00
2009-06-04,5.004643,5.149286,5.001429,5.133571,4.299210,550634000.00
2009-06-05,5.189643,5.228571,5.114643,5.166786,4.327026,632716000.00
2009-06-08,5.136429,5.151071,4.979643,5.137500,4.302501,931652400.00
2009-06-09,5.136071,5.162857,5.019643,5.097143,4.268702,676964400.00
2009-06-10,5.081429,5.083929,4.939286,5.008929,4.194826,688623600.00
2009-06-11,4.983929,5.055714,4.948214,4.998214,4.185851,524823600.00
2009-06-12,4.957500,4.967857,4.858571,4.891786,4.096723,563085600.00
2009-06-15,4.857500,4.890357,4.817500,4.860357,4.070401,539750400.00
2009-06-16,4.880714,4.945357,4.860714,4.869643,4.078179,514805200.00
2009-06-17,4.881071,4.908929,4.804643,4.842143,4.055149,571412800.00
2009-06-18,4.861071,4.928571,4.842500,4.852857,4.064118,427680400.00
2009-06-19,4.931071,4.982143,4.889286,4.981429,4.171796,721856800.00
2009-06-22,5.023929,5.055714,4.868929,4.906071,4.108686,634914000.00
2009-06-23,4.871429,4.891071,4.745714,4.786071,4.008189,706532400.00
2009-06-24,4.836429,4.910714,4.816429,4.865000,4.074292,485525600.00
2009-06-25,4.848214,5.007143,4.828929,4.995000,4.183162,589447600.00
2009-06-26,4.992500,5.127143,4.990714,5.087143,4.260327,439384400.00
2009-06-29,5.123571,5.141071,5.055000,5.070357,4.246268,567616000.00
2009-06-30,5.092143,5.135714,5.064286,5.086786,4.260029,434224000.00
2009-07-01,5.125000,5.166429,5.090000,5.101071,4.271991,414178800.00
2009-07-02,5.044643,5.101071,4.992500,5.000714,4.187947,370479200.00
2009-07-06,4.953571,4.963929,4.866071,4.950357,4.145773,498688400.00
2009-07-07,4.945714,4.988571,4.827857,4.835714,4.049766,461596800.00
2009-07-08,4.854286,4.930000,4.800714,4.900714,4.104200,575929200.00
2009-07-09,4.920000,4.928214,4.854643,4.870000,4.078477,343025200.00
2009-07-10,4.869286,4.963214,4.868571,4.947143,4.143082,445275600.00
2009-07-13,4.983571,5.083571,4.911786,5.083571,4.257337,483501200.00
2009-07-14,5.072500,5.113571,5.041429,5.081071,4.255244,347247600.00
2009-07-15,5.180000,5.250000,5.154286,5.245714,4.393126,485587200.00
2009-07-16,5.205714,5.286429,5.198929,5.268571,4.412267,393570800.00
2009-07-17,5.324286,5.429286,5.308214,5.419643,4.538786,602154000.00
2009-07-20,5.473929,5.537143,5.388929,5.461071,4.573480,735526400.00
2009-07-21,5.474643,5.479643,5.348214,5.411071,4.531608,874781600.00
2009-07-22,5.635357,5.668929,5.575357,5.597857,4.688036,874104000.00
2009-07-23,5.593929,5.658571,5.555714,5.636429,4.720336,526962800.00
2009-07-24,5.605357,5.714286,5.589286,5.713929,4.785243,438362400.00
2009-07-27,5.720357,5.745714,5.616429,5.717857,4.788534,433311200.00
2009-07-28,5.674286,5.717857,5.628571,5.714286,4.785541,363554800.00
2009-07-29,5.675000,5.730357,5.651786,5.715357,4.786437,382158000.00
2009-07-30,5.775000,5.882857,5.767857,5.813929,4.868990,469604800.00
2009-07-31,5.821071,5.892857,5.818214,5.835357,4.886934,422536800.00
2009-08-03,5.900357,5.951429,5.888214,5.943929,4.977859,394240000.00
2009-08-04,5.890357,5.913214,5.864643,5.912500,4.951540,395810800.00
2009-08-05,5.919643,5.978214,5.864643,5.896786,4.938381,423183600.00
2009-08-06,5.913571,5.946786,5.824643,5.853929,4.902487,341616800.00
2009-08-07,5.910357,5.950000,5.885714,5.911071,4.950342,387354800.00
2009-08-10,5.916429,5.950000,5.845000,5.882857,4.926714,300294400.00
2009-08-11,5.846071,5.870714,5.781429,5.815357,4.870185,355342400.00
2009-08-12,5.805357,5.953929,5.802143,5.903929,4.944361,445071200.00
2009-08-13,5.951786,6.023929,5.946429,6.015000,5.037380,439980800.00
2009-08-14,5.997857,6.008214,5.911786,5.956429,4.988329,305816000.00
2009-08-17,5.841071,5.842500,5.693571,5.699643,4.773278,524381200.00
2009-08-18,5.772500,5.865714,5.764643,5.857143,4.905180,431152400.00
2009-08-19,5.812500,5.903571,5.801786,5.878571,4.923125,413271600.00
2009-08-20,5.892143,5.954286,5.878929,5.940357,4.974870,342031200.00
2009-08-21,5.987500,6.048929,5.957143,6.043571,5.061307,416074400.00
2009-08-24,6.075714,6.096786,6.009643,6.037857,5.056521,406929600.00
2009-08-25,6.052143,6.105000,6.040357,6.050000,5.066693,324354800.00
2009-08-26,6.032857,6.055357,5.955714,5.978929,5.007171,303998800.00
2009-08-27,6.026786,6.056071,5.886786,6.051786,5.068186,449181600.00
2009-08-28,6.152500,6.160357,6.018929,6.073214,5.086134,453700800.00
2009-08-31,6.005714,6.030357,5.946429,6.007500,5.031101,311337600.00
2009-09-01,5.999643,6.071429,5.890714,5.903571,4.944060,469028000.00
2009-09-02,5.879286,5.986071,5.861071,5.899286,4.940475,364249200.00
2009-09-03,5.944286,5.967857,5.892857,5.948214,4.981449,293955200.00
2009-09-04,5.974286,6.096429,5.967500,6.082500,5.093908,374628800.00
2009-09-08,6.177857,6.183571,6.142857,6.176071,5.172271,315047600.00
2009-09-09,6.170714,6.231071,6.060714,6.112143,5.118735,811087200.00
2009-09-10,6.145000,6.187500,6.100357,6.162857,5.161205,491134000.00
2009-09-11,6.175357,6.185000,6.102500,6.148571,5.149240,348961200.00
2009-09-14,6.101071,6.210714,6.080357,6.204286,5.195902,322011200.00
2009-09-15,6.215714,6.273214,6.199643,6.255714,5.238971,426470800.00
2009-09-16,6.356786,6.526786,6.352857,6.495357,5.439665,754023200.00
2009-09-17,6.499286,6.671071,6.498929,6.591071,5.519824,810572000.00
2009-09-18,6.636786,6.662500,6.598571,6.607857,5.533879,601582800.00
2009-09-21,6.581786,6.612857,6.486429,6.572143,5.503970,437715600.00
2009-09-22,6.613929,6.620714,6.530357,6.588571,5.517727,356753600.00
2009-09-23,6.621429,6.746429,6.608214,6.625000,5.548238,593563600.00
2009-09-24,6.685714,6.703571,6.527500,6.565000,5.497990,550880400.00
2009-09-25,6.500357,6.625000,6.480000,6.513214,5.454620,445239200.00
2009-09-28,6.566786,6.667143,6.547500,6.648214,5.567680,337444800.00
2009-09-29,6.668929,6.692857,6.582500,6.620714,5.544647,345385600.00
2009-09-30,6.647500,6.658929,6.521786,6.619643,5.543750,539585200.00
2009-10-01,6.619643,6.650714,6.453571,6.459286,5.409456,524711600.00
2009-10-02,6.478929,6.640714,6.476786,6.603571,5.530290,553308000.00
2009-10-05,6.650000,6.673571,6.581071,6.643571,5.563788,423133200.00
2009-10-06,6.705000,6.786071,6.689286,6.786071,5.683127,605085600.00
2009-10-07,6.777143,6.805357,6.751071,6.794643,5.690306,465668000.00
2009-10-08,6.809286,6.837500,6.746071,6.759643,5.660996,438211200.00
2009-10-09,6.748929,6.810714,6.736429,6.802500,5.696887,293272000.00
2009-10-12,6.822143,6.839643,6.772857,6.814643,5.707057,288024800.00
2009-10-13,6.808214,6.827500,6.775000,6.786429,5.683428,348020400.00
2009-10-14,6.866071,6.868571,6.793929,6.831786,5.721414,375510800.00
2009-10-15,6.772500,6.818571,6.768929,6.805714,5.699580,373556400.00
2009-10-16,6.762500,6.798571,6.708571,6.716071,5.624506,431426800.00
2009-10-19,6.708929,6.785714,6.626786,6.780714,5.678641,942230800.00
2009-10-20,7.164286,7.205357,7.066071,7.098571,5.944837,1141039200.00
2009-10-21,7.125714,7.453929,7.115357,7.318571,6.129080,1193726800.00
2009-10-22,7.310714,7.423214,7.232500,7.328571,6.137455,791392000.00
2009-10-23,7.346429,7.350000,7.258214,7.283571,6.099768,420786800.00
2009-10-26,7.273929,7.383929,7.146429,7.231429,6.056103,484338400.00
2009-10-27,7.202143,7.243214,7.016071,7.048929,5.903266,756551600.00
2009-10-28,7.061071,7.072143,6.825000,6.871429,5.754614,818386800.00
2009-10-29,6.964286,7.028929,6.862143,7.012500,5.872756,570270400.00
2009-10-30,7.002143,7.028571,6.720357,6.732143,5.637965,717525200.00
2009-11-02,6.778571,6.888571,6.627500,6.761071,5.662192,678983200.00
2009-11-03,6.708929,6.768571,6.640000,6.741071,5.645443,522541600.00
2009-11-04,6.811786,6.923214,6.793929,6.814643,5.707057,487530400.00
2009-11-05,6.871429,6.964286,6.850714,6.929643,5.803366,384801200.00
2009-11-06,6.875357,6.971071,6.871429,6.940714,5.812637,295097600.00
2009-11-09,7.033571,7.210714,7.009286,7.195000,6.025594,528855600.00
2009-11-10,7.179286,7.320714,7.178929,7.249286,6.071057,401195200.00
2009-11-11,7.305714,7.321429,7.208214,7.258929,6.079132,443870000.00
2009-11-12,7.255000,7.316786,7.193929,7.213929,6.041447,363731200.00
2009-11-13,7.245357,7.315357,7.216786,7.301786,6.115024,343240800.00
2009-11-16,7.338571,7.428571,7.321786,7.379643,6.180227,485206400.00
2009-11-17,7.360000,7.408571,7.321429,7.392857,6.191292,396513600.00
2009-11-18,7.376429,7.392857,7.285714,7.355714,6.160187,374320800.00
2009-11-19,7.307500,7.307500,7.135714,7.161071,5.997180,542326400.00
2009-11-20,7.112500,7.156786,7.062857,7.140000,5.979534,406666400.00
2009-11-23,7.250000,7.357143,7.248214,7.352857,6.157795,474896800.00
2009-11-24,7.333214,7.352857,7.246429,7.301429,6.114725,318438400.00
2009-11-25,7.335714,7.344643,7.277143,7.292500,6.107246,286454000.00
2009-11-27,7.115000,7.248571,7.084643,7.163929,5.999573,295257200.00
2009-11-30,7.182500,7.202857,7.098929,7.139643,5.979234,424858000.00
2009-12-01,7.222857,7.241786,7.029643,7.034643,5.891301,465763200.00
2009-12-02,7.105714,7.193571,6.991071,7.008214,5.869166,715260000.00
2009-12-03,7.050714,7.106429,7.009643,7.017143,5.876644,448719600.00
2009-12-04,7.132143,7.138571,6.795714,6.904286,5.782129,826884800.00
2009-12-07,6.904286,6.920357,6.738571,6.748214,5.651424,714758800.00
2009-12-08,6.762857,6.869643,6.739286,6.781071,5.678942,690398800.00
2009-12-09,6.831429,7.077143,6.796786,7.064286,5.916128,684782000.00
2009-12-10,7.125000,7.132143,7.004286,7.015357,5.875148,489669600.00
2009-12-11,7.063571,7.071429,6.908214,6.952500,5.822508,429774800.00
2009-12-14,6.977500,7.051071,6.877143,7.035000,5.891600,495790400.00
2009-12-15,6.993929,7.053929,6.902500,6.934643,5.807554,419459600.00
2009-12-16,6.967857,7.017857,6.948214,6.965357,5.833276,352984800.00
2009-12-17,6.937857,6.964286,6.821429,6.852143,5.738462,388838800.00
2009-12-18,6.898929,6.982143,6.878571,6.979643,5.845240,608770400.00
2009-12-21,7.001786,7.133929,6.988214,7.079643,5.928986,611906400.00
2009-12-22,7.122857,7.173214,7.095000,7.155714,5.992692,349515600.00
2009-12-23,7.185714,7.227857,7.171786,7.217857,6.044734,345525600.00
2009-12-24,7.269643,7.476786,7.262500,7.465714,6.252308,500889200.00
2009-12-28,7.561429,7.641071,7.486071,7.557500,6.329176,644565600.00
2009-12-29,7.593929,7.597143,7.454643,7.467857,6.254105,445205600.00
2009-12-30,7.458214,7.571429,7.439643,7.558571,6.330072,412084400.00
2009-12-31,7.611786,7.619643,7.520000,7.526071,6.302856,352410800.00
2010-01-04,7.622500,7.660714,7.585000,7.643214,6.400960,493729600.00
2010-01-05,7.664286,7.699643,7.616071,7.656429,6.412027,601904800.00
2010-01-06,7.656429,7.686786,7.526786,7.534643,6.310036,552160000.00
2010-01-07,7.562500,7.571429,7.466071,7.520714,6.298370,477131200.00
2010-01-08,7.510714,7.571429,7.466429,7.570714,6.340243,447610800.00
2010-01-11,7.600000,7.607143,7.444643,7.503929,6.284313,462229600.00
2010-01-12,7.471071,7.491786,7.372143,7.418571,6.212828,594459600.00
2010-01-13,7.423929,7.533214,7.289286,7.523214,6.300464,605892000.00
2010-01-14,7.503929,7.516429,7.465000,7.479643,6.263974,432894000.00
2010-01-15,7.533214,7.557143,7.352500,7.354643,6.159292,594067600.00
2010-01-19,7.440357,7.685357,7.401429,7.680000,6.431767,730007600.00
2010-01-20,7.675357,7.698214,7.482143,7.561786,6.332767,612152800.00
2010-01-21,7.574286,7.618214,7.400357,7.431071,6.223297,608154400.00
2010-01-22,7.385000,7.410714,7.041429,7.062500,5.914629,881767600.00
2010-01-25,7.232500,7.310714,7.149643,7.252500,6.073749,1065699600.00
2010-01-26,7.355357,7.632500,7.235000,7.355000,6.159589,1867110000.00
2010-01-27,7.387500,7.520714,7.126071,7.424286,6.217616,1722568400.00
2010-01-28,7.318929,7.339286,7.096429,7.117500,5.960690,1173502400.00
2010-01-29,7.181429,7.221429,6.794643,6.859286,5.744444,1245952400.00
2010-02-01,6.870357,7.000000,6.832143,6.954643,5.824302,749876400.00
2010-02-02,6.996786,7.011429,6.906429,6.995000,5.858101,698342400.00
2010-02-03,6.970357,7.150000,6.943571,7.115357,5.958894,615328000.00
2010-02-04,7.026071,7.084643,6.841786,6.858929,5.744143,757652000.00
2010-02-05,6.879643,7.000000,6.816071,6.980714,5.846136,850306800.00
2010-02-08,6.988929,7.067143,6.928571,6.932857,5.806056,478270800.00
2010-02-09,7.015000,7.053571,6.955357,7.006786,5.867971,632886800.00
2010-02-10,6.996071,7.021429,6.937857,6.968571,5.835967,370361600.00
2010-02-11,6.960000,7.133929,6.930714,7.095357,5.942145,550345600.00
2010-02-12,7.075357,7.201429,6.982143,7.156429,5.993292,655468800.00
2010-02-16,7.212143,7.274643,7.197143,7.264286,6.083619,543737600.00
2010-02-17,7.292500,7.296786,7.173571,7.233929,6.058196,436396800.00
2010-02-18,7.201071,7.281786,7.175714,7.247500,6.069562,422825200.00
2010-02-19,7.209286,7.257143,7.182500,7.202500,6.031875,415469600.00
2010-02-22,7.226429,7.232143,7.113929,7.157857,5.994487,390563600.00
2010-02-23,7.142857,7.190357,6.989643,7.037857,5.893994,575094800.00
2010-02-24,7.079643,7.194286,7.065714,7.166429,6.001666,460566400.00
2010-02-25,7.049286,7.245000,7.031786,7.214286,6.041746,665126000.00
2010-02-26,7.227857,7.327500,7.214286,7.307857,6.120109,507460800.00
2010-03-01,7.348214,7.482143,7.337500,7.463929,6.250813,550093600.00
2010-03-02,7.497500,7.529643,7.419286,7.458929,6.246627,566546400.00
2010-03-03,7.462143,7.495357,7.426429,7.476071,6.260983,372052800.00
2010-03-04,7.474286,7.532857,7.451071,7.525357,6.302259,366041200.00
2010-03-05,7.676429,7.846429,7.665357,7.819643,6.548714,899620400.00
2010-03-08,7.857500,7.860357,7.794643,7.824286,6.552602,429889600.00
2010-03-09,7.796786,8.035714,7.781786,7.965000,6.670447,920259200.00
2010-03-10,7.993929,8.052857,7.971429,8.030000,6.724883,596218000.00
2010-03-11,7.996786,8.053571,7.975714,8.053571,6.744621,405700400.00
2010-03-12,8.120357,8.133214,8.062500,8.092857,6.777522,416323600.00
2010-03-15,8.049286,8.053571,7.866071,7.994286,6.694974,493502800.00
2010-03-16,8.006429,8.035000,7.946786,8.016071,6.713217,446908000.00
2010-03-17,8.032143,8.087500,7.973929,8.004286,6.703348,450956800.00
2010-03-18,8.003571,8.035714,7.950357,8.023214,6.719198,342109600.00
2010-03-19,8.028214,8.044286,7.901071,7.937500,6.647415,559445600.00
2010-03-22,7.873929,8.071429,7.862500,8.026786,6.722189,456419600.00
2010-03-23,8.058571,8.170714,8.003571,8.155714,6.830164,602431200.00
2010-03-24,8.130000,8.221429,8.125357,8.191786,6.860371,597780400.00
2010-03-25,8.247143,8.248929,8.080357,8.094643,6.779016,542284400.00
2010-03-26,8.176786,8.283929,8.162500,8.246429,6.906136,640875200.00
2010-03-29,8.321429,8.352500,8.272143,8.299643,6.950698,540744400.00
2010-03-30,8.450000,8.481429,8.366071,8.423214,7.054187,527310000.00
2010-03-31,8.410357,8.450357,8.373571,8.392857,7.028764,430659600.00
2010-04-01,8.478929,8.526071,8.312500,8.427500,7.057775,603145200.00
2010-04-05,8.392143,8.518214,8.384643,8.517500,7.133150,684507600.00
2010-04-06,8.507143,8.580000,8.464286,8.555000,7.164553,447017200.00
2010-04-07,8.555357,8.640000,8.523571,8.592857,7.196254,628502000.00
2010-04-08,8.587143,8.626429,8.501429,8.569643,7.176814,572989200.00
2010-04-09,8.622500,8.638929,8.587857,8.635357,7.231850,334182800.00
2010-04-12,8.650000,8.681071,8.636071,8.653214,7.246805,333026400.00
2010-04-13,8.637857,8.671429,8.611071,8.658214,7.250992,306210800.00
2010-04-14,8.760000,8.778929,8.716786,8.774643,7.348498,404076400.00
2010-04-15,8.777857,8.893929,8.768214,8.890000,7.445104,376784800.00
2010-04-16,8.877500,8.969286,8.733929,8.835714,7.399641,750545600.00
2010-04-19,8.822500,8.853214,8.634643,8.823929,7.389773,566924400.00
2010-04-20,8.876429,8.901786,8.677143,8.735357,7.315597,738326400.00
2010-04-21,9.242857,9.294643,9.133214,9.257857,7.753176,982391200.00
2010-04-22,9.222857,9.526786,9.150000,9.516786,7.970018,793424800.00
2010-04-23,9.571071,9.720714,9.535714,9.672500,8.100426,796955600.00
2010-04-26,9.710000,9.730714,9.578214,9.625000,8.060649,479068800.00
2010-04-27,9.545357,9.565714,9.304286,9.358571,7.837517,709343600.00
2010-04-28,9.401786,9.428571,9.157500,9.342857,7.824360,758402400.00
2010-04-29,9.393571,9.642857,9.357500,9.594286,8.034924,558840800.00
2010-04-30,9.618214,9.663214,9.321429,9.324643,7.809106,542463600.00
2010-05-03,9.422857,9.567143,9.388571,9.512500,7.966429,454342000.00
2010-05-04,9.388929,9.403214,9.169643,9.238571,7.737022,723819600.00
2010-05-05,9.036786,9.219286,8.883214,9.142500,7.656563,883103200.00
2010-05-06,9.065357,9.223214,7.116071,8.794643,7.365250,1285860800.00
2010-05-07,8.703929,8.806071,8.043214,8.423571,7.054486,1676018400.00
2010-05-10,8.937500,9.094643,8.876071,9.071071,7.596748,984306400.00
2010-05-11,8.994286,9.281786,8.946429,9.161429,7.672421,848906800.00
2010-05-12,9.258571,9.397500,9.239286,9.360357,7.839014,654379600.00
2010-05-13,9.400714,9.464286,9.157143,9.227143,7.727453,599712400.00
2010-05-14,9.112857,9.160000,8.910714,9.065000,7.591661,759362800.00
2010-05-17,9.096429,9.149286,8.846786,9.079286,7.603626,762834800.00
2010-05-18,9.177857,9.233929,8.937857,9.012857,7.547993,782678400.00
2010-05-19,8.910714,9.032857,8.744643,8.869286,7.427756,1025726800.00
2010-05-20,8.638571,8.708929,8.436071,8.491429,7.111316,1282915200.00
2010-05-21,8.315000,8.732143,8.262500,8.654286,7.247701,1223891200.00
2010-05-24,8.831429,8.960714,8.795000,8.812857,7.380500,754238800.00
2010-05-25,8.548214,8.812857,8.470000,8.757857,7.334441,1048006400.00
2010-05-26,8.931429,9.004643,8.705357,8.718214,7.301239,850654000.00
2010-05-27,8.950000,9.067500,8.896786,9.048214,7.577606,666282400.00
2010-05-28,9.263929,9.264286,9.048214,9.174286,7.683185,815614800.00
2010-06-01,9.274643,9.497857,9.248571,9.315357,7.801332,876472800.00
2010-06-02,9.447857,9.457143,9.297500,9.426786,7.894646,688548000.00
2010-06-03,9.470714,9.483929,9.300357,9.397143,7.869823,650106800.00
2010-06-04,9.221786,9.353571,9.093929,9.141429,7.655671,758304400.00
2010-06-07,9.224643,9.255357,8.948214,8.962143,7.505522,886942000.00
2010-06-08,9.044286,9.064286,8.773214,8.904643,7.457366,1000770400.00
2010-06-09,8.981071,8.996429,8.660357,8.685714,7.274019,854630000.00
2010-06-10,8.744286,8.963571,8.650000,8.946786,7.492663,776356000.00
2010-06-11,8.865357,9.066429,8.834643,9.053929,7.582391,545759200.00
2010-06-14,9.141429,9.255357,9.071786,9.081429,7.605422,602960400.00
2010-06-15,9.130000,9.280357,9.125000,9.274643,7.767232,585074000.00
2010-06-16,9.325000,9.562500,9.308214,9.544643,7.993349,783678000.00
2010-06-17,9.664286,9.746429,9.625000,9.709643,8.131536,872855200.00
2010-06-18,9.723214,9.821429,9.693571,9.788214,8.197334,784621600.00
2010-06-21,9.917500,9.964643,9.597500,9.648929,8.080683,776490400.00
2010-06-22,9.720000,9.856071,9.696429,9.780357,8.190752,717262000.00
2010-06-23,9.806429,9.809286,9.567857,9.677500,8.104610,768457200.00
2010-06-24,9.678571,9.757143,9.575000,9.607143,8.045688,714277200.00
2010-06-25,9.645000,9.652500,9.493214,9.525000,7.976899,549942400.00
2010-06-28,9.533214,9.633929,9.447143,9.582143,8.024751,584948000.00
2010-06-29,9.432857,9.442500,9.082143,9.148929,7.661948,1133344800.00
2010-06-30,9.168214,9.213214,8.928929,8.983214,7.523170,739452000.00
2010-07-01,9.082143,9.100000,8.686429,8.874286,7.431944,1022896000.00
2010-07-02,8.946071,8.961786,8.685714,8.819286,7.385885,693842800.00
2010-07-06,8.964286,9.028571,8.791429,8.879643,7.436430,615235600.00
2010-07-07,8.946071,9.241786,8.919643,9.238214,7.736726,654556000.00
2010-07-08,9.374286,9.389286,9.103214,9.217500,7.719375,738144400.00
2010-07-09,9.174643,9.282143,9.112857,9.272143,7.765140,433322400.00
2010-07-12,9.233214,9.351786,9.102143,9.188929,7.695451,562878400.00
2010-07-13,9.154286,9.157143,8.801071,8.992857,7.531247,1190924000.00
2010-07-14,8.906429,9.135714,8.892857,9.026071,7.559061,812047600.00
2010-07-15,8.865357,9.177500,8.832143,8.980357,7.520778,824866000.00
2010-07-16,9.042143,9.106071,8.871786,8.925000,7.474420,1039858400.00
2010-07-19,8.924286,8.924286,8.557143,8.770714,7.345203,1024478000.00
2010-07-20,8.675000,9.032143,8.571786,8.996071,7.533936,1074950800.00
2010-07-21,9.467500,9.469643,9.071429,9.080000,7.604225,1185671200.00
2010-07-22,9.202857,9.285714,9.118214,9.250714,7.747193,645318800.00
2010-07-23,9.181786,9.299286,9.152857,9.283571,7.774711,533388800.00
2010-07-26,9.285714,9.289286,9.203929,9.260000,7.754972,420551600.00
2010-07-27,9.316786,9.457143,9.296429,9.431429,7.898536,584771600.00
2010-07-28,9.416786,9.499643,9.294643,9.320000,7.805215,519985200.00
2010-07-29,9.311071,9.380357,9.146429,9.218214,7.719976,643806800.00
2010-07-30,9.138929,9.275000,9.103571,9.187500,7.694252,448210000.00
2010-08-02,9.301429,9.378214,9.272143,9.351786,7.831836,428055600.00
2010-08-03,9.321786,9.402143,9.265000,9.354643,7.834229,417653600.00
2010-08-04,9.387143,9.438571,9.296786,9.392143,7.865636,420375200.00
2010-08-05,9.347500,9.399286,9.305357,9.346429,7.827349,289097200.00
2010-08-06,9.277857,9.338929,9.201071,9.288929,7.779193,444897600.00
2010-08-09,9.338571,9.362500,9.270357,9.348214,7.828846,303128000.00
2010-08-10,9.280357,9.301786,9.198214,9.264643,7.758858,451920000.00
2010-08-11,9.121429,9.131786,8.921786,8.935357,7.483090,620054400.00
2010-08-12,8.810357,9.039286,8.790000,8.992500,7.530946,534920400.00
2010-08-13,8.987500,8.995714,8.896071,8.896429,7.450489,354869200.00
2010-08-16,8.842143,8.928929,8.807857,8.844286,7.406817,318430000.00
2010-08-17,8.931429,9.093929,8.900000,8.998929,7.536329,422640400.00
2010-08-18,9.012857,9.095357,8.985000,9.038214,7.569232,339696000.00
2010-08-19,9.030000,9.052857,8.881429,8.924286,7.473816,426706000.00
2010-08-20,8.906786,9.068571,8.892857,8.915714,7.466638,384230000.00
2010-08-23,8.992500,9.000000,8.758929,8.778571,7.351789,414041600.00
2010-08-24,8.666786,8.678571,8.523214,8.568929,7.176217,602565600.00
2010-08-25,8.501429,8.713929,8.471429,8.674643,7.264750,596867600.00
2010-08-26,8.766071,8.776786,8.581429,8.581429,7.186687,466505200.00
2010-08-27,8.633929,8.664643,8.412857,8.629286,7.226765,548391200.00
2010-08-30,8.598571,8.776786,8.595714,8.660714,7.253085,383289200.00
2010-08-31,8.637500,8.734286,8.583929,8.682143,7.271031,420786800.00
2010-09-01,8.838214,8.980714,8.795714,8.940357,7.487277,697037600.00
2010-09-02,8.973571,9.006071,8.877500,9.006071,7.542311,415427600.00
2010-09-03,9.110357,9.242143,9.089286,9.241786,7.739715,520788800.00
2010-09-07,9.165714,9.268929,9.151786,9.207500,7.711002,342557600.00
2010-09-08,9.277857,9.442500,9.253571,9.390000,7.863843,526551200.00
2010-09-09,9.465714,9.518571,9.390000,9.395357,7.868326,438575200.00
2010-09-10,9.399643,9.446429,9.335714,9.407500,7.878499,387542400.00
2010-09-13,9.493571,9.581429,9.491429,9.537143,7.987069,388780000.00
2010-09-14,9.507500,9.613214,9.482857,9.573571,8.017575,408150400.00
2010-09-15,9.577500,9.656429,9.565714,9.650714,8.082181,429368800.00
2010-09-16,9.651429,9.881071,9.625000,9.877500,8.272107,652103200.00
2010-09-17,9.917500,9.927143,9.774286,9.834643,8.236215,634477200.00
2010-09-20,9.860000,10.135000,9.851786,10.115357,8.471308,658677600.00
2010-09-21,10.137857,10.262500,10.099643,10.134643,8.487459,668074400.00
2010-09-22,10.096786,10.285000,10.086071,10.276786,8.606498,585289600.00
2010-09-23,10.226071,10.455714,10.214286,10.318571,8.641491,786116800.00
2010-09-24,10.432143,10.483214,10.376786,10.440000,8.743181,649488000.00
2010-09-27,10.499286,10.526071,10.393214,10.398571,8.708488,482834800.00
2010-09-28,10.420357,10.420357,9.821429,10.245000,8.579879,1035042400.00
2010-09-29,10.258214,10.350357,10.214286,10.263214,8.595130,469644000.00
2010-09-30,10.321429,10.357143,10.044643,10.133929,8.486859,673391600.00
2010-10-01,10.219643,10.235000,10.048214,10.090000,8.450070,448142800.00
2010-10-04,10.057143,10.103571,9.920357,9.951429,8.334023,435302000.00
2010-10-05,10.071429,10.337500,10.065000,10.319286,8.642088,501967200.00
2010-10-06,10.342500,10.428214,10.187857,10.328214,8.649564,670868800.00
2010-10-07,10.369286,10.374286,10.246786,10.329286,8.650463,408399600.00
2010-10-08,10.418214,10.517857,10.357143,10.502500,8.795524,658403200.00
2010-10-11,10.526429,10.615714,10.521429,10.548571,8.834110,427753200.00
2010-10-12,10.550357,10.696429,10.446071,10.662143,8.929219,558544000.00
2010-10-13,10.721429,10.784286,10.707143,10.719286,8.977077,630092400.00
2010-10-14,10.774643,10.802500,10.728571,10.796786,9.041982,435296400.00
2010-10-15,10.980000,11.250000,10.889643,11.240714,9.413758,922194000.00
2010-10-18,11.373929,11.392857,11.224643,11.357143,9.511263,1093010800.00
2010-10-19,10.835714,11.206071,10.715000,11.053214,9.256728,1232784000.00
2010-10-20,11.035714,11.223214,10.959643,11.090357,9.287838,721624400.00
2010-10-21,11.155714,11.240714,10.957143,11.054286,9.257628,551460000.00
2010-10-22,11.038214,11.072857,10.939286,10.981071,9.196310,372778000.00
2010-10-25,11.038929,11.128571,11.015714,11.030000,9.237290,392462000.00
2010-10-26,10.959643,11.062143,10.916071,11.001786,9.213664,392929600.00
2010-10-27,10.987500,11.067857,10.914286,10.993929,9.207081,399002800.00
2010-10-28,10.998214,11.000000,10.746429,10.901429,9.129616,551051200.00
2010-10-29,10.865357,10.924286,10.745357,10.749286,9.002200,430511200.00
2010-11-01,10.793571,10.914286,10.792857,10.863571,9.097912,423889200.00
2010-11-02,10.964286,11.078214,10.964286,11.048571,9.252845,433930000.00
2010-11-03,11.120357,11.174286,11.018929,11.171429,9.355733,508348400.00
2010-11-04,11.266071,11.435000,11.251071,11.366786,9.519341,642488000.00
2010-11-05,11.356786,11.413214,11.312500,11.326071,9.485242,361253200.00
2010-11-08,11.328571,11.420357,11.312857,11.379286,9.529808,281758400.00
2010-11-09,11.466071,11.475000,11.232143,11.288571,9.453838,383544000.00
2010-11-10,11.308571,11.384643,11.198214,11.358214,9.512160,384227200.00
2010-11-11,11.250000,11.371429,11.223214,11.308929,9.470883,361284000.00
2010-11-12,11.285714,11.303571,10.843929,11.001071,9.213064,795846800.00
2010-11-15,11.016429,11.090714,10.938214,10.965714,9.183455,403606000.00
2010-11-16,10.918571,10.985714,10.690000,10.771071,9.020445,657650000.00
2010-11-17,10.757143,10.856786,10.634286,10.732143,8.987846,479449600.00
2010-11-18,10.900000,11.059643,10.881786,11.015357,9.225025,494491200.00
2010-11-19,10.998929,11.014286,10.901429,10.954643,9.174177,384843200.00
2010-11-22,10.952857,11.191429,10.923929,11.191429,9.372480,393075200.00
2010-11-23,11.087500,11.133929,10.948571,11.026071,9.233997,519447600.00
2010-11-24,11.142857,11.264286,11.133929,11.242857,9.415552,413725200.00
2010-11-26,11.205000,11.346429,11.176429,11.250000,9.421534,237585600.00
2010-11-29,11.267857,11.338571,11.120714,11.316786,9.477466,445785200.00
2010-11-30,11.197857,11.227143,11.102500,11.112500,9.306388,501858000.00
2010-12-01,11.259643,11.348214,11.250000,11.300000,9.463407,461750800.00
2010-12-02,11.340357,11.392857,11.246071,11.362500,9.515749,462837200.00
2010-12-03,11.321786,11.380357,11.297857,11.337143,9.494514,342092800.00
2010-12-06,11.380000,11.511786,11.372143,11.433929,9.575569,448481600.00
2010-12-07,11.564286,11.571071,11.361429,11.364643,9.517543,391454000.00
2010-12-08,11.415357,11.465000,11.325357,11.464643,9.601292,321935600.00
2010-12-09,11.504643,11.517857,11.393571,11.420000,9.563901,294151200.00
2010-12-10,11.416071,11.466071,11.378571,11.448571,9.587830,262511200.00
2010-12-13,11.584643,11.609286,11.464286,11.488214,9.621028,439815600.00
2010-12-14,11.490357,11.519286,11.392857,11.438929,9.579757,351008000.00
2010-12-15,11.428571,11.535714,11.399643,11.441429,9.581850,417312000.00
2010-12-16,11.467500,11.521786,11.432143,11.473214,9.608467,322030800.00
2010-12-17,11.486786,11.492500,11.436786,11.450357,9.589326,386929200.00
2010-12-20,11.485714,11.544643,11.365357,11.507500,9.637178,385610400.00
2010-12-21,11.535714,11.585357,11.501786,11.578571,9.696701,256354000.00
2010-12-22,11.584286,11.632857,11.555357,11.612857,9.725414,265921600.00
2010-12-23,11.607143,11.612500,11.541786,11.557143,9.678755,223157200.00
2010-12-27,11.530357,11.622857,11.482857,11.595714,9.711060,249816000.00
2010-12-28,11.639643,11.666429,11.609286,11.623929,9.734686,175924000.00
2010-12-29,11.650714,11.658929,11.610714,11.617500,9.729305,163139200.00
2010-12-30,11.624286,11.625357,11.537500,11.559286,9.680552,157494400.00
2010-12-31,11.533929,11.552857,11.475357,11.520000,9.647651,193508000.00
2011-01-03,11.630000,11.795000,11.601429,11.770357,9.857318,445138400.00
2011-01-04,11.872857,11.875000,11.719643,11.831786,9.908763,309080800.00
2011-01-05,11.769643,11.940714,11.767857,11.928571,9.989818,255519600.00
2011-01-06,11.954286,11.973214,11.889286,11.918929,9.981741,300428800.00
2011-01-07,11.928214,12.012500,11.853571,12.004286,10.053226,311931200.00
2011-01-10,12.101071,12.258214,12.041786,12.230357,10.242554,448560000.00
2011-01-11,12.317143,12.320000,12.123929,12.201429,10.218326,444108000.00
2011-01-12,12.258929,12.301071,12.214286,12.300714,10.301472,302590400.00
2011-01-13,12.327143,12.380000,12.280357,12.345714,10.339163,296780400.00
2011-01-14,12.353214,12.445714,12.301429,12.445714,10.422910,308840000.00
2011-01-18,11.768571,12.312857,11.642857,12.166071,10.188719,1880998000.00
2011-01-19,12.441071,12.450000,12.031429,12.101429,10.134583,1135612800.00
2011-01-20,12.015357,12.082143,11.790000,11.881429,9.950332,764789200.00
2011-01-21,11.920357,11.960000,11.665357,11.668571,9.772073,754401200.00
2011-01-24,11.673929,12.051786,11.668571,12.051786,10.093007,574683200.00
2011-01-25,12.011786,12.194286,11.948929,12.192857,10.211149,546868000.00
2011-01-26,12.248571,12.342857,12.196429,12.280357,10.284430,506875600.00
2011-01-27,12.277857,12.310357,12.243929,12.257500,10.265280,285026000.00
2011-01-28,12.291786,12.300000,11.911786,12.003571,10.052626,592057200.00
2011-01-31,11.992857,12.144286,11.939286,12.118571,10.148938,377246800.00
2011-02-01,12.189286,12.344643,12.177857,12.322500,10.319717,426633200.00
2011-02-02,12.301786,12.330357,12.269643,12.297143,10.298482,258955200.00
2011-02-03,12.278571,12.294286,12.091071,12.265714,10.272166,393797600.00
2011-02-04,12.272857,12.382143,12.268214,12.375000,10.363687,321840400.00
2011-02-07,12.424643,12.616071,12.415714,12.567143,10.524599,485021600.00
2011-02-08,12.631429,12.697143,12.576786,12.685714,10.623903,381040800.00
2011-02-09,12.685357,12.821429,12.673929,12.791429,10.712436,482745200.00
2011-02-10,12.763929,12.857143,12.428571,12.662143,10.604158,928550000.00
2011-02-11,12.669643,12.778571,12.626429,12.744643,10.673249,367572800.00
2011-02-14,12.742500,12.838571,12.739643,12.827857,10.742940,310416400.00
2011-02-15,12.828214,12.856071,12.769643,12.853571,10.764473,284174800.00
2011-02-16,12.885714,13.032143,12.875000,12.968929,10.861085,481157600.00
2011-02-17,12.758929,12.866786,12.732857,12.796429,10.716620,530583200.00
2011-02-18,12.811071,12.839286,12.482857,12.520000,10.485124,816057200.00
2011-02-22,12.219643,12.335714,12.061429,12.093214,10.127698,872555600.00
2011-02-23,12.098929,12.308571,12.093214,12.236429,10.247643,671854400.00
2011-02-24,12.286429,12.326786,12.084643,12.245714,10.255417,499900800.00
2011-02-25,12.330714,12.443929,12.314286,12.434286,10.413338,380018800.00
2011-02-28,12.544286,12.680357,12.540000,12.614643,10.564381,403074000.00
2011-03-01,12.695357,12.704286,12.417143,12.475357,10.447733,456136800.00
2011-03-02,12.498571,12.655357,12.442857,12.575714,10.531779,602590800.00
2011-03-03,12.756786,12.849643,12.711429,12.841429,10.754309,500788400.00
2011-03-04,12.859643,12.867500,12.776786,12.857143,10.767467,453266800.00
2011-03-07,12.907143,12.916786,12.546786,12.691429,10.628688,546123200.00
2011-03-08,12.675357,12.764286,12.580357,12.705714,10.640648,356316800.00
2011-03-09,12.667500,12.670000,12.521429,12.588214,10.542251,453306000.00
2011-03-10,12.468571,12.491786,12.317857,12.381071,10.368771,507539200.00
2011-03-11,12.333214,12.582857,12.321429,12.571071,10.527893,471080400.00
2011-03-14,12.613571,12.731429,12.546786,12.627143,10.574851,435957200.00
2011-03-15,12.217857,12.422857,12.146429,12.336786,10.331685,721081200.00
2011-03-16,12.214286,12.250000,11.652143,11.786071,9.870481,1162011200.00
2011-03-17,12.029643,12.128929,11.809286,11.951429,10.008957,659422400.00
2011-03-18,12.040357,12.078571,11.785714,11.809643,9.890218,753214000.00
2011-03-21,11.999643,12.133571,11.973571,12.117857,10.148338,409402000.00
2011-03-22,12.234286,12.236429,12.112143,12.185714,10.205167,325922800.00
2011-03-23,12.117143,12.150714,11.998214,12.113929,10.145050,372996400.00
2011-03-24,12.208929,12.357143,12.102143,12.320357,10.317925,404712000.00
2011-03-25,12.431071,12.573571,12.393571,12.555000,10.514429,448910000.00
2011-03-28,12.612500,12.654286,12.515714,12.515714,10.481532,309355200.00
2011-03-29,12.416429,12.534286,12.359286,12.534286,10.497083,352900800.00
2011-03-30,12.522857,12.531429,12.408571,12.451071,10.427393,329406000.00
2011-03-31,12.370000,12.492857,12.359286,12.446786,10.423806,274019200.00
2011-04-01,12.539643,12.556786,12.260714,12.305714,10.305660,418661600.00
2011-04-04,12.296786,12.307143,12.085714,12.185357,10.204864,460084800.00
2011-04-05,12.035357,12.223214,12.000000,12.103214,10.136073,482731200.00
2011-04-06,12.186429,12.282143,12.040714,12.072857,10.110653,402539200.00
2011-04-07,12.075000,12.158214,12.001071,12.074286,10.111845,373447200.00
2011-04-08,12.140000,12.148214,11.926786,11.966429,10.021523,377535200.00
2011-04-11,11.930714,11.988214,11.786429,11.814286,9.894107,398946800.00
2011-04-12,11.803214,11.918929,11.792857,11.871429,9.941962,425639200.00
2011-04-13,11.965000,12.005000,11.875714,12.004643,10.053523,346220000.00
2011-04-14,11.957143,12.000000,11.859286,11.872143,9.942558,301800800.00
2011-04-15,11.903571,11.915714,11.671429,11.695000,9.794205,453605600.00
2011-04-18,11.646429,11.865357,11.434286,11.851786,9.925514,609898800.00
2011-04-19,11.896429,12.070714,11.846786,12.066429,10.105269,419378400.00
2011-04-20,12.268214,12.348214,12.196429,12.228929,10.241355,700666400.00
2011-04-21,12.678571,12.683214,12.447143,12.525000,10.489306,753810400.00
2011-04-25,12.512143,12.633929,12.510714,12.607500,10.558396,266546000.00
2011-04-26,12.629286,12.678214,12.476786,12.515000,10.480933,338800000.00
2011-04-27,12.580000,12.583929,12.396429,12.505357,10.472857,356213200.00
2011-04-28,12.363929,12.491071,12.340000,12.383929,10.371162,360959200.00
2011-04-29,12.385000,12.641071,12.381071,12.504643,10.472261,1006345200.00
2011-05-02,12.490714,12.516786,12.339286,12.367143,10.357107,442713600.00
2011-05-03,12.428214,12.496071,12.343571,12.435714,10.414533,313348000.00
2011-05-04,12.437857,12.565357,12.388571,12.484643,10.455508,389250400.00
2011-05-05,12.442857,12.533929,12.358929,12.383929,10.371162,335969200.00
2011-05-06,12.488929,12.500000,12.364643,12.380714,10.368475,280134400.00
2011-05-09,12.423571,12.471429,12.376071,12.414286,10.396585,204747200.00
2011-05-10,12.460357,12.488929,12.380714,12.480357,10.451921,282091600.00
2011-05-11,12.465000,12.500000,12.330000,12.401071,10.385519,336000000.00
2011-05-12,12.361429,12.397143,12.223929,12.377500,10.365778,322000000.00
2011-05-13,12.345000,12.366071,12.155357,12.160714,10.184228,326116000.00
2011-05-16,12.114286,12.186429,11.878571,11.903571,9.968883,449775200.00
2011-05-17,11.857143,12.005000,11.811786,12.005000,10.053823,452334400.00
2011-05-18,12.016786,12.180357,12.000000,12.138214,10.165389,334776400.00
2011-05-19,12.217143,12.228929,12.095357,12.161786,10.185129,261170000.00
2011-05-20,12.127143,12.176786,11.965000,11.972143,10.026309,337968400.00
2011-05-23,11.784643,11.999286,11.765000,11.942857,10.001781,383600000.00
2011-05-24,11.982143,11.996429,11.833571,11.863929,9.935681,321927200.00
2011-05-25,11.908214,12.091429,11.887500,12.027857,10.072963,294224000.00
2011-05-26,11.998929,12.031786,11.943929,11.964286,10.019727,222560800.00
2011-05-27,11.957143,12.058214,11.939643,12.050357,10.091809,203599200.00
2011-05-31,12.182143,12.422500,12.178571,12.422500,10.403463,417754400.00
2011-06-01,12.459643,12.576071,12.308929,12.339643,10.334073,554682800.00
2011-06-02,12.375000,12.427857,12.296429,12.360714,10.351723,338783200.00
2011-06-03,12.256429,12.333214,12.214643,12.265714,10.272166,313250000.00
2011-06-06,12.346429,12.394643,12.064643,12.072857,10.110653,461941200.00
2011-06-07,12.077500,12.079286,11.853571,11.858571,9.931192,529785200.00
2011-06-08,11.849286,11.957143,11.808929,11.865714,9.937179,333723600.00
2011-06-09,11.901786,11.916786,11.812500,11.838929,9.914744,275088800.00
2011-06-10,11.805357,11.845000,11.625357,11.639286,9.747547,433955200.00
2011-06-13,11.685714,11.725357,11.609643,11.664286,9.768486,329473200.00
2011-06-14,11.785714,11.901786,11.761071,11.872857,9.943160,334569200.00
2011-06-15,11.776786,11.796429,11.602857,11.669643,9.772973,399196000.00
2011-06-16,11.675000,11.738571,11.368929,11.612857,9.725414,510591200.00
2011-06-17,11.749643,11.758929,11.405714,11.437857,9.578856,615020000.00
2011-06-20,11.334286,11.346429,11.089286,11.261429,9.431108,640645600.00
2011-06-21,11.310000,11.635714,11.257143,11.617857,9.729601,493382400.00
2011-06-22,11.612857,11.746429,11.513571,11.521786,9.649145,390583200.00
2011-06-23,11.390714,11.846071,11.361429,11.829643,9.906970,559759200.00
2011-06-24,11.834643,11.898214,11.610357,11.655357,9.761011,439807200.00
2011-06-27,11.699643,11.925000,11.687500,11.858571,9.931192,339813600.00
2011-06-28,11.916071,12.025000,11.908571,11.973571,10.027501,294299600.00
2011-06-29,12.001429,12.013214,11.852857,11.930000,9.991011,352545200.00
2011-06-30,11.953571,12.004643,11.887143,11.988214,10.039762,322954800.00
2011-07-01,11.998214,12.267857,11.935714,12.259286,10.266781,435313200.00
2011-07-05,12.250000,12.493929,12.232143,12.479643,10.451322,355054000.00
2011-07-06,12.462500,12.646429,12.382500,12.562857,10.521014,444626000.00
2011-07-07,12.666786,12.785714,12.642857,12.757143,10.683720,399663600.00
2011-07-08,12.619286,12.857143,12.578571,12.846786,10.758794,489633200.00
2011-07-11,12.726429,12.848929,12.600714,12.642857,10.588011,442674400.00
2011-07-12,12.626071,12.774286,12.450714,12.633929,10.580530,451609200.00
2011-07-13,12.797500,12.857143,12.727857,12.786429,10.708243,391638800.00
2011-07-14,12.893214,12.914643,12.726429,12.777500,10.700768,430533600.00
2011-07-15,12.898929,13.035714,12.827500,13.032857,10.914622,484467200.00
2011-07-18,13.051071,13.380357,13.045714,13.350000,11.180219,572653200.00
2011-07-19,13.500000,13.523214,13.332857,13.458929,11.271443,819145600.00
2011-07-20,14.147143,14.152500,13.785714,13.817857,11.572035,941340400.00
2011-07-21,13.819643,13.930714,13.710714,13.831786,11.583700,526534400.00
2011-07-22,13.868571,14.108929,13.848214,14.046429,11.763462,516728800.00
2011-07-25,13.941071,14.285714,13.915000,14.232143,11.918986,589806000.00
2011-07-26,14.285714,14.446429,14.274286,14.407500,12.065841,476582400.00
2011-07-27,14.306786,14.380000,14.005357,14.021071,11.742224,659324400.00
2011-07-28,13.986429,14.178214,13.861786,13.993571,11.719189,594034000.00
2011-07-29,13.844286,14.112500,13.714286,13.945714,11.679111,632584400.00
2011-08-01,14.206429,14.267857,14.013214,14.169643,11.866649,612836000.00
2011-08-02,14.201786,14.210714,13.869643,13.889643,11.632154,639539600.00
2011-08-03,13.963571,14.055357,13.651429,14.020357,11.741626,732508000.00
2011-08-04,13.907500,13.975714,13.476786,13.477500,11.286999,871407600.00
2011-08-05,13.587143,13.696429,12.948929,13.343571,11.174836,1204590800.00
2011-08-08,12.917500,13.134643,12.607857,12.614643,10.564381,1143833600.00
2011-08-09,12.903571,13.378929,12.678571,13.357500,11.186502,1082583600.00
2011-08-10,13.255357,13.380357,12.946429,12.988929,10.877835,878656800.00
2011-08-11,13.232857,13.408929,13.025714,13.346429,11.177231,741969200.00
2011-08-12,13.502500,13.558571,13.365357,13.463929,11.275630,528976000.00
2011-08-15,13.558214,13.748929,13.503214,13.693214,11.467650,460544000.00
2011-08-16,13.625714,13.691786,13.430714,13.588571,11.380015,498750000.00
2011-08-17,13.653929,13.732857,13.500000,13.587143,11.378817,442061200.00
2011-08-18,13.244286,13.308929,12.906071,13.073214,10.948418,851435200.00
2011-08-19,12.934643,13.107143,12.714286,12.715357,10.648729,775888400.00
2011-08-22,13.018214,13.031429,12.681786,12.730000,10.660989,535315200.00
2011-08-23,12.867857,13.344286,12.750000,13.342857,11.174238,656835200.00
2011-08-24,13.338214,13.534286,13.235714,13.435000,11.251409,626267600.00
2011-08-25,13.038571,13.408929,13.035714,13.347143,11.177832,871346000.00
2011-08-26,13.256071,13.707143,13.242857,13.699286,11.472737,641477200.00
2011-08-29,13.863571,13.982143,13.857143,13.927500,11.663858,405269200.00
2011-08-30,13.866071,13.994286,13.793214,13.928214,11.664458,417922400.00
2011-08-31,13.948929,14.002857,13.637857,13.743929,11.510122,522586400.00
2011-09-01,13.779286,13.833571,13.597143,13.608214,11.396466,343725200.00
2011-09-02,13.383571,13.500000,13.279643,13.358929,11.187700,438939200.00
2011-09-06,13.120357,13.583214,13.088571,13.562143,11.357885,509698000.00
2011-09-07,13.770000,13.771429,13.642857,13.711786,11.483204,350576800.00
2011-09-08,13.657143,13.878929,13.653929,13.719286,11.489485,416158400.00
2011-09-09,13.711786,13.785714,13.393571,13.481429,11.290286,564813200.00
2011-09-12,13.321429,13.602857,13.282143,13.569286,11.363866,467832400.00
2011-09-13,13.647857,13.793214,13.580357,13.736429,11.503843,440560400.00
2011-09-14,13.822143,14.007500,13.777143,13.903571,11.643820,534724400.00
2011-09-15,13.979643,14.059286,13.925000,14.034286,11.753287,417818800.00
2011-09-16,14.126429,14.303571,14.108214,14.303571,11.978806,698513200.00
2011-09-19,14.178571,14.758214,14.114286,14.701071,12.311701,823860800.00
2011-09-20,14.830357,15.102143,14.685357,14.766071,12.366137,775754000.00
2011-09-21,14.987143,15.056786,14.714286,14.719286,12.326954,605976000.00
2011-09-22,14.322500,14.636429,14.167857,14.350714,12.018289,968480800.00
2011-09-23,14.295714,14.526429,14.280357,14.439286,12.092464,546277200.00
2011-09-26,14.280714,14.427857,13.975000,14.398929,12.058665,812876400.00
2011-09-27,14.597500,14.616071,14.216429,14.259286,11.941716,632497600.00
2011-09-28,14.292500,14.419286,14.161071,14.178929,11.874422,429637600.00
2011-09-29,14.354286,14.364643,13.793214,13.948929,11.681807,651086800.00
2011-09-30,13.825714,13.888929,13.613571,13.618571,11.405137,547640800.00
2011-10-03,13.584643,13.665714,13.327500,13.378571,11.204146,669099200.00
2011-10-04,13.377500,13.635714,12.651429,13.303571,11.141335,1233677200.00
2011-10-05,13.137857,13.565000,12.867857,13.508929,11.313322,786469600.00
2011-10-06,13.333214,13.742143,13.278571,13.477500,11.286999,812582400.00
2011-10-07,13.420714,13.490714,13.160357,13.207143,11.060580,535458000.00
2011-10-10,13.538929,13.886071,13.507500,13.886071,11.629162,442514800.00
2011-10-11,14.020357,14.399286,13.982143,14.296071,11.972526,605687600.00
2011-10-12,14.547857,14.616071,14.290714,14.363929,12.029356,622286000.00
2011-10-13,14.463571,14.586786,14.387500,14.586786,12.215989,426185200.00
2011-10-14,14.886786,15.071429,14.831071,15.071429,12.621868,573367200.00
2011-10-17,15.062143,15.239286,14.855000,14.999643,12.561750,686044800.00
2011-10-18,15.062857,15.171786,14.856786,15.080000,12.629041,881602400.00
2011-10-19,14.333929,14.586429,14.207143,14.236429,11.922580,1104059600.00
2011-10-20,14.285714,14.298214,14.078929,14.118214,11.823581,549270400.00
2011-10-21,14.217857,14.255000,13.955357,14.031071,11.750597,621244400.00
2011-10-24,14.149286,14.517857,14.121429,14.491786,12.136433,502138000.00
2011-10-25,14.465357,14.519643,14.192143,14.206071,11.897152,430427200.00
2011-10-26,14.348571,14.376786,14.041071,14.307143,11.981798,456304800.00
2011-10-27,14.555714,14.607143,14.353214,14.453214,12.104128,494664800.00
2011-10-28,14.392857,14.512500,14.375357,14.462500,12.111904,322842800.00
2011-10-31,14.372143,14.618929,14.323214,14.456429,12.106821,385501200.00
2011-11-01,14.193214,14.267857,14.043571,14.161071,11.859468,531790000.00
2011-11-02,14.288929,14.301429,14.111071,14.193214,11.886383,327350800.00
2011-11-03,14.252500,14.407143,14.120000,14.395357,12.055676,441386400.00
2011-11-04,14.358214,14.408571,14.255714,14.294286,11.971034,302229200.00
2011-11-07,14.282500,14.285714,14.147500,14.276071,11.955774,270275600.00
2011-11-08,14.364643,14.571429,14.341429,14.508214,12.150188,400442000.00
2011-11-09,14.177500,14.317500,14.079643,14.117143,11.822677,558684000.00
2011-11-10,14.179643,14.186071,13.648214,13.757857,11.521789,744752400.00
2011-11-11,13.807500,13.882143,13.580714,13.736429,11.503843,653786000.00
2011-11-14,13.697143,13.758929,13.507143,13.545000,11.343528,432905200.00
2011-11-15,13.600000,13.910714,13.551786,13.886786,11.629758,430810800.00
2011-11-16,13.901786,13.969286,13.725714,13.741786,11.508329,349210400.00
2011-11-17,13.713571,13.735000,13.410714,13.478929,11.288195,479900400.00
2011-11-18,13.532857,13.571071,13.388571,13.390714,11.214314,371938000.00
2011-11-21,13.228571,13.274286,13.068214,13.178929,11.036952,447980400.00
2011-11-22,13.250714,13.497500,13.247857,13.446786,11.261281,409021200.00
2011-11-23,13.375357,13.422857,13.102857,13.106786,10.976538,428271200.00
2011-11-25,13.157857,13.255357,12.975714,12.984643,10.874249,254760800.00
2011-11-28,13.298214,13.454286,13.226071,13.432857,11.249614,346413200.00
2011-11-29,13.422857,13.529643,13.221429,13.328571,11.162274,375855200.00
2011-11-30,13.617500,13.652857,13.510714,13.650000,11.431461,405938400.00
2011-12-01,13.662143,13.892857,13.598214,13.854643,11.602845,387181200.00
2011-12-02,13.922500,14.058214,13.877857,13.917857,11.655784,379055600.00
2011-12-05,14.053214,14.157500,13.942500,14.036071,11.754786,357210000.00
2011-12-06,14.018214,14.093929,13.906429,13.962500,11.693170,283598000.00
2011-12-07,13.926071,13.962143,13.812857,13.896071,11.637541,304746400.00
2011-12-08,13.980357,14.125000,13.936786,13.952143,11.684492,376356400.00
2011-12-09,14.030357,14.072857,13.965357,14.057857,11.773029,296993200.00
2011-12-12,13.988571,14.067857,13.908929,13.994286,11.719790,301067200.00
2011-12-13,14.035714,14.121429,13.825000,13.886071,11.629162,338928800.00
2011-12-14,13.810714,13.835000,13.488571,13.578214,11.371342,406887600.00
2011-12-15,13.690357,13.705000,13.511071,13.533571,11.333954,256200000.00
2011-12-16,13.584286,13.719643,13.556071,13.607857,11.396167,421478400.00
2011-12-19,13.659643,13.744643,13.588571,13.650357,11.431757,235530400.00
2011-12-20,13.848571,14.146429,13.830714,14.141071,11.842716,337215200.00
2011-12-21,14.167500,14.189286,14.000357,14.158929,11.857671,262948000.00
2011-12-22,14.178571,14.254643,14.146429,14.233929,11.920481,202358800.00
2011-12-23,14.274643,14.413929,14.267500,14.404643,12.063452,269399200.00
2011-12-27,14.396429,14.610357,14.393571,14.518929,12.159167,265076000.00
2011-12-28,14.531786,14.580357,14.333571,14.380000,12.042817,228662000.00
2011-12-29,14.407143,14.487500,14.303929,14.468571,12.116989,215978000.00
2011-12-30,14.411071,14.510000,14.410357,14.464286,12.113401,179662000.00
2012-01-03,14.621429,14.732143,14.607143,14.686786,12.299738,302220800.00
2012-01-04,14.642857,14.810000,14.617143,14.765714,12.365839,260022000.00
2012-01-05,14.819643,14.948214,14.738214,14.929643,12.503123,271269600.00
2012-01-06,14.991786,15.098214,14.972143,15.085714,12.633830,318292800.00
2012-01-09,15.196429,15.276786,15.048214,15.061786,12.613788,394024400.00
2012-01-10,15.211071,15.214286,15.053571,15.115714,12.658951,258196400.00
2012-01-11,15.095714,15.101786,14.975357,15.091071,12.638315,215084800.00
2012-01-12,15.081429,15.103571,14.955357,15.049643,12.603618,212587200.00
2012-01-13,14.989286,15.016071,14.952143,14.993214,12.556363,226021600.00
2012-01-17,15.150000,15.213929,15.105714,15.167857,12.702619,242897200.00
2012-01-18,15.248571,15.338214,15.225000,15.325357,12.834523,276791200.00
2012-01-19,15.362500,15.406071,15.232500,15.276786,12.793844,261738400.00
2012-01-20,15.267500,15.267857,14.991071,15.010714,12.571013,413974400.00
2012-01-23,15.095357,15.301786,15.082143,15.264643,12.783674,306062400.00
2012-01-24,15.182143,15.182143,14.983929,15.014643,12.574310,547638000.00
2012-01-25,16.230000,16.230356,15.847500,15.952143,13.359432,958314000.00
2012-01-26,16.012857,16.028214,15.826429,15.879643,13.298717,323985200.00
2012-01-27,15.869286,16.017143,15.848929,15.974286,13.377979,299709200.00
2012-01-30,15.918214,16.210714,15.906786,16.178928,13.549364,379341200.00
2012-01-31,16.271070,16.365713,16.181070,16.302856,13.653145,391683600.00
2012-02-01,16.371786,16.392500,16.269644,16.292500,13.644476,270046000.00
2012-02-02,16.282143,16.327499,16.213572,16.254286,13.612472,186796400.00
2012-02-03,16.332144,16.428572,16.270000,16.417143,13.748858,286599600.00
2012-02-06,16.370714,16.606428,16.364286,16.570356,13.877175,249412800.00
2012-02-07,16.616072,16.776787,16.592142,16.743929,14.022530,316223600.00
2012-02-08,16.803572,17.028214,16.775000,17.024286,14.257320,407890000.00
2012-02-09,17.170000,17.741072,17.162857,17.613214,14.750531,884214800.00
2012-02-10,17.534286,17.772142,17.448214,17.622143,14.758013,631302000.00
2012-02-13,17.840357,17.993929,17.753214,17.950001,15.032580,517216000.00
2012-02-14,18.023571,18.198570,17.928572,18.195000,15.237760,460398400.00
2012-02-15,18.366428,18.796070,17.746071,17.773930,14.885132,1506120000.00
2012-02-16,17.553572,18.031786,17.379642,17.936071,15.020914,944552000.00
2012-02-17,17.968214,18.134644,17.867857,17.932858,15.018224,535805200.00
2012-02-21,18.102858,18.387501,18.004286,18.387501,15.398973,605595200.00
2012-02-22,18.324286,18.410357,18.181070,18.322857,15.344841,483302400.00
2012-02-23,18.395714,18.493929,18.196428,18.442499,15.445036,568027600.00
2012-02-24,18.559643,18.674999,18.522858,18.657499,15.625095,415072000.00
2012-02-27,18.618214,18.875000,18.438572,18.777143,15.725285,547582000.00
2012-02-28,18.855715,19.121786,18.780357,19.121786,16.013920,600387200.00
2012-02-29,19.341429,19.557501,19.132143,19.372856,16.224182,952011200.00
2012-03-01,19.577499,19.578930,19.241785,19.445356,16.284897,683270000.00
2012-03-02,19.437143,19.528570,19.375713,19.470715,16.306131,431712400.00
2012-03-05,19.479286,19.552856,18.785713,19.041430,15.946620,809124400.00
2012-03-06,18.702143,19.060356,18.436428,18.937857,15.859881,810238800.00
2012-03-07,19.171429,19.206429,18.689285,18.953215,15.872744,798520800.00
2012-03-08,19.096071,19.392500,19.004286,19.356787,16.210722,516457200.00
2012-03-09,19.436071,19.562143,19.396786,19.470358,16.305834,418919200.00
2012-03-12,19.606428,19.714287,19.535713,19.714287,16.510113,407282400.00
2012-03-13,19.912144,20.292143,19.848213,20.289286,16.991661,690855200.00
2012-03-14,20.644644,21.240000,20.549999,21.056429,17.634130,1418844000.00
2012-03-15,21.414642,21.428928,20.662500,20.912857,17.513887,1159718000.00
2012-03-16,20.882856,21.042856,20.642857,20.913214,17.514177,825487600.00
2012-03-19,21.370358,21.491785,21.037500,21.467857,17.978682,901236000.00
2012-03-20,21.411072,21.674999,21.124287,21.641430,18.124039,816662000.00
2012-03-21,21.526428,21.773214,21.478930,21.517857,18.020554,644042000.00
2012-03-22,21.349285,21.589287,21.268929,21.405001,17.926037,623870800.00
2012-03-23,21.446072,21.492857,21.228571,21.287500,17.827637,430488800.00
2012-03-26,21.421070,21.683929,21.259287,21.677856,18.154543,595742000.00
2012-03-27,21.649286,22.010000,21.645000,21.945715,18.378868,607129600.00
2012-03-28,22.084999,22.194643,21.796785,22.057858,18.472797,655460400.00
2012-03-29,21.885000,22.020000,21.686787,21.780714,18.240686,608238400.00
2012-03-30,21.741785,21.805714,21.355000,21.412500,17.932318,731038000.00
2012-04-02,21.493929,22.098928,21.442142,22.093929,18.502989,598351600.00
2012-04-03,22.403570,22.578930,22.232500,22.475714,18.822721,834559600.00
2012-04-04,22.298214,22.352142,22.035713,22.296785,18.672871,572980800.00
2012-04-05,22.392143,22.666430,22.264286,22.631430,18.953138,641298000.00
2012-04-09,22.361786,22.851429,22.332144,22.722500,19.029400,597536800.00
2012-04-10,22.854643,23.000000,22.357143,22.444286,18.796406,889725200.00
2012-04-11,22.721430,22.745358,22.262142,22.364286,18.729418,696614800.00
2012-04-12,22.321428,22.547501,22.160713,22.241785,18.626822,614336800.00
2012-04-13,22.289642,22.310715,21.553928,21.615356,18.102211,859644800.00
2012-04-16,21.787857,21.795713,20.651787,20.718929,17.351479,1050786800.00
2012-04-17,20.676430,21.785713,20.425358,21.775000,18.235899,1025528000.00
2012-04-18,21.918571,22.151787,21.525356,21.726429,18.195225,954531200.00
2012-04-19,21.436428,21.597500,20.875713,20.980000,17.570110,834719200.00
2012-04-20,21.120714,21.236429,20.372143,20.463572,17.137617,1030985200.00
2012-04-23,20.378929,20.595358,19.879286,20.417856,17.099339,966529200.00
2012-04-24,20.093214,20.274643,19.821428,20.010000,16.757771,1076149200.00
2012-04-25,21.987143,22.071428,21.642857,21.785713,18.244879,905777600.00
2012-04-26,21.938213,21.953215,21.504642,21.703571,18.176083,536068400.00
2012-04-27,21.609644,21.649286,21.446428,21.535713,18.035505,406722400.00
2012-04-30,21.350000,21.371429,20.821428,20.856428,17.466627,506144800.00
2012-05-01,20.889286,21.312857,20.758215,20.790358,17.411293,610999200.00
2012-05-02,20.722857,20.978571,20.673571,20.927856,17.526449,427389200.00
2012-05-03,21.089287,21.121429,20.725000,20.779285,17.402020,390549600.00
2012-05-04,20.610001,20.655714,20.184643,20.187500,16.906422,529992400.00
2012-05-07,20.053572,20.456072,20.043928,20.338572,17.032936,460118400.00
2012-05-08,20.342142,20.410713,19.954643,20.292143,16.994049,497252000.00
2012-05-09,20.132143,20.499287,20.030357,20.327856,17.023960,480704000.00
2012-05-10,20.520714,20.567142,20.301430,20.375713,17.064045,333200000.00
2012-05-11,20.178572,20.516787,20.155357,20.239643,16.950087,399546000.00
2012-05-14,20.091785,20.268213,19.914286,19.936428,16.696154,352626400.00
2012-05-15,20.051786,20.115000,19.705357,19.756071,16.545111,476336000.00
2012-05-16,19.787500,19.888929,19.322857,19.502857,16.333050,560896000.00
2012-05-17,19.475357,19.553572,18.932858,18.932858,15.855693,717220000.00
2012-05-18,19.070000,19.407499,18.649286,18.942142,15.863469,732292400.00
2012-05-21,19.089287,20.055000,19.073214,20.045713,16.787676,631106000.00
2012-05-22,20.341070,20.495714,19.735001,19.891787,16.658768,694870400.00
2012-05-23,19.910713,20.457144,19.758215,20.377144,17.065247,584897600.00
2012-05-24,20.566786,20.589287,20.043928,20.190001,16.908522,496230000.00
2012-05-25,20.163929,20.208929,19.945356,20.081785,16.817883,328507200.00
2012-05-29,20.389286,20.500000,20.189644,20.438213,17.116383,380508800.00
2012-05-30,20.328571,20.713928,20.234285,20.684643,17.322767,529429600.00
2012-05-31,20.740713,20.767857,20.409286,20.633215,17.279696,491674400.00
2012-06-01,20.327143,20.451786,20.018572,20.035357,16.779007,520987600.00
2012-06-04,20.053572,20.267857,19.589287,20.153214,16.877707,556995600.00
2012-06-05,20.045357,20.231071,19.940357,20.101070,16.834040,388214400.00
2012-06-06,20.277500,20.494642,20.196428,20.409286,17.092159,401455600.00
2012-06-07,20.617500,20.618570,20.375000,20.418571,17.099932,379766800.00
2012-06-08,20.414286,20.735001,20.321428,20.725714,17.357159,347516400.00
2012-06-11,20.990000,21.017857,20.379642,20.398930,17.083481,591264800.00
2012-06-12,20.516430,20.593571,20.239286,20.577143,17.232727,435380400.00
2012-06-13,20.518572,20.660000,20.370714,20.434286,17.113096,293580000.00
2012-06-14,20.401428,20.482143,20.259287,20.411785,17.094254,345573200.00
2012-06-15,20.392857,20.522142,20.341070,20.504642,17.172014,335255200.00
2012-06-18,20.391430,20.996071,20.370358,20.920713,17.520462,440412000.00
2012-06-19,20.835714,21.071428,20.825001,20.978930,17.569216,361404400.00
2012-06-20,21.007500,21.044643,20.742857,20.919287,17.519274,358943200.00
2012-06-21,20.908571,21.007856,20.622856,20.631071,17.277893,326351200.00
2012-06-22,20.680000,20.792500,20.550714,20.789286,17.410398,284471600.00
2012-06-25,20.617857,20.707144,20.370358,20.384644,17.071518,304382400.00
2012-06-26,20.404642,20.517500,20.261786,20.429644,17.109205,276536400.00
2012-06-27,20.535713,20.597857,20.425714,20.517857,17.183079,202997200.00
2012-06-28,20.416786,20.500000,20.200357,20.323214,17.020075,282836400.00
2012-06-29,20.642857,20.857143,20.508928,20.857143,17.467230,421500800.00
2012-07-02,20.883215,21.195356,20.842857,21.161428,17.722055,400092000.00
2012-07-03,21.245714,21.428572,21.214287,21.407499,17.928133,241712800.00
2012-07-05,21.448570,21.940714,21.416071,21.783571,18.243080,484383200.00
2012-07-06,21.681786,21.730000,21.485001,21.638571,18.121649,418930400.00
2012-07-09,21.617857,21.924999,21.575357,21.924643,18.361217,379405600.00
2012-07-10,22.070356,22.138214,21.618214,21.721786,18.191334,511957600.00
2012-07-11,21.647142,21.702143,21.329287,21.586786,18.078279,469322000.00
2012-07-12,21.437143,21.552500,21.167143,21.389286,17.912882,428041600.00
2012-07-13,21.533930,21.685356,21.428572,21.606071,18.094427,311427200.00
2012-07-16,21.611429,21.843571,21.607857,21.675358,18.152452,301260400.00
2012-07-17,21.813929,21.839287,21.541071,21.676430,18.153345,293624800.00
2012-07-18,21.663929,21.726429,21.555714,21.652143,18.133011,252700000.00
2012-07-19,21.831429,21.976786,21.642857,21.940001,18.374090,436861600.00
2012-07-20,21.893929,21.944286,21.560715,21.582144,18.074396,397471200.00
2012-07-23,21.228571,21.639286,20.989643,21.565357,18.060328,487975600.00
2012-07-24,21.692142,21.774286,21.375357,21.461430,17.973295,565132400.00
2012-07-25,20.516430,20.742857,20.357143,20.534643,17.197144,877312800.00
2012-07-26,20.705713,20.728571,20.370001,20.531429,17.194441,406632800.00
2012-07-27,20.536072,20.922501,20.413929,20.898571,17.501923,403936400.00
2012-07-30,21.104286,21.408571,20.993570,21.251072,17.797127,379142400.00
2012-07-31,21.543928,21.846430,21.525715,21.812857,18.267599,462327600.00
2012-08-01,21.996786,22.014286,21.535713,21.671785,18.149467,384501600.00
2012-08-02,21.530001,21.810356,21.437500,21.706785,18.178772,332158400.00
2012-08-03,21.915358,22.070715,21.841429,21.989286,18.415367,344920800.00
2012-08-06,22.046070,22.316786,21.973572,22.233929,18.620237,302103200.00
2012-08-07,22.241785,22.321428,22.072857,22.175358,18.571196,290446800.00
2012-08-08,22.121071,22.281429,22.039286,22.137857,18.539783,244706000.00
2012-08-09,22.066071,22.204643,22.064285,22.168928,18.645515,221642400.00
2012-08-10,22.096786,22.205713,22.096430,22.203571,18.674654,194938800.00
2012-08-13,22.263929,22.500000,22.258928,22.500000,18.923973,278832400.00
2012-08-14,22.566786,22.807501,22.507500,22.560356,18.974728,340169200.00
2012-08-15,22.546429,22.642857,22.419643,22.529642,18.948906,257342400.00
2012-08-16,22.543215,22.741428,22.517857,22.726429,19.114414,254534000.00
2012-08-17,22.857143,23.149643,22.814644,23.146786,19.467955,442761200.00
2012-08-20,23.214643,23.755358,23.210714,23.755358,19.979807,613384800.00
2012-08-21,23.957857,24.102858,23.226070,23.430714,19.706762,812719600.00
2012-08-22,23.372143,23.892857,23.146786,23.888214,20.091547,565322800.00
2012-08-23,23.789642,23.924999,23.612499,23.665358,19.904110,420128800.00
2012-08-24,23.553928,23.910000,23.412500,23.686428,19.921827,437340400.00
2012-08-27,24.285357,24.316786,24.055000,24.131430,20.296112,427008400.00
2012-08-28,24.106428,24.146429,23.952499,24.100000,20.269674,267416800.00
2012-08-29,24.116072,24.202499,24.021429,24.052500,20.229727,202806800.00
2012-08-30,23.951429,23.983929,23.673214,23.709642,19.941357,302699600.00
2012-08-31,23.830357,23.878571,23.473213,23.758572,19.982506,338321200.00
2012-09-04,23.777143,24.112143,23.732143,24.106071,20.274784,367892000.00
2012-09-05,24.127501,24.155357,23.914286,23.936787,20.132401,336375200.00
2012-09-06,24.041786,24.224644,23.957144,24.152500,20.313833,391196400.00
2012-09-07,24.216070,24.374287,24.134644,24.301430,20.439085,329666400.00
2012-09-10,24.301786,24.403214,23.646429,23.669287,19.907417,487998000.00
2012-09-11,23.753929,23.932142,23.446428,23.592501,19.842834,503983200.00
2012-09-12,23.816071,23.924999,23.428572,23.921070,20.119179,712233200.00
2012-09-13,24.191786,24.482143,24.098928,24.392143,20.515390,598360000.00
2012-09-14,24.641430,24.892143,24.567499,24.688572,20.764706,600474000.00
2012-09-17,24.976786,24.992857,24.807501,24.992144,21.020033,398031200.00
2012-09-18,24.995714,25.083214,24.872143,25.068214,21.084011,373503200.00
2012-09-19,25.009287,25.142500,24.984644,25.075001,21.089712,326874800.00
2012-09-20,24.969999,25.002144,24.772142,24.953571,20.987583,336568400.00
2012-09-21,25.086071,25.181070,24.977142,25.003214,21.029331,571589200.00
2012-09-24,24.530714,24.825714,24.392857,24.671070,20.749981,639766400.00
2012-09-25,24.580713,24.742144,24.035713,24.055000,20.231827,518789600.00
2012-09-26,23.883572,24.024643,23.614286,23.756430,19.980711,576503200.00
2012-09-27,23.724644,24.363214,23.583929,24.332857,20.465521,594090000.00
2012-09-28,24.241072,24.325357,23.812500,23.825001,20.038382,535110800.00
2012-10-01,23.969999,24.169643,23.446428,23.549643,19.806787,543594800.00
2012-10-02,23.636070,23.798214,23.237499,23.618214,19.864454,627992400.00
2012-10-03,23.745001,23.995001,23.665358,23.980356,20.169050,424281200.00
2012-10-04,23.973213,24.080357,23.769644,23.814285,20.029367,370725600.00
2012-10-05,23.757143,23.785713,23.260000,23.306786,19.602526,594006000.00
2012-10-08,23.102858,23.127144,22.718214,22.791786,19.169384,637994000.00
2012-10-09,22.808929,22.874643,22.269644,22.708929,19.099693,838597200.00
2012-10-10,22.847857,23.035000,22.750000,22.889643,19.251684,510356000.00
2012-10-11,23.089287,23.114286,22.432142,22.432142,18.866899,546081200.00
2012-10-12,22.484285,22.692142,22.332144,22.489643,18.915264,460014800.00
2012-10-15,22.583929,22.683214,22.280357,22.670000,19.066948,432502000.00
2012-10-16,22.691786,23.225000,22.535713,23.206785,19.518417,549771600.00
2012-10-17,23.173929,23.313929,23.000000,23.021786,19.362825,389037600.00
2012-10-18,22.842501,22.930714,22.500000,22.594286,19.003267,476624400.00
2012-10-19,22.537500,22.563213,21.772142,21.780001,18.318407,744086000.00
2012-10-22,21.872143,22.692142,21.812857,22.643929,19.045017,546730800.00
2012-10-23,22.535713,22.639286,21.846430,21.905714,18.424133,707145600.00
2012-10-24,22.194286,22.376785,21.808571,22.029642,18.528362,558527200.00
2012-10-25,22.142857,22.214287,21.626785,21.769285,18.309391,656325600.00
2012-10-26,21.765356,21.928572,21.107143,21.571428,18.142981,1018432800.00
2012-10-31,21.245714,21.498571,20.989286,21.261429,17.882248,510003200.00
2012-11-01,21.365000,21.535713,21.220358,21.305000,17.918901,361298000.00
2012-11-02,21.281786,21.319643,20.526787,20.600000,17.325947,599373600.00
2012-11-05,20.840000,20.991785,20.628571,20.879286,17.560844,529135600.00
2012-11-06,21.079643,21.097857,20.717501,20.816071,17.507675,374917200.00
2012-11-07,20.494286,20.519285,19.848213,19.928572,16.837782,793648800.00
2012-11-08,20.022499,20.079643,19.117500,19.205357,16.226742,1056146000.00
2012-11-09,19.300714,19.817142,19.061428,19.537857,16.507673,929913600.00
2012-11-12,19.791071,19.803572,19.237499,19.386786,16.380030,515802000.00
2012-11-13,19.246786,19.660000,19.155714,19.389286,16.382143,532949200.00
2012-11-14,19.482143,19.551786,19.149286,19.174286,16.200489,477170400.00
2012-11-15,19.197500,19.267857,18.665001,18.772142,15.860714,789910800.00
2012-11-16,18.757143,18.928572,18.062500,18.845715,15.922872,1266893600.00
2012-11-19,19.311071,20.267857,19.281429,20.204643,17.071043,823317600.00
2012-11-20,20.425358,20.426786,19.806429,20.032499,16.925594,642754000.00
2012-11-21,20.151787,20.263214,19.878571,20.060715,16.949432,373002000.00
2012-11-23,20.256071,20.428572,20.092857,20.410713,17.245152,272826400.00
2012-11-26,20.567858,21.071428,20.489643,21.054644,17.789215,630579600.00
2012-11-27,21.055357,21.086430,20.717857,20.885000,17.645880,533330000.00
2012-11-28,20.616785,20.921429,20.437857,20.819286,17.590355,520864400.00
2012-11-29,21.079287,21.223213,20.901787,21.048571,17.784082,514698800.00
2012-11-30,20.956785,21.014286,20.809999,20.902857,17.660969,391319600.00
2012-12-03,21.201786,21.235357,20.910713,20.935356,17.688423,364280000.00
2012-12-04,20.778570,20.778570,20.433214,20.566071,17.376415,557068400.00
2012-12-05,20.318214,20.330357,19.241785,19.242500,16.258121,1044638000.00
2012-12-06,18.890715,19.761070,18.522499,19.544287,16.513105,1177212400.00
2012-12-07,19.764286,19.828571,18.928572,19.044643,16.090948,787040800.00
2012-12-10,18.750000,19.232500,18.627857,18.922144,15.987451,630484400.00
2012-12-11,19.277500,19.627144,19.191786,19.335358,16.336571,592345600.00
2012-12-12,19.563213,19.571428,19.152500,19.250000,16.264446,487144000.00
2012-12-13,18.969643,19.201429,18.778570,18.917500,15.983528,625259600.00
2012-12-14,18.383928,18.504642,18.056429,18.206785,15.383035,1009579200.00
2012-12-17,18.176071,18.571428,17.901072,18.529642,15.655818,757607200.00
2012-12-18,18.750000,19.103571,18.580357,19.067858,16.110561,625685200.00
2012-12-19,18.981071,19.060715,18.767857,18.796785,15.881532,449369200.00
2012-12-20,18.928572,18.935715,18.531429,18.633215,15.743332,481689600.00
2012-12-21,18.302500,18.559643,18.222857,18.547501,15.670903,596268400.00
2012-12-24,18.583929,18.723213,18.525356,18.577499,15.696256,175753200.00
2012-12-26,18.535713,18.552143,18.254286,18.321428,15.479896,302436400.00
2012-12-27,18.340714,18.437500,18.023571,18.395000,15.542062,455120400.00
2012-12-28,18.224644,18.374287,18.147142,18.199642,15.377001,354278400.00
2012-12-31,18.233213,19.121429,18.178572,19.006071,16.058357,659492400.00
2013-01-02,19.779285,19.821428,19.343929,19.608213,16.567110,560518000.00
2013-01-03,19.567142,19.631071,19.321428,19.360714,16.358002,352965200.00
2013-01-04,19.177500,19.236786,18.779642,18.821428,15.902349,594333600.00
2013-01-07,18.642857,18.903570,18.400000,18.710714,15.808810,484156400.00
2013-01-08,18.900356,18.996071,18.616072,18.761070,15.851352,458707200.00
2013-01-09,18.660713,18.750357,18.428213,18.467857,15.603616,407604400.00
2013-01-10,18.876785,18.882856,18.411428,18.696787,15.797043,601146000.00
2013-01-11,18.607143,18.761429,18.536428,18.582144,15.700178,350506800.00
2013-01-14,17.952856,18.125000,17.803928,17.919643,15.140429,734207600.00
2013-01-15,17.796429,17.821072,17.263571,17.354286,14.662751,876772400.00
2013-01-16,17.665714,18.194286,17.589287,18.074642,15.271390,690804800.00
2013-01-17,18.225357,18.241072,17.929644,17.952856,15.168491,453678400.00
2013-01-18,17.804285,17.936428,17.728571,17.857143,15.087622,472922800.00
2013-01-22,18.020000,18.138571,17.736786,18.027500,15.231560,461546400.00
2013-01-23,18.171785,18.392500,18.027500,18.357500,15.510382,861509600.00
2013-01-24,16.428572,16.633215,16.080357,16.089287,13.593946,1460852400.00
2013-01-25,16.131786,16.293928,15.535714,15.710000,13.273486,1208026400.00
2013-01-28,15.636786,16.186071,15.566429,16.065357,13.573732,785517600.00
2013-01-29,16.375000,16.435715,16.147142,16.366785,13.828412,571158000.00
2013-01-30,16.321428,16.521429,16.232143,16.315357,13.784957,417155200.00
2013-01-31,16.320715,16.402857,16.249287,16.267500,13.744521,319334400.00
2013-02-01,16.396786,16.410000,16.012501,16.200714,13.688093,539484400.00
2013-02-04,16.211071,16.283571,15.785714,15.797143,13.347115,477117200.00
2013-02-05,15.858929,16.419287,15.793571,16.351429,13.815434,573347600.00
2013-02-06,16.302500,16.660713,16.163570,16.333929,13.800650,593706400.00
2013-02-07,16.544643,16.785713,16.218571,16.722143,14.210993,704580800.00
2013-02-08,16.928572,17.100357,16.723213,16.963572,14.416166,633158400.00
2013-02-11,17.017857,17.319286,16.901787,17.140356,14.566408,517490400.00
2013-02-12,17.125357,17.227858,16.705000,16.710714,14.201280,609053200.00
2013-02-13,16.686071,16.915714,16.543571,16.678928,14.174269,475207600.00
2013-02-14,16.590000,16.844286,16.572144,16.663929,14.161525,355275200.00
2013-02-15,16.744642,16.791430,16.425714,16.434286,13.966366,391745200.00
2013-02-19,16.467857,16.526072,16.208929,16.428213,13.961209,435783600.00
2013-02-20,16.346071,16.346071,16.028570,16.030357,13.623092,476302400.00
2013-02-21,15.928571,16.041786,15.815000,15.930714,13.538415,447182400.00
2013-02-22,16.044643,16.128571,15.950000,16.100357,13.682580,330654800.00
2013-02-25,16.208929,16.254286,15.806071,15.814286,13.439471,372579200.00
2013-02-26,15.850714,16.126429,15.630714,16.034643,13.626736,501499600.00
2013-02-27,16.015356,16.158571,15.737500,15.877500,13.493194,587350400.00
2013-02-28,15.858929,15.995357,15.764286,15.764286,13.396977,322515200.00
2013-03-01,15.642857,15.649286,15.356429,15.373929,13.065241,552448400.00
2013-03-04,15.278571,15.292857,14.964286,15.001786,12.748984,582755600.00
2013-03-05,15.052857,15.542500,15.026786,15.397857,13.085574,638433600.00
2013-03-06,15.518214,15.544643,15.158214,15.202143,12.919250,460250000.00
2013-03-07,15.160714,15.428929,15.037857,15.377857,13.068580,468473600.00
2013-03-08,15.350000,15.551071,15.307500,15.418571,13.103180,391482000.00
2013-03-11,15.348214,15.678929,15.183571,15.638214,13.289836,474236000.00
2013-03-12,15.557143,15.674286,15.270357,15.301071,13.003325,465911600.00
2013-03-13,15.301786,15.517857,15.191429,15.298214,13.000896,405549200.00
2013-03-14,15.458214,15.522857,15.373214,15.446429,13.126854,303875600.00
2013-03-15,15.640357,15.865357,15.616071,15.845000,13.465569,643960800.00
2013-03-18,15.766071,16.337856,15.757143,16.275715,13.831607,606197200.00
2013-03-19,16.410713,16.463215,16.017857,16.231787,13.794279,526775200.00
2013-03-20,16.336430,16.343929,16.056786,16.145714,13.721128,308660800.00
2013-03-21,16.079287,16.356428,16.075001,16.168928,13.740855,383255600.00
2013-03-22,16.235001,16.503571,16.182501,16.496786,14.019481,395105200.00
2013-03-25,16.596071,16.783930,16.492144,16.556429,14.070165,501135600.00
2013-03-26,16.622856,16.637142,16.447500,16.469286,13.996111,294294000.00
2013-03-27,16.302143,16.314285,16.097500,16.145714,13.721128,331237200.00
2013-03-28,16.065001,16.136429,15.772143,15.809286,13.435222,442839600.00
2013-04-01,15.782143,15.846429,15.276429,15.318214,13.017894,389732000.00
2013-04-02,15.271429,15.647857,15.228571,15.349643,13.044602,529519200.00
2013-04-03,15.406071,15.617143,15.368214,15.428214,13.111373,363216000.00
2013-04-04,15.491429,15.535714,15.187500,15.275714,12.981776,358447600.00
2013-04-05,15.160714,15.176786,14.988571,15.114286,12.844590,383695200.00
2013-04-08,15.173214,15.267857,15.088929,15.221786,12.935946,300829200.00
2013-04-09,15.227143,15.303571,15.098214,15.249286,12.959317,306614000.00
2013-04-10,15.289286,15.609286,15.214643,15.560357,13.223677,375928000.00
2013-04-11,15.490000,15.642500,15.400000,15.511786,13.182397,328364400.00
2013-04-12,15.505357,15.505357,15.324643,15.350000,13.044905,238613200.00
2013-04-15,15.250000,15.281786,14.983929,14.994643,12.742914,317520000.00
2013-04-16,15.056071,15.236071,15.020357,15.222857,12.936858,305771200.00
2013-04-17,15.009643,15.021429,14.218214,14.385714,12.225424,945056000.00
2013-04-18,14.463929,14.492500,13.919286,14.001786,11.899152,666299200.00
2013-04-19,13.856071,14.271429,13.753571,13.947500,11.853015,609274400.00
2013-04-22,14.022857,14.364286,13.973929,14.238214,12.100072,429920400.00
2013-04-23,14.428214,14.585000,14.243214,14.504643,12.326498,664238400.00
2013-04-24,14.055000,14.830357,14.017857,14.480714,12.306161,969651200.00
2013-04-25,14.686786,14.783571,14.535714,14.585000,12.394786,384837600.00
2013-04-26,14.636071,14.956071,14.580357,14.900000,12.662481,764097600.00
2013-04-29,15.016071,15.486429,15.000000,15.361429,13.054616,640326400.00
2013-04-30,15.539286,15.901786,15.431071,15.813571,13.438864,691538400.00
2013-05-01,15.873571,15.890357,15.513929,15.688929,13.332937,506909200.00
2013-05-02,15.777857,16.021070,15.736786,15.911429,13.522029,421828400.00
2013-05-03,16.118214,16.186787,16.041071,16.070715,13.657389,361300800.00
2013-05-06,16.275356,16.507143,16.225357,16.453930,13.983058,496641600.00
2013-05-07,16.606071,16.633928,16.203571,16.380714,13.920836,483753200.00
2013-05-08,16.394285,16.620358,16.278929,16.565714,14.078058,472598000.00
2013-05-09,16.421785,16.535713,16.270714,16.313213,13.955237,398487600.00
2013-05-10,16.356071,16.418215,16.088572,16.177500,13.839139,334852000.00
2013-05-13,16.125357,16.353571,16.125000,16.240713,13.893220,316948800.00
2013-05-14,16.208929,16.257143,15.791071,15.852143,13.560814,447118000.00
2013-05-15,15.684286,15.750000,15.084286,15.316071,13.102228,741613600.00
2013-05-16,15.115714,15.637500,14.960714,15.520714,13.277295,603204000.00
2013-05-17,15.680357,15.717500,15.393214,15.473571,13.236963,427904400.00
2013-05-20,15.425357,15.921429,15.360714,15.818929,13.532401,451578400.00
2013-05-21,15.648214,15.910000,15.507143,15.702143,13.432491,456022000.00
2013-05-22,15.858929,16.012501,15.650714,15.762500,13.484127,443038400.00
2013-05-23,15.569643,15.934286,15.563929,15.790714,13.508262,353021200.00
2013-05-24,15.744643,15.916429,15.727143,15.898214,13.600224,276166800.00
2013-05-28,16.067858,16.111071,15.744643,15.765714,13.486878,386145200.00
2013-05-29,15.714286,15.982143,15.692857,15.891071,13.594114,330576400.00
2013-05-30,15.916071,16.232143,15.875357,16.127857,13.796678,353519600.00
2013-05-31,16.160713,16.325001,16.053572,16.061787,13.740152,384302800.00
2013-06-03,16.097500,16.155714,15.802857,16.097143,13.770403,372352400.00
2013-06-04,16.186428,16.229643,15.978214,16.046785,13.727322,292728800.00
2013-06-05,15.916071,16.097143,15.846786,15.896786,13.599004,290589600.00
2013-06-06,15.909643,15.964286,15.501786,15.659286,13.395832,416934000.00
2013-06-07,15.589286,15.830000,15.456071,15.778929,13.498183,404535600.00
2013-06-10,15.883214,16.038570,15.600000,15.674643,13.408969,450153200.00
2013-06-11,15.562143,15.812857,15.475714,15.628571,13.369557,286112400.00
2013-06-12,15.696429,15.758929,15.410714,15.435357,13.204272,265227200.00
2013-06-13,15.446429,15.612143,15.312500,15.570000,13.319451,285832400.00
2013-06-14,15.550000,15.581786,15.303571,15.358929,13.138889,271866000.00
2013-06-17,15.408571,15.560714,15.370000,15.428571,13.198467,259414400.00
2013-06-18,15.412857,15.532143,15.364643,15.420357,13.191439,195025600.00
2013-06-19,15.407143,15.416429,15.107143,15.107143,12.923497,310940000.00
2013-06-20,14.975000,15.213571,14.827500,14.887143,12.735298,357310800.00
2013-06-21,14.946071,15.000000,14.575000,14.767857,12.633252,481118400.00
2013-06-24,14.550000,14.595000,14.216071,14.376429,12.298407,480746000.00
2013-06-25,14.489286,14.563929,14.243929,14.379643,12.301156,314162800.00
2013-06-26,14.425000,14.456786,14.130714,14.216786,12.161838,367724000.00
2013-06-27,14.258929,14.335357,14.055000,14.063571,12.030766,337246000.00
2013-06-28,13.977143,14.295357,13.888214,14.161786,12.114785,578516400.00
2013-07-01,14.381786,14.723929,14.329286,14.615000,12.502487,391053600.00
2013-07-02,14.641429,15.058214,14.623929,14.946071,12.785708,469865200.00
2013-07-03,15.030714,15.106429,14.908929,15.028571,12.856282,240928800.00
2013-07-05,15.013929,15.117500,14.833929,14.907857,12.753016,274024800.00
2013-07-08,15.003929,15.035714,14.666071,14.823214,12.680607,298138400.00
2013-07-09,14.771429,15.125000,14.656429,15.083929,12.903638,352584400.00
2013-07-10,14.985714,15.171429,14.937500,15.026071,12.854145,281405600.00
2013-07-11,15.105357,15.294643,15.041786,15.260357,13.054565,326292400.00
2013-07-12,15.273214,15.349643,15.121786,15.232500,13.030735,279563200.00
2013-07-15,15.178929,15.409286,15.171429,15.265714,13.059150,241917200.00
2013-07-16,15.232857,15.382500,15.148929,15.364286,13.143476,216538000.00
2013-07-17,15.346429,15.436429,15.293571,15.368214,13.146832,198990400.00
2013-07-18,15.477857,15.531071,15.378929,15.420000,13.191133,218878800.00
2013-07-19,15.467857,15.499286,15.155357,15.176786,12.983074,268721600.00
2013-07-22,15.337857,15.348214,15.195357,15.225357,13.024624,207796400.00
2013-07-23,15.214286,15.248571,14.953929,14.963929,12.800984,369395600.00
2013-07-24,15.676071,15.878214,15.545000,15.732500,13.458462,591936800.00
2013-07-25,15.739286,15.764286,15.564643,15.660714,13.397054,229493600.00
2013-07-26,15.546429,15.751429,15.512143,15.749643,13.473126,200152400.00
2013-07-29,15.742857,16.071072,15.721429,15.992500,13.680884,248057600.00
2013-07-30,16.070000,16.326786,16.043928,16.190001,13.849836,309422400.00
2013-07-31,16.249643,16.333570,16.051071,16.161785,13.825699,322957600.00
2013-08-01,16.276787,16.314285,16.187857,16.309999,13.952492,206250800.00
2013-08-02,16.357500,16.530357,16.309286,16.519285,14.131525,274783600.00
2013-08-05,16.596071,16.809643,16.505358,16.766071,14.342631,318855600.00
2013-08-06,16.715000,16.853214,16.506071,16.616072,14.214320,334857600.00
2013-08-07,16.564285,16.678572,16.491785,16.606428,14.206068,298858000.00
2013-08-08,16.566429,16.575001,16.355356,16.464643,14.177781,255777200.00
2013-08-09,16.379999,16.445000,16.201786,16.230356,13.976032,266865200.00
2013-08-12,16.316429,16.737499,16.308214,16.691429,14.373062,364434000.00
2013-08-13,16.819286,17.666430,16.716070,17.484644,15.056100,881941200.00
2013-08-14,17.781429,18.008928,17.621429,17.803572,15.330729,756372400.00
2013-08-15,17.729286,17.942858,17.467142,17.782499,15.312590,490294000.00
2013-08-16,17.862499,17.962143,17.816429,17.940357,15.448524,362306000.00
2013-08-19,18.012142,18.347857,18.000000,18.133572,15.614902,510518400.00
2013-08-20,18.203930,18.234644,17.886429,17.895357,15.409767,358688400.00
2013-08-21,17.985357,18.112499,17.900000,17.941429,15.449446,335879600.00
2013-08-22,18.035000,18.056786,17.792856,17.962856,15.467896,244207600.00
2013-08-23,17.973928,17.976786,17.833929,17.893572,15.408233,222731600.00
2013-08-26,17.883928,18.221430,17.875000,17.963215,15.468201,330965600.00
2013-08-27,17.785713,17.946787,17.367857,17.449642,15.025967,424188800.00
2013-08-28,17.357143,17.707144,17.357143,17.532143,15.097006,307608000.00
2013-08-29,17.558929,17.732143,17.540358,17.560715,15.121616,239657600.00
2013-08-30,17.571428,17.605356,17.375000,17.400715,14.983831,272297200.00
2013-09-03,17.610714,17.878571,17.405357,17.449286,15.025657,331928800.00
2013-09-04,17.841429,17.937143,17.724285,17.810356,15.336576,345032800.00
2013-09-05,17.866072,17.881430,17.629999,17.688213,15.231402,236367600.00
2013-09-06,17.801430,17.834999,17.498215,17.793571,15.322123,359525600.00
2013-09-09,18.035713,18.139999,17.981428,18.077499,15.566619,340687200.00
2013-09-10,18.078571,18.123215,17.482143,17.665714,15.212030,743195600.00
2013-09-11,16.678928,16.917500,16.600357,16.703930,14.383827,898696400.00
2013-09-12,16.732143,16.978571,16.643213,16.881786,14.536981,404051200.00
2013-09-13,16.762142,16.851070,16.596430,16.603571,14.297407,298835600.00
2013-09-16,16.464287,16.486071,15.972143,16.075714,13.842872,543706800.00
2013-09-17,15.998571,16.418215,15.982143,16.261429,14.002785,399380800.00
2013-09-18,16.542143,16.655357,16.452143,16.595715,14.290645,456862000.00
2013-09-19,16.810715,16.993929,16.758928,16.867857,14.524989,404541200.00
2013-09-20,17.071428,17.091070,16.642857,16.693214,14.374600,699302800.00
2013-09-23,17.717857,17.746786,17.235714,17.522858,15.089010,762106800.00
2013-09-24,17.674286,17.695356,17.422144,17.467857,15.041650,364344400.00
2013-09-25,17.471430,17.487143,17.193930,17.197500,14.808846,316957200.00
2013-09-26,17.357143,17.448570,17.282143,17.365000,14.953079,237221600.00
2013-09-27,17.277857,17.309643,17.168571,17.241072,14.846359,228040400.00
2013-09-30,17.044643,17.202143,16.943214,17.026787,14.661845,260156400.00
2013-10-01,17.087500,17.469286,17.084999,17.427143,15.006593,353883600.00
2013-10-02,17.343929,17.564285,17.276787,17.484285,15.055802,289184000.00
2013-10-03,17.518213,17.583929,17.169287,17.264643,14.866661,322753200.00
2013-10-04,17.280714,17.307142,17.092857,17.251072,14.854976,258868400.00
2013-10-07,17.377144,17.594643,17.333929,17.419643,15.000130,312292400.00
2013-10-08,17.497856,17.522858,17.162144,17.176430,14.790702,290917200.00
2013-10-09,17.308571,17.421070,17.081429,17.378214,14.964461,301725200.00
2013-10-10,17.547144,17.584999,17.394285,17.487143,15.058255,278602800.00
2013-10-11,17.392500,17.637142,17.327143,17.600357,15.155745,267738800.00
2013-10-14,17.493929,17.770714,17.476786,17.715714,15.255079,261898000.00
2013-10-15,17.768213,17.928572,17.697144,17.809999,15.336277,320073600.00
2013-10-16,17.885357,17.947500,17.829643,17.896786,15.411002,251101200.00
2013-10-17,17.856428,18.027857,17.845715,18.017857,15.515255,253593200.00
2013-10-18,18.071072,18.187857,18.061071,18.174643,15.650263,290542000.00
2013-10-21,18.277500,18.725000,18.268572,18.620001,16.033768,398106800.00
2013-10-22,18.800358,18.873215,18.143929,18.566786,15.987944,534063600.00
2013-10-23,18.535713,18.773930,18.535713,18.748571,16.144482,313723200.00
2013-10-24,18.750000,19.016787,18.658930,18.996786,16.358213,384764800.00
2013-10-25,18.975714,19.043928,18.753929,18.784286,16.175230,337792000.00
2013-10-28,18.894285,18.964287,18.686071,18.924286,16.295788,550440800.00
2013-10-29,19.152500,19.258928,18.376429,18.452856,15.889840,635807200.00
2013-10-30,18.557501,18.840000,18.465000,18.746429,16.142635,354163600.00
2013-10-31,18.750000,18.838928,18.616785,18.667856,16.074976,275696400.00
2013-11-01,18.715000,18.742857,18.422857,18.572500,15.992856,274890000.00
2013-11-04,18.610714,18.815001,18.528929,18.812500,16.199535,244627600.00
2013-11-05,18.735001,18.888929,18.678572,18.766071,16.159548,265213200.00
2013-11-06,18.719643,18.745001,18.507143,18.604286,16.113764,223375600.00
2013-11-07,18.556429,18.685356,18.299286,18.303213,15.853003,262620400.00
2013-11-08,18.377857,18.611786,18.306786,18.591429,16.102634,279316800.00
2013-11-11,18.571072,18.631071,18.371786,18.537500,16.055920,227452400.00
2013-11-12,18.488214,18.711430,18.464287,18.571787,16.085621,204276800.00
2013-11-13,18.500000,18.651787,18.462856,18.593929,16.104795,197220800.00
2013-11-14,18.671785,18.902857,18.638214,18.862858,16.337723,282419200.00
2013-11-15,18.806429,18.896070,18.731787,18.749643,16.239670,317920400.00
2013-11-18,18.749643,18.828215,18.507143,18.522499,16.042929,244944000.00
2013-11-19,18.536785,18.692142,18.498928,18.555357,16.071381,208938800.00
2013-11-20,18.543928,18.586430,18.368929,18.392857,15.930639,193916800.00
2013-11-21,18.485714,18.614643,18.345358,18.612143,16.120569,262026800.00
2013-11-22,18.554285,18.648571,18.518929,18.564285,16.079109,223725600.00
2013-11-25,18.607857,18.781071,18.607143,18.705000,16.201002,229311600.00
2013-11-26,18.718571,19.147858,18.714287,19.049999,16.499811,401382800.00
2013-11-27,19.153929,19.500000,19.049999,19.498571,16.888334,363448400.00
2013-11-29,19.624287,19.940357,19.564644,19.859644,17.201073,318127600.00
2013-12-02,19.928572,20.154642,19.672144,19.686787,17.051353,472544800.00
2013-12-03,19.939285,20.227858,19.917143,20.225714,17.518137,450968000.00
2013-12-04,20.196428,20.328215,20.029285,20.178572,17.477312,377809600.00
2013-12-05,20.451786,20.540714,20.228930,20.282143,17.567011,447580000.00
2013-12-06,20.206785,20.241072,19.984644,20.000713,17.323254,344352400.00
2013-12-09,20.032143,20.342142,20.032143,20.229643,17.521542,320493600.00
2013-12-10,20.127857,20.281429,20.042856,20.198214,17.494316,278269600.00
2013-12-11,20.250000,20.391787,19.988930,20.048571,17.364708,359718800.00
2013-12-12,20.076429,20.190714,20.001072,20.019285,17.339336,262290000.00
2013-12-13,20.101786,20.102858,19.773930,19.801071,17.150339,332822000.00
2013-12-16,19.822144,20.094286,19.821787,19.910713,17.245308,282592800.00
2013-12-17,19.850357,19.980000,19.763571,19.821072,17.167665,229902400.00
2013-12-18,19.632143,19.694643,19.242857,19.670357,17.037128,565863200.00
2013-12-19,19.625000,19.642857,19.418928,19.445000,16.841938,320308800.00
2013-12-20,19.479643,19.700357,19.457857,19.607857,16.982990,436413600.00
2013-12-23,20.285713,20.382856,20.098572,20.360357,17.634758,501306400.00
2013-12-24,20.353214,20.424286,20.215357,20.273930,17.559908,167554800.00
2013-12-26,20.289286,20.339287,20.120714,20.139286,17.443283,204008000.00
2013-12-27,20.136429,20.157499,19.982143,20.003214,17.325417,225884400.00
2013-12-30,19.909286,20.003214,19.725714,19.804285,17.153130,253629600.00
2013-12-31,19.791786,20.045713,19.785713,20.036428,17.354187,223084400.00
2014-01-02,19.845715,19.893929,19.715000,19.754642,17.110121,234684800.00
2014-01-03,19.745001,19.775000,19.301071,19.320715,16.734289,392467600.00
2014-01-06,19.194643,19.528570,19.057142,19.426071,16.825541,412610800.00
2014-01-07,19.440001,19.498571,19.211430,19.287144,16.705206,317209200.00
2014-01-08,19.243214,19.484285,19.238930,19.409286,16.811008,258529600.00
2014-01-09,19.528570,19.530714,19.119642,19.161428,16.596327,279148800.00
2014-01-10,19.279642,19.314285,18.968214,19.033571,16.485584,304976000.00
2014-01-13,18.925358,19.375000,18.924286,19.133215,16.571896,378492800.00
2014-01-14,19.222143,19.526072,19.202143,19.513929,16.901644,332561600.00
2014-01-15,19.768572,20.007143,19.702143,19.905714,17.240976,391638800.00
2014-01-16,19.817858,19.887501,19.702856,19.794643,17.144785,229278000.00
2014-01-17,19.695715,19.716785,19.282143,19.309643,16.724697,426739600.00
2014-01-21,19.321072,19.645357,19.300714,19.609644,16.984537,328526800.00
2014-01-22,19.675358,19.903214,19.564644,19.696787,17.060026,379985200.00
2014-01-23,19.640715,19.875000,19.457500,19.863571,17.204470,403239200.00
2014-01-24,19.785713,19.843571,19.455357,19.502501,16.891743,429354800.00
2014-01-27,19.645357,19.814285,19.491072,19.660713,17.028776,554878800.00
2014-01-28,18.170000,18.392857,17.931070,18.089287,15.667707,1065523200.00
2014-01-29,17.998215,18.120358,17.807858,17.883928,15.489839,502810000.00
2014-01-30,17.947857,18.089287,17.739286,17.849285,15.459831,678501600.00
2014-01-31,17.684999,17.911785,17.626785,17.878571,15.485199,464797200.00
2014-02-03,17.950357,18.133215,17.832144,17.911785,15.513971,401464000.00
2014-02-04,18.066071,18.195000,17.955713,18.171070,15.738543,376681200.00
2014-02-05,18.091429,18.402857,18.080357,18.306786,15.856092,328344800.00
2014-02-06,18.216429,18.339287,18.136070,18.303928,15.948518,257765200.00
2014-02-07,18.620714,18.676071,18.477858,18.559999,16.171635,370280400.00
2014-02-10,18.523571,18.999643,18.500000,18.892500,16.461348,345559200.00
2014-02-11,18.950357,19.205357,18.910713,19.141430,16.678246,282256800.00
2014-02-12,19.176786,19.270000,19.044287,19.139999,16.677000,308100800.00
2014-02-13,19.094999,19.458929,19.078571,19.443930,16.941818,307398000.00
2014-02-14,19.373928,19.499287,19.328930,19.428213,16.928122,272924400.00
2014-02-18,19.500000,19.685356,19.486071,19.499643,16.990360,260251600.00
2014-02-19,19.455357,19.531786,19.083929,19.191786,16.722124,313768000.00
2014-02-20,19.035357,19.178572,18.892857,18.969643,16.528561,305858000.00
2014-02-21,19.028214,19.091785,18.735714,18.758928,16.344967,278784800.00
2014-02-24,18.683929,18.925714,18.657858,18.841070,16.416536,288909600.00
2014-02-25,18.906429,18.913214,18.607143,18.645000,16.245691,231952000.00
2014-02-26,18.700357,18.750000,18.414286,18.476786,16.099123,276217200.00
2014-02-27,18.469286,18.885000,18.430357,18.845358,16.420269,301882000.00
2014-02-28,18.895714,19.026787,18.647142,18.794287,16.375771,371968800.00
2014-03-03,18.693571,18.951786,18.671785,18.848572,16.423075,238781200.00
2014-03-04,18.964287,19.022858,18.848928,18.972857,16.531363,259140000.00
2014-03-05,18.961430,19.098213,18.897499,19.012857,16.566221,200062800.00
2014-03-06,19.028214,19.087143,18.860714,18.955357,16.516113,185488800.00
2014-03-07,18.967501,18.999287,18.787500,18.944286,16.506472,220729600.00
2014-03-10,18.870001,19.047501,18.869286,18.961430,16.521408,178584000.00
2014-03-11,19.123215,19.240713,19.021070,19.146070,16.682287,279224400.00
2014-03-12,19.089643,19.191071,19.000000,19.164642,16.698471,199326400.00
2014-03-13,19.194286,19.273571,18.898571,18.951786,16.513004,257742800.00
2014-03-14,18.885357,18.960358,18.678572,18.738930,16.327536,237199200.00
2014-03-17,18.846430,18.927500,18.780357,18.812143,16.391335,199544800.00
2014-03-18,18.782143,18.998928,18.757143,18.978571,16.536345,209647200.00
2014-03-19,19.009287,19.151428,18.892857,18.973572,16.531994,224756000.00
2014-03-20,18.924643,19.023930,18.833929,18.882143,16.452320,208398400.00
2014-03-21,18.997499,19.062500,18.797501,19.031071,16.582083,374046400.00
2014-03-24,19.229286,19.303572,19.109285,19.256786,16.778755,355700800.00
2014-03-25,19.339287,19.491072,19.271070,19.463928,16.959248,282293200.00
2014-03-26,19.518572,19.607143,19.245001,19.277857,16.797113,299768000.00
2014-03-27,19.286428,19.339287,19.111429,19.195000,16.724922,222031600.00
2014-03-28,19.225714,19.247856,19.080357,19.173571,16.706249,200564000.00
2014-03-31,19.258215,19.314644,19.140356,19.169287,16.702518,168669200.00
2014-04-01,19.205713,19.352501,19.170357,19.344643,16.855305,200760000.00
2014-04-02,19.370714,19.410000,19.295000,19.376785,16.883314,180420800.00
2014-04-03,19.335358,19.375000,19.201429,19.242500,16.766314,162344000.00
2014-04-04,19.278929,19.285713,18.949286,18.993570,16.549417,275251200.00
2014-04-07,18.857857,18.960714,18.638929,18.695356,16.289570,289850400.00
2014-04-08,18.756786,18.790001,18.525000,18.694286,16.288643,243888400.00
2014-04-09,18.665714,18.946072,18.643572,18.940001,16.502735,206169600.00
2014-04-10,18.952856,19.008572,18.684643,18.695715,16.289890,239652000.00
2014-04-11,18.535713,18.672501,18.469286,18.557501,16.169456,271717600.00
2014-04-14,18.639286,18.648571,18.471786,18.631430,16.233870,205674000.00
2014-04-15,18.581072,18.629999,18.261786,18.498571,16.118116,266490000.00
2014-04-16,18.501785,18.610357,18.362143,18.536072,16.150784,214765600.00
2014-04-17,18.571428,18.848572,18.542856,18.747856,16.335316,284334400.00
2014-04-21,18.762142,19.004999,18.712856,18.970358,16.529188,182548800.00
2014-04-22,18.868214,18.993929,18.803572,18.989286,16.545679,202563200.00
2014-04-23,18.895000,18.968929,18.730356,18.741072,16.329405,394940000.00
2014-04-24,20.293215,20.357143,20.026072,20.277500,17.668123,759911600.00
2014-04-25,20.161785,20.428213,20.141430,20.426430,17.797886,390275200.00
2014-04-28,20.457144,21.276787,20.448214,21.217501,18.487152,669485600.00
2014-04-29,21.205000,21.285000,21.053928,21.154642,18.432383,337377600.00
2014-04-30,21.165714,21.408215,21.064285,21.074642,18.362684,456640800.00
2014-05-01,21.142857,21.242857,20.941429,21.124287,18.405943,244048000.00
2014-05-02,21.155001,21.221430,21.061071,21.163570,18.440170,191514400.00
2014-05-05,21.076429,21.464287,21.071428,21.462856,18.700939,287067200.00
2014-05-06,21.492857,21.586071,21.228930,21.228930,18.497116,374564400.00
2014-05-07,21.258928,21.331785,20.990356,21.154642,18.432383,282864400.00
2014-05-08,21.008928,21.228930,20.942858,20.999643,18.399527,230297200.00
2014-05-09,20.876429,20.937500,20.726070,20.912144,18.322866,291597600.00
2014-05-12,20.981787,21.202143,20.978571,21.172501,18.550985,213208800.00
2014-05-13,21.142857,21.233570,21.096430,21.205713,18.580084,159737200.00
2014-05-14,21.158215,21.335714,21.133572,21.209642,18.583540,166404000.00
2014-05-15,21.239286,21.307142,21.001429,21.029285,18.425510,230846000.00
2014-05-16,21.022499,21.340357,20.907143,21.339643,18.697435,276256400.00
2014-05-19,21.351786,21.690357,21.333214,21.592501,18.918989,317755200.00
2014-05-20,21.589643,21.657143,21.454643,21.596786,18.922743,234836000.00
2014-05-21,21.565357,21.667856,21.502144,21.653929,18.972813,196859600.00
2014-05-22,21.664286,21.780357,21.575001,21.688213,19.002838,200760000.00
2014-05-23,21.687500,21.954643,21.659643,21.933214,19.217514,232209600.00
2014-05-27,21.995714,22.352142,21.986786,22.343929,19.577375,348866000.00
2014-05-28,22.357857,22.493929,22.277857,22.286072,19.526686,315481600.00
2014-05-29,22.423214,22.745358,22.420357,22.692142,19.882471,376474000.00
2014-05-30,22.785000,23.006071,22.460714,22.607143,19.807999,564020800.00
2014-06-02,22.641430,22.672501,22.232143,22.451786,19.671869,369350800.00
2014-06-03,22.445000,22.812143,22.437500,22.769285,19.950066,292709200.00
2014-06-04,22.765715,23.138929,22.718214,23.029285,20.177870,335482000.00
2014-06-05,23.078571,23.191786,22.950357,23.119642,20.257040,303805600.00
2014-06-06,23.210714,23.259287,23.016787,23.056070,20.201345,349938400.00
2014-06-09,23.174999,23.469999,22.937500,23.424999,20.524591,301660000.00
2014-06-10,23.682501,23.762501,23.392500,23.562500,20.645071,251108000.00
2014-06-11,23.532499,23.690001,23.367500,23.465000,20.559633,182724000.00
2014-06-12,23.510000,23.530001,22.975000,23.072500,20.215736,218996000.00
2014-06-13,23.049999,23.110001,22.719999,22.820000,19.994499,218100000.00
2014-06-16,22.877501,23.187500,22.862499,23.049999,20.196022,142244000.00
2014-06-17,23.077499,23.174999,22.950001,23.020000,20.169729,118904000.00
2014-06-18,23.067499,23.072500,22.837500,23.045000,20.191641,134056000.00
2014-06-19,23.072500,23.075001,22.834999,22.965000,20.121546,142112000.00
2014-06-20,22.962500,23.137501,22.725000,22.727501,19.913458,403592000.00
2014-06-23,22.830000,22.905001,22.650000,22.707500,19.895929,174776000.00
2014-06-24,22.687500,22.934999,22.547501,22.570000,19.775452,156144000.00
2014-06-25,22.552500,22.674999,22.412500,22.590000,19.792980,147476000.00
2014-06-26,22.592501,22.762501,22.450001,22.725000,19.911266,130516000.00
2014-06-27,22.705000,23.000000,22.692499,22.995001,20.147833,256116000.00
2014-06-30,23.025000,23.432501,23.022499,23.232500,20.355925,197929200.00
2014-07-01,23.379999,23.517500,23.282499,23.379999,20.485163,152892000.00
2014-07-02,23.467501,23.514999,23.272499,23.370001,20.476398,113860000.00
2014-07-03,23.417500,23.525000,23.299999,23.507500,20.596876,91567200.00
2014-07-07,23.535000,23.997499,23.525000,23.992500,21.021818,225872000.00
2014-07-08,24.067499,24.200001,23.480000,23.837500,20.886011,260888000.00
2014-07-09,23.860001,23.987499,23.690001,23.847500,20.894773,145744000.00
2014-07-10,23.440001,23.887501,23.379999,23.760000,20.818115,158744000.00
2014-07-11,23.840000,23.972500,23.715000,23.805000,20.857546,136072000.00
2014-07-14,23.965000,24.222500,23.912500,24.112499,21.126959,171240000.00
2014-07-15,24.200001,24.212500,23.757500,23.830000,20.879446,181911600.00
2014-07-16,24.242500,24.275000,23.684999,23.695000,20.761164,213585200.00
2014-07-17,23.757500,23.820000,23.142500,23.272499,20.390970,229192000.00
2014-07-18,23.405001,23.684999,23.254999,23.607500,20.684494,199952000.00
2014-07-21,23.747499,23.750000,23.430000,23.485001,20.577160,156316000.00
2014-07-22,23.670000,23.722500,23.530001,23.680000,20.748014,220788000.00
2014-07-23,23.855000,24.469999,23.792500,24.297501,21.289062,371672000.00
2014-07-24,24.260000,24.330000,24.105000,24.257500,21.254011,182916000.00
2014-07-25,24.212500,24.459999,24.160000,24.417500,21.394196,173876000.00
2014-07-28,24.455000,24.809999,24.387501,24.754999,21.689915,221272000.00
2014-07-29,24.832500,24.860001,24.562500,24.594999,21.549723,172572000.00
2014-07-30,24.610001,24.674999,24.417500,24.537500,21.499350,132040000.00
2014-07-31,24.290001,24.362499,23.832500,23.900000,20.940777,227372000.00
2014-08-01,23.725000,24.155001,23.702499,24.032499,21.056870,194044000.00
2014-08-04,24.092501,24.145000,23.792500,23.897499,20.938589,159832000.00
2014-08-05,23.840000,23.920000,23.590000,23.780001,20.835634,223732000.00
2014-08-06,23.687500,23.870001,23.677500,23.740000,20.800589,154232000.00
2014-08-07,23.732500,23.987499,23.525000,23.620001,20.798388,186844000.00
2014-08-08,23.565001,23.705000,23.320000,23.684999,20.855627,167460000.00
2014-08-11,23.817499,24.020000,23.709999,23.997499,21.130791,146340000.00
2014-08-12,24.010000,24.219999,23.902500,23.992500,21.126385,135180000.00
2014-08-13,24.037500,24.309999,24.010000,24.309999,21.405956,127664000.00
2014-08-14,24.332500,24.392500,24.200001,24.375000,21.463186,112464000.00
2014-08-15,24.475000,24.547501,24.215000,24.495001,21.568859,195804000.00
2014-08-18,24.622499,24.842501,24.495001,24.790001,21.828617,190288000.00
2014-08-19,24.852501,25.170000,24.830000,25.132500,22.130199,277596000.00
2014-08-20,25.110001,25.272499,24.987499,25.142500,22.139009,210796000.00
2014-08-21,25.142500,25.235001,25.027500,25.145000,22.141214,133912000.00
2014-08-22,25.072500,25.367500,25.047501,25.330000,22.304113,176736000.00
2014-08-25,25.447500,25.542500,25.320000,25.385000,22.352543,161080000.00
2014-08-26,25.355000,25.375000,25.215000,25.222500,22.209452,132608000.00
2014-08-27,25.254999,25.642500,25.174999,25.532499,22.482416,209476000.00
2014-08-28,25.397499,25.695000,25.389999,25.562500,22.508841,273840000.00
2014-08-29,25.715000,25.725000,25.549999,25.625000,22.563868,178380000.00
2014-09-02,25.764999,25.934999,25.680000,25.825001,22.739981,214256000.00
2014-09-03,25.775000,25.799999,24.645000,24.735001,21.780190,501684000.00
2014-09-04,24.712500,25.022499,24.447500,24.530001,21.599678,342872000.00
2014-09-05,24.700001,24.847500,24.577499,24.742500,21.786797,233828000.00
2014-09-08,24.825001,24.827499,24.512501,24.590000,21.652519,185426800.00
2014-09-09,24.770000,25.770000,24.035000,24.497499,21.571058,759385200.00
2014-09-10,24.502501,25.277500,24.440001,25.250000,22.233673,403478400.00
2014-09-11,25.102501,25.360001,24.905001,25.357500,22.328331,249412400.00
2014-09-12,25.302500,25.547501,25.270000,25.415001,22.378958,250504400.00
2014-09-15,25.702499,25.762501,25.360001,25.407499,22.372355,245266000.00
2014-09-16,24.950001,25.315001,24.722500,25.215000,22.202847,267632400.00
2014-09-17,25.317499,25.450001,25.147499,25.395000,22.361355,243706000.00
2014-09-18,25.482500,25.587500,25.389999,25.447500,22.407572,149197600.00
2014-09-19,25.572500,25.587500,25.125000,25.240000,22.224861,283609600.00
2014-09-22,25.450001,25.535000,25.145000,25.264999,22.246874,211153600.00
2014-09-23,25.150000,25.735001,25.135000,25.660000,22.594688,253608800.00
2014-09-24,25.540001,25.712500,25.299999,25.437500,22.398766,240687200.00
2014-09-25,25.127501,25.177500,24.430000,24.467501,21.544641,400368000.00
2014-09-26,24.632500,25.187500,24.600000,25.187500,22.178625,249482000.00
2014-09-29,24.662500,25.110001,24.657499,25.027500,22.037752,199065200.00
2014-09-30,25.202499,25.385000,25.132500,25.187500,22.178625,221056400.00
2014-10-01,25.147499,25.172501,24.674999,24.795000,21.833029,205965200.00
2014-10-02,24.817499,25.055000,24.510000,24.975000,21.991518,191031200.00
2014-10-03,24.860001,25.052500,24.760000,24.905001,21.929880,173878400.00
2014-10-06,24.987499,25.162500,24.855000,24.905001,21.929880,148204800.00
2014-10-07,24.857500,25.030001,24.682501,24.687500,21.738369,168376800.00
2014-10-08,24.690001,25.277500,24.577499,25.200001,22.189642,229618800.00
2014-10-09,25.385000,25.594999,25.152500,25.254999,22.238068,309506000.00
2014-10-10,25.172501,25.507500,25.075001,25.182501,22.174240,265326400.00
2014-10-13,25.332500,25.445000,24.952499,24.952499,21.971708,214333600.00
2014-10-14,25.097500,25.129999,24.642500,24.687500,21.738369,254754400.00
2014-10-15,24.492500,24.787500,23.795000,24.385000,21.472002,403734400.00
2014-10-16,23.887501,24.430000,23.852501,24.065001,21.190235,288618000.00
2014-10-17,24.375000,24.750000,24.202499,24.417500,21.500620,272718800.00
2014-10-20,24.580000,24.990000,24.555000,24.940001,21.960701,310069200.00
2014-10-21,25.754999,25.754999,25.317499,25.617500,22.557264,378495600.00
2014-10-22,25.709999,26.027500,25.650000,25.747499,22.671738,273052400.00
2014-10-23,26.020000,26.262501,25.907499,26.207500,23.076792,284298800.00
2014-10-24,26.295000,26.372499,26.132500,26.305000,23.162645,188215600.00
2014-10-27,26.212500,26.370001,26.174999,26.277500,23.138422,136750800.00
2014-10-28,26.350000,26.684999,26.337500,26.684999,23.497252,192243600.00
2014-10-29,26.662500,26.842501,26.590000,26.834999,23.629330,210751600.00
2014-10-30,26.740000,26.837500,26.475000,26.745001,23.550076,162619200.00
2014-10-31,27.002501,27.010000,26.802500,27.000000,23.774620,178557200.00
2014-11-03,27.055000,27.575001,27.002501,27.350000,24.082804,209130400.00
2014-11-04,27.340000,27.372499,26.930000,27.150000,23.906700,166297600.00
2014-11-05,27.275000,27.325001,27.032499,27.215000,23.963934,149743600.00
2014-11-06,27.150000,27.197500,26.950001,27.174999,24.032469,139874000.00
2014-11-07,27.187500,27.330000,27.137501,27.252501,24.101009,134766000.00
2014-11-10,27.254999,27.332500,27.167500,27.207500,24.061216,108782000.00
2014-11-11,27.174999,27.437500,27.100000,27.424999,24.253561,109769200.00
2014-11-12,27.344999,27.857500,27.342501,27.812500,24.596251,187769600.00
2014-11-13,27.950001,28.362499,27.900000,28.205000,24.943361,238091600.00
2014-11-14,28.287500,28.547501,27.802500,28.545000,25.244045,176254400.00
2014-11-17,28.567499,29.320000,28.325001,28.497499,25.202040,186986800.00
2014-11-18,28.485001,28.922501,28.472500,28.867500,25.529253,176896000.00
2014-11-19,28.860001,28.934999,28.450001,28.667500,25.352379,167476800.00
2014-11-20,28.727501,29.215000,28.712500,29.077499,25.714966,173582000.00
2014-11-21,29.377501,29.392500,29.007500,29.117500,25.750345,228717200.00
2014-11-24,29.212500,29.692499,29.155001,29.657499,26.227892,189803200.00
2014-11-25,29.767500,29.937500,29.362499,29.400000,26.000168,275361600.00
2014-11-26,29.485001,29.775000,29.457500,29.750000,26.309696,163073200.00
2014-11-28,29.817499,29.850000,29.512501,29.732500,26.294218,99257600.00
2014-12-01,29.702499,29.812500,27.817499,28.767500,25.440805,335256000.00
2014-12-02,28.375000,28.937500,28.187500,28.657499,25.343534,237395600.00
2014-12-03,28.937500,29.087500,28.777500,28.982500,25.630945,172253600.00
2014-12-04,28.942499,29.299999,28.822500,28.872499,25.533667,168178000.00
2014-12-05,28.997499,29.020000,28.660000,28.750000,25.425337,153275600.00
2014-12-08,28.525000,28.662500,27.905001,28.100000,24.850508,230659600.00
2014-12-09,27.547501,28.575001,27.337500,28.530001,25.230778,240832000.00
2014-12-10,28.602501,28.712500,27.885000,27.987499,24.751001,178261200.00
2014-12-11,28.065001,28.450001,27.834999,27.905001,24.678051,165606800.00
2014-12-12,27.615000,27.967501,27.395000,27.432501,24.260191,224112400.00
2014-12-15,27.674999,27.900000,26.587500,27.057501,23.928560,268872400.00
2014-12-16,26.592501,27.540001,26.565001,26.687500,23.601347,243162800.00
2014-12-17,26.780001,27.459999,26.705000,27.352501,24.189442,213647200.00
2014-12-18,27.967501,28.162500,27.665001,28.162500,24.905773,236024800.00
2014-12-19,28.065001,28.309999,27.915001,27.945000,24.713421,353719200.00
2014-12-22,28.040001,28.372499,27.992500,28.235001,24.969891,180670000.00
2014-12-23,28.307501,28.332500,28.115000,28.135000,24.881454,104113600.00
2014-12-24,28.145000,28.177500,28.002501,28.002501,24.764277,57918400.00
2014-12-26,28.025000,28.629999,28.002501,28.497499,25.202040,134884000.00
2014-12-29,28.447500,28.692499,28.424999,28.477501,25.184347,110395600.00
2014-12-30,28.410000,28.480000,28.027500,28.129999,24.877031,119526000.00
2014-12-31,28.205000,28.282499,27.552500,27.594999,24.403896,165613600.00
2015-01-02,27.847500,27.860001,26.837500,27.332500,24.171761,212818400.00
2015-01-05,27.072500,27.162500,26.352501,26.562500,23.490795,257142000.00
2015-01-06,26.635000,26.857500,26.157499,26.565001,23.493011,263188400.00
2015-01-07,26.799999,27.049999,26.674999,26.937500,23.822430,160423600.00
2015-01-08,27.307501,28.037500,27.174999,27.972500,24.737743,237458000.00
2015-01-09,28.167500,28.312500,27.552500,28.002501,24.764277,214798000.00
2015-01-12,28.150000,28.157499,27.200001,27.312500,24.154070,198603200.00
2015-01-13,27.857500,28.200001,27.227501,27.555000,24.368528,268367600.00
2015-01-14,27.260000,27.622499,27.125000,27.450001,24.275675,195826400.00
2015-01-15,27.500000,27.514999,26.665001,26.705000,23.616819,240056000.00
2015-01-16,26.757500,26.895000,26.299999,26.497499,23.433319,314053200.00
2015-01-20,26.959999,27.242500,26.625000,27.180000,24.036901,199599600.00
2015-01-21,27.237499,27.764999,27.067499,27.387501,24.220394,194303600.00
2015-01-22,27.565001,28.117500,27.430000,28.100000,24.850508,215185600.00
2015-01-23,28.075001,28.437500,27.882500,28.245001,24.978735,185859200.00
2015-01-26,28.434999,28.590000,28.200001,28.275000,25.005274,222460000.00
2015-01-27,28.105000,28.120001,27.257500,27.285000,24.129749,382274800.00
2015-01-28,29.407499,29.530001,28.827499,28.827499,25.493872,585908400.00
2015-01-29,29.080000,29.797501,28.889999,29.725000,26.287588,337745600.00
2015-01-30,29.600000,30.000000,29.212500,29.290001,25.902893,334982000.00
2015-02-02,29.512501,29.792500,29.020000,29.657499,26.227892,250956400.00
2015-02-03,29.625000,29.772499,29.402500,29.662500,26.232321,207662800.00
2015-02-04,29.625000,30.127501,29.577499,29.889999,26.433508,280598800.00
2015-02-05,30.004999,30.057501,29.812500,29.985001,26.622166,168984800.00
2015-02-06,30.004999,30.062500,29.612499,29.732500,26.397991,174826400.00
2015-02-09,29.637501,29.959999,29.607500,29.930000,26.573343,155559200.00
2015-02-10,30.042500,30.537500,30.040001,30.504999,27.083855,248034000.00
2015-02-11,30.692499,31.230000,30.625000,31.219999,27.718666,294247200.00
2015-02-12,31.514999,31.870001,31.392500,31.615000,28.069372,297898000.00
2015-02-13,31.820000,31.820000,31.412500,31.770000,28.206985,217088800.00
2015-02-17,31.872499,32.220001,31.730000,31.957500,28.373457,252609600.00
2015-02-18,31.907499,32.195000,31.862499,32.180000,28.571009,179566800.00
2015-02-19,32.119999,32.257500,32.082500,32.112499,28.511076,149449600.00
2015-02-20,32.154999,32.375000,32.012501,32.375000,28.744133,195793600.00
2015-02-23,32.505001,33.250000,32.415001,33.250000,29.521002,283896400.00
2015-02-24,33.235001,33.400002,32.792500,33.042500,29.336773,276912400.00
2015-02-25,32.889999,32.900002,32.037498,32.197498,28.586538,298846800.00
2015-02-26,32.197498,32.717499,31.652500,32.605000,28.948338,365150000.00
2015-02-27,32.500000,32.642502,32.060001,32.115002,28.513298,248059200.00
2015-03-02,32.312500,32.570000,32.075001,32.272499,28.653131,192386800.00
2015-03-03,32.240002,32.380001,32.022499,32.340000,28.713064,151265200.00
2015-03-04,32.275002,32.389999,32.080002,32.134998,28.531050,126665200.00
2015-03-05,32.145000,32.187500,31.440001,31.602501,28.058275,226068400.00
2015-03-06,32.099998,32.342499,31.565001,31.650000,28.100445,291368400.00
2015-03-09,31.990000,32.392502,31.264999,31.785000,28.220306,354114000.00
2015-03-10,31.602501,31.805000,30.950001,31.127501,27.636547,275426400.00
2015-03-11,31.187500,31.192499,30.527500,30.559999,27.132687,275756000.00
2015-03-12,30.577499,31.225000,30.407499,31.112499,27.623224,193450800.00
2015-03-13,31.100000,31.350000,30.645000,30.897499,27.432339,207309200.00
2015-03-16,30.969999,31.237499,30.717501,31.237499,27.734200,143497200.00
2015-03-17,31.475000,31.830000,31.412500,31.760000,28.198109,204092400.00
2015-03-18,31.750000,32.290001,31.592501,32.117500,28.515518,261083600.00
2015-03-19,32.187500,32.312500,31.850000,31.875000,28.300213,183238000.00
2015-03-20,32.062500,32.099998,31.290001,31.475000,27.945076,274780400.00
2015-03-23,31.780001,31.962500,31.629999,31.802500,28.235840,150838800.00
2015-03-24,31.807501,32.009998,31.639999,31.672501,28.120419,131369200.00
2015-03-25,31.635000,31.705000,30.844999,30.844999,27.385727,206620800.00
2015-03-26,30.690001,31.219999,30.650000,31.059999,27.576616,190291600.00
2015-03-27,31.142500,31.174999,30.727501,30.812500,27.356871,158184800.00
2015-03-30,31.012501,31.600000,31.000000,31.592501,28.049391,188398800.00
2015-03-31,31.522499,31.622499,31.090000,31.107500,27.618788,168362400.00
2015-04-01,31.205000,31.280001,30.775000,31.062500,27.578833,162485600.00
2015-04-02,31.257500,31.389999,31.047501,31.330000,27.816338,128880400.00
2015-04-06,31.117500,31.877501,31.082500,31.837500,28.266918,148776000.00
2015-04-07,31.910000,32.029999,31.495001,31.502501,27.969481,140049200.00
2015-04-08,31.462500,31.600000,31.242500,31.400000,27.878475,149316800.00
2015-04-09,31.462500,31.645000,31.165001,31.639999,28.091568,129936000.00
2015-04-10,31.487499,31.802500,31.315001,31.775000,28.211426,160752000.00
2015-04-13,32.092499,32.142502,31.652500,31.712500,28.155933,145460400.00
2015-04-14,31.750000,31.822500,31.477501,31.575001,28.033852,102098400.00
2015-04-15,31.602501,31.782499,31.502501,31.695000,28.140402,115881600.00
2015-04-16,31.570000,31.775000,31.527500,31.542500,28.004999,113476000.00
2015-04-17,31.387501,31.535000,31.115000,31.187500,27.689817,207828000.00
2015-04-20,31.392500,32.029999,31.292500,31.900000,28.322401,188217200.00
2015-04-21,32.025002,32.049999,31.667500,31.727501,28.169256,129740400.00
2015-04-22,31.747499,32.217499,31.580000,32.154999,28.548801,150618000.00
2015-04-23,32.075001,32.605000,32.035000,32.417500,28.781868,183083600.00
2015-04-24,32.622501,32.657501,32.307499,32.570000,28.917261,178103600.00
2015-04-27,33.077499,33.282501,32.787498,33.162498,29.443317,387816800.00
2015-04-28,33.615002,33.634998,32.392502,32.639999,28.979416,475696000.00
2015-04-29,32.540001,32.897499,32.075001,32.160000,28.553249,253544400.00
2015-04-30,32.160000,32.160000,31.145000,31.287500,27.778597,332781600.00
2015-05-01,31.525000,32.532501,31.325001,32.237499,28.622057,234050400.00
2015-05-04,32.375000,32.642502,32.064999,32.174999,28.566568,203953200.00
2015-05-05,32.037498,32.112499,31.445000,31.450001,27.922876,197085600.00
2015-05-06,31.639999,31.687500,30.840000,31.252501,27.747530,288564000.00
2015-05-07,31.192499,31.520000,31.004999,31.315001,27.919153,175763600.00
2015-05-08,31.670000,31.905001,31.527500,31.905001,28.445169,222201600.00
2015-05-11,31.847500,31.889999,31.407499,31.580000,28.155415,168143200.00
2015-05-12,31.400000,31.719999,31.205000,31.467501,28.055117,192640000.00
2015-05-13,31.537500,31.797501,31.467501,31.502501,28.086309,138776800.00
2015-05-14,31.852501,32.237499,31.790001,32.237499,28.741613,180814000.00
2015-05-15,32.267502,32.372501,32.052502,32.192501,28.701488,152832000.00
2015-05-18,32.095001,32.680000,32.090000,32.547501,29.017996,203531600.00
2015-05-19,32.672501,32.720001,32.410000,32.517502,28.991245,178532800.00
2015-05-20,32.500000,32.744999,32.334999,32.514999,28.989025,145819600.00
2015-05-21,32.517502,32.907501,32.457500,32.847500,29.285461,158921600.00
2015-05-22,32.900002,33.242500,32.849998,33.134998,29.541782,182384000.00
2015-05-26,33.150002,33.227501,32.279999,32.404999,28.890953,282790400.00
2015-05-27,32.584999,33.064999,32.512501,33.009998,29.430332,183332800.00
2015-05-28,32.965000,32.987499,32.775002,32.945000,29.372387,122933200.00
2015-05-29,32.807499,32.862499,32.474998,32.570000,29.038054,203538000.00
2015-06-01,32.570000,32.847500,32.512501,32.634998,29.096001,128451200.00
2015-06-02,32.465000,32.665001,32.330002,32.490002,28.966730,134670400.00
2015-06-03,32.665001,32.735001,32.474998,32.529999,29.002390,123934000.00
2015-06-04,32.395000,32.645000,32.227501,32.340000,28.833002,153800400.00
2015-06-05,32.375000,32.422501,32.090000,32.162498,28.674740,142507200.00
2015-06-08,32.224998,32.302502,31.707500,31.950001,28.485289,210699200.00
2015-06-09,31.674999,32.020000,31.405001,31.855000,28.400591,224301600.00
2015-06-10,31.980000,32.334999,31.962500,32.220001,28.726013,156349200.00
2015-06-11,32.294998,32.544998,32.119999,32.147499,28.661371,141563600.00
2015-06-12,32.047501,32.082500,31.777500,31.792500,28.344868,147544800.00
2015-06-15,31.525000,31.809999,31.427500,31.730000,28.289150,175955600.00
2015-06-16,31.757500,31.962500,31.592501,31.900000,28.440706,125976400.00
2015-06-17,31.930000,31.969999,31.684999,31.825001,28.373846,131672400.00
2015-06-18,31.807501,32.077499,31.805000,31.969999,28.503117,141628800.00
2015-06-19,31.927500,31.955000,31.600000,31.650000,28.217821,218867600.00
2015-06-22,31.872499,32.014999,31.770000,31.902500,28.442944,136157200.00
2015-06-23,31.870001,31.902500,31.719999,31.757500,28.313665,121075600.00
2015-06-24,31.802500,32.450001,31.780001,32.027500,28.554382,221123600.00
2015-06-25,32.215000,32.299999,31.875000,31.875000,28.418425,127752400.00
2015-06-26,31.917500,31.997499,31.627501,31.687500,28.251255,176267200.00
2015-06-29,31.365000,31.617500,31.120001,31.132500,27.756447,196645600.00
2015-06-30,31.392500,31.530001,31.215000,31.357500,27.957043,177482800.00
2015-07-01,31.725000,31.735001,31.497499,31.650000,28.217821,120955200.00
2015-07-02,31.607500,31.672501,31.442499,31.610001,28.182159,108844000.00
2015-07-06,31.235001,31.557501,31.212500,31.500000,28.084084,112241600.00
2015-07-07,31.472500,31.537500,30.942499,31.422501,28.014997,187787200.00
2015-07-08,31.120001,31.160000,30.635000,30.642500,27.319576,243046400.00
2015-07-09,30.962500,31.014999,29.805000,30.017500,26.762350,314380000.00
2015-07-10,30.485001,30.962500,30.302500,30.820000,27.477829,245418000.00
2015-07-13,31.257500,31.440001,31.080000,31.415001,28.008303,165762000.00
2015-07-14,31.510000,31.592501,31.260000,31.402500,27.997162,127072400.00
2015-07-15,31.430000,31.787500,31.395000,31.705000,28.266863,134596800.00
2015-07-16,31.934999,32.142502,31.837500,32.127499,28.643545,144889600.00
2015-07-17,32.270000,32.404999,32.077499,32.404999,28.890953,184658800.00
2015-07-20,32.742500,33.242500,32.674999,33.017502,29.437025,235600800.00
2015-07-21,33.212502,33.230000,32.580002,32.687500,29.142813,307025600.00
2015-07-22,30.497499,31.375000,30.497499,31.305000,27.910233,461802400.00
2015-07-23,31.549999,31.772499,31.264999,31.290001,27.896864,203998000.00
2015-07-24,31.330000,31.434999,30.975000,31.125000,27.749752,168649200.00
2015-07-27,30.772499,30.902500,30.530001,30.692499,27.364151,177822000.00
2015-07-28,30.844999,30.977501,30.637501,30.844999,27.500118,134472400.00
2015-07-29,30.787500,30.875000,30.567499,30.747499,27.413189,148046800.00
2015-07-30,30.580000,30.642500,30.427500,30.592501,27.275000,134513200.00
2015-07-31,30.650000,30.660000,30.227501,30.325001,27.036503,171540000.00
2015-08-03,30.375000,30.642500,29.379999,29.610001,26.399046,279904000.00
2015-08-04,29.355000,29.424999,28.312500,28.660000,25.552065,496554400.00
2015-08-05,28.237499,29.360001,28.025000,28.850000,25.721460,397250400.00
2015-08-06,28.992500,29.125000,28.530001,28.782499,25.777431,211612000.00
2015-08-07,28.645000,29.062500,28.625000,28.879999,25.864754,154681600.00
2015-08-10,29.132500,29.997499,29.132500,29.930000,26.805128,219806400.00
2015-08-11,29.452499,29.545000,28.332500,28.372499,25.410244,388331200.00
2015-08-12,28.132500,28.855000,27.407499,28.809999,25.802052,404870000.00
2015-08-13,29.010000,29.100000,28.635000,28.787500,25.781908,194143200.00
2015-08-14,28.580000,29.077499,28.502501,28.990000,25.963266,171718000.00
2015-08-17,29.010000,29.412500,28.875000,29.290001,26.231947,163538800.00
2015-08-18,29.107500,29.360001,29.002501,29.125000,26.084173,138242800.00
2015-08-19,29.025000,29.129999,28.670000,28.752501,25.750566,193146000.00
2015-08-20,28.520000,28.587500,27.907499,28.162500,25.222160,274006400.00
2015-08-21,27.607500,27.975000,26.412500,26.440001,23.679501,513102000.00
2015-08-24,23.717501,27.200001,23.000000,25.780001,23.088409,648825200.00
2015-08-25,27.777500,27.777500,25.875000,25.934999,23.227230,414406400.00
2015-08-26,26.772499,27.472500,26.262501,27.422501,24.559422,387098400.00
2015-08-27,28.057501,28.309999,27.504999,28.230000,25.282616,338464400.00
2015-08-28,28.042500,28.327499,27.885000,28.322500,25.365456,212657600.00
2015-08-31,28.007500,28.632500,28.000000,28.190001,25.246794,224917200.00
2015-09-01,27.537500,27.969999,26.840000,26.930000,24.118336,307383600.00
2015-09-02,27.557501,28.084999,27.282499,28.084999,25.152756,247555200.00
2015-09-03,28.122499,28.195000,27.510000,27.592501,24.711679,212935600.00
2015-09-04,27.242500,27.612499,27.127501,27.317499,24.465387,199985200.00
2015-09-08,27.937500,28.139999,27.580000,28.077499,25.146040,219374400.00
2015-09-09,28.440001,28.504999,27.442499,27.537500,24.662420,340043200.00
2015-09-10,27.567499,28.320000,27.475000,28.142500,25.204250,251571200.00
2015-09-11,27.947500,28.552500,27.940001,28.552500,25.571449,199662000.00
2015-09-14,29.145000,29.222500,28.715000,28.827499,25.817734,233453600.00
2015-09-15,28.982500,29.132500,28.605000,29.070000,26.034920,173364800.00
2015-09-16,29.062500,29.135000,28.860001,29.102501,26.064020,148694000.00
2015-09-17,28.915001,29.122499,28.430000,28.480000,25.506514,256450400.00
2015-09-18,28.052500,28.575001,27.967501,28.362499,25.401281,297141200.00
2015-09-21,28.417500,28.842501,28.415001,28.802500,25.795345,200888000.00
2015-09-22,28.344999,28.545000,28.129999,28.350000,25.390089,201384800.00
2015-09-23,28.407499,28.680000,28.325001,28.580000,25.596075,143026800.00
2015-09-24,28.312500,28.875000,28.092501,28.750000,25.748325,200878000.00
2015-09-25,29.110001,29.172501,28.504999,28.677500,25.683395,224607600.00
2015-09-28,28.462500,28.642500,28.110001,28.110001,25.175150,208436000.00
2015-09-29,28.207500,28.377501,26.965000,27.264999,24.418362,293461600.00
2015-09-30,27.542500,27.885000,27.182501,27.575001,24.696009,265892000.00
2015-10-01,27.267500,27.405001,26.827499,27.395000,24.534796,255716400.00
2015-10-02,27.002501,27.752501,26.887501,27.594999,24.713909,232079200.00
2015-10-05,27.469999,27.842501,27.267500,27.695000,24.803478,208258800.00
2015-10-06,27.657499,27.934999,27.442499,27.827499,24.922140,192787200.00
2015-10-07,27.934999,27.942499,27.352501,27.695000,24.803478,187062400.00
2015-10-08,27.547501,27.547501,27.052500,27.375000,24.516886,247918400.00
2015-10-09,27.500000,28.070000,27.372499,28.030001,25.103491,211064400.00
2015-10-12,28.182501,28.187500,27.860001,27.900000,24.987080,121868800.00
2015-10-13,27.705000,28.112499,27.670000,27.947500,25.029610,132197200.00
2015-10-14,27.822500,27.879999,27.389999,27.552500,24.675856,177849600.00
2015-10-15,27.732500,28.025000,27.622499,27.965000,25.045282,150694000.00
2015-10-16,27.945000,28.000000,27.632500,27.760000,24.861687,156930400.00
2015-10-19,27.700001,27.937500,27.527500,27.932501,25.016172,119036800.00
2015-10-20,27.834999,28.542500,27.705000,28.442499,25.472927,195871200.00
2015-10-21,28.500000,28.895000,28.424999,28.440001,25.470695,167180800.00
2015-10-22,28.582500,28.875000,28.525000,28.875000,25.860281,166616400.00
2015-10-23,29.174999,29.807501,29.082500,29.770000,26.661829,237467600.00
2015-10-26,29.520000,29.532499,28.730000,28.820000,25.811014,265335200.00
2015-10-27,28.850000,29.135000,28.497499,28.637501,25.647573,279537600.00
2015-10-28,29.232500,29.825001,29.014999,29.817499,26.704370,342205600.00
2015-10-29,29.674999,30.172501,29.567499,30.132500,26.986485,204909200.00
2015-10-30,30.247499,30.305000,29.862499,29.875000,26.755867,197461200.00
2015-11-02,30.200001,30.340000,29.902500,30.295000,27.132017,128813200.00
2015-11-03,30.197500,30.872499,30.174999,30.642500,27.443237,182076000.00
2015-11-04,30.782499,30.955000,30.405001,30.500000,27.315613,179544400.00
2015-11-05,30.462500,30.672501,30.045000,30.230000,27.189701,158210800.00
2015-11-06,30.277500,30.452499,30.155001,30.264999,27.221172,132169200.00
2015-11-09,30.240000,30.452499,30.012501,30.142500,27.110996,135485600.00
2015-11-10,29.225000,29.517500,29.014999,29.192499,26.256540,236511600.00
2015-11-11,29.092501,29.355000,28.802500,29.027500,26.108135,180872000.00
2015-11-12,29.065001,29.205000,28.912500,28.930000,26.020445,130102400.00
2015-11-13,28.799999,28.892500,28.067499,28.084999,25.260426,183249600.00
2015-11-16,27.844999,28.559999,27.750000,28.545000,25.674162,152426800.00
2015-11-17,28.730000,28.762501,28.330000,28.422501,25.563980,110467600.00
2015-11-18,28.940001,29.372499,28.875000,29.322500,26.373465,186698800.00
2015-11-19,29.410000,29.937500,29.190001,29.695000,26.708506,173183200.00
2015-11-20,29.799999,29.980000,29.712500,29.825001,26.825428,137148400.00
2015-11-23,29.817499,29.932501,29.334999,29.437500,26.476898,129930000.00
2015-11-24,29.332500,29.837500,29.280001,29.719999,26.730984,171212800.00
2015-11-25,29.802500,29.807501,29.480000,29.507500,26.539858,85553200.00
2015-11-27,29.572500,29.602501,29.400000,29.452499,26.490387,52185600.00
2015-11-30,29.497499,29.852501,29.437500,29.575001,26.600573,156721200.00
2015-12-01,29.687500,29.702499,29.215000,29.334999,26.384708,139409600.00
2015-12-02,29.334999,29.527500,29.020000,29.070000,26.146364,133546400.00
2015-12-03,29.137501,29.197500,28.555000,28.799999,25.903511,166278000.00
2015-12-04,28.822500,29.812500,28.777500,29.757500,26.764709,231108000.00
2015-12-07,29.745001,29.965000,29.452499,29.570000,26.596071,128336800.00
2015-12-08,29.379999,29.650000,29.215000,29.557501,26.584829,137238000.00
2015-12-09,29.410000,29.422501,28.770000,28.905001,25.997953,185445600.00
2015-12-10,29.010000,29.235001,28.877501,29.042500,26.121622,116850800.00
2015-12-11,28.797501,28.847500,28.212500,28.295000,25.449297,187544800.00
2015-12-14,28.045000,28.170000,27.447500,28.120001,25.291899,257274800.00
2015-12-15,27.985001,28.200001,27.587500,27.622499,24.844440,213292400.00
2015-12-16,27.767500,27.997499,27.200001,27.834999,25.035563,224954000.00
2015-12-17,28.004999,28.062500,27.245001,27.245001,24.504908,179091200.00
2015-12-18,27.227501,27.379999,26.452499,26.507500,23.841578,385813200.00
2015-12-21,26.820000,26.842501,26.392500,26.832500,24.133890,190362400.00
2015-12-22,26.850000,26.930000,26.612499,26.807501,24.111403,131157600.00
2015-12-23,26.817499,27.212500,26.799999,27.152500,24.421705,130629600.00
2015-12-24,27.250000,27.250000,26.987499,27.007500,24.291290,54281600.00
2015-12-28,26.897499,26.922501,26.545000,26.705000,24.019213,106816800.00
2015-12-29,26.740000,27.357500,26.715000,27.184999,24.450937,123724800.00
2015-12-30,27.145000,27.174999,26.795000,26.830000,24.131639,100855200.00
2015-12-31,26.752501,26.757500,26.205000,26.315001,23.668436,163649200.00
2016-01-04,25.652500,26.342501,25.500000,26.337500,23.688667,270597600.00
2016-01-05,26.437500,26.462500,25.602501,25.677500,23.095051,223164000.00
2016-01-06,25.139999,25.592501,24.967501,25.174999,22.643087,273829600.00
2016-01-07,24.670000,25.032499,24.107500,24.112499,21.687450,324377600.00
2016-01-08,24.637501,24.777500,24.190001,24.240000,21.802120,283192000.00
2016-01-11,24.742500,24.764999,24.334999,24.632500,22.155149,198957600.00
2016-01-12,25.137501,25.172501,24.709999,24.990000,22.476696,196616800.00
2016-01-13,25.080000,25.297501,24.325001,24.347500,21.898813,249758400.00
2016-01-14,24.490000,25.120001,23.934999,24.879999,22.377752,252680400.00
2016-01-15,24.049999,24.427500,23.840000,24.282499,21.840345,319335600.00
2016-01-19,24.602501,24.662500,23.875000,24.165001,21.734667,212350800.00
2016-01-20,23.775000,24.547501,23.355000,24.197500,21.763893,289337600.00
2016-01-21,24.264999,24.469999,23.735001,24.075001,21.653719,208646000.00
2016-01-22,24.657499,25.365000,24.592501,25.355000,22.804985,263202000.00
2016-01-25,25.379999,25.382500,24.802500,24.860001,22.359770,207178000.00
2016-01-26,24.982500,25.219999,24.517500,24.997499,22.483440,300308000.00
2016-01-27,24.010000,24.157499,23.334999,23.355000,21.006126,533478800.00
2016-01-28,23.447500,23.629999,23.097500,23.522499,21.156790,222715200.00
2016-01-29,23.697500,24.334999,23.587500,24.334999,21.887569,257666000.00
2016-02-01,24.117500,24.177500,23.850000,24.107500,21.682953,163774000.00
2016-02-02,23.855000,24.010000,23.570000,23.620001,21.244478,149428800.00
2016-02-03,23.750000,24.209999,23.520000,24.087500,21.664963,183857200.00
2016-02-04,23.965000,24.332500,23.797501,24.150000,21.839039,185886800.00
2016-02-05,24.129999,24.230000,23.422501,23.504999,21.255760,185672400.00
2016-02-08,23.282499,23.924999,23.260000,23.752501,21.479580,216085600.00
2016-02-09,23.572500,23.985001,23.482500,23.747499,21.475060,177324800.00
2016-02-10,23.980000,24.087500,23.525000,23.567499,21.312281,169374400.00
2016-02-11,23.447500,23.680000,23.147499,23.424999,21.183416,200298800.00
2016-02-12,23.547501,23.625000,23.252501,23.497499,21.248978,161405600.00
2016-02-16,23.754999,24.212500,23.652500,24.160000,21.848083,196231600.00
2016-02-17,24.167500,24.552500,24.037500,24.530001,22.182676,179452800.00
2016-02-18,24.709999,24.722500,24.022499,24.065001,21.762180,156084000.00
2016-02-19,24.000000,24.190001,23.950001,24.010000,21.712435,141496800.00
2016-02-22,24.077499,24.225000,23.980000,24.219999,21.902342,137123200.00
2016-02-23,24.100000,24.125000,23.637501,23.672501,21.407236,127770400.00
2016-02-24,23.495001,24.094999,23.330000,24.025000,21.725992,145022800.00
2016-02-25,24.012501,24.190001,23.812500,24.190001,21.875208,110330800.00
2016-02-26,24.299999,24.504999,24.145000,24.227501,21.909124,115964400.00
2016-02-29,24.215000,24.557501,24.162500,24.172501,21.859386,140865200.00
2016-03-01,24.412500,25.192499,24.355000,25.132500,22.727522,201628400.00
2016-03-02,25.127501,25.222500,24.910000,25.187500,22.777260,132678400.00
2016-03-03,25.145000,25.427500,25.112499,25.375000,22.946819,147822800.00
2016-03-04,25.592501,25.937500,25.342501,25.752501,23.288195,184220400.00
2016-03-07,25.597500,25.707500,25.240000,25.467501,23.030468,143315600.00
2016-03-08,25.195000,25.440001,25.100000,25.257500,22.840561,126247600.00
2016-03-09,25.327499,25.395000,25.067499,25.280001,22.860907,108806800.00
2016-03-10,25.352501,25.559999,25.037500,25.292500,22.872208,134054400.00
2016-03-11,25.559999,25.570000,25.375000,25.565001,23.118641,109632800.00
2016-03-14,25.477501,25.727501,25.445000,25.629999,23.177412,100304400.00
2016-03-15,25.990000,26.295000,25.962500,26.145000,23.643135,160270800.00
2016-03-16,26.152500,26.577499,26.147499,26.492500,23.957386,153214000.00
2016-03-17,26.379999,26.617500,26.240000,26.450001,23.918949,137682800.00
2016-03-18,26.584999,26.625000,26.297501,26.480000,23.946075,176820800.00
2016-03-21,26.482500,26.912500,26.285000,26.477501,23.943823,142010800.00
2016-03-22,26.312500,26.822500,26.302500,26.680000,24.126940,129777600.00
2016-03-23,26.620001,26.767500,26.475000,26.532499,23.993559,102814000.00
2016-03-24,26.367500,26.562500,26.222500,26.417500,23.889563,104532000.00
2016-03-28,26.500000,26.547501,26.264999,26.297501,23.781038,77645600.00
2016-03-29,26.222500,26.947500,26.219999,26.920000,24.343975,124760400.00
2016-03-30,27.162500,27.605000,27.150000,27.389999,24.768997,182404400.00
2016-03-31,27.430000,27.475000,27.219999,27.247499,24.640135,103553600.00
2016-04-01,27.195000,27.500000,27.049999,27.497499,24.866213,103496000.00
2016-04-04,27.605000,28.047501,27.567499,27.780001,25.121681,149424800.00
2016-04-05,27.377501,27.682501,27.355000,27.452499,24.825525,106314800.00
2016-04-06,27.557501,27.745001,27.299999,27.740000,25.085506,105616400.00
2016-04-07,27.487499,27.605000,27.030001,27.135000,24.538397,127207600.00
2016-04-08,27.227501,27.442499,27.042500,27.165001,24.565533,94326800.00
2016-04-11,27.242500,27.652500,27.207500,27.254999,24.646919,117630000.00
2016-04-12,27.334999,27.625000,27.165001,27.610001,24.967947,108929200.00
2016-04-13,27.700001,28.084999,27.700001,28.010000,25.329670,133029200.00
2016-04-14,27.905001,28.097500,27.832500,28.025000,25.343239,101895600.00
2016-04-15,28.027500,28.075001,27.432501,27.462500,24.834562,187756000.00
2016-04-18,27.222500,27.237499,26.735001,26.870001,24.298759,243286000.00
2016-04-19,26.969999,27.000000,26.557501,26.727501,24.169893,129539600.00
2016-04-20,26.660000,27.022499,26.514999,26.782499,24.219635,122444000.00
2016-04-21,26.732500,26.732500,26.379999,26.492500,23.957386,126210000.00
2016-04-22,26.252501,26.620001,26.155001,26.420000,23.891817,134732400.00
2016-04-25,26.250000,26.412500,26.127501,26.270000,23.756174,112126400.00
2016-04-26,25.977501,26.325001,25.977501,26.087500,23.591139,224064800.00
2016-04-27,24.000000,24.677500,23.920000,24.455000,22.114855,458408400.00
2016-04-28,24.402500,24.469999,23.562500,23.707500,21.438885,328970800.00
2016-04-29,23.497499,23.680000,23.127501,23.434999,21.192463,274126000.00
2016-05-02,23.492500,23.520000,23.100000,23.410000,21.169853,192640400.00
2016-05-03,23.549999,23.934999,23.420000,23.795000,21.518011,227325200.00
2016-05-04,23.799999,23.975000,23.455000,23.547501,21.294195,164102000.00
2016-05-05,23.500000,23.517500,23.170000,23.309999,21.207760,143562000.00
2016-05-06,23.342501,23.362499,22.962500,23.180000,21.089483,174799600.00
2016-05-09,23.250000,23.442499,23.147499,23.197500,21.105404,131745600.00
2016-05-10,23.332500,23.392500,23.027500,23.355000,21.248703,134747200.00
2016-05-11,23.370001,23.392500,23.115000,23.127501,21.041718,114876400.00
2016-05-12,23.180000,23.195000,22.367500,22.584999,20.548153,305258800.00
2016-05-13,22.500000,22.917500,22.500000,22.629999,20.589087,177571200.00
2016-05-16,23.097500,23.597500,22.912500,23.469999,21.353334,245039200.00
2016-05-17,23.637501,23.674999,23.252501,23.372499,21.264626,187667600.00
2016-05-18,23.540001,23.802500,23.472500,23.639999,21.507999,168249600.00
2016-05-19,23.660000,23.660000,23.392500,23.549999,21.426117,121768400.00
2016-05-20,23.660000,23.857500,23.629999,23.805000,21.658125,128104000.00
2016-05-23,23.967501,24.297501,23.917500,24.107500,21.933340,152074400.00
2016-05-24,24.305000,24.522499,24.209999,24.475000,22.267696,140560800.00
2016-05-25,24.667500,24.934999,24.527500,24.905001,22.658907,152675200.00
2016-05-26,24.920000,25.182501,24.660000,25.102501,22.838602,225324800.00
2016-05-27,24.860001,25.117500,24.812500,25.087500,22.824955,145364800.00
2016-05-31,24.900000,25.100000,24.705000,24.965000,22.713505,169228800.00
2016-06-01,24.754999,24.885000,24.582500,24.615000,22.395071,116693200.00
2016-06-02,24.400000,24.459999,24.157499,24.430000,22.226761,160766400.00
2016-06-03,24.447500,24.567499,24.362499,24.480000,22.272245,114019600.00
2016-06-06,24.497499,25.472500,24.387501,24.657499,22.433737,93170000.00
2016-06-07,24.812500,24.967501,24.740000,24.757500,22.524723,89638000.00
2016-06-08,24.754999,24.889999,24.670000,24.735001,22.504250,83392400.00
2016-06-09,24.625000,24.997499,24.615000,24.912500,22.665739,106405600.00
2016-06-10,24.632500,24.837500,24.620001,24.707500,22.479231,126851600.00
2016-06-13,24.672501,24.780001,24.275000,24.334999,22.140324,152082000.00
2016-06-14,24.330000,24.620001,24.187500,24.365000,22.167618,127727600.00
2016-06-15,24.455000,24.602501,24.257500,24.285000,22.094826,117780800.00
2016-06-16,24.112499,24.437500,24.017500,24.387501,22.188087,125307200.00
2016-06-17,24.155001,24.162500,23.825001,23.832500,21.683140,244032800.00
2016-06-20,24.000000,24.142500,23.757500,23.775000,21.630827,137647600.00
2016-06-21,23.735001,24.087500,23.670000,23.977501,21.815062,142185600.00
2016-06-22,24.062500,24.222500,23.837500,23.887501,21.733179,116876400.00
2016-06-23,23.985001,24.072500,23.812500,24.025000,21.858273,128960800.00
2016-06-24,23.227501,23.665001,23.162500,23.350000,21.244154,301245600.00
2016-06-27,23.250000,23.262501,22.875000,23.010000,20.934822,181958400.00
2016-06-28,23.225000,23.415001,23.035000,23.397499,21.287367,161779600.00
2016-06-29,23.492500,23.637501,23.407499,23.600000,21.471607,146124000.00
2016-06-30,23.610001,23.942499,23.575001,23.900000,21.744555,143345600.00
2016-07-01,23.872499,24.117500,23.832500,23.972500,21.810514,104106000.00
2016-07-05,23.847500,23.850000,23.615000,23.747499,21.605803,110820800.00
2016-07-06,23.650000,23.915001,23.592501,23.882500,21.728630,123796400.00
2016-07-07,23.924999,24.125000,23.905001,23.985001,21.821886,100558400.00
2016-07-08,24.122499,24.222500,24.012501,24.170000,21.990200,115648400.00
2016-07-11,24.187500,24.412500,24.182501,24.245001,22.058441,95179600.00
2016-07-12,24.292500,24.424999,24.280001,24.355000,22.158516,96670000.00
2016-07-13,24.352501,24.417500,24.209999,24.217501,22.033419,103568800.00
2016-07-14,24.347500,24.747499,24.330000,24.697500,22.470129,155676000.00
2016-07-15,24.730000,24.825001,24.625000,24.695000,22.467861,120548000.00
2016-07-18,24.674999,25.032499,24.650000,24.957500,22.706684,145975600.00
2016-07-19,24.889999,25.000000,24.834999,24.967501,22.715784,95119600.00
2016-07-20,25.000000,25.115000,24.934999,24.990000,22.736250,105104000.00
2016-07-21,24.957500,25.250000,24.782499,24.857500,22.615702,130808000.00
2016-07-22,24.815001,24.825001,24.577499,24.665001,22.440561,113254800.00
2016-07-25,24.562500,24.709999,24.230000,24.334999,22.140324,161531600.00
2016-07-26,24.205000,24.492500,24.105000,24.167500,21.987930,224959200.00
2016-07-27,26.067499,26.087500,25.687500,25.737499,23.416334,369379200.00
2016-07-28,25.707500,26.112499,25.705000,26.084999,23.732494,159479200.00
2016-07-29,26.047501,26.137501,25.920000,26.052500,23.702925,110934800.00
2016-08-01,26.102501,26.537500,26.102501,26.512501,24.121439,152671600.00
2016-08-02,26.512501,26.517500,26.000000,26.120001,23.764336,135266400.00
2016-08-03,26.202499,26.459999,26.192499,26.447500,24.062305,120810400.00
2016-08-04,26.395000,26.500000,26.320000,26.467501,24.210947,109634800.00
2016-08-05,26.567499,26.912500,26.545000,26.870001,24.579136,162213600.00
2016-08-08,26.879999,27.092501,26.790001,27.092501,24.782661,112148800.00
2016-08-09,27.057501,27.235001,27.002501,27.202499,24.883286,105260800.00
2016-08-10,27.177500,27.225000,26.940001,27.000000,24.698051,96034000.00
2016-08-11,27.129999,27.232500,26.962500,26.982500,24.682039,109938000.00
2016-08-12,26.945000,27.110001,26.945000,27.045000,24.739216,74641600.00
2016-08-15,27.035000,27.385000,27.020000,27.370001,25.036505,103472800.00
2016-08-16,27.407499,27.557501,27.302500,27.344999,25.013634,135177600.00
2016-08-17,27.275000,27.342501,27.084999,27.305000,24.977041,101424000.00
2016-08-18,27.307501,27.400000,27.254999,27.270000,24.945030,87938800.00
2016-08-19,27.192499,27.422501,27.090000,27.340000,25.009064,101472400.00
2016-08-22,27.215000,27.275000,26.962500,27.127501,24.814678,103280800.00
2016-08-23,27.147499,27.330000,27.132500,27.212500,24.892433,85030800.00
2016-08-24,27.142500,27.187500,26.920000,27.007500,24.704906,94700400.00
2016-08-25,26.847500,26.969999,26.670000,26.892500,24.599714,100344800.00
2016-08-26,26.852501,26.987499,26.577499,26.735001,24.455637,111065200.00
2016-08-29,26.655001,26.860001,26.572500,26.705000,24.428196,99881200.00
2016-08-30,26.450001,26.625000,26.375000,26.500000,24.240675,99455600.00
2016-08-31,26.415001,26.642500,26.410000,26.525000,24.263544,118649600.00
2016-09-01,26.535000,26.700001,26.405001,26.682501,24.407618,106806000.00
2016-09-02,26.924999,27.000000,26.705000,26.932501,24.636303,107210000.00
2016-09-06,26.975000,27.075001,26.877501,26.924999,24.629436,107521600.00
2016-09-07,26.957500,27.190001,26.767500,27.090000,24.780382,169457200.00
2016-09-08,26.812500,26.817499,26.309999,26.379999,24.130905,212008000.00
2016-09-09,26.160000,26.430000,25.782499,25.782499,23.584351,186228000.00
2016-09-12,25.662500,26.430000,25.632500,26.360001,24.112617,181171200.00
2016-09-13,26.877501,27.197500,26.809999,26.987499,24.686615,248704800.00
2016-09-14,27.182501,28.257500,27.150000,27.942499,25.560186,443554800.00
2016-09-15,28.465000,28.932501,28.372499,28.892500,26.429195,359934400.00
2016-09-16,28.780001,29.032499,28.510000,28.730000,26.280554,319547600.00
2016-09-19,28.797501,29.045000,28.312500,28.395000,25.974117,188092000.00
2016-09-20,28.262501,28.530001,28.127501,28.392500,25.971828,138057200.00
2016-09-21,28.462500,28.497499,28.110001,28.387501,25.967255,144012800.00
2016-09-22,28.587500,28.735001,28.500000,28.655001,26.211950,124296000.00
2016-09-23,28.605000,28.697500,27.887501,28.177500,25.775160,209924800.00
2016-09-26,27.910000,28.347500,27.887501,28.219999,25.814041,119477600.00
2016-09-27,28.250000,28.295000,28.084999,28.272499,25.862057,98429600.00
2016-09-28,28.422501,28.660000,28.357500,28.487499,26.058729,118564400.00
2016-09-29,28.290001,28.450001,27.950001,28.045000,25.653959,143548000.00
2016-09-30,28.115000,28.342501,27.950001,28.262501,25.852919,145516400.00
2016-10-03,28.177500,28.262501,28.070000,28.129999,25.731707,86807200.00
2016-10-04,28.264999,28.577499,28.157499,28.250000,25.841480,118947200.00
2016-10-05,28.350000,28.415001,28.172501,28.262501,25.852919,85812400.00
2016-10-06,28.424999,28.584999,28.282499,28.472500,26.045004,115117200.00
2016-10-07,28.577499,28.639999,28.377501,28.514999,26.083881,97433600.00
2016-10-10,28.754999,29.187500,28.680000,29.012501,26.538969,144944000.00
2016-10-11,29.424999,29.672501,29.049999,29.075001,26.596134,256164000.00
2016-10-12,29.337500,29.495001,29.187500,29.334999,26.833973,150347200.00
2016-10-13,29.197500,29.360001,28.930000,29.245001,26.751650,140769600.00
2016-10-14,29.469999,29.542500,29.282499,29.407499,26.900286,142608800.00
2016-10-17,29.332500,29.459999,29.195000,29.387501,26.882000,94499600.00
2016-10-18,29.545000,29.552500,29.362499,29.367500,26.863705,98214000.00
2016-10-19,29.312500,29.440001,28.450001,29.280001,26.783665,80138400.00
2016-10-20,29.215000,29.344999,29.082500,29.264999,26.769943,96503200.00
2016-10-21,29.202499,29.227501,29.070000,29.150000,26.664745,92770800.00
2016-10-24,29.275000,29.434999,29.250000,29.412500,26.904867,94154800.00
2016-10-25,29.487499,29.590000,29.327499,29.562500,27.042076,192516000.00
2016-10-26,28.577499,28.924999,28.327499,28.897499,26.433765,264536800.00
2016-10-27,28.847500,28.965000,28.525000,28.620001,26.179932,138248000.00
2016-10-28,28.467501,28.802500,28.362499,28.430000,26.006136,151446800.00
2016-10-31,28.412500,28.557501,28.299999,28.385000,25.964964,105677600.00
2016-11-01,28.365000,28.442499,27.632500,27.872499,25.496164,175303200.00
2016-11-02,27.850000,28.087500,27.807501,27.897499,25.519035,113326800.00
2016-11-03,27.745001,27.865000,27.387501,27.457500,25.245501,107730400.00
2016-11-04,27.132500,27.562500,27.027500,27.209999,25.017937,123348000.00
2016-11-07,27.520000,27.627501,27.365000,27.602501,25.378819,130240000.00
2016-11-08,27.577499,27.930000,27.424999,27.764999,25.528217,97016800.00
2016-11-09,27.469999,27.830000,27.012501,27.719999,25.486847,236705600.00
2016-11-10,27.772499,27.772499,26.457500,26.947500,24.776590,228538000.00
2016-11-11,26.780001,27.217501,26.637501,27.107500,24.923689,136575600.00
2016-11-14,26.927500,26.952499,26.020000,26.427500,24.298477,204702000.00
2016-11-15,26.642500,26.920000,26.540001,26.777500,24.620279,129058000.00
2016-11-16,26.674999,27.557501,26.650000,27.497499,25.282270,235362000.00
2016-11-17,27.452499,27.587500,27.207500,27.487499,25.273079,110528000.00
2016-11-18,27.430000,27.635000,27.415001,27.514999,25.298365,113715600.00
2016-11-21,27.530001,27.997499,27.502501,27.932501,25.682234,117058400.00
2016-11-22,27.987499,28.105000,27.850000,27.950001,25.698322,103862000.00
2016-11-23,27.840000,27.877501,27.582500,27.807501,25.567303,109705600.00
2016-11-25,27.782499,27.967501,27.737499,27.947500,25.696022,45903600.00
2016-11-28,27.857500,28.117500,27.847500,27.892500,25.645458,108776000.00
2016-11-29,27.695000,28.007500,27.517500,27.865000,25.620173,114115200.00
2016-11-30,27.900000,28.049999,27.567499,27.629999,25.404091,144649200.00
2016-12-01,27.592501,27.735001,27.257500,27.372499,25.167343,148347600.00
2016-12-02,27.292500,27.522499,27.212500,27.475000,25.261585,106112000.00
2016-12-05,27.500000,27.507500,27.062500,27.277500,25.080000,137298000.00
2016-12-06,27.375000,27.590000,27.297501,27.487499,25.273079,104782000.00
2016-12-07,27.315001,27.797501,27.290001,27.757500,25.521328,119994800.00
2016-12-08,27.715000,28.107500,27.650000,28.030001,25.771877,108273200.00
2016-12-09,28.077499,28.674999,28.077499,28.487499,26.192518,137610400.00
2016-12-12,28.322500,28.750000,28.122499,28.325001,26.043110,105497600.00
2016-12-13,28.459999,28.980000,28.437500,28.797501,26.477547,174935200.00
2016-12-14,28.760000,29.049999,28.745001,28.797501,26.477547,136127200.00
2016-12-15,28.844999,29.182501,28.807501,28.955000,26.622355,186098000.00
2016-12-16,29.117500,29.125000,28.912500,28.992500,26.656837,177404400.00
2016-12-19,28.950001,29.344999,28.937500,29.160000,26.810846,111117600.00
2016-12-20,29.184999,29.375000,29.170000,29.237499,26.882095,85700000.00
2016-12-21,29.200001,29.350000,29.195000,29.264999,26.907387,95132800.00
2016-12-22,29.087500,29.127501,28.910000,29.072500,26.730392,104343600.00
2016-12-23,28.897499,29.129999,28.897499,29.129999,26.783258,56998000.00
2016-12-27,29.129999,29.450001,29.122499,29.315001,26.953356,73187600.00
2016-12-28,29.379999,29.504999,29.049999,29.190001,26.838428,83623600.00
2016-12-29,29.112499,29.277500,29.100000,29.182501,26.831532,60158000.00
2016-12-30,29.162500,29.299999,28.857500,28.955000,26.622355,122345200.00
2017-01-03,28.950001,29.082500,28.690001,29.037500,26.698210,115127600.00
2017-01-04,28.962500,29.127501,28.937500,29.004999,26.668322,84472400.00
2017-01-05,28.980000,29.215000,28.952499,29.152500,26.803946,88774400.00
2017-01-06,29.195000,29.540001,29.117500,29.477501,27.102768,127007600.00
2017-01-09,29.487499,29.857500,29.485001,29.747499,27.351007,134247600.00
2017-01-10,29.692499,29.844999,29.575001,29.777500,27.378593,97848400.00
2017-01-11,29.684999,29.982500,29.650000,29.937500,27.525711,110354400.00
2017-01-12,29.725000,29.825001,29.552500,29.812500,27.410782,108344800.00
2017-01-13,29.777500,29.905001,29.702499,29.760000,27.362499,104447600.00
2017-01-17,29.584999,30.059999,29.555000,30.000000,27.583170,137759200.00
2017-01-18,30.000000,30.125000,29.927500,29.997499,27.580873,94852000.00
2017-01-19,29.850000,30.022499,29.842501,29.945000,27.532606,102389200.00
2017-01-20,30.112499,30.112499,29.932501,30.000000,27.583170,130391600.00
2017-01-23,30.000000,30.202499,29.942499,30.020000,27.601561,88200800.00
2017-01-24,29.887501,30.025000,29.875000,29.992500,27.576275,92844000.00
2017-01-25,30.105000,30.525000,30.070000,30.469999,28.015306,129510400.00
2017-01-26,30.417500,30.610001,30.400000,30.485001,28.029099,105350400.00
2017-01-27,30.535000,30.587500,30.400000,30.487499,28.031397,82251600.00
2017-01-30,30.232500,30.407499,30.165001,30.407499,27.957848,121510000.00
2017-01-31,30.287500,30.347500,30.155001,30.337500,27.893480,196804000.00
2017-02-01,31.757500,32.622501,31.752501,32.187500,29.594444,447940000.00
2017-02-02,31.995001,32.347500,31.945000,32.132500,29.543875,134841600.00
2017-02-03,32.077499,32.297501,32.040001,32.270000,29.670296,98029200.00
2017-02-06,32.282501,32.625000,32.224998,32.572498,29.948429,107383600.00
2017-02-07,32.634998,33.022499,32.612499,32.882500,30.233452,152735200.00
2017-02-08,32.837502,33.055000,32.805000,33.009998,30.350677,92016400.00
2017-02-09,32.912498,33.112499,32.779999,33.105000,30.569994,113399600.00
2017-02-10,33.115002,33.235001,33.012501,33.029999,30.500731,80262000.00
2017-02-13,33.270000,33.455002,33.187500,33.322498,30.770840,92141600.00
2017-02-14,33.367500,33.772499,33.312500,33.755001,31.170231,132904800.00
2017-02-15,33.880001,34.067501,33.654999,33.877499,31.283340,142492400.00
2017-02-16,33.917500,33.974998,33.709999,33.837502,31.246410,90338400.00
2017-02-17,33.775002,33.957500,33.775002,33.930000,31.331808,88792800.00
2017-02-21,34.057499,34.187500,33.994999,34.174999,31.558071,98028800.00
2017-02-22,34.107498,34.279999,34.027500,34.277500,31.652710,83347600.00
2017-02-23,34.345001,34.369999,34.075001,34.132500,31.518814,83152800.00
2017-02-24,33.977501,34.165001,33.820000,34.165001,31.548840,87106400.00
2017-02-27,34.285000,34.360001,34.070000,34.232498,31.611149,81029600.00
2017-02-28,34.270000,34.360001,34.174999,34.247501,31.625000,93931600.00
2017-03-01,34.472500,35.037498,34.400002,34.947498,32.271404,145658400.00
2017-03-02,35.000000,35.070000,34.689999,34.740002,32.079803,104844000.00
2017-03-03,34.695000,34.957500,34.647499,34.945000,32.269100,84432400.00
2017-03-06,34.842499,34.942501,34.650002,34.834999,32.167530,87000000.00
2017-03-07,34.764999,34.994999,34.697498,34.880001,32.209080,69785200.00
2017-03-08,34.737499,34.950001,34.705002,34.750000,32.089027,74828800.00
2017-03-09,34.685001,34.697498,34.262501,34.669998,32.015137,88623600.00
2017-03-10,34.812500,34.840000,34.660000,34.785000,32.121357,78451200.00
2017-03-13,34.712502,34.857498,34.705002,34.799999,32.135212,69686800.00
2017-03-14,34.825001,34.912498,34.709999,34.747501,32.086720,61236400.00
2017-03-15,34.852501,35.187500,34.757500,35.115002,32.426090,102767200.00
2017-03-16,35.180000,35.255001,35.064999,35.172501,32.479176,76928000.00
2017-03-17,35.250000,35.250000,34.972500,34.997501,32.317574,175540000.00
2017-03-20,35.099998,35.375000,35.057499,35.365002,32.656944,86168000.00
2017-03-21,35.527500,35.700001,34.932499,34.959999,32.282948,158119600.00
2017-03-22,34.962502,35.400002,34.939999,35.355000,32.647709,103440800.00
2017-03-23,35.314999,35.395000,35.152500,35.230000,32.532284,81385200.00
2017-03-24,35.375000,35.435001,35.087502,35.160000,32.467628,89582400.00
2017-03-27,34.847500,35.305000,34.654999,35.220001,32.523037,94300400.00
2017-03-28,35.227501,36.009998,35.154999,35.950001,33.197140,133499200.00
2017-03-29,35.919998,36.122501,35.797501,36.029999,33.271030,116760000.00
2017-03-30,36.047501,36.125000,35.875000,35.982498,33.227158,84829200.00
2017-03-31,35.930000,36.067501,35.752499,35.915001,33.164833,78646800.00
2017-04-03,35.927502,36.029999,35.762501,35.924999,33.174065,79942800.00
2017-04-04,35.812500,36.222500,35.792500,36.192501,33.421078,79565600.00
2017-04-05,36.055000,36.365002,35.952499,36.005001,33.247921,110871600.00
2017-04-06,36.072498,36.130001,35.862499,35.915001,33.164833,84596000.00
2017-04-07,35.932499,36.044998,35.817501,35.834999,33.090950,66688800.00
2017-04-10,35.900002,35.970001,35.724998,35.792500,33.051689,75733600.00
2017-04-11,35.735001,35.837502,35.014999,35.407501,32.696178,121517600.00
2017-04-12,35.400002,35.537498,35.252499,35.450001,32.735420,81400000.00
2017-04-13,35.477501,35.595001,35.262501,35.262501,32.562279,71291600.00
2017-04-17,35.369999,35.470001,35.217499,35.457500,32.742352,66328400.00
2017-04-18,35.352501,35.509998,35.277500,35.299999,32.596920,58790000.00
2017-04-19,35.470001,35.500000,35.112499,35.169998,32.476871,69313600.00
2017-04-20,35.305000,35.730000,35.290001,35.610001,32.883183,93278400.00
2017-04-21,35.610001,35.669998,35.462502,35.567501,32.843937,69283600.00
2017-04-24,35.875000,35.987499,35.794998,35.910000,33.160213,68537200.00
2017-04-25,35.977501,36.224998,35.967499,36.132500,33.365673,75486000.00
2017-04-26,36.117500,36.150002,35.845001,35.919998,33.169434,80164800.00
2017-04-27,35.980000,36.040001,35.827499,35.947498,33.194824,56985200.00
2017-04-28,36.022499,36.075001,35.817501,35.912498,33.162510,83441600.00
2017-05-01,36.275002,36.799999,36.240002,36.645000,33.838936,134411600.00
2017-05-02,36.884998,37.022499,36.709999,36.877499,34.053619,181408800.00
2017-05-03,36.397499,36.872501,36.067501,36.764999,33.949730,182788000.00
2017-05-04,36.630001,36.785000,36.452499,36.632500,33.827366,93487600.00
2017-05-05,36.689999,37.244999,36.689999,37.240002,34.388363,109310800.00
2017-05-08,37.257500,38.424999,37.257500,38.252499,35.323338,195009600.00
2017-05-09,38.467499,38.720001,38.362499,38.497501,35.549568,156521600.00
2017-05-10,38.407501,38.485001,38.027500,38.314999,35.381039,103222800.00
2017-05-11,38.112499,38.517502,38.077499,38.487499,35.687016,109020400.00
2017-05-12,38.674999,39.105000,38.667500,39.025002,36.185421,130108000.00
2017-05-15,39.002499,39.162498,38.762501,38.924999,36.092690,104038800.00
2017-05-16,38.985001,39.014999,38.680000,38.867500,36.039387,80194000.00
2017-05-17,38.400002,38.642502,37.427502,37.562500,34.829334,203070800.00
2017-05-18,37.817501,38.334999,37.782501,38.134998,35.360180,134272800.00
2017-05-19,38.345001,38.494999,38.157501,38.264999,35.480721,107843200.00
2017-05-22,38.500000,38.645000,38.227501,38.497501,35.696304,91865600.00
2017-05-23,38.724998,38.724998,38.327499,38.450001,35.652256,79675600.00
2017-05-24,38.459999,38.542500,38.167500,38.334999,35.545624,76712000.00
2017-05-25,38.432499,38.587502,38.257500,38.467499,35.668480,76942400.00
2017-05-26,38.500000,38.560001,38.327499,38.402500,35.608204,87710400.00
2017-05-30,38.355000,38.607498,38.332500,38.417500,35.622112,80507600.00
2017-05-31,38.492500,38.542500,38.095001,38.189999,35.411167,97804800.00
2017-06-01,38.292500,38.332500,38.055000,38.294998,35.508545,65616400.00
2017-06-02,38.395000,38.862499,38.222500,38.862499,36.034744,111082800.00
2017-06-05,38.584999,38.612499,38.365002,38.482498,35.682388,101326800.00
2017-06-06,38.474998,38.952499,38.445000,38.612499,35.802925,106499600.00
2017-06-07,38.755001,38.994999,38.619999,38.842499,36.016209,84278400.00
2017-06-08,38.812500,38.884998,38.599998,38.747501,35.928112,85003200.00
2017-06-09,38.797501,38.797501,36.505001,37.244999,34.534946,259530800.00
2017-06-12,36.435001,36.522499,35.627499,36.355000,33.709698,289229200.00
2017-06-13,36.790001,36.862499,36.287498,36.647499,33.980915,136661600.00
2017-06-14,36.875000,36.875000,35.959999,36.290001,33.649426,126124800.00
2017-06-15,35.830002,36.119999,35.552502,36.072498,33.447758,128661600.00
2017-06-16,35.945000,36.125000,35.549999,35.567501,32.979504,201444400.00
2017-06-19,35.915001,36.685001,35.915001,36.584999,33.922966,130165600.00
2017-06-20,36.717499,36.717499,36.235001,36.252499,33.614647,99600400.00
2017-06-21,36.380001,36.517502,36.152500,36.467499,33.814018,85063200.00
2017-06-22,36.442501,36.674999,36.279999,36.407501,33.758385,76425200.00
2017-06-23,36.282501,36.790001,36.277500,36.570000,33.909058,141757600.00
2017-06-26,36.792500,37.070000,36.345001,36.455002,33.802422,102769600.00
2017-06-27,36.252499,36.540001,35.904999,35.932499,33.317924,99047600.00
2017-06-28,36.122501,36.527500,35.790001,36.457500,33.804745,88329600.00
2017-06-29,36.177502,36.282501,35.570000,35.919998,33.306343,125997600.00
2017-06-30,36.112499,36.240002,35.945000,36.005001,33.385155,92096400.00
2017-07-03,36.220001,36.325001,35.775002,35.875000,33.264606,57111200.00
2017-07-05,35.922501,36.197498,35.680000,36.022499,33.401398,86278400.00
2017-07-06,35.755001,35.875000,35.602501,35.682499,33.086132,96515200.00
2017-07-07,35.724998,36.187500,35.724998,36.044998,33.422245,76806800.00
2017-07-10,36.027500,36.487499,35.842499,36.264999,33.626244,84362400.00
2017-07-11,36.182499,36.462502,36.095001,36.382500,33.735203,79127200.00
2017-07-12,36.467499,36.544998,36.205002,36.435001,33.783878,99538000.00
2017-07-13,36.375000,37.122501,36.360001,36.942501,34.254444,100797600.00
2017-07-14,36.992500,37.332500,36.832500,37.259998,34.548843,80528400.00
2017-07-17,37.205002,37.724998,37.142502,37.389999,34.669395,95174000.00
2017-07-18,37.299999,37.532501,37.167500,37.520000,34.789936,71475200.00
2017-07-19,37.619999,37.855000,37.487499,37.755001,35.007820,83692000.00
2017-07-20,37.875000,37.935001,37.547501,37.584999,34.850193,68974800.00
2017-07-21,37.497501,37.610001,37.220001,37.567501,34.833969,105010400.00
2017-07-24,37.645000,38.110001,37.474998,38.022499,35.255863,85972800.00
2017-07-25,37.950001,38.459999,37.950001,38.185001,35.406540,75415600.00
2017-07-26,38.337502,38.482498,38.264999,38.365002,35.573444,63124000.00
2017-07-27,38.437500,38.497501,36.825001,37.639999,34.901188,129905200.00
2017-07-28,37.472500,37.557499,37.297501,37.375000,34.655487,68854800.00
2017-07-31,37.474998,37.582500,37.032501,37.182499,34.476986,79383600.00
2017-08-01,37.275002,37.555000,37.102501,37.512501,34.782974,141474400.00
2017-08-02,39.820000,39.937500,39.040001,39.285000,36.426502,279747200.00
2017-08-03,39.262501,39.302502,38.755001,38.892502,36.062572,108389200.00
2017-08-04,39.017502,39.349998,38.922501,39.097500,36.252644,82239600.00
2017-08-07,39.264999,39.730000,39.167500,39.702499,36.813622,87481200.00
2017-08-08,39.650002,40.457500,39.567501,40.020000,37.108017,144823600.00
2017-08-09,39.814999,40.317501,39.777500,40.264999,37.335186,104526000.00
2017-08-10,39.974998,40.000000,38.657501,38.830002,36.146000,163217200.00
2017-08-11,39.150002,39.642502,39.017502,39.369999,36.648670,105028400.00
2017-08-14,39.830002,40.052502,39.687500,39.962502,37.200214,88490800.00
2017-08-15,40.165001,40.549999,40.035000,40.400002,37.607475,117862000.00
2017-08-16,40.485001,40.627499,40.037498,40.237499,37.456211,110686400.00
2017-08-17,40.130001,40.177502,39.459999,39.465000,36.737110,111762400.00
2017-08-18,39.465000,39.875000,39.180000,39.375000,36.653339,109712400.00
2017-08-21,39.375000,39.472500,38.777500,39.302502,36.585831,105474000.00
2017-08-22,39.557499,40.000000,39.505001,39.945000,37.183929,86418400.00
2017-08-23,39.767502,40.117500,39.720001,39.994999,37.230461,77596400.00
2017-08-24,40.107498,40.185001,39.637501,39.817501,37.065235,79275600.00
2017-08-25,39.912498,40.139999,39.817501,39.965000,37.202545,101920400.00
2017-08-28,40.035000,40.500000,39.982498,40.367500,37.577232,103864000.00
2017-08-29,40.025002,40.779999,40.000000,40.727501,37.912338,118067600.00
2017-08-30,40.950001,40.972500,40.652500,40.837502,38.014744,109078400.00
2017-08-31,40.910000,41.130001,40.869999,41.000000,38.165997,107140400.00
2017-09-01,41.200001,41.235001,40.907501,41.012501,38.177650,66364400.00
2017-09-05,40.937500,41.062500,40.139999,40.520000,37.719177,117874000.00
2017-09-06,40.677502,40.747501,40.130001,40.477501,37.679623,86606800.00
2017-09-07,40.522499,40.560001,40.090000,40.314999,37.528336,87714000.00
2017-09-08,40.215000,40.287498,39.632500,39.657501,36.916306,114446000.00
2017-09-11,40.125000,40.512501,39.972500,40.375000,37.584202,126323200.00
2017-09-12,40.652500,40.990002,39.692501,40.215000,37.435249,286856000.00
2017-09-13,39.967499,39.990002,39.477501,39.912498,37.153667,179629600.00
2017-09-14,39.747501,39.849998,39.522499,39.570000,36.834850,95042800.00
2017-09-15,39.617500,40.242500,39.500000,39.970001,37.207195,196458400.00
2017-09-18,40.027500,40.125000,39.500000,39.667500,36.925613,113077600.00
2017-09-19,39.877499,39.942501,39.610001,39.682499,36.939575,83242400.00
2017-09-20,39.474998,39.564999,38.457500,39.017502,36.320541,211805600.00
2017-09-21,38.950001,38.950001,38.187500,38.347500,35.696838,150046800.00
2017-09-22,37.884998,38.067501,37.639999,37.972500,35.347786,186581600.00
2017-09-25,37.497501,37.957500,37.290001,37.637501,35.035927,177549200.00
2017-09-26,37.945000,38.480000,37.922501,38.285000,35.638664,146640000.00
2017-09-27,38.450001,38.680000,38.384998,38.557499,35.892334,102016800.00
2017-09-28,38.472500,38.570000,38.174999,38.320000,35.671246,88022000.00
2017-09-29,38.302502,38.532501,38.000000,38.529999,35.866722,105199200.00
2017-10-02,38.564999,38.612499,38.180000,38.452499,35.794586,74795200.00
2017-10-03,38.502499,38.772499,38.477501,38.619999,35.950516,64921200.00
2017-10-04,38.407501,38.465000,38.115002,38.369999,35.717785,80655200.00
2017-10-05,38.544998,38.860001,38.512501,38.847500,36.162277,85135200.00
2017-10-06,38.742500,38.872501,38.639999,38.825001,36.141335,69630400.00
2017-10-09,38.952499,39.182499,38.872501,38.959999,36.267014,65051600.00
2017-10-10,39.014999,39.500000,38.775002,38.974998,36.280979,62468000.00
2017-10-11,38.992500,39.244999,38.937500,39.137501,36.432240,67622400.00
2017-10-12,39.087502,39.342499,38.932499,39.000000,36.304245,64500400.00
2017-10-13,39.182499,39.320000,39.102501,39.247501,36.534641,65576800.00
2017-10-16,39.474998,40.000000,39.412498,39.970001,37.207195,96486000.00
2017-10-17,39.945000,40.217499,39.807499,40.117500,37.344505,75989200.00
2017-10-18,40.105000,40.177502,39.900002,39.939999,37.179279,65496800.00
2017-10-19,39.187500,39.270000,38.755001,38.994999,36.299595,170336800.00
2017-10-20,39.152500,39.437500,38.990002,39.062500,36.362427,95896400.00
2017-10-23,39.222500,39.422501,38.875000,39.042500,36.343815,87937200.00
2017-10-24,39.072498,39.355000,39.049999,39.275002,36.560234,71028800.00
2017-10-25,39.227501,39.387501,38.817501,39.102501,36.399658,84828400.00
2017-10-26,39.307499,39.457500,39.195000,39.352501,36.632378,68002000.00
2017-10-27,39.822498,40.900002,39.674999,40.762501,37.944920,177816800.00
2017-10-30,40.972500,42.017502,40.930000,41.680000,38.799007,178803200.00
2017-10-31,41.974998,42.412498,41.735001,42.259998,39.338909,144187200.00
2017-11-01,42.467499,42.485001,41.402500,41.722500,38.838558,134551200.00
2017-11-02,41.650002,42.125000,41.320000,42.027500,39.122490,165573600.00
2017-11-03,43.500000,43.564999,42.779999,43.125000,40.144119,237594400.00
2017-11-06,43.092499,43.747501,42.930000,43.562500,40.551380,140105200.00
2017-11-07,43.477501,43.812500,43.400002,43.702499,40.681694,97446000.00
2017-11-08,43.665001,44.060001,43.582500,44.060001,41.014492,97638000.00
2017-11-09,43.777500,44.025002,43.285000,43.970001,40.930717,117930400.00
2017-11-10,43.777500,43.845001,43.567501,43.667500,40.795250,100582000.00
2017-11-13,43.375000,43.625000,43.349998,43.492500,40.631760,67928400.00
2017-11-14,43.259998,43.369999,42.794998,42.834999,40.017513,99130000.00
2017-11-15,42.492500,42.580002,42.095001,42.270000,39.489666,116632400.00
2017-11-16,42.794998,42.967499,42.575001,42.775002,39.961449,94550000.00
2017-11-17,42.759998,42.847500,42.410000,42.537498,39.739571,87598000.00
2017-11-20,42.572498,42.639999,42.389999,42.494999,39.699871,65049600.00
2017-11-21,42.695000,43.424999,42.695000,43.285000,40.437908,100525200.00
2017-11-22,43.340000,43.750000,43.262501,43.740002,40.862980,102355600.00
2017-11-24,43.775002,43.875000,43.662498,43.742500,40.865311,56106800.00
2017-11-27,43.762501,43.770000,43.334999,43.522499,40.659779,82867200.00
2017-11-28,43.575001,43.717499,42.965000,43.267502,40.421558,105715200.00
2017-11-29,43.157501,43.230000,41.790001,42.369999,39.583092,166665600.00
2017-11-30,42.607498,43.035000,42.110001,42.962502,40.136620,166108800.00
2017-12-01,42.487499,42.917500,42.125000,42.762501,39.949772,159037200.00
2017-12-04,43.119999,43.154999,42.407501,42.450001,39.657822,130169600.00
2017-12-05,42.264999,42.880001,42.099998,42.410000,39.620461,109400800.00
2017-12-06,41.875000,42.549999,41.615002,42.252499,39.473324,114240000.00
2017-12-07,42.257500,42.610001,42.227501,42.330002,39.545723,102693200.00
2017-12-08,42.622501,42.750000,42.205002,42.342499,39.557396,93420800.00
2017-12-11,42.299999,43.222500,42.197498,43.167500,40.328133,141095200.00
2017-12-12,43.037498,43.097500,42.865002,42.924999,40.101585,77636800.00
2017-12-13,43.125000,43.384998,43.000000,43.067501,40.234722,95273600.00
2017-12-14,43.099998,43.282501,42.912498,43.055000,40.223026,81906000.00
2017-12-15,43.407501,43.542500,43.115002,43.492500,40.631760,160677200.00
2017-12-18,43.720001,44.299999,43.715000,44.105000,41.203976,117684400.00
2017-12-19,43.757500,43.847500,43.522499,43.634998,40.764896,109745600.00
2017-12-20,43.717499,43.855000,43.312500,43.587502,40.720512,93902400.00
2017-12-21,43.542500,44.005001,43.525002,43.752499,40.874657,83799600.00
2017-12-22,43.669998,43.855000,43.625000,43.752499,40.874657,65397600.00
2017-12-26,42.700001,42.867500,42.419998,42.642502,39.837673,132742000.00
2017-12-27,42.525002,42.695000,42.427502,42.650002,39.844685,85992800.00
2017-12-28,42.750000,42.962502,42.619999,42.770000,39.956779,65920800.00
2017-12-29,42.630001,42.647499,42.305000,42.307499,39.524708,103999600.00
2018-01-02,42.540001,43.075001,42.314999,43.064999,40.232380,102223600.00
2018-01-03,43.132500,43.637501,42.990002,43.057499,40.225388,118071600.00
2018-01-04,43.134998,43.367500,43.020000,43.257500,40.412220,89738400.00
2018-01-05,43.360001,43.842499,43.262501,43.750000,40.872311,94640000.00
2018-01-08,43.587502,43.902500,43.482498,43.587502,40.720512,82271200.00
2018-01-09,43.637501,43.764999,43.352501,43.582500,40.715839,86336000.00
2018-01-10,43.290001,43.575001,43.250000,43.572498,40.706501,95839600.00
2018-01-11,43.647499,43.872501,43.622501,43.820000,40.937717,74670800.00
2018-01-12,44.044998,44.340000,43.912498,44.272499,41.360447,101672400.00
2018-01-16,44.474998,44.847500,44.035000,44.047501,41.150257,118263600.00
2018-01-17,44.037498,44.812500,43.767502,44.775002,41.829895,137547200.00
2018-01-18,44.842499,45.025002,44.562500,44.814999,41.867275,124773600.00
2018-01-19,44.652500,44.895000,44.352501,44.615002,41.680431,129700400.00
2018-01-22,44.325001,44.445000,44.150002,44.250000,41.339436,108434400.00
2018-01-23,44.325001,44.860001,44.205002,44.259998,41.348778,130756400.00
2018-01-24,44.312500,44.325001,43.299999,43.555000,40.690147,204420400.00
2018-01-25,43.627499,43.737499,42.632500,42.777500,39.963795,166116000.00
2018-01-26,43.000000,43.000000,42.514999,42.877499,40.057217,156572000.00
2018-01-29,42.540001,42.540001,41.767502,41.990002,39.228092,202561600.00
2018-01-30,41.382500,41.842499,41.174999,41.742500,38.996876,184192800.00
2018-01-31,41.717499,42.110001,41.625000,41.857498,39.104305,129915600.00
2018-02-01,41.792500,42.154999,41.689999,41.945000,39.186047,188923200.00
2018-02-02,41.500000,41.700001,40.025002,40.125000,37.485744,346375200.00
2018-02-05,39.775002,40.970001,39.000000,39.122501,36.549198,290954000.00
2018-02-06,38.707500,40.930000,38.500000,40.757500,38.076656,272975200.00
2018-02-07,40.772499,40.849998,39.767502,39.884998,37.261539,206434400.00
2018-02-08,40.072498,40.250000,38.757500,38.787498,36.236225,217562000.00
2018-02-09,39.267502,39.472500,37.560001,39.102501,36.679451,282690400.00
2018-02-12,39.625000,40.972500,39.377499,40.677502,38.156860,243278000.00
2018-02-13,40.487499,41.187500,40.412498,41.084999,38.539097,130196800.00
2018-02-14,40.759998,41.884998,40.720001,41.842499,39.249664,162579600.00
2018-02-15,42.447498,43.272499,42.250000,43.247501,40.567600,204588800.00
2018-02-16,43.090000,43.705002,42.942501,43.107498,40.436268,160704400.00
2018-02-20,43.012501,43.564999,42.855000,42.962502,40.300266,135722000.00
2018-02-21,43.207500,43.529999,42.752499,42.767502,40.117336,149886400.00
2018-02-22,42.950001,43.487499,42.927502,43.125000,40.452690,123967600.00
2018-02-23,43.417500,43.912498,43.384998,43.875000,41.156212,135249600.00
2018-02-26,44.087502,44.847500,44.052502,44.742500,41.969963,152648800.00
2018-02-27,44.775002,45.119999,44.540001,44.597500,41.833946,155712400.00
2018-02-28,44.814999,45.154999,44.512501,44.529999,41.770626,151128400.00
2018-03-01,44.634998,44.945000,43.165001,43.750000,41.038979,195208000.00
2018-03-02,43.200001,44.075001,43.112499,44.052502,41.322720,153816000.00
2018-03-05,43.802502,44.435001,43.630001,44.205002,41.465759,113605600.00
2018-03-06,44.477501,44.562500,44.032501,44.167500,41.430595,95154000.00
2018-03-07,43.735001,43.962502,43.567501,43.757500,41.045998,126814000.00
2018-03-08,43.869999,44.279999,43.767502,44.235001,41.493916,95096400.00
2018-03-09,44.490002,45.000000,44.347500,44.994999,42.206818,128740800.00
2018-03-12,45.072498,45.597500,45.052502,45.430000,42.614864,128828400.00
2018-03-13,45.647499,45.875000,44.810001,44.992500,42.204475,126774000.00
2018-03-14,45.080002,45.130001,44.452499,44.610001,41.845673,117473600.00
2018-03-15,44.625000,45.060001,44.517502,44.662498,41.894920,90975200.00
2018-03-16,44.662498,44.779999,44.404999,44.505001,41.747177,157618800.00
2018-03-19,44.330002,44.367500,43.415001,43.825001,41.109318,133787200.00
2018-03-20,43.810001,44.200001,43.735001,43.810001,41.095245,78597600.00
2018-03-21,43.759998,43.772499,42.814999,42.817501,40.164257,148219600.00
2018-03-22,42.500000,43.169998,42.150002,42.212502,39.596741,165963200.00
2018-03-23,42.097500,42.480000,41.235001,41.235001,38.679813,164115200.00
2018-03-26,42.017502,43.275002,41.610001,43.192501,40.516003,150164800.00
2018-03-27,43.419998,43.787498,41.730000,42.084999,39.477146,163690400.00
2018-03-28,41.812500,42.505001,41.297501,41.619999,39.040955,166674000.00
2018-03-29,41.952499,42.937500,41.724998,41.945000,39.345810,153594000.00
2018-04-02,41.660000,42.235001,41.117500,41.669998,39.087837,150347200.00
2018-04-03,41.910000,42.187500,41.220001,42.097500,39.488861,121112000.00
2018-04-04,41.220001,43.002499,41.192501,42.902500,40.243973,138422000.00
2018-04-05,43.145000,43.557499,43.020000,43.200001,40.523048,107732800.00
2018-04-06,42.742500,43.119999,42.049999,42.095001,39.486523,140021200.00
2018-04-09,42.470001,43.272499,42.462502,42.512501,39.878139,116070800.00
2018-04-10,43.250000,43.500000,42.882500,43.312500,40.628578,113634400.00
2018-04-11,43.057499,43.480000,42.924999,43.110001,40.438622,89726400.00
2018-04-12,43.352501,43.750000,43.259998,43.535000,40.837292,91557200.00
2018-04-13,43.695000,43.959999,43.462502,43.682499,40.975643,100497200.00
2018-04-16,43.757500,44.047501,43.707500,43.955002,41.231255,86313600.00
2018-04-17,44.122501,44.735001,44.102501,44.560001,41.798775,106421600.00
2018-04-18,44.452499,44.705002,44.220001,44.459999,41.704964,83018000.00
2018-04-19,43.439999,43.847500,43.165001,43.200001,40.523048,139235200.00
2018-04-20,42.650002,42.805000,41.357498,41.430000,38.862736,261964400.00
2018-04-23,41.707500,41.730000,41.022499,41.310001,38.750164,146062000.00
2018-04-24,41.417500,41.582500,40.305000,40.735001,38.210796,134768000.00
2018-04-25,40.654999,41.355000,40.602501,40.912498,38.377289,113528400.00
2018-04-26,41.029999,41.432499,40.842499,41.055000,38.510960,111852000.00
2018-04-27,41.000000,41.082500,40.157501,40.580002,38.065392,142623200.00
2018-04-30,40.532501,41.814999,40.459999,41.314999,38.754848,169709600.00
2018-05-01,41.602501,42.299999,41.317501,42.275002,39.655369,214277600.00
2018-05-02,43.807499,44.437500,43.450001,44.142502,41.407135,266157600.00
2018-05-03,43.970001,44.375000,43.610001,44.222500,41.482178,136272800.00
2018-05-04,44.562500,46.062500,44.542500,45.957500,43.109673,224805200.00
2018-05-07,46.294998,46.917500,46.187500,46.290001,43.421566,169805600.00
2018-05-08,46.247501,46.555000,45.917500,46.512501,43.630280,113611200.00
2018-05-09,46.637501,46.849998,46.305000,46.840000,43.937492,92844800.00
2018-05-10,46.935001,47.592499,46.912498,47.509998,44.565964,111957200.00
2018-05-11,47.372501,47.514999,46.862499,47.147499,44.396473,104848800.00
2018-05-14,47.252499,47.382500,46.965000,47.037498,44.292889,83115200.00
2018-05-15,46.695000,46.767502,46.275002,46.610001,43.890335,94780800.00
2018-05-16,46.517502,47.115002,46.500000,47.044998,44.299957,76732400.00
2018-05-17,47.000000,47.227501,46.590000,46.747501,44.019825,69176000.00
2018-05-18,46.797501,46.952499,46.532501,46.577499,43.859730,73190800.00
2018-05-21,47.000000,47.317501,46.727501,46.907501,44.170475,73603200.00
2018-05-22,47.095001,47.220001,46.695000,46.790001,44.059830,60962800.00
2018-05-23,46.587502,47.125000,46.439999,47.090000,44.342327,80233600.00
2018-05-24,47.192501,47.209999,46.552502,47.037498,44.292889,92936000.00
2018-05-25,47.057499,47.412498,46.912498,47.145000,44.394115,69844000.00
2018-05-29,46.900002,47.187500,46.717499,46.974998,44.234028,90056400.00
2018-05-30,46.930000,47.000000,46.695000,46.875000,44.139877,74762000.00
2018-05-31,46.805000,47.057499,46.535000,46.717499,43.991558,109931200.00
2018-06-01,46.997501,47.564999,46.937500,47.560001,44.784897,93770000.00
2018-06-04,47.910000,48.355000,47.837502,47.957500,45.159206,105064800.00
2018-06-05,48.267502,48.485001,48.090000,48.327499,45.507614,86264000.00
2018-06-06,48.407501,48.520000,47.980000,48.494999,45.665348,83734400.00
2018-06-07,48.535000,48.549999,48.084999,48.365002,45.542934,85388800.00
2018-06-08,47.792500,48.000000,47.442501,47.924999,45.128609,106627200.00
2018-06-11,47.837502,47.992500,47.552502,47.807499,45.017960,73234000.00
2018-06-12,47.847500,48.152500,47.787498,48.070000,45.265148,67644400.00
2018-06-13,48.105000,48.220001,47.610001,47.674999,44.893192,86553600.00
2018-06-14,47.887501,47.892502,47.555000,47.700001,44.916729,86440400.00
2018-06-15,47.507500,47.540001,47.064999,47.209999,44.455322,246876800.00
2018-06-18,46.970001,47.305000,46.799999,47.185001,44.431786,73939600.00
2018-06-19,46.285000,46.582500,45.862499,46.422501,43.713768,134314000.00
2018-06-20,46.587502,46.799999,46.432499,46.625000,43.904461,82514800.00
2018-06-21,46.812500,47.087502,46.235001,46.365002,43.659634,102847600.00
2018-06-22,46.529999,46.537498,46.174999,46.230000,43.532501,108801600.00
2018-06-25,45.849998,46.230000,45.182499,45.542500,42.885128,126652400.00
2018-06-26,45.747501,46.632500,45.634998,46.107498,43.417149,98276800.00
2018-06-27,46.307499,46.820000,46.007500,46.040001,43.353596,101141200.00
2018-06-28,46.025002,46.552502,45.950001,46.375000,43.669041,69460800.00
2018-06-29,46.572498,46.797501,45.727501,46.277500,43.577244,90950800.00
2018-07-02,45.955002,46.825001,45.855000,46.794998,44.064541,70925200.00
2018-07-03,46.947498,46.987499,45.884998,45.980000,43.297096,55819200.00
2018-07-05,46.314999,46.602501,46.070000,46.349998,43.645493,66416800.00
2018-07-06,46.355000,47.107498,46.299999,46.992500,44.250515,69940800.00
2018-07-09,47.375000,47.669998,47.325001,47.645000,44.864944,79026400.00
2018-07-10,47.677502,47.820000,47.544998,47.587502,44.810806,63756400.00
2018-07-11,47.125000,47.445000,46.902500,46.970001,44.229332,75326000.00
2018-07-12,47.382500,47.852501,47.327499,47.757500,44.970867,72164400.00
2018-07-13,47.770000,47.959999,47.724998,47.832500,45.041508,50055600.00
2018-07-16,47.880001,48.162498,47.605000,47.727501,44.942627,60172400.00
2018-07-17,47.437500,47.967499,47.299999,47.862499,45.069752,62138000.00
2018-07-18,47.945000,47.950001,47.482498,47.599998,44.822567,65573600.00
2018-07-19,47.422501,48.137501,47.422501,47.970001,45.170982,81147200.00
2018-07-20,47.945000,48.107498,47.542500,47.860001,45.067402,82704800.00
2018-07-23,47.669998,47.990002,47.389999,47.902500,45.107422,63957600.00
2018-07-24,48.112499,48.415001,48.012501,48.250000,45.434639,74791600.00
2018-07-25,48.264999,48.712502,48.107498,48.705002,45.863094,66839600.00
2018-07-26,48.652500,48.990002,48.402500,48.552502,45.719494,76304000.00
2018-07-27,48.747501,48.797501,47.525002,47.744999,44.959114,96096000.00
2018-07-30,47.974998,48.049999,47.267502,47.477501,44.707211,84118000.00
2018-07-31,47.575001,48.035000,47.334999,47.572498,44.796665,157492000.00
2018-08-01,49.782501,50.439999,49.327499,50.375000,47.435650,271742800.00
2018-08-02,50.145000,52.095001,50.087502,51.847500,48.822227,249616000.00
2018-08-03,51.757500,52.185001,51.369999,51.997501,48.963486,133789600.00
2018-08-06,52.000000,52.312500,51.767502,52.267502,49.217720,101701600.00
2018-08-07,52.330002,52.375000,51.689999,51.777500,48.756321,102349600.00
2018-08-08,51.512501,51.952499,51.130001,51.812500,48.789257,90102000.00
2018-08-09,52.382500,52.445000,51.799999,52.220001,49.172997,93970400.00
2018-08-10,51.840000,52.275002,51.667500,51.882500,49.026535,98444800.00
2018-08-13,52.327499,52.737499,51.924999,52.217499,49.343082,103563600.00
2018-08-14,52.540001,52.639999,52.064999,52.437500,49.550980,82992000.00
2018-08-15,52.305000,52.685001,52.082500,52.560001,49.666740,115230400.00
2018-08-16,52.937500,53.452499,52.867500,53.330002,50.394352,114001600.00
2018-08-17,53.360001,54.487499,53.290001,54.395000,51.400726,141708000.00
2018-08-20,54.525002,54.794998,53.777500,53.865002,50.899906,121150800.00
2018-08-21,54.200001,54.297501,53.507500,53.759998,50.800678,104639200.00
2018-08-22,53.525002,54.090000,53.459999,53.762501,50.803051,76072400.00
2018-08-23,53.662498,54.262501,53.650002,53.872501,50.906990,75532800.00
2018-08-24,54.150002,54.224998,53.777500,54.040001,51.065269,73905600.00
2018-08-27,54.287498,54.685001,54.082500,54.485001,51.485767,82100400.00
2018-08-28,54.752499,55.134998,54.730000,54.924999,51.901550,91107200.00
2018-08-29,55.037498,55.872501,54.852501,55.744999,52.676407,109019200.00
2018-08-30,55.812500,57.064999,55.599998,56.257500,53.160698,195175200.00
2018-08-31,56.627499,57.217499,56.500000,56.907501,53.774921,173360400.00
2018-09-04,57.102501,57.294998,56.657501,57.090000,53.947376,109560400.00
2018-09-05,57.247501,57.417500,56.275002,56.717499,53.595371,133332000.00
2018-09-06,56.557499,56.837502,55.325001,55.775002,52.704758,137160000.00
2018-09-07,55.462502,56.342499,55.177502,55.325001,52.279526,150479200.00
2018-09-10,55.237499,55.462502,54.117500,54.582500,51.577908,158066000.00
2018-09-11,54.502499,56.075001,54.139999,55.962502,52.881935,142996000.00
2018-09-12,56.235001,56.250000,54.959999,55.267502,52.225197,197114800.00
2018-09-13,55.880001,57.087502,55.642502,56.602501,53.486710,166825600.00
2018-09-14,56.437500,56.709999,55.630001,55.959999,52.879562,127997200.00
2018-09-17,55.537498,55.737499,54.317501,54.470001,51.471600,148780400.00
2018-09-18,54.447498,55.462502,54.279999,54.560001,51.556641,126286800.00
2018-09-19,54.625000,54.904999,53.825001,54.592499,51.587349,108495200.00
2018-09-20,55.060001,55.570000,54.787498,55.007500,51.979511,106435200.00
2018-09-21,55.195000,55.340000,54.322498,54.415001,51.419628,384986800.00
2018-09-24,54.205002,55.314999,54.157501,55.197498,52.159042,110773600.00
2018-09-25,54.937500,55.705002,54.924999,55.547501,52.489780,98217600.00
2018-09-26,55.250000,55.937500,54.939999,55.105000,52.071636,95938800.00
2018-09-27,55.955002,56.610001,55.884998,56.237499,53.141796,120724800.00
2018-09-28,56.197498,56.459999,56.005001,56.435001,53.328430,91717600.00
2018-10-01,56.987499,57.355000,56.587502,56.814999,53.687508,94403200.00
2018-10-02,56.812500,57.500000,56.657501,57.320000,54.164711,99152800.00
2018-10-03,57.512501,58.367500,57.445000,58.017502,54.823814,114619200.00
2018-10-04,57.695000,58.087502,56.682499,56.997501,53.859966,128168000.00
2018-10-05,56.990002,57.102501,55.145000,56.072498,52.985886,134322000.00
2018-10-08,55.552502,56.200001,55.049999,55.942501,52.863045,118655600.00
2018-10-09,55.910000,56.817501,55.562500,56.717499,53.595371,107564000.00
2018-10-10,56.365002,56.587502,54.012501,54.090000,51.112514,167962400.00
2018-10-11,53.630001,54.875000,53.080002,53.612499,50.661297,212497600.00
2018-10-12,55.105000,55.720001,54.209999,55.527500,52.470886,161351600.00
2018-10-15,55.290001,55.457500,54.317501,54.340000,51.348759,123164000.00
2018-10-16,54.732498,55.747501,54.189999,55.537498,52.480328,116736000.00
2018-10-17,55.575001,55.660000,54.834999,55.297501,52.253548,91541600.00
2018-10-18,54.465000,54.935001,53.250000,54.005001,51.032188,130325200.00
2018-10-19,54.514999,55.314999,54.357498,54.827499,51.809425,132314800.00
2018-10-22,54.947498,55.840000,54.735001,55.162498,52.125977,115168400.00
2018-10-23,53.957500,55.812500,53.674999,55.682499,52.617348,155071200.00
2018-10-24,55.650002,56.057499,53.634998,53.772499,50.812492,163702000.00
2018-10-25,54.427502,55.345001,54.187500,54.950001,51.925175,119423200.00
2018-10-26,53.974998,55.047501,53.167500,54.075001,51.098335,189033600.00
2018-10-29,54.797501,54.922501,51.522499,53.060001,50.139214,183742000.00
2018-10-30,52.787498,53.794998,52.317501,53.325001,50.389626,146640000.00
2018-10-31,54.220001,55.112499,54.154999,54.715000,51.703117,153435600.00
2018-11-01,54.762501,55.590000,54.202499,55.555000,52.496868,233292800.00
2018-11-02,52.387501,53.412498,51.357498,51.869999,49.014721,365314800.00
2018-11-05,51.075001,51.097500,49.542500,50.397499,47.623280,264654800.00
2018-11-06,50.480000,51.180000,50.422501,50.942501,48.138275,127531600.00
2018-11-07,51.492500,52.514999,51.032501,52.487499,49.598225,133697600.00
2018-11-08,52.494999,52.529999,51.687500,52.122501,49.425163,101450400.00
2018-11-09,51.387501,51.502499,50.562500,51.117500,48.472168,137463200.00
2018-11-12,49.750000,49.962502,48.447498,48.542500,46.030437,204542000.00
2018-11-13,47.907501,49.294998,47.862499,48.057499,45.570534,187531600.00
2018-11-14,48.474998,48.619999,46.482498,46.700001,44.283291,243204000.00
2018-11-15,47.097500,47.992500,46.724998,47.852501,45.376141,185915200.00
2018-11-16,47.625000,48.742500,47.365002,48.382500,45.878704,147713200.00
2018-11-19,47.500000,47.674999,46.247501,46.465000,44.060455,167701200.00
2018-11-20,44.592499,45.367500,43.877499,44.244999,41.955334,271300800.00
2018-11-21,44.932499,45.067501,44.137501,44.195000,41.907913,124496800.00
2018-11-23,43.735001,44.150002,43.025002,43.072498,40.843502,94496000.00
2018-11-26,43.560001,43.737499,42.564999,43.654999,41.395859,179994000.00
2018-11-27,42.877499,43.692501,42.720001,43.560001,41.305779,165549600.00
2018-11-28,44.182499,45.322498,43.732498,45.235001,42.894093,184250000.00
2018-11-29,45.665001,45.700001,44.424999,44.887501,42.564571,167080000.00
2018-11-30,45.072498,45.082500,44.257500,44.645000,42.334629,158126000.00
2018-12-03,46.115002,46.235001,45.302502,46.205002,43.813892,163210000.00
2018-12-04,45.237499,45.597500,44.067501,44.172501,41.886578,165377200.00
2018-12-06,42.939999,43.695000,42.605000,43.680000,41.419567,172393600.00
2018-12-07,43.372501,43.622501,42.075001,42.122501,39.942665,169126400.00
2018-12-10,41.250000,42.522499,40.832500,42.400002,40.205811,248104000.00
2018-12-11,42.915001,42.947498,41.750000,42.157501,39.975864,189126800.00
2018-12-12,42.599998,42.980000,42.255001,42.275002,40.087280,142510800.00
2018-12-13,42.622501,43.142502,42.387501,42.737499,40.525837,127594400.00
2018-12-14,42.250000,42.270000,41.320000,41.369999,39.229111,162814800.00
2018-12-17,41.362499,42.087502,40.682499,40.985001,38.864040,177151600.00
2018-12-18,41.345001,41.882500,41.097500,41.517502,39.368980,135366000.00
2018-12-19,41.500000,41.862499,39.772499,40.222500,38.141003,196189200.00
2018-12-20,40.099998,40.527500,38.825001,39.207500,37.178520,259092000.00
2018-12-21,39.215000,39.540001,37.407501,37.682499,35.732441,382978400.00
2018-12-24,37.037498,37.887501,36.647499,36.707500,34.807888,148676800.00
2018-12-26,37.075001,39.307499,36.680000,39.292500,37.259113,234330000.00
2018-12-27,38.959999,39.192501,37.517502,39.037498,37.017323,212468400.00
2018-12-28,39.375000,39.630001,38.637501,39.057499,37.036282,169165600.00
2018-12-31,39.632500,39.840000,39.119999,39.435001,37.394253,140014000.00
2019-01-02,38.722500,39.712502,38.557499,39.480000,37.436920,148158800.00
2019-01-03,35.994999,36.430000,35.500000,35.547501,33.707916,365248800.00
2019-01-04,36.132500,37.137501,35.950001,37.064999,35.146896,234428400.00
2019-01-07,37.174999,37.207500,36.474998,36.982498,35.068661,219111200.00
2019-01-08,37.389999,37.955002,37.130001,37.687500,35.737179,164101200.00
2019-01-09,37.822498,38.632500,37.407501,38.327499,36.344051,180396400.00
2019-01-10,38.125000,38.492500,37.715000,38.450001,36.460232,143122800.00
2019-01-11,38.220001,38.424999,37.877499,38.072498,36.102261,108092800.00
2019-01-14,37.712502,37.817501,37.305000,37.500000,35.559376,129756800.00
2019-01-15,37.567501,38.347500,37.512501,38.267502,36.287167,114843600.00
2019-01-16,38.270000,38.970001,38.250000,38.735001,36.730469,122278800.00
2019-01-17,38.549999,39.415001,38.314999,38.965000,36.948566,119284800.00
2019-01-18,39.375000,39.470001,38.994999,39.205002,37.176147,135004000.00
2019-01-22,39.102501,39.182499,38.154999,38.325001,36.341682,121576000.00
2019-01-23,38.537498,38.785000,37.924999,38.480000,36.488655,92522400.00
2019-01-24,38.527500,38.619999,37.935001,38.174999,36.199451,101766000.00
2019-01-25,38.869999,39.532501,38.580002,39.439999,37.398987,134142000.00
2019-01-28,38.947498,39.082500,38.415001,39.075001,37.052876,104768400.00
2019-01-29,39.062500,39.532501,38.527500,38.669998,36.668839,166348800.00
2019-01-30,40.812500,41.537498,40.057499,41.312500,39.174595,244439200.00
2019-01-31,41.527500,42.250000,41.139999,41.610001,39.456692,162958400.00
2019-02-01,41.740002,42.244999,41.482498,41.630001,39.475655,130672400.00
2019-02-04,41.852501,42.915001,41.820000,42.812500,40.596962,125982000.00
2019-02-05,43.215000,43.770000,43.087502,43.544998,41.291557,144406400.00
2019-02-06,43.662498,43.892502,43.212502,43.560001,41.305786,112958400.00
2019-02-07,43.099998,43.485001,42.584999,42.735001,40.523472,126966800.00
2019-02-08,42.247501,42.665001,42.105000,42.602501,40.571087,95280000.00
2019-02-11,42.762501,42.802502,42.312500,42.357498,40.337757,83973600.00
2019-02-12,42.525002,42.750000,42.424999,42.722500,40.685360,89134000.00
2019-02-13,42.847500,43.119999,42.480000,42.544998,40.516331,89960800.00
2019-02-14,42.427502,42.814999,42.345001,42.700001,40.663944,87342800.00
2019-02-15,42.812500,42.924999,42.437500,42.605000,40.573471,98507200.00
2019-02-19,42.427502,42.860001,42.372501,42.732498,40.694893,75891200.00
2019-02-20,42.797501,43.330002,42.747501,43.007500,40.956768,104457600.00
2019-02-21,42.950001,43.092499,42.575001,42.764999,40.725842,68998800.00
2019-02-22,42.895000,43.250000,42.845001,43.242500,41.180576,75652800.00
2019-02-25,43.540001,43.967499,43.487499,43.557499,41.480556,87493600.00
2019-02-26,43.427502,43.825001,43.292500,43.582500,41.504356,68280800.00
2019-02-27,43.302502,43.750000,43.182499,43.717499,41.632923,111341600.00
2019-02-28,43.580002,43.727501,43.230000,43.287498,41.223415,112861600.00
2019-03-01,43.570000,43.787498,43.222500,43.742500,41.656734,103544800.00
2019-03-04,43.922501,44.437500,43.492500,43.962502,41.866241,109744800.00
2019-03-05,43.985001,44.000000,43.634998,43.882500,41.790047,78949600.00
2019-03-06,43.667500,43.872501,43.485001,43.630001,41.549603,83241600.00
2019-03-07,43.467499,43.610001,43.005001,43.125000,41.068672,99185600.00
2019-03-08,42.580002,43.267502,42.375000,43.227501,41.166286,95997600.00
2019-03-11,43.872501,44.779999,43.837502,44.724998,42.592377,128044000.00
2019-03-12,45.000000,45.667500,44.842499,45.227501,43.070919,129870400.00
2019-03-13,45.562500,45.825001,45.230000,45.427502,43.261387,124130000.00
2019-03-14,45.974998,46.025002,45.639999,45.932499,43.742306,94318000.00
2019-03-15,46.212502,46.832500,45.935001,46.529999,44.311310,156171600.00
2019-03-18,46.450001,47.097500,46.447498,47.005001,44.763664,104879200.00
2019-03-19,47.087502,47.247501,46.480000,46.632500,44.408920,126585600.00
2019-03-20,46.557499,47.372501,46.182499,47.040001,44.796997,124140800.00
2019-03-21,47.505001,49.082500,47.452499,48.772499,46.446880,204136800.00
2019-03-22,48.834999,49.422501,47.695000,47.762501,45.485039,169630800.00
2019-03-25,47.877499,47.994999,46.650002,47.185001,44.935074,175381200.00
2019-03-26,47.915001,48.220001,46.145000,46.697498,44.470825,199202000.00
2019-03-27,47.187500,47.439999,46.637501,47.117500,44.870800,119393600.00
2019-03-28,47.237499,47.389999,46.882500,47.180000,44.930309,83121600.00
2019-03-29,47.457500,47.520000,47.134998,47.487499,45.223156,94256000.00
2019-04-01,47.910000,47.919998,47.095001,47.810001,45.530285,111448000.00
2019-04-02,47.772499,48.615002,47.762501,48.505001,46.192135,91062800.00
2019-04-03,48.312500,49.125000,48.287498,48.837502,46.508778,93087200.00
2019-04-04,48.697498,49.092499,48.285000,48.922501,46.589729,76457200.00
2019-04-05,49.112499,49.275002,48.982498,49.250000,46.901611,74106400.00
2019-04-08,49.105000,50.057499,49.084999,50.025002,47.639664,103526800.00
2019-04-09,50.080002,50.712502,49.807499,49.875000,47.496811,143072800.00
2019-04-10,49.669998,50.185001,49.544998,50.154999,47.763462,86781200.00
2019-04-11,50.212502,50.250000,49.610001,49.737499,47.365875,83603200.00
2019-04-12,49.799999,50.035000,49.052502,49.717499,47.346828,111042800.00
2019-04-15,49.645000,49.962502,49.502499,49.807499,47.432533,70146400.00
2019-04-16,49.865002,50.342499,49.639999,49.812500,47.437290,102785600.00
2019-04-17,49.884998,50.845001,49.652500,50.782501,48.361053,115627200.00
2019-04-18,50.779999,51.037498,50.630001,50.965000,48.534828,96783200.00
2019-04-22,50.707500,51.235001,50.584999,51.132500,48.694347,77758000.00
2019-04-23,51.107498,51.937500,50.974998,51.869999,49.396694,93292000.00
2019-04-24,51.840000,52.119999,51.762501,51.790001,49.320503,70162400.00
2019-04-25,51.707500,51.939999,51.279999,51.320000,48.872906,74172800.00
2019-04-26,51.224998,51.250000,50.529999,51.075001,48.639595,74596400.00
2019-04-29,51.099998,51.492500,50.965000,51.152500,48.713402,88818800.00
2019-04-30,50.764999,50.849998,49.777500,50.167500,47.775360,186139600.00
2019-05-01,52.470001,53.827499,52.307499,52.630001,50.120441,259309200.00
2019-05-02,52.459999,53.162498,52.032501,52.287498,49.794277,127985200.00
2019-05-03,52.722500,52.959999,52.557499,52.937500,50.413288,83569600.00
2019-05-06,51.072498,52.209999,50.875000,52.119999,49.634750,129772400.00
2019-05-07,51.470001,51.855000,50.207500,50.715000,48.296761,155054800.00
2019-05-08,50.474998,51.334999,50.437500,50.724998,48.306271,105358000.00
2019-05-09,50.099998,50.419998,49.165001,50.180000,47.787273,139634400.00
2019-05-10,49.355000,49.712502,48.192501,49.294998,47.125240,164834800.00
2019-05-13,46.927502,47.369999,45.712502,46.430000,44.386360,229722400.00
2019-05-14,46.602501,47.424999,46.352501,47.165001,45.089016,146118800.00
2019-05-15,46.567501,47.937500,46.505001,47.730000,45.629139,106178800.00
2019-05-16,47.477501,48.117500,47.209999,47.520000,45.428375,132125600.00
2019-05-17,46.732498,47.724998,46.689999,47.250000,45.170265,131516400.00
2019-05-20,45.880001,46.087502,45.070000,45.772499,43.757801,154449200.00
2019-05-21,46.305000,47.000000,46.174999,46.650002,44.596672,113459200.00
2019-05-22,46.165001,46.427502,45.637501,45.695000,43.683708,118994400.00
2019-05-23,44.950001,45.134998,44.452499,44.915001,42.938038,146118800.00
2019-05-24,45.049999,45.535000,44.654999,44.742500,42.773132,94858800.00
2019-05-28,44.730000,45.147499,44.477501,44.557499,42.596275,111792800.00
2019-05-29,44.105000,44.837502,44.000000,44.345001,42.393131,113924800.00
2019-05-30,44.487499,44.807499,44.167500,44.575001,42.613010,84873600.00
2019-05-31,44.057499,44.497501,43.747501,43.767502,41.841061,108174400.00
2019-06-03,43.900002,44.480000,42.567501,43.325001,41.418026,161584400.00
2019-06-04,43.860001,44.957500,43.630001,44.910000,42.933254,123872000.00
2019-06-05,46.070000,46.247501,45.285000,45.634998,43.626343,119093600.00
2019-06-06,45.770000,46.367500,45.537498,46.305000,44.266853,90105200.00
2019-06-07,46.627499,47.980000,46.442501,47.537498,45.445107,122737600.00
2019-06-10,47.952499,48.842499,47.904999,48.145000,46.025871,104883600.00
2019-06-11,48.715000,49.000000,48.400002,48.702499,46.558826,107731600.00
2019-06-12,48.487499,48.992500,48.347500,48.547501,46.410652,73012800.00
2019-06-13,48.674999,49.197498,48.400002,48.537498,46.401093,86698400.00
2019-06-14,47.887501,48.397499,47.575001,48.185001,46.064106,75046000.00
2019-06-17,48.224998,48.740002,48.042500,48.472500,46.338951,58676400.00
2019-06-18,49.012501,50.072498,48.802502,49.612499,47.428780,106204000.00
2019-06-19,49.919998,49.970001,49.327499,49.467499,47.290157,84496800.00
2019-06-20,50.092499,50.152500,49.507500,49.865002,47.670155,86056000.00
2019-06-21,49.700001,50.212502,49.537498,49.695000,47.507641,191202400.00
2019-06-24,49.634998,50.040001,49.542500,49.645000,47.459850,72881600.00
2019-06-25,49.607498,49.814999,48.822498,48.892502,46.740467,84281200.00
2019-06-26,49.442501,50.247501,49.337502,49.950001,47.751423,104270000.00
2019-06-27,50.072498,50.392502,49.892502,49.935001,47.737083,83598800.00
2019-06-28,49.669998,49.875000,49.262501,49.480000,47.302113,124442400.00
2019-07-01,50.792500,51.122501,50.162498,50.387501,48.169666,109012000.00
2019-07-02,50.352501,50.782501,50.340000,50.682499,48.451679,67740800.00
2019-07-03,50.820000,51.110001,50.672501,51.102501,48.853191,45448000.00
2019-07-05,50.837502,51.270000,50.724998,51.057499,48.810177,69062000.00
2019-07-08,50.202499,50.349998,49.602501,50.005001,47.804005,101354400.00
2019-07-09,49.799999,50.377499,49.702499,50.310001,48.095581,82312000.00
2019-07-10,50.462502,50.932499,50.389999,50.807499,48.571178,71588400.00
2019-07-11,50.827499,51.097500,50.427502,50.437500,48.217461,80767200.00
2019-07-12,50.612499,51.000000,50.549999,50.825001,48.587902,70380800.00
2019-07-15,51.022499,51.467499,51.000000,51.302502,49.044395,67789600.00
2019-07-16,51.147499,51.527500,50.875000,51.125000,48.874702,67467200.00
2019-07-17,51.012501,51.272499,50.817501,50.837502,48.599865,56430000.00
2019-07-18,51.000000,51.470001,50.924999,51.415001,49.151939,74162400.00
2019-07-19,51.447498,51.625000,50.590000,50.647499,48.418228,83717200.00
2019-07-22,50.912498,51.807499,50.902500,51.805000,49.524776,89111600.00
2019-07-23,52.115002,52.227501,51.822498,52.209999,49.911945,73420800.00
2019-07-24,51.917500,52.287498,51.792500,52.167500,49.871311,59966400.00
2019-07-25,52.222500,52.310001,51.682499,51.755001,49.476986,55638400.00
2019-07-26,51.869999,52.432499,51.785000,51.935001,49.649048,70475600.00
2019-07-29,52.115002,52.660000,52.110001,52.419998,50.112705,86693600.00
2019-07-30,52.189999,52.540001,51.827499,52.195000,49.897617,135742800.00
2019-07-31,54.105000,55.342499,52.825001,53.259998,50.915726,277125600.00
2019-08-01,53.474998,54.507500,51.685001,52.107498,49.813961,216071600.00
2019-08-02,51.382500,51.607498,50.407501,51.005001,48.759987,163448400.00
2019-08-05,49.497501,49.662498,48.145000,48.334999,46.207504,209572000.00
2019-08-06,49.077499,49.517502,48.509998,49.250000,47.082237,143299200.00
2019-08-07,48.852501,49.889999,48.455002,49.759998,47.569778,133457600.00
2019-08-08,50.049999,50.882500,49.847500,50.857498,48.618977,108038000.00
2019-08-09,50.325001,50.689999,49.822498,50.247501,48.218346,98478800.00
2019-08-12,49.904999,50.512501,49.787498,50.119999,48.095982,89927600.00
2019-08-13,50.255001,53.035000,50.119999,52.242500,50.132774,188874000.00
2019-08-14,50.790001,51.610001,50.647499,50.687500,48.640575,146189600.00
2019-08-15,50.865002,51.285000,49.917500,50.435001,48.398262,108909600.00
2019-08-16,51.070000,51.790001,50.959999,51.625000,49.540211,110481600.00
2019-08-19,52.654999,53.182499,52.507500,52.587502,50.463837,97654400.00
2019-08-20,52.720001,53.337502,52.580002,52.590000,50.466244,107537200.00
2019-08-21,53.247501,53.412498,52.900002,53.160000,51.013218,86141600.00
2019-08-22,53.297501,53.610001,52.687500,53.115002,50.970039,89014800.00
2019-08-23,52.357498,53.012501,50.250000,50.660000,48.614178,187272000.00
2019-08-26,51.465000,51.797501,51.264999,51.622501,49.537807,104174400.00
2019-08-27,51.965000,52.137501,50.882500,51.040001,48.978832,103493200.00
2019-08-28,51.025002,51.430000,50.830002,51.382500,49.307495,63755200.00
2019-08-29,52.125000,52.330002,51.665001,52.252499,50.142365,83962000.00
2019-08-30,52.540001,52.612499,51.799999,52.185001,50.077587,84573600.00
2019-09-03,51.607498,51.744999,51.055000,51.424999,49.348286,80092000.00
2019-09-04,52.097500,52.369999,51.830002,52.297501,50.185562,76752400.00
2019-09-05,53.000000,53.492500,52.877499,53.320000,51.166752,95654800.00
2019-09-06,53.512501,53.605000,53.127499,53.314999,51.161961,77449200.00
2019-09-09,53.709999,54.110001,52.767502,53.542500,51.380272,109237600.00
2019-09-10,53.465000,54.195000,52.927502,54.174999,51.987225,127111600.00
2019-09-11,54.517502,55.927502,54.432499,55.897499,53.640175,177158400.00
2019-09-12,56.200001,56.605000,55.715000,55.772499,53.520226,128906800.00
2019-09-13,55.000000,55.197498,54.255001,54.687500,52.479027,159053200.00
2019-09-16,54.432499,55.032501,54.389999,54.974998,52.754925,84632400.00
2019-09-17,54.990002,55.205002,54.779999,55.174999,52.946835,73274800.00
2019-09-18,55.264999,55.712502,54.860001,55.692501,53.443459,101360000.00
2019-09-19,55.502499,55.939999,55.092499,55.240002,53.009228,88242400.00
2019-09-20,55.345001,55.639999,54.367500,54.432499,52.234333,221652400.00
2019-09-23,54.737499,54.959999,54.412498,54.680000,52.471836,76662000.00
2019-09-24,55.257500,55.622501,54.297501,54.419998,52.222332,124763200.00
2019-09-25,54.637501,55.375000,54.285000,55.257500,53.026009,87613600.00
2019-09-26,55.000000,55.235001,54.707500,54.972500,52.752533,75334000.00
2019-09-27,55.134998,55.240002,54.320000,54.705002,52.495827,101408000.00
2019-09-30,55.224998,56.145000,55.197498,55.992500,53.731339,103909600.00
2019-10-01,56.267502,57.055000,56.049999,56.147499,53.880077,139223200.00
2019-10-02,55.764999,55.895000,54.482498,54.740002,52.529411,138449200.00
2019-10-03,54.607498,55.240002,53.782501,55.205002,52.975639,114426000.00
2019-10-04,56.410000,56.872501,55.972500,56.752499,54.460640,138478800.00
2019-10-07,56.567501,57.482498,56.459999,56.764999,54.472637,122306000.00
2019-10-08,56.455002,57.014999,56.082500,56.099998,53.834492,111820000.00
2019-10-09,56.757500,56.947498,56.410000,56.757500,54.465435,74770400.00
2019-10-10,56.982498,57.610001,56.825001,57.522499,55.199551,113013600.00
2019-10-11,58.237499,59.410000,58.077499,59.052502,56.667755,166795600.00
2019-10-14,58.724998,59.532501,58.667500,58.967499,56.586182,96427600.00
2019-10-15,59.097500,59.412498,58.720001,58.830002,56.454247,87360000.00
2019-10-16,58.342499,58.810001,58.299999,58.592499,56.226334,73903200.00
2019-10-17,58.772499,59.037498,58.380001,58.820000,56.444649,67585200.00
2019-10-18,58.647499,59.395000,58.572498,59.102501,56.715744,97433600.00
2019-10-21,59.380001,60.247501,59.330002,60.127499,57.699348,87247200.00
2019-10-22,60.290001,60.549999,59.904999,59.990002,57.567406,82293600.00
2019-10-23,60.525002,60.810001,60.305000,60.794998,58.339890,75828800.00
2019-10-24,61.127499,61.200001,60.452499,60.895000,58.435860,69275200.00
2019-10-25,60.790001,61.682499,60.720001,61.645000,59.155563,73477200.00
2019-10-28,61.855000,62.312500,61.680000,62.262501,59.748123,96572800.00
2019-10-29,62.242500,62.437500,60.642502,60.822498,58.366268,142839600.00
2019-10-30,61.189999,61.325001,60.302502,60.814999,58.359093,124522000.00
2019-10-31,61.810001,62.292500,59.314999,62.189999,59.678555,139162000.00
2019-11-01,62.384998,63.982498,62.290001,63.955002,61.372284,151125200.00
2019-11-04,64.332497,64.462502,63.845001,64.375000,61.775314,103272000.00
2019-11-05,64.262497,64.547501,64.080002,64.282501,61.686550,79897600.00
2019-11-06,64.192497,64.372498,63.842499,64.309998,61.712933,75864400.00
2019-11-07,64.684998,65.087502,64.527496,64.857498,62.425182,94940400.00
2019-11-08,64.672501,65.110001,64.212502,65.035004,62.596058,69986400.00
2019-11-11,64.574997,65.617500,64.570000,65.550003,63.091736,81821200.00
2019-11-12,65.387497,65.697502,65.230003,65.489998,63.033966,87388800.00
2019-11-13,65.282501,66.195000,65.267502,66.117500,63.637928,102734400.00
2019-11-14,65.937500,66.220001,65.525002,65.660004,63.197609,89182800.00
2019-11-15,65.919998,66.445000,65.752502,66.440002,63.948334,100206400.00
2019-11-18,66.449997,66.857498,66.057503,66.775002,64.270782,86703200.00
2019-11-19,66.974998,67.000000,66.347504,66.572502,64.075882,76167200.00
2019-11-20,66.385002,66.519997,65.099998,65.797501,63.329926,106234400.00
2019-11-21,65.922501,66.002502,65.294998,65.502502,63.045986,121395200.00
2019-11-22,65.647499,65.794998,65.209999,65.445000,62.990658,65325200.00
2019-11-25,65.677498,66.610001,65.629997,66.592499,64.095116,84020400.00
2019-11-26,66.735001,66.790001,65.625000,66.072502,63.594627,105207600.00
2019-11-27,66.394997,66.995003,66.327499,66.959999,64.448860,65235600.00
2019-11-29,66.650002,67.000000,66.474998,66.812500,64.306892,46617600.00
2019-12-02,66.817497,67.062500,65.862503,66.040001,63.563335,94487200.00
2019-12-03,64.577499,64.882500,64.072502,64.862503,62.430000,114430400.00
2019-12-04,65.267502,65.827499,65.169998,65.434998,62.981045,67181600.00
2019-12-05,65.947502,66.472504,65.682503,66.394997,63.905033,74424400.00
2019-12-06,66.870003,67.750000,66.824997,67.677498,65.139420,106075600.00
2019-12-09,67.500000,67.699997,66.227501,66.730003,64.227463,128042400.00
2019-12-10,67.150002,67.517502,66.464996,67.120003,64.602844,90420400.00
2019-12-11,67.202499,67.775002,67.125000,67.692497,65.153862,78756800.00
2019-12-12,66.945000,68.139999,66.830002,67.864998,65.319885,137310400.00
2019-12-13,67.864998,68.824997,67.732498,68.787498,66.207809,133587600.00
2019-12-16,69.250000,70.197502,69.245003,69.964996,67.341141,128186000.00
2019-12-17,69.892502,70.442497,69.699997,70.102501,67.473503,114158400.00
2019-12-18,69.949997,70.474998,69.779999,69.934998,67.312271,116028400.00
2019-12-19,69.875000,70.294998,69.737503,70.004997,67.379639,98369200.00
2019-12-20,70.557503,70.662498,69.639999,69.860001,67.240097,275978000.00
2019-12-23,70.132500,71.062500,70.092499,71.000000,68.337318,98572000.00
2019-12-24,71.172501,71.222504,70.730003,71.067497,68.402298,48478800.00
2019-12-26,71.205002,72.495003,71.175003,72.477501,69.759438,93121200.00
2019-12-27,72.779999,73.492500,72.029999,72.449997,69.732956,146266000.00
2019-12-30,72.364998,73.172501,71.305000,72.879997,70.146835,144114400.00
2019-12-31,72.482498,73.419998,72.379997,73.412498,70.659348,100805600.00
2020-01-02,74.059998,75.150002,73.797501,75.087502,72.271553,135480400.00
2020-01-03,74.287498,75.144997,74.125000,74.357498,71.568916,146322800.00
2020-01-06,73.447502,74.989998,73.187500,74.949997,72.139198,118387200.00
2020-01-07,74.959999,75.224998,74.370003,74.597504,71.799919,108872000.00
2020-01-08,74.290001,76.110001,74.290001,75.797501,72.954895,132079200.00
2020-01-09,76.809998,77.607498,76.550003,77.407501,74.504532,170108400.00
2020-01-10,77.650002,78.167503,77.062500,77.582497,74.672951,140644800.00
2020-01-13,77.910004,79.267502,77.787498,79.239998,76.268326,121532000.00
2020-01-14,79.175003,79.392502,78.042503,78.169998,75.238441,161954400.00
2020-01-15,77.962502,78.875000,77.387497,77.834999,74.915993,121923600.00
2020-01-16,78.397499,78.925003,78.022499,78.809998,75.854454,108829200.00
2020-01-17,79.067497,79.684998,78.750000,79.682503,76.694214,137816400.00
2020-01-21,79.297501,79.754997,79.000000,79.142502,76.174461,110843200.00
2020-01-22,79.644997,79.997498,79.327499,79.425003,76.446373,101832400.00
2020-01-23,79.480003,79.889999,78.912498,79.807503,76.814529,104472000.00
2020-01-24,80.062500,80.832497,79.379997,79.577499,76.593163,146537600.00
2020-01-27,77.514999,77.942497,76.220001,77.237503,74.340912,161940000.00
2020-01-28,78.150002,79.599998,78.047501,79.422501,76.443970,162234000.00
2020-01-29,81.112503,81.962502,80.345001,81.084999,78.044128,216229200.00
2020-01-30,80.135002,81.022499,79.687500,80.967499,77.931000,126743200.00
2020-01-31,80.232498,80.669998,77.072502,77.377502,74.475655,199588400.00
2020-02-03,76.074997,78.372498,75.555000,77.165001,74.271133,173788400.00
2020-02-04,78.827499,79.910004,78.407501,79.712502,76.723083,136616400.00
2020-02-05,80.879997,81.190002,79.737503,80.362503,77.348717,118826800.00
2020-02-06,80.642502,81.305000,80.065002,81.302498,78.253464,105425600.00
2020-02-07,80.592499,80.849998,79.500000,80.007500,77.189796,117684000.00
2020-02-10,78.544998,80.387497,78.462502,80.387497,77.556396,109348800.00
2020-02-11,80.900002,80.974998,79.677498,79.902496,77.088486,94323200.00
2020-02-12,80.367500,81.805000,80.367500,81.800003,78.919167,113730400.00
2020-02-13,81.047501,81.555000,80.837502,81.217499,78.357170,94747600.00
2020-02-14,81.184998,81.495003,80.712502,81.237503,78.376488,80113600.00
2020-02-18,78.839996,79.937500,78.652496,79.750000,76.941368,152531200.00
2020-02-19,80.000000,81.142502,80.000000,80.904999,78.055687,93984000.00
2020-02-20,80.657501,81.162498,79.552498,80.074997,77.254921,100566000.00
2020-02-21,79.654999,80.112503,77.625000,78.262497,75.506256,129554000.00
2020-02-24,74.315002,76.044998,72.307503,74.544998,71.919662,222195200.00
2020-02-25,75.237503,75.632500,71.532501,72.019997,69.483604,230673600.00
2020-02-26,71.632500,74.470001,71.625000,73.162498,70.585861,198054800.00
2020-02-27,70.275002,71.500000,68.239998,68.379997,65.971794,320605600.00
2020-02-28,64.315002,69.602501,64.092499,68.339996,65.933197,426510000.00
2020-03-02,70.570000,75.360001,69.430000,74.702499,72.071625,341397200.00
2020-03-03,75.917503,76.000000,71.449997,72.330002,69.782669,319475600.00
2020-03-04,74.110001,75.849998,73.282501,75.684998,73.019531,219178400.00
2020-03-05,73.879997,74.887497,72.852501,73.230003,70.650993,187572800.00
2020-03-06,70.500000,72.705002,70.307503,72.257500,69.712730,226176800.00
2020-03-09,65.937500,69.522499,65.750000,66.542503,64.199028,286744800.00
2020-03-10,69.285004,71.610001,67.342499,71.334999,68.822731,285290000.00
2020-03-11,69.347504,70.305000,67.964996,68.857498,66.432472,255598800.00
2020-03-12,63.985001,67.500000,62.000000,62.057499,59.871967,418474000.00
2020-03-13,66.222504,69.980003,63.237499,69.492500,67.045120,370732000.00
2020-03-16,60.487499,64.769997,60.000000,60.552502,58.419960,322423600.00
2020-03-17,61.877499,64.402496,59.599998,63.215000,60.988686,324056000.00
2020-03-18,59.942501,62.500000,59.279999,61.667500,59.495686,300233600.00
2020-03-19,61.847500,63.209999,60.652500,61.195000,59.039837,271857200.00
2020-03-20,61.794998,62.957500,57.000000,57.310001,55.291660,401693200.00
2020-03-23,57.020000,57.125000,53.152500,56.092499,54.117027,336752800.00
2020-03-24,59.090000,61.922501,58.575001,61.720001,59.546341,287531200.00
2020-03-25,62.687500,64.562500,61.075001,61.380001,59.218315,303602000.00
2020-03-26,61.630001,64.669998,61.590000,64.610001,62.334572,252087200.00
2020-03-27,63.187500,63.967499,61.762501,61.935001,59.753773,204216800.00
2020-03-30,62.685001,63.880001,62.349998,63.702499,61.459019,167976400.00
2020-03-31,63.900002,65.622498,63.000000,63.572498,61.333614,197002000.00
2020-04-01,61.625000,62.180000,59.782501,60.227501,58.106407,176218400.00
2020-04-02,60.084999,61.287498,59.224998,61.232498,59.076008,165934000.00
2020-04-03,60.700001,61.424999,59.742500,60.352501,58.226997,129880000.00
2020-04-06,62.724998,65.777496,62.345001,65.617500,63.306583,201820400.00
2020-04-07,67.699997,67.925003,64.750000,64.857498,62.573334,202887200.00
2020-04-08,65.684998,66.842499,65.307503,66.517502,64.174881,168895200.00
2020-04-09,67.175003,67.517502,66.175003,66.997498,64.637978,161834800.00
2020-04-13,67.077499,68.425003,66.457497,68.312500,65.906670,131022800.00
2020-04-14,70.000000,72.062500,69.512497,71.762497,69.235168,194994800.00
2020-04-15,70.599998,71.582497,70.157501,71.107498,68.603233,131154400.00
2020-04-16,71.845001,72.050003,70.587502,71.672501,69.148338,157125200.00
2020-04-17,71.172501,71.737503,69.214996,70.699997,68.210068,215250000.00
2020-04-20,69.487503,70.419998,69.212502,69.232498,66.794289,130015200.00
2020-04-21,69.070000,69.312500,66.357498,67.092499,64.729630,180991600.00
2020-04-22,68.402496,69.474998,68.050003,69.025002,66.594078,116862400.00
2020-04-23,68.967499,70.437500,68.717499,68.757500,66.335983,124814400.00
2020-04-24,69.300003,70.752502,69.250000,70.742500,68.251083,126161200.00
2020-04-27,70.449997,71.135002,69.987503,70.792503,68.299332,117087600.00
2020-04-28,71.269997,71.457497,69.550003,69.644997,67.192253,112004800.00
2020-04-29,71.182503,72.417503,70.972504,71.932503,69.399178,137280800.00
2020-04-30,72.489998,73.632500,72.087502,73.449997,70.863251,183064000.00
2020-05-01,71.562500,74.750000,71.462502,72.267502,69.722389,240616800.00
2020-05-04,72.292503,73.422501,71.580002,73.290001,70.708855,133568000.00
2020-05-05,73.764999,75.250000,73.614998,74.389999,71.770134,147751200.00
2020-05-06,75.114998,75.809998,74.717499,75.157501,72.510612,142333600.00
2020-05-07,75.805000,76.292503,75.492500,75.934998,73.260704,115215200.00
2020-05-08,76.410004,77.587502,76.072502,77.532501,75.004433,133838400.00
2020-05-11,77.025002,79.262497,76.809998,78.752502,76.184639,145946400.00
2020-05-12,79.457497,79.922501,77.727501,77.852501,75.314011,162301200.00
2020-05-13,78.037498,78.987503,75.802498,76.912498,74.404663,200622400.00
2020-05-14,76.127502,77.447502,75.382500,77.385002,74.861740,158929200.00
2020-05-15,75.087502,76.974998,75.052498,76.927498,74.419167,166348400.00
2020-05-18,78.292503,79.125000,77.580002,78.739998,76.172585,135178400.00
2020-05-19,78.757500,79.629997,78.252502,78.285004,75.732399,101729600.00
2020-05-20,79.169998,79.879997,79.129997,79.807503,77.205269,111504800.00
2020-05-21,79.665001,80.222504,78.967499,79.212502,76.629677,102688800.00
2020-05-22,78.942497,79.807503,78.837502,79.722504,77.123024,81803200.00
2020-05-26,80.875000,81.059998,79.125000,79.182503,76.600639,125522000.00
2020-05-27,79.035004,79.677498,78.272499,79.527496,76.934395,112945200.00
2020-05-28,79.192497,80.860001,78.907501,79.562500,76.968254,133560800.00
2020-05-29,79.812500,80.287498,79.117500,79.485001,76.893272,153532400.00
2020-06-01,79.437500,80.587502,79.302498,80.462502,77.838898,80791200.00
2020-06-02,80.187500,80.860001,79.732498,80.834999,78.199257,87642800.00
2020-06-03,81.165001,81.550003,80.574997,81.279999,78.629768,104491200.00
2020-06-04,81.097504,81.404999,80.195000,80.580002,77.952576,87560400.00
2020-06-05,80.837502,82.937500,80.807503,82.875000,80.172745,137250400.00
2020-06-08,82.562500,83.400002,81.830002,83.364998,80.646782,95654400.00
2020-06-09,83.035004,86.402496,83.002502,85.997498,83.193428,147712400.00
2020-06-10,86.974998,88.692497,86.522499,88.209999,85.333794,166651600.00
2020-06-11,87.327499,87.764999,83.870003,83.974998,81.236885,201662400.00
2020-06-12,86.180000,86.949997,83.555000,84.699997,81.938225,200146000.00
2020-06-15,83.312500,86.419998,83.144997,85.747498,82.951561,138808800.00
2020-06-16,87.864998,88.300003,86.180000,88.019997,85.149986,165428800.00
2020-06-17,88.787498,88.849998,87.772499,87.897499,85.031471,114406400.00
2020-06-18,87.852501,88.362503,87.305000,87.932503,85.065331,96820400.00
2020-06-19,88.660004,89.139999,86.287498,87.430000,84.579216,264476000.00
2020-06-22,87.834999,89.864998,87.787498,89.717499,86.792145,135445200.00
2020-06-23,91.000000,93.095001,90.567497,91.632500,88.644699,212155600.00
2020-06-24,91.250000,92.197502,89.629997,90.014999,87.079933,192623200.00
2020-06-25,90.175003,91.250000,89.392502,91.209999,88.235977,137522400.00
2020-06-26,91.102501,91.330002,88.254997,88.407501,85.524864,205256800.00
2020-06-29,88.312500,90.542503,87.820000,90.445000,87.495911,130646000.00
2020-06-30,90.019997,91.495003,90.000000,91.199997,88.226280,140223200.00
2020-07-01,91.279999,91.839996,90.977501,91.027496,88.059418,110737200.00
2020-07-02,91.962502,92.617500,90.910004,91.027496,88.059418,114041600.00
2020-07-06,92.500000,93.945000,92.467499,93.462502,90.415024,118655600.00
2020-07-07,93.852501,94.654999,93.057503,93.172501,90.134468,112424400.00
2020-07-08,94.180000,95.375000,94.089996,95.342499,92.233727,117092000.00
2020-07-09,96.262497,96.317497,94.672501,95.752502,92.630341,125642800.00
2020-07-10,95.334999,95.980003,94.705002,95.919998,92.792389,90257200.00
2020-07-13,97.264999,99.955002,95.257500,95.477501,92.364319,191649200.00
2020-07-14,94.839996,97.254997,93.877502,97.057503,93.892815,170989200.00
2020-07-15,98.989998,99.247498,96.489998,97.724998,94.538544,153198000.00
2020-07-16,96.562500,97.404999,95.904999,96.522499,93.375244,110577600.00
2020-07-17,96.987503,97.147499,95.839996,96.327499,93.186607,92186800.00
2020-07-20,96.417503,98.500000,96.062500,98.357498,95.150429,90318000.00
2020-07-21,99.172501,99.250000,96.742500,97.000000,93.837173,103433200.00
2020-07-22,96.692497,97.974998,96.602501,97.272499,94.100800,89001600.00
2020-07-23,96.997498,97.077499,92.010002,92.845001,89.817665,197004400.00
2020-07-24,90.987503,92.970001,89.144997,92.614998,89.595154,185438800.00
2020-07-27,93.709999,94.904999,93.480003,94.809998,91.718575,121214000.00
2020-07-28,94.367500,94.550003,93.247498,93.252502,90.211861,103625600.00
2020-07-29,93.750000,95.230003,93.712502,95.040001,91.941093,90329200.00
2020-07-30,94.187500,96.297501,93.767502,96.190002,93.053596,158130000.00
2020-07-31,102.885002,106.415001,100.824997,106.260002,102.795235,374336800.00
2020-08-03,108.199997,111.637497,107.892502,108.937500,105.385452,308151200.00
2020-08-04,109.132500,110.790001,108.387497,109.665001,106.089211,173071600.00
2020-08-05,109.377502,110.392502,108.897499,110.062500,106.473755,121776800.00
2020-08-06,110.404999,114.412498,109.797501,113.902496,110.188530,202428800.00
2020-08-07,113.205002,113.675003,110.292503,111.112503,107.683334,198045600.00
2020-08-10,112.599998,113.775002,110.000000,112.727501,109.248482,212403600.00
2020-08-11,111.970001,112.482498,109.107498,109.375000,105.999443,187902400.00
2020-08-12,110.497498,113.275002,110.297501,113.010002,109.522263,165598000.00
2020-08-13,114.430000,116.042503,113.927498,115.010002,111.460548,210082000.00
2020-08-14,114.830002,115.000000,113.044998,114.907501,111.361214,165565200.00
2020-08-17,116.062500,116.087502,113.962502,114.607498,111.070450,119561600.00
2020-08-18,114.352501,116.000000,114.007500,115.562500,111.995987,105633600.00
2020-08-19,115.982498,117.162498,115.610001,115.707497,112.136497,145538000.00
2020-08-20,115.750000,118.392502,115.732498,118.275002,114.624756,126907200.00
2020-08-21,119.262497,124.867500,119.250000,124.370003,120.531662,338054800.00
2020-08-24,128.697495,128.785004,123.937500,125.857498,121.973251,345937600.00
2020-08-25,124.697502,125.180000,123.052498,124.824997,120.972633,211495600.00
2020-08-26,126.180000,126.992500,125.082497,126.522499,122.617752,163022400.00
2020-08-27,127.142502,127.485001,123.832497,125.010002,121.151955,155552400.00
2020-08-28,126.012497,126.442497,124.577499,124.807503,120.955658,187630000.00
2020-08-31,127.580002,131.000000,126.000000,129.039993,125.057549,225702700.00
2020-09-01,132.759995,134.800003,130.529999,134.179993,130.038910,151948100.00
2020-09-02,137.589996,137.979996,127.000000,131.399994,127.344688,200119000.00
2020-09-03,126.910004,128.839996,120.500000,120.879997,117.149391,257599600.00
2020-09-04,120.070000,123.699997,110.889999,120.959999,117.226921,332607200.00
2020-09-08,113.949997,118.989998,112.680000,112.820000,109.338135,231366600.00
2020-09-09,117.260002,119.139999,115.260002,117.320000,113.699234,176940500.00
2020-09-10,120.360001,120.500000,112.500000,113.489998,109.987465,182274400.00
2020-09-11,114.570000,115.230003,110.000000,112.000000,108.543442,180860300.00
2020-09-14,114.720001,115.930000,112.800003,115.360001,111.799759,140150100.00
2020-09-15,118.330002,118.830002,113.610001,115.540001,111.974174,184642000.00
2020-09-16,115.230003,116.000000,112.040001,112.129997,108.669418,154679000.00
2020-09-17,109.720001,112.199997,108.709999,110.339996,106.934654,178011000.00
2020-09-18,110.400002,110.879997,106.089996,106.839996,103.542686,287104900.00
2020-09-21,104.540001,110.190002,103.099998,110.080002,106.682686,195713800.00
2020-09-22,112.680000,112.860001,109.160004,111.809998,108.359276,183055400.00
2020-09-23,111.620003,112.110001,106.769997,107.120003,103.814034,150718700.00
2020-09-24,105.169998,110.250000,105.000000,108.220001,104.880104,167743300.00
2020-09-25,108.430000,112.440002,107.669998,112.279999,108.814804,149981400.00
2020-09-28,115.010002,115.320000,112.779999,114.959999,111.412102,137672400.00
2020-09-29,114.550003,115.309998,113.570000,114.089996,110.568947,99382200.00
2020-09-30,113.790001,117.260002,113.620003,115.809998,112.235840,142675200.00
2020-10-01,117.639999,117.720001,115.830002,116.790001,113.185608,116120400.00
2020-10-02,112.889999,115.370003,112.220001,113.019997,109.531960,144712000.00
2020-10-05,113.910004,116.650002,113.550003,116.500000,112.904541,106243800.00
2020-10-06,115.699997,116.120003,112.250000,113.160004,109.667648,161498200.00
2020-10-07,114.620003,115.550003,114.129997,115.080002,111.528381,96849000.00
2020-10-08,116.250000,116.400002,114.589996,114.970001,111.421783,83477200.00
2020-10-09,115.279999,117.000000,114.919998,116.970001,113.360054,100506900.00
2020-10-12,120.059998,125.180000,119.279999,124.400002,120.560745,240226800.00
2020-10-13,125.269997,125.389999,119.650002,121.099998,117.362595,262330500.00
2020-10-14,121.000000,123.029999,119.620003,121.190002,117.449814,150712000.00
2020-10-15,118.720001,121.199997,118.150002,120.709999,116.984619,112559200.00
2020-10-16,121.279999,121.550003,118.809998,119.019997,115.346779,115393800.00
2020-10-19,119.959999,120.419998,115.660004,115.980003,112.400604,120639300.00
2020-10-20,116.199997,118.980003,115.629997,117.510002,113.883400,124423700.00
2020-10-21,116.669998,118.709999,116.449997,116.870003,113.263153,89946000.00
2020-10-22,117.449997,118.040001,114.589996,115.750000,112.177711,101988000.00
2020-10-23,116.389999,116.550003,114.279999,115.040001,111.489616,82572600.00
2020-10-26,114.010002,116.550003,112.879997,115.050003,111.499306,111850700.00
2020-10-27,115.489998,117.279999,114.540001,116.599998,113.001450,92276800.00
2020-10-28,115.050003,115.430000,111.099998,111.199997,107.768127,143937800.00
2020-10-29,112.370003,116.930000,112.199997,115.320000,111.760979,146129200.00
2020-10-30,111.059998,111.989998,107.720001,108.860001,105.500359,190272600.00
2020-11-02,109.110001,110.680000,107.320000,108.769997,105.413101,122866900.00
2020-11-03,109.660004,111.489998,108.730003,110.440002,107.031578,107624400.00
2020-11-04,114.139999,115.589996,112.349998,114.949997,111.402405,138235500.00
2020-11-05,117.949997,119.620003,116.870003,119.029999,115.356483,126387100.00
2020-11-06,118.320000,119.199997,116.129997,118.690002,115.225418,114457900.00
2020-11-09,120.500000,121.989998,116.050003,116.320000,112.924591,154515300.00
2020-11-10,115.550003,117.589996,114.129997,115.970001,112.584801,138023400.00
2020-11-11,117.190002,119.629997,116.440002,119.489998,116.002060,112295000.00
2020-11-12,119.620003,120.529999,118.570000,119.209999,115.730255,103162300.00
2020-11-13,119.440002,119.669998,117.870003,119.260002,115.778778,81581900.00
2020-11-16,118.919998,120.989998,118.150002,120.300003,116.788429,91183000.00
2020-11-17,119.550003,120.669998,118.959999,119.389999,115.904984,74271000.00
2020-11-18,118.610001,119.820000,118.000000,118.029999,114.584694,76322100.00
2020-11-19,117.589996,119.059998,116.809998,118.639999,115.176880,74113000.00
2020-11-20,118.639999,118.769997,117.290001,117.339996,113.914825,73604300.00
2020-11-23,117.180000,117.620003,113.750000,113.849998,110.526703,127959300.00
2020-11-24,113.910004,115.849998,112.589996,115.169998,111.808167,113874200.00
2020-11-25,115.550003,116.750000,115.169998,116.029999,112.643066,76499200.00
2020-11-27,116.570000,117.489998,116.220001,116.589996,113.186714,46691300.00
2020-11-30,116.970001,120.970001,116.809998,119.050003,115.574913,169410200.00
2020-12-01,121.010002,123.470001,120.010002,122.720001,119.137787,127728200.00
2020-12-02,122.019997,123.370003,120.889999,123.080002,119.487274,89004200.00
2020-12-03,123.519997,123.779999,122.209999,122.940002,119.351379,78967600.00
2020-12-04,122.599998,122.860001,121.519997,122.250000,118.681496,78260400.00
2020-12-07,122.309998,124.570000,122.250000,123.750000,120.137718,86712000.00
2020-12-08,124.370003,124.980003,123.089996,124.379997,120.749336,82225500.00
2020-12-09,124.529999,125.949997,121.000000,121.779999,118.225227,115089200.00
2020-12-10,120.500000,123.870003,120.150002,123.239998,119.642601,81312200.00
2020-12-11,122.430000,122.760002,120.550003,122.410004,118.836838,86939800.00
2020-12-14,122.599998,123.349998,121.540001,121.779999,118.225227,79184500.00
2020-12-15,124.339996,127.900002,124.129997,127.879997,124.147148,157243700.00
2020-12-16,127.410004,128.369995,126.559998,127.809998,124.079231,98208600.00
2020-12-17,128.899994,129.580002,128.039993,128.699997,124.943230,94359800.00
2020-12-18,128.960007,129.100006,126.120003,126.660004,122.962776,192541500.00
2020-12-21,125.019997,128.309998,123.449997,128.229996,124.486938,121251600.00
2020-12-22,131.610001,134.410004,129.649994,131.880005,128.030396,168904800.00
2020-12-23,132.160004,132.429993,130.779999,130.960007,127.137238,88223700.00
2020-12-24,131.320007,133.460007,131.100006,131.970001,128.117783,54930100.00
2020-12-28,133.990005,137.339996,133.509995,136.690002,132.700012,124486200.00
2020-12-29,138.050003,138.789993,134.339996,134.869995,130.933151,121047300.00
2020-12-30,135.580002,135.990005,133.399994,133.720001,129.816696,96452100.00
2020-12-31,134.080002,134.740005,131.720001,132.690002,128.816711,99116600.00
2021-01-04,133.520004,133.610001,126.760002,129.410004,125.632484,143301900.00
2021-01-05,128.889999,131.740005,128.429993,131.009995,127.185791,97664900.00
2021-01-06,127.720001,131.050003,126.379997,126.599998,122.904510,155088000.00
2021-01-07,128.360001,131.630005,127.860001,130.919998,127.098419,109578200.00
2021-01-08,132.429993,132.630005,130.229996,132.050003,128.195435,105158200.00
2021-01-11,129.190002,130.169998,128.500000,128.979996,125.215027,100384500.00
2021-01-12,128.500000,129.690002,126.860001,128.800003,125.040314,91951100.00
2021-01-13,128.759995,131.449997,128.490005,130.889999,127.069298,88636800.00
2021-01-14,130.800003,131.000000,128.759995,128.910004,125.147087,90221800.00
2021-01-15,128.779999,130.220001,127.000000,127.139999,123.428757,111598500.00
2021-01-19,127.779999,128.710007,126.940002,127.830002,124.098610,90757300.00
2021-01-20,128.660004,132.490005,128.550003,132.029999,128.175964,104319500.00
2021-01-21,133.800003,139.669998,133.589996,136.869995,132.874710,120150900.00
2021-01-22,136.279999,139.850006,135.020004,139.070007,135.010544,114459400.00
2021-01-25,143.070007,145.089996,136.539993,142.919998,138.748138,157611700.00
2021-01-26,143.600006,144.300003,141.369995,143.160004,138.981155,98390600.00
2021-01-27,143.429993,144.300003,140.410004,142.059998,137.913223,140843800.00
2021-01-28,139.520004,141.990005,136.699997,137.089996,133.088318,142621100.00
2021-01-29,135.830002,136.740005,130.210007,131.960007,128.108063,177523800.00
2021-02-01,133.750000,135.380005,130.929993,134.139999,130.224426,106239800.00
2021-02-02,135.729996,136.309998,134.610001,134.990005,131.049637,83305400.00
2021-02-03,135.759995,135.770004,133.610001,133.940002,130.030258,89880900.00
2021-02-04,136.300003,137.399994,134.589996,137.389999,133.379562,84183100.00
2021-02-05,137.350006,137.419998,135.860001,136.759995,132.966354,75693800.00
2021-02-08,136.029999,136.960007,134.919998,136.910004,133.112198,71297200.00
2021-02-09,136.619995,137.880005,135.850006,136.009995,132.237167,76774200.00
2021-02-10,136.479996,136.990005,134.399994,135.389999,131.634338,73046600.00
2021-02-11,135.899994,136.389999,133.770004,135.130005,131.381516,64280000.00
2021-02-12,134.350006,135.529999,133.690002,135.369995,131.614929,60145100.00
2021-02-16,135.490005,136.009995,132.789993,133.190002,129.495377,80576300.00
2021-02-17,131.250000,132.220001,129.470001,130.839996,127.210587,97918500.00
2021-02-18,129.199997,130.000000,127.410004,129.710007,126.111923,96856700.00
2021-02-19,130.240005,130.710007,128.800003,129.869995,126.267479,87668800.00
2021-02-22,128.009995,129.720001,125.599998,126.000000,122.504822,103916400.00
2021-02-23,123.760002,126.709999,118.389999,125.860001,122.368721,158273000.00
2021-02-24,124.940002,125.559998,122.230003,125.349998,121.872856,111039900.00
2021-02-25,124.680000,126.459999,120.540001,120.989998,117.633804,148199500.00
2021-02-26,122.589996,124.849998,121.199997,121.260002,117.896301,164560400.00
2021-03-01,123.750000,127.930000,122.790001,127.790001,124.245178,116307900.00
2021-03-02,128.410004,128.720001,125.010002,125.120003,121.649239,102260900.00
2021-03-03,124.809998,125.709999,121.839996,122.059998,118.674118,112966300.00
2021-03-04,121.750000,123.599998,118.620003,120.129997,116.797653,178155000.00
2021-03-05,120.980003,121.940002,117.570000,121.419998,118.051880,153766600.00
2021-03-08,120.930000,121.000000,116.209999,116.360001,113.132225,154376600.00
2021-03-09,119.029999,122.059998,118.790001,121.089996,117.731018,129525800.00
2021-03-10,121.690002,122.169998,119.449997,119.980003,116.651802,111943300.00
2021-03-11,122.540001,123.209999,121.260002,121.959999,118.576912,103026500.00
2021-03-12,120.400002,121.169998,119.160004,121.029999,117.672691,88105100.00
2021-03-15,121.410004,124.000000,120.419998,123.989998,120.550583,92403800.00
2021-03-16,125.699997,127.220001,124.720001,125.570000,122.086754,115227900.00
2021-03-17,124.050003,125.860001,122.339996,124.760002,121.299210,111932600.00
2021-03-18,122.879997,123.180000,120.320000,120.529999,117.186554,121229700.00
2021-03-19,119.900002,121.430000,119.680000,119.989998,116.661530,185549500.00
2021-03-22,120.330002,123.870003,120.260002,123.389999,119.967209,111912300.00
2021-03-23,123.330002,124.239998,122.139999,122.540001,119.140800,95467100.00
2021-03-24,122.820000,122.900002,120.070000,120.089996,116.758751,88530500.00
2021-03-25,119.540001,121.660004,119.000000,120.589996,117.244888,98844700.00
2021-03-26,120.349998,121.480003,118.919998,121.209999,117.847694,94071200.00
2021-03-29,121.650002,122.580002,120.730003,121.389999,118.022705,80819200.00
2021-03-30,120.110001,120.400002,118.860001,119.900002,116.574036,85671900.00
2021-03-31,121.650002,123.519997,121.150002,122.150002,118.761635,118323800.00
2021-04-01,123.660004,124.180000,122.489998,123.000000,119.588051,75089100.00
2021-04-05,123.870003,126.160004,123.070000,125.900002,122.407600,88651200.00
2021-04-06,126.500000,127.129997,125.650002,126.209999,122.708992,80171300.00
2021-04-07,125.830002,127.919998,125.139999,127.900002,124.352119,83466700.00
2021-04-08,128.949997,130.389999,128.520004,130.360001,126.743889,88844600.00
2021-04-09,129.800003,133.039993,129.470001,133.000000,129.310638,106686700.00
2021-04-12,132.520004,132.850006,130.630005,131.240005,127.599480,91420000.00
2021-04-13,132.440002,134.660004,131.929993,134.429993,130.700989,91266500.00
2021-04-14,134.940002,135.000000,131.660004,132.029999,128.367493,87222800.00
2021-04-15,133.820007,135.000000,133.639999,134.500000,130.769028,89347100.00
2021-04-16,134.300003,134.669998,133.279999,134.160004,130.438446,84922400.00
2021-04-19,133.509995,135.470001,133.339996,134.839996,131.099609,94264200.00
2021-04-20,135.020004,135.529999,131.809998,133.110001,129.417618,94812300.00
2021-04-21,132.360001,133.750000,131.300003,133.500000,129.796799,68847100.00
2021-04-22,133.039993,134.149994,131.410004,131.940002,128.280045,84566500.00
2021-04-23,132.160004,135.119995,132.160004,134.320007,130.594055,78657500.00
2021-04-26,134.830002,135.059998,133.559998,134.720001,130.982910,66905100.00
2021-04-27,135.009995,135.410004,134.110001,134.389999,130.662109,66015800.00
2021-04-28,134.309998,135.020004,133.080002,133.580002,129.874542,107760100.00
2021-04-29,136.470001,137.070007,132.449997,133.479996,129.777313,151101000.00
2021-04-30,131.779999,133.559998,131.070007,131.460007,127.813377,109839500.00
2021-05-03,132.039993,134.070007,131.830002,132.539993,128.863403,75135100.00
2021-05-04,131.190002,131.490005,126.699997,127.849998,124.303497,137564700.00
2021-05-05,129.199997,130.449997,127.970001,128.100006,124.546562,84000900.00
2021-05-06,127.889999,129.750000,127.129997,129.740005,126.141083,78128300.00
2021-05-07,130.850006,131.259995,129.479996,130.210007,126.813080,78973300.00
2021-05-10,129.410004,129.539993,126.809998,126.849998,123.540726,88071200.00
2021-05-11,123.500000,126.269997,122.769997,125.910004,122.625267,126142800.00
2021-05-12,123.400002,124.639999,122.250000,122.769997,119.567169,112172300.00
2021-05-13,124.580002,126.150002,124.260002,124.970001,121.709778,105861300.00
2021-05-14,126.250000,127.889999,125.849998,127.449997,124.125084,81918000.00
2021-05-17,126.820000,126.930000,125.169998,126.269997,122.975861,74244600.00
2021-05-18,126.559998,126.989998,124.779999,124.849998,121.592896,63342900.00
2021-05-19,123.160004,124.919998,122.860001,124.690002,121.437073,92612000.00
2021-05-20,125.230003,127.720001,125.099998,127.309998,123.988747,76857100.00
2021-05-21,127.820000,128.000000,125.209999,125.430000,122.157776,79295400.00
2021-05-24,126.010002,127.940002,125.940002,127.099998,123.784210,63092900.00
2021-05-25,127.820000,128.320007,126.320000,126.900002,123.589439,72009500.00
2021-05-26,126.959999,127.389999,126.419998,126.849998,123.540726,56575900.00
2021-05-27,126.440002,127.639999,125.080002,125.279999,122.011711,94625600.00
2021-05-28,125.570000,125.800003,124.550003,124.610001,121.359177,71311100.00
2021-06-01,125.080002,125.349998,123.940002,124.279999,121.037781,67637100.00
2021-06-02,124.279999,125.239998,124.050003,125.059998,121.797417,59278900.00
2021-06-03,124.680000,124.849998,123.129997,123.540001,120.317085,76229200.00
2021-06-04,124.070000,126.160004,123.849998,125.889999,122.605789,75169300.00
2021-06-07,126.169998,126.320000,124.830002,125.900002,122.615524,71057600.00
2021-06-08,126.599998,128.460007,126.209999,126.739998,123.433586,74403800.00
2021-06-09,127.209999,127.750000,126.519997,127.129997,123.813431,56877900.00
2021-06-10,127.019997,128.190002,125.940002,126.110001,122.820030,71186400.00
2021-06-11,126.529999,127.440002,126.099998,127.349998,124.027695,53522400.00
2021-06-14,127.820000,130.539993,127.070000,130.479996,127.076035,96906500.00
2021-06-15,129.940002,130.600006,129.389999,129.639999,126.257965,62746300.00
2021-06-16,130.369995,130.889999,128.460007,130.149994,126.754631,91815000.00
2021-06-17,129.800003,132.550003,129.649994,131.789993,128.351852,96721700.00
2021-06-18,130.710007,131.509995,130.240005,130.460007,127.056557,108953300.00
2021-06-21,130.300003,132.410004,129.210007,132.300003,128.848557,79663300.00
2021-06-22,132.130005,134.080002,131.619995,133.979996,130.484695,74783600.00
2021-06-23,133.770004,134.320007,133.229996,133.699997,130.212067,60214200.00
2021-06-24,134.449997,134.639999,132.929993,133.410004,129.929611,68711000.00
2021-06-25,133.460007,133.889999,132.809998,133.110001,129.637436,70783700.00
2021-06-28,133.410004,135.250000,133.350006,134.779999,131.263824,62111300.00
2021-06-29,134.800003,136.490005,134.350006,136.330002,132.773407,64556100.00
2021-06-30,136.169998,137.410004,135.869995,136.960007,133.386993,63261400.00
2021-07-01,136.600006,137.330002,135.759995,137.270004,133.688904,52485800.00
2021-07-02,137.899994,140.000000,137.750000,139.960007,136.308731,78852600.00
2021-07-06,140.070007,143.149994,140.070007,142.020004,138.315002,108181800.00
2021-07-07,143.539993,144.889999,142.660004,144.570007,140.798447,104911600.00
2021-07-08,141.580002,144.059998,140.669998,143.240005,139.503189,105575500.00
2021-07-09,142.750000,145.649994,142.649994,145.110001,141.324387,99890800.00
2021-07-12,146.210007,146.320007,144.000000,144.500000,140.730301,76299700.00
2021-07-13,144.029999,147.460007,143.630005,145.639999,141.840561,100827100.00
2021-07-14,148.100006,149.570007,147.679993,149.149994,145.258926,127050800.00
2021-07-15,149.240005,150.000000,147.089996,148.479996,144.606461,106820300.00
2021-07-16,148.460007,149.759995,145.880005,146.389999,142.570969,93251400.00
2021-07-19,143.750000,144.070007,141.669998,142.449997,138.733780,121434600.00
2021-07-20,143.460007,147.100006,142.960007,146.149994,142.337219,96350000.00
2021-07-21,145.529999,146.130005,144.630005,145.399994,141.606812,74993500.00
2021-07-22,145.940002,148.199997,145.809998,146.800003,142.970291,77338200.00
2021-07-23,147.550003,148.720001,146.919998,148.559998,144.684357,71447400.00
2021-07-26,148.270004,149.830002,147.699997,148.990005,145.103165,72434100.00
2021-07-27,149.119995,149.210007,145.550003,146.770004,142.941040,104818600.00
2021-07-28,144.809998,146.970001,142.539993,144.979996,141.197754,118931200.00
2021-07-29,144.690002,146.550003,144.580002,145.639999,141.840561,56699500.00
2021-07-30,144.380005,146.330002,144.110001,145.860001,142.054779,70440600.00
2021-08-02,146.360001,146.949997,145.250000,145.520004,141.723663,62880000.00
2021-08-03,145.809998,148.039993,145.179993,147.360001,143.515686,64786600.00
2021-08-04,147.270004,147.789993,146.279999,146.949997,143.116379,56368300.00
2021-08-05,146.979996,147.839996,146.169998,147.059998,143.223495,46397700.00
2021-08-06,146.350006,147.110001,145.630005,146.139999,142.540710,54126800.00
2021-08-09,146.199997,146.699997,145.520004,146.089996,142.492004,48908700.00
2021-08-10,146.440002,147.710007,145.300003,145.600006,142.014053,69023100.00
2021-08-11,146.050003,146.720001,145.529999,145.860001,142.267639,48493500.00
2021-08-12,146.190002,149.050003,145.839996,148.889999,145.222977,72282600.00
2021-08-13,148.970001,149.440002,148.270004,149.100006,145.427826,59375000.00
2021-08-16,148.539993,151.190002,146.470001,151.119995,147.398071,103296000.00
2021-08-17,150.229996,151.679993,149.089996,150.190002,146.491013,92229700.00
2021-08-18,149.800003,150.720001,146.149994,146.360001,142.755341,86326000.00
2021-08-19,145.029999,148.000000,144.500000,146.699997,143.086929,86960300.00
2021-08-20,147.440002,148.500000,146.779999,148.190002,144.540268,60549600.00
2021-08-23,148.309998,150.190002,147.889999,149.710007,146.022797,60131800.00
2021-08-24,149.449997,150.860001,149.149994,149.619995,145.935043,48606400.00
2021-08-25,149.809998,150.320007,147.800003,148.360001,144.706055,58991300.00
2021-08-26,148.350006,149.119995,147.509995,147.539993,143.906265,48597200.00
2021-08-27,147.479996,148.750000,146.830002,148.600006,144.940186,55802400.00
2021-08-30,149.000000,153.490005,148.610001,153.119995,149.348816,90956700.00
2021-08-31,152.660004,152.800003,151.289993,151.830002,148.090576,86453100.00
2021-09-01,152.830002,154.979996,152.339996,152.509995,148.753815,80313700.00
2021-09-02,153.869995,154.720001,152.399994,153.649994,149.865753,71115500.00
2021-09-03,153.759995,154.630005,153.089996,154.300003,150.499817,57808700.00
2021-09-07,154.970001,157.259995,154.389999,156.690002,152.830887,82278300.00
2021-09-08,156.979996,157.039993,153.979996,155.110001,151.289841,74420200.00
2021-09-09,155.490005,156.110001,153.949997,154.070007,150.275436,57305700.00
2021-09-10,155.000000,155.479996,148.699997,148.970001,145.301041,140893200.00
2021-09-13,150.630005,151.419998,148.750000,149.550003,145.866730,102404300.00
2021-09-14,150.350006,151.070007,146.910004,148.119995,144.471954,109296300.00
2021-09-15,148.559998,149.440002,146.369995,149.029999,145.359558,83281300.00
2021-09-16,148.440002,148.970001,147.220001,148.789993,145.125443,68034100.00
2021-09-17,148.820007,148.820007,145.759995,146.059998,142.462692,129868800.00
2021-09-20,143.800003,144.839996,141.270004,142.940002,139.419556,123478900.00
2021-09-21,143.929993,144.600006,142.779999,143.429993,139.897491,75834000.00
2021-09-22,144.449997,146.429993,143.699997,145.850006,142.257889,76404300.00
2021-09-23,146.649994,147.080002,145.639999,146.830002,143.213730,64838200.00
2021-09-24,145.660004,147.470001,145.559998,146.919998,143.301544,53477900.00
2021-09-27,145.470001,145.960007,143.820007,145.369995,141.789703,74150700.00
2021-09-28,143.250000,144.750000,141.690002,141.910004,138.414917,108972300.00
2021-09-29,142.470001,144.449997,142.029999,142.830002,139.312271,74602000.00
2021-09-30,143.660004,144.380005,141.279999,141.500000,138.014999,89056700.00
2021-10-01,141.899994,142.919998,139.110001,142.649994,139.136734,94639600.00
2021-10-04,141.759995,142.210007,138.270004,139.139999,135.713150,98322000.00
2021-10-05,139.490005,142.240005,139.360001,141.110001,137.634628,80861100.00
2021-10-06,139.470001,142.149994,138.369995,142.000000,138.502686,83221100.00
2021-10-07,143.059998,144.220001,142.720001,143.289993,139.760880,61732700.00
2021-10-08,144.029999,144.179993,142.559998,142.899994,139.380508,58773200.00
2021-10-11,142.270004,144.809998,141.809998,142.809998,139.292786,64452200.00
2021-10-12,143.229996,143.250000,141.039993,141.509995,138.024765,73035900.00
2021-10-13,141.240005,141.399994,139.199997,140.910004,137.439560,78762700.00
2021-10-14,142.110001,143.880005,141.509995,143.759995,140.219330,69907100.00
2021-10-15,143.770004,144.899994,143.509995,144.839996,141.272751,67940300.00
2021-10-18,143.449997,146.839996,143.160004,146.550003,142.940613,85589200.00
2021-10-19,147.009995,149.169998,146.550003,148.759995,145.096207,76378900.00
2021-10-20,148.699997,149.750000,148.119995,149.259995,145.583893,58418800.00
2021-10-21,148.809998,149.639999,147.869995,149.479996,145.798508,61421000.00
2021-10-22,149.690002,150.179993,148.639999,148.690002,145.027939,58883400.00
2021-10-25,148.679993,149.369995,147.619995,148.639999,144.979187,50720600.00
2021-10-26,149.330002,150.839996,149.009995,149.320007,145.642426,60893400.00
2021-10-27,149.360001,149.729996,148.490005,148.850006,145.184021,56094900.00
2021-10-28,149.820007,153.169998,149.720001,152.570007,148.812408,100077900.00
2021-10-29,147.220001,149.940002,146.410004,149.800003,146.110626,124953200.00
2021-11-01,148.990005,149.699997,147.800003,148.960007,145.291290,74588300.00
2021-11-02,148.660004,151.570007,148.649994,150.020004,146.325195,69122000.00
2021-11-03,150.389999,151.970001,149.820007,151.490005,147.758957,54511500.00
2021-11-04,151.580002,152.429993,150.639999,150.960007,147.242020,60394600.00
2021-11-05,151.889999,152.199997,150.059998,151.279999,147.769501,65463900.00
2021-11-08,151.410004,151.570007,150.160004,150.440002,146.948975,55020900.00
2021-11-09,150.199997,151.429993,150.059998,150.809998,147.310410,56787900.00
2021-11-10,150.020004,150.130005,147.850006,147.919998,144.487488,65187100.00
2021-11-11,148.960007,149.429993,147.679993,147.869995,144.438629,41000000.00
2021-11-12,148.429993,150.399994,147.479996,149.990005,146.509415,63804000.00
2021-11-15,150.369995,151.880005,149.429993,150.000000,146.519180,59222800.00
2021-11-16,149.940002,151.490005,149.339996,151.000000,147.496002,59256200.00
2021-11-17,151.000000,155.000000,150.990005,153.490005,149.928223,88807000.00
2021-11-18,153.710007,158.669998,153.050003,157.869995,154.206528,137827700.00
2021-11-19,157.649994,161.020004,156.529999,160.550003,156.824402,117305600.00
2021-11-22,161.679993,165.699997,161.000000,161.020004,157.283432,117467900.00
2021-11-23,161.119995,161.800003,159.059998,161.410004,157.664398,96041900.00
2021-11-24,160.750000,162.139999,159.639999,161.940002,158.182144,69463600.00
2021-11-26,159.570007,160.449997,156.360001,156.809998,153.171158,76959800.00
2021-11-29,159.369995,161.190002,158.789993,160.240005,156.521576,88748200.00
2021-11-30,159.990005,165.520004,159.919998,165.300003,161.464188,174048100.00
2021-12-01,167.479996,170.300003,164.529999,164.770004,160.946442,152052500.00
2021-12-02,158.740005,164.199997,157.800003,163.759995,159.959869,136739200.00
2021-12-03,164.020004,164.960007,159.720001,161.839996,158.084427,118023100.00
2021-12-06,164.289993,167.880005,164.279999,165.320007,161.483704,107497000.00
2021-12-07,169.080002,171.580002,168.339996,171.179993,167.207703,120405400.00
2021-12-08,172.130005,175.960007,170.699997,175.080002,171.017227,116998900.00
2021-12-09,174.910004,176.750000,173.919998,174.559998,170.509293,108923700.00
2021-12-10,175.210007,179.630005,174.690002,179.449997,175.285797,115402700.00
2021-12-13,181.119995,182.130005,175.529999,175.740005,171.661896,153237000.00
2021-12-14,175.250000,177.740005,172.210007,174.330002,170.284607,139380400.00
2021-12-15,175.110001,179.500000,172.309998,179.300003,175.139267,131063300.00
2021-12-16,179.279999,181.139999,170.750000,172.259995,168.262634,150185800.00
2021-12-17,169.929993,173.470001,169.690002,171.139999,167.168640,195432700.00
2021-12-20,168.279999,170.580002,167.460007,169.750000,165.810898,107499100.00
2021-12-21,171.559998,173.199997,169.119995,172.990005,168.975739,91185900.00
2021-12-22,173.039993,175.860001,172.149994,175.639999,171.564224,92135300.00
2021-12-23,175.850006,176.850006,175.270004,176.279999,172.189346,68356600.00
2021-12-27,177.089996,180.419998,177.070007,180.330002,176.145340,74919600.00
2021-12-28,180.160004,181.330002,178.529999,179.289993,175.129517,79144300.00
2021-12-29,179.330002,180.630005,178.139999,179.380005,175.217392,62348900.00
2021-12-30,179.470001,180.570007,178.089996,178.199997,174.064804,59773000.00
2021-12-31,178.089996,179.229996,177.259995,177.570007,173.449432,64062300.00
2022-01-03,177.830002,182.880005,177.710007,182.009995,177.786407,104487900.00
2022-01-04,182.630005,182.940002,179.119995,179.699997,175.529999,99310400.00
2022-01-05,179.610001,180.169998,174.639999,174.919998,170.860901,94537600.00
2022-01-06,172.699997,175.300003,171.639999,172.000000,168.008698,96904000.00
2022-01-07,172.889999,174.139999,171.029999,172.169998,168.174728,86709100.00
2022-01-10,169.080002,172.500000,168.169998,172.190002,168.194275,106765600.00
2022-01-11,172.320007,175.179993,170.820007,175.080002,171.017227,76138300.00
2022-01-12,176.119995,177.179993,174.820007,175.529999,171.456711,74805200.00
2022-01-13,175.779999,176.619995,171.789993,172.190002,168.194275,84505800.00
2022-01-14,171.339996,173.779999,171.089996,173.070007,169.053848,80440800.00
2022-01-18,171.509995,172.539993,169.410004,169.800003,165.859726,90956700.00
2022-01-19,170.000000,171.080002,165.940002,166.229996,162.372589,94815000.00
2022-01-20,166.979996,169.679993,164.179993,164.509995,160.692459,91420500.00
2022-01-21,164.419998,166.330002,162.300003,162.410004,158.641235,122848900.00
2022-01-24,160.020004,162.300003,154.699997,161.619995,157.869553,162294600.00
2022-01-25,158.979996,162.759995,157.020004,159.779999,156.072250,115798400.00
2022-01-26,163.500000,164.389999,157.820007,159.690002,155.984360,108275300.00
2022-01-27,162.449997,163.839996,158.279999,159.220001,155.525208,121954600.00
2022-01-28,165.710007,170.350006,162.800003,170.330002,166.377396,179935700.00
2022-01-31,170.160004,175.000000,169.509995,174.779999,170.724152,115541600.00
2022-02-01,174.009995,174.839996,172.309998,174.610001,170.558121,86213900.00
2022-02-02,174.750000,175.880005,173.330002,175.839996,171.759552,84914300.00
2022-02-03,174.479996,176.240005,172.119995,172.899994,168.887802,89418100.00
2022-02-04,171.679993,174.100006,170.679993,172.389999,168.604187,82465400.00
2022-02-07,172.860001,173.949997,170.949997,171.660004,167.890198,77251200.00
2022-02-08,171.729996,175.350006,171.429993,174.830002,170.990601,74829200.00
2022-02-09,176.050003,176.649994,174.899994,176.279999,172.408737,71285000.00
2022-02-10,174.139999,175.479996,171.550003,172.119995,168.340118,90865900.00
2022-02-11,172.330002,173.080002,168.039993,168.639999,164.936554,98670700.00
2022-02-14,167.369995,169.580002,166.559998,168.880005,165.171249,86185500.00
2022-02-15,170.970001,172.949997,170.250000,172.789993,168.995361,62527400.00
2022-02-16,171.850006,173.339996,170.050003,172.550003,168.760651,61177400.00
2022-02-17,171.029999,171.910004,168.470001,168.880005,165.171249,69589300.00
2022-02-18,169.820007,170.539993,166.190002,167.300003,163.625977,82772700.00
2022-02-22,164.979996,166.690002,162.149994,164.320007,160.711395,91162800.00
2022-02-23,165.539993,166.149994,159.750000,160.070007,156.554749,90009200.00
2022-02-24,152.580002,162.850006,152.000000,162.740005,159.166092,141147500.00
2022-02-25,163.839996,165.119995,160.869995,164.850006,161.229752,91974200.00
2022-02-28,163.059998,165.419998,162.429993,165.119995,161.493835,95056600.00
2022-03-01,164.699997,166.600006,161.970001,163.199997,159.615997,83474400.00
2022-03-02,164.389999,167.360001,162.949997,166.559998,162.902191,79724800.00
2022-03-03,168.470001,168.910004,165.550003,166.229996,162.579437,76678400.00
2022-03-04,164.490005,165.550003,162.100006,163.169998,159.586655,83737200.00
2022-03-07,163.360001,165.020004,159.039993,159.300003,155.801636,96418800.00
2022-03-08,158.820007,162.880005,155.800003,157.440002,153.982498,131148300.00
2022-03-09,161.479996,163.410004,159.410004,162.949997,159.371490,91454900.00
2022-03-10,160.199997,160.389999,155.979996,158.520004,155.038773,105342000.00
2022-03-11,158.929993,159.279999,154.500000,154.729996,151.332001,96970100.00
2022-03-14,151.449997,154.119995,150.100006,150.619995,147.312241,108732100.00
2022-03-15,150.899994,155.570007,150.380005,155.089996,151.684097,92964300.00
2022-03-16,157.050003,160.000000,154.460007,159.589996,156.085281,102300200.00
2022-03-17,158.610001,161.000000,157.630005,160.619995,157.092651,75615400.00
2022-03-18,160.509995,164.479996,159.759995,163.979996,160.378860,123511700.00
2022-03-21,163.509995,166.350006,163.009995,165.380005,161.748123,95811400.00
2022-03-22,165.509995,169.419998,164.910004,168.820007,165.112579,81532000.00
2022-03-23,167.990005,172.639999,167.649994,170.210007,166.472031,98062700.00
2022-03-24,171.059998,174.139999,170.210007,174.070007,170.247284,90131400.00
2022-03-25,173.880005,175.279999,172.750000,174.720001,170.882996,80546200.00
2022-03-28,172.169998,175.729996,172.000000,175.600006,171.743652,90371900.00
2022-03-29,176.690002,179.009995,176.339996,178.960007,175.029907,100589400.00
2022-03-30,178.550003,179.610001,176.699997,177.770004,173.866028,92633200.00
2022-03-31,177.839996,178.029999,174.399994,174.610001,170.775406,103049300.00
2022-04-01,174.029999,174.880005,171.940002,174.309998,170.482010,78751300.00
2022-04-04,174.570007,178.490005,174.440002,178.440002,174.521332,76468400.00
2022-04-05,177.500000,178.300003,174.419998,175.059998,171.215500,73401800.00
2022-04-06,172.360001,173.630005,170.130005,171.830002,168.056458,89058800.00
2022-04-07,171.160004,173.360001,169.850006,172.139999,168.359650,77594700.00
2022-04-08,171.779999,171.779999,169.199997,170.089996,166.354706,76575500.00
2022-04-11,168.710007,169.029999,165.500000,165.750000,162.109985,72246700.00
2022-04-12,168.020004,169.869995,166.639999,167.660004,163.978043,79265200.00
2022-04-13,167.389999,171.039993,166.770004,170.399994,166.657852,70618900.00
2022-04-14,170.619995,171.270004,165.039993,165.289993,161.660095,75329400.00
2022-04-18,163.919998,166.600006,163.570007,165.070007,161.444931,69023900.00
2022-04-19,165.020004,167.820007,163.910004,167.399994,163.723724,67723800.00
2022-04-20,168.759995,168.880005,166.100006,167.229996,163.557480,67929800.00
2022-04-21,168.910004,171.529999,165.910004,166.419998,162.765244,87227800.00
2022-04-22,166.460007,167.869995,161.500000,161.789993,158.236954,84882400.00
2022-04-25,161.119995,163.169998,158.460007,162.880005,159.303024,96046400.00
2022-04-26,162.250000,162.339996,156.720001,156.800003,153.356522,95623200.00
2022-04-27,155.910004,159.789993,155.380005,156.570007,153.131577,88063200.00
2022-04-28,159.250000,164.520004,158.929993,163.639999,160.046295,130216800.00
2022-04-29,161.839996,166.199997,157.250000,157.649994,154.187836,131747600.00
2022-05-02,156.710007,158.229996,153.270004,157.960007,154.491058,123055300.00
2022-05-03,158.149994,160.710007,156.320007,159.479996,155.977692,88966500.00
2022-05-04,159.669998,166.479996,159.259995,166.020004,162.374054,108256500.00
2022-05-05,163.850006,164.080002,154.949997,156.770004,153.327179,130525300.00
2022-05-06,156.009995,159.440002,154.179993,157.279999,154.052002,116124600.00
2022-05-09,154.929993,155.830002,151.490005,152.059998,148.939133,131577900.00
2022-05-10,155.520004,156.740005,152.929993,154.509995,151.338821,115366700.00
2022-05-11,153.500000,155.449997,145.809998,146.500000,143.493256,142689800.00
2022-05-12,142.770004,146.199997,138.800003,142.559998,139.634125,182602000.00
2022-05-13,144.589996,148.100006,143.110001,147.110001,144.090729,113990900.00
2022-05-16,145.550003,147.520004,144.179993,145.539993,142.552963,86643800.00
2022-05-17,148.860001,149.770004,146.679993,149.240005,146.177048,78336300.00
2022-05-18,146.850006,147.360001,139.899994,140.820007,137.929840,109742900.00
2022-05-19,139.880005,141.660004,136.600006,137.350006,134.531052,136095600.00
2022-05-20,139.089996,140.699997,132.610001,137.589996,134.766129,137426100.00
2022-05-23,137.789993,143.259995,137.649994,143.110001,140.172821,117726300.00
2022-05-24,140.809998,141.970001,137.330002,140.360001,137.479294,104132700.00
2022-05-25,138.429993,141.789993,138.339996,140.520004,137.636017,92482700.00
2022-05-26,137.389999,144.339996,137.139999,143.779999,140.829086,90601500.00
2022-05-27,145.389999,149.679993,145.259995,149.639999,146.568802,90978500.00
2022-05-31,149.070007,150.660004,146.839996,148.839996,145.785248,103718400.00
2022-06-01,149.899994,151.740005,147.679993,148.710007,145.657898,74286600.00
2022-06-02,147.830002,151.270004,146.860001,151.210007,148.106583,72348100.00
2022-06-03,146.899994,147.970001,144.460007,145.380005,142.396225,88570300.00
2022-06-06,147.029999,148.570007,144.899994,146.139999,143.140625,71598400.00
2022-06-07,144.350006,149.000000,144.100006,148.710007,145.657898,67808200.00
2022-06-08,148.580002,149.869995,147.460007,147.960007,144.923294,53950200.00
2022-06-09,147.080002,147.949997,142.529999,142.639999,139.712479,69473000.00
2022-06-10,140.279999,140.759995,137.059998,137.130005,134.315613,91437900.00
2022-06-13,132.869995,135.199997,131.440002,131.880005,129.173340,122207100.00
2022-06-14,133.130005,133.889999,131.479996,132.759995,130.035248,84784300.00
2022-06-15,134.289993,137.339996,132.160004,135.429993,132.650452,91533000.00
2022-06-16,132.080002,132.389999,129.039993,130.059998,127.390656,108123900.00
2022-06-17,130.070007,133.080002,129.809998,131.559998,128.859863,134520300.00
2022-06-21,133.419998,137.059998,133.320007,135.869995,133.081421,81000500.00
2022-06-22,134.789993,137.759995,133.910004,135.350006,132.572113,73409200.00
2022-06-23,136.820007,138.589996,135.630005,138.270004,135.432144,72433800.00
2022-06-24,139.899994,141.910004,139.770004,141.660004,138.752579,89116800.00
2022-06-27,142.699997,143.490005,140.970001,141.660004,138.752579,70207900.00
2022-06-28,142.130005,143.419998,137.320007,137.440002,134.619232,67083400.00
2022-06-29,137.460007,140.669998,136.669998,139.229996,136.372437,66242400.00
2022-06-30,137.250000,138.369995,133.770004,136.720001,133.914001,98964500.00
2022-07-01,136.039993,139.039993,135.660004,138.929993,136.078598,71051600.00
2022-07-05,137.770004,141.610001,136.929993,141.559998,138.654648,73353800.00
2022-07-06,141.350006,144.119995,141.080002,142.919998,139.986740,74064300.00
2022-07-07,143.289993,146.550003,143.279999,146.350006,143.346298,66253700.00
2022-07-08,145.259995,147.550003,145.000000,147.039993,144.022156,64547800.00
2022-07-11,145.669998,146.639999,143.779999,144.869995,141.896698,63141600.00
2022-07-12,145.759995,148.449997,145.050003,145.860001,142.866348,77588800.00
2022-07-13,142.990005,146.449997,142.119995,145.490005,142.504044,71185600.00
2022-07-14,144.080002,148.949997,143.250000,148.470001,145.422821,78140700.00
2022-07-15,149.779999,150.860001,148.199997,150.169998,147.087936,76259900.00
2022-07-18,150.740005,151.570007,146.699997,147.070007,144.051590,81420900.00
2022-07-19,147.919998,151.229996,146.910004,151.000000,147.900925,82982400.00
2022-07-20,151.119995,153.720001,150.369995,153.039993,149.899017,64823400.00
2022-07-21,154.500000,155.570007,151.940002,155.350006,152.161652,65086600.00
2022-07-22,155.389999,156.279999,153.410004,154.089996,150.927475,66675400.00
2022-07-25,154.009995,155.039993,152.279999,152.949997,149.810867,53623900.00
2022-07-26,152.259995,153.089996,150.800003,151.600006,148.488586,55138700.00
2022-07-27,152.580002,157.330002,152.160004,156.789993,153.572052,78620700.00
2022-07-28,156.979996,157.639999,154.410004,157.350006,154.120575,81378700.00
2022-07-29,161.240005,163.630005,159.500000,162.509995,159.174667,101786900.00
2022-08-01,161.009995,163.589996,160.889999,161.509995,158.195190,67829400.00
2022-08-02,160.100006,162.410004,159.630005,160.009995,156.725967,59907000.00
2022-08-03,160.839996,166.589996,160.750000,166.130005,162.720367,82507500.00
2022-08-04,166.009995,167.190002,164.429993,165.809998,162.406937,55474100.00
2022-08-05,163.210007,165.850006,163.000000,165.350006,162.181381,56697000.00
2022-08-08,166.369995,167.809998,164.199997,164.869995,161.710541,60276900.00
2022-08-09,164.020004,165.820007,163.250000,164.919998,161.759598,63135500.00
2022-08-10,167.679993,169.339996,166.899994,169.240005,165.996811,70170500.00
2022-08-11,170.059998,170.990005,168.190002,168.490005,165.261185,57149200.00
2022-08-12,169.820007,172.169998,169.399994,172.100006,168.801971,68039400.00
2022-08-15,171.520004,173.389999,171.350006,173.190002,169.871094,54091700.00
2022-08-16,172.779999,173.710007,171.660004,173.029999,169.714157,56377100.00
2022-08-17,172.770004,176.149994,172.570007,174.550003,171.205032,79542000.00
2022-08-18,173.750000,174.899994,173.119995,174.149994,170.812698,62290100.00
2022-08-19,173.029999,173.740005,171.309998,171.520004,168.233109,70346300.00
2022-08-22,169.690002,169.860001,167.139999,167.570007,164.358826,69026800.00
2022-08-23,167.080002,168.710007,166.649994,167.229996,164.025330,54147100.00
2022-08-24,167.320007,168.110001,166.250000,167.529999,164.319580,53841500.00
2022-08-25,168.779999,170.139999,168.350006,170.029999,166.771683,51218200.00
2022-08-26,170.570007,171.050003,163.559998,163.619995,160.484497,78961000.00
2022-08-29,161.149994,162.899994,159.820007,161.380005,158.287445,73314000.00
2022-08-30,162.130005,162.559998,157.720001,158.910004,155.864746,77906200.00
2022-08-31,160.309998,160.580002,157.139999,157.220001,154.207123,87991100.00
2022-09-01,156.639999,158.419998,154.669998,157.960007,154.932983,74229900.00
2022-09-02,159.750000,160.360001,154.970001,155.809998,152.824173,76957800.00
2022-09-06,156.470001,157.089996,153.690002,154.529999,151.568710,73714800.00
2022-09-07,154.820007,156.669998,153.610001,155.960007,152.971298,87449600.00
2022-09-08,154.639999,156.360001,152.679993,154.460007,151.500076,84923800.00
2022-09-09,155.470001,157.820007,154.750000,157.369995,154.354263,68028800.00
2022-09-12,159.589996,164.259995,159.300003,163.429993,160.298111,104956000.00
2022-09-13,159.899994,160.539993,153.369995,153.839996,150.891876,122656600.00
2022-09-14,154.789993,157.100006,153.610001,155.309998,152.333710,87965400.00
2022-09-15,154.649994,155.240005,151.380005,152.369995,149.450089,90481100.00
2022-09-16,151.210007,151.350006,148.369995,150.699997,147.812088,162278800.00
2022-09-19,149.309998,154.559998,149.100006,154.479996,151.519623,81474200.00
2022-09-20,153.399994,158.080002,153.080002,156.899994,153.893280,107689800.00
2022-09-21,157.339996,158.740005,153.600006,153.720001,150.774216,101696800.00
2022-09-22,152.380005,154.470001,150.910004,152.740005,149.813004,86652500.00
2022-09-23,151.190002,151.470001,148.559998,150.429993,147.547241,96029900.00
2022-09-26,149.660004,153.770004,149.639999,150.770004,147.880753,93339400.00
2022-09-27,152.740005,154.720001,149.949997,151.759995,148.851746,84442700.00
2022-09-28,147.639999,150.639999,144.839996,149.839996,146.968567,146691400.00
2022-09-29,146.100006,146.720001,140.679993,142.479996,139.749588,128138200.00
2022-09-30,141.279999,143.100006,138.000000,138.199997,135.551605,124925300.00
2022-10-03,138.210007,143.070007,137.690002,142.449997,139.720169,114311700.00
2022-10-04,145.029999,146.220001,144.259995,146.100006,143.300262,87830100.00
2022-10-05,144.070007,147.380005,143.009995,146.399994,143.594482,79471000.00
2022-10-06,145.809998,147.539993,145.220001,145.429993,142.643066,68402200.00
2022-10-07,142.539993,143.100006,139.449997,140.089996,137.405396,85925600.00
2022-10-10,140.419998,141.889999,138.570007,140.419998,137.729080,74899000.00
2022-10-11,139.899994,141.350006,138.220001,138.979996,136.316666,77033700.00
2022-10-12,139.130005,140.360001,138.160004,138.339996,135.688919,70433700.00
2022-10-13,134.990005,143.589996,134.369995,142.990005,140.249863,113224000.00
2022-10-14,144.309998,144.520004,138.190002,138.380005,135.728180,88598000.00
2022-10-17,141.070007,142.899994,140.270004,142.410004,139.680954,85250900.00
2022-10-18,145.490005,146.699997,140.610001,143.750000,140.995300,99136600.00
2022-10-19,141.690002,144.949997,141.500000,143.860001,141.103180,61758300.00
2022-10-20,143.020004,145.889999,142.649994,143.389999,140.642166,64522000.00
2022-10-21,142.869995,147.850006,142.649994,147.270004,144.447800,86548600.00
2022-10-24,147.190002,150.229996,146.000000,149.449997,146.586060,75981900.00
2022-10-25,150.089996,152.490005,149.360001,152.339996,149.420654,74732300.00
2022-10-26,150.960007,151.990005,148.039993,149.350006,146.487976,88194300.00
2022-10-27,148.070007,149.050003,144.130005,144.800003,142.025162,109180200.00
2022-10-28,148.199997,157.500000,147.820007,155.740005,152.755493,164762400.00
2022-10-31,153.160004,154.240005,151.919998,153.339996,150.401489,97943200.00
2022-11-01,155.080002,155.449997,149.130005,150.649994,147.763062,80379300.00
2022-11-02,148.949997,152.169998,145.000000,145.029999,142.250717,93604600.00
2022-11-03,142.059998,142.800003,138.750000,138.880005,136.218582,97918500.00
2022-11-04,142.089996,142.669998,134.380005,138.380005,135.953323,140814800.00
2022-11-07,137.110001,139.149994,135.669998,138.919998,136.483841,83374600.00
2022-11-08,140.410004,141.429993,137.490005,139.500000,137.053680,89908500.00
2022-11-09,138.500000,138.550003,134.589996,134.869995,132.504898,74917800.00
2022-11-10,141.240005,146.869995,139.500000,146.869995,144.294449,118854000.00
2022-11-11,145.820007,150.009995,144.369995,149.699997,147.074829,93979700.00
2022-11-14,148.970001,150.279999,147.429993,148.279999,145.679718,73374100.00
2022-11-15,152.220001,153.589996,148.559998,150.039993,147.408844,89868300.00
2022-11-16,149.130005,149.869995,147.289993,148.789993,146.180756,64218300.00
2022-11-17,146.429993,151.479996,146.149994,150.720001,148.076950,80389400.00
2022-11-18,152.309998,152.699997,149.970001,151.289993,148.636917,74829600.00
2022-11-21,150.160004,150.369995,147.720001,148.009995,145.414459,58724100.00
2022-11-22,148.130005,150.419998,146.929993,150.179993,147.546371,51804100.00
2022-11-23,149.449997,151.830002,149.339996,151.070007,148.420837,58301400.00
2022-11-25,148.309998,148.880005,147.119995,148.110001,145.512680,35195900.00
2022-11-28,145.139999,146.639999,143.380005,144.220001,141.690948,69246000.00
2022-11-29,144.289993,144.809998,140.350006,141.169998,138.694397,83763800.00
2022-11-30,141.399994,148.720001,140.550003,148.029999,145.434113,111380900.00
2022-12-01,148.210007,149.130005,146.610001,148.309998,145.709183,71250400.00
2022-12-02,145.960007,148.000000,145.649994,147.809998,145.217987,65447400.00
2022-12-05,147.770004,150.919998,145.770004,146.630005,144.058655,68826400.00
2022-12-06,147.070007,147.300003,141.919998,142.910004,140.403915,64727200.00
2022-12-07,142.190002,143.369995,140.000000,140.940002,138.468460,69721100.00
2022-12-08,142.360001,143.520004,141.100006,142.649994,140.148407,62128300.00
2022-12-09,142.339996,145.570007,140.899994,142.160004,139.667038,76097000.00
2022-12-12,142.699997,144.500000,141.059998,144.490005,141.956238,70462700.00
2022-12-13,149.500000,149.970001,144.240005,145.470001,142.919022,93886200.00
2022-12-14,145.350006,146.660004,141.160004,143.210007,140.698624,82291200.00
2022-12-15,141.110001,141.800003,136.029999,136.500000,134.106323,98931900.00
2022-12-16,136.690002,137.649994,133.729996,134.509995,132.151184,160156900.00
2022-12-19,135.110001,135.199997,131.320007,132.369995,130.048721,79592600.00
2022-12-20,131.389999,133.250000,129.889999,132.300003,129.979965,77432800.00
2022-12-21,132.979996,136.809998,132.750000,135.449997,133.074692,85928000.00
2022-12-22,134.350006,134.559998,130.300003,132.229996,129.911179,77852100.00
2022-12-23,130.919998,132.419998,129.639999,131.860001,129.547668,63814900.00
2022-12-27,131.380005,131.410004,128.720001,130.029999,127.749748,69007800.00
2022-12-28,129.669998,131.029999,125.870003,126.040001,123.829727,85438400.00
2022-12-29,127.989998,130.479996,127.730003,129.610001,127.337120,75703700.00
2022-12-30,128.410004,129.949997,127.430000,129.929993,127.651505,77034200.00
2023-01-03,130.279999,130.899994,124.169998,125.070000,122.876747,112117500.00
2023-01-04,126.889999,128.660004,125.080002,126.360001,124.144119,89113600.00
2023-01-05,127.129997,127.769997,124.760002,125.019997,122.827606,80962700.00
2023-01-06,126.010002,130.289993,124.889999,129.619995,127.346947,87754700.00
2023-01-09,130.470001,133.410004,129.889999,130.149994,127.867661,70790800.00
2023-01-10,130.259995,131.259995,128.119995,130.729996,128.437485,63896200.00
2023-01-11,131.250000,133.509995,130.460007,133.490005,131.149094,69458900.00
2023-01-12,133.880005,134.259995,131.440002,133.410004,131.070496,71379600.00
2023-01-13,132.029999,134.919998,131.660004,134.759995,132.396820,57809700.00
2023-01-17,134.830002,137.289993,134.130005,135.940002,133.556137,63646600.00
2023-01-18,136.820007,138.610001,135.029999,135.210007,132.838913,69672800.00
2023-01-19,134.080002,136.250000,133.770004,135.270004,132.897873,58280400.00
2023-01-20,135.279999,138.020004,134.220001,137.869995,135.452271,80223600.00
2023-01-23,138.119995,143.320007,137.899994,141.110001,138.635468,81760300.00
2023-01-24,140.309998,143.160004,140.300003,142.529999,140.030563,66435100.00
2023-01-25,140.889999,142.429993,138.809998,141.860001,139.372330,65799300.00
2023-01-26,143.169998,144.250000,141.899994,143.960007,141.435471,54105100.00
2023-01-27,143.160004,147.229996,143.080002,145.929993,143.370926,70555800.00
2023-01-30,144.960007,145.550003,142.850006,143.000000,140.492294,64015300.00
2023-01-31,142.699997,144.339996,142.279999,144.289993,141.759705,65874500.00
2023-02-01,143.970001,146.610001,141.320007,145.429993,142.879700,77663600.00
2023-02-02,148.899994,151.179993,148.169998,150.820007,148.175217,118339000.00
2023-02-03,148.029999,157.380005,147.830002,154.500000,151.790634,154357300.00
2023-02-06,152.570007,153.100006,150.779999,151.729996,149.069229,69858300.00
2023-02-07,150.639999,155.229996,150.639999,154.649994,151.938019,83322600.00
2023-02-08,153.880005,154.580002,151.169998,151.919998,149.255905,64120100.00
2023-02-09,153.779999,154.330002,150.419998,150.869995,148.224304,56007100.00
2023-02-10,149.460007,151.339996,149.220001,151.009995,148.588364,57450700.00
2023-02-13,150.949997,154.259995,150.919998,153.850006,151.382858,62199000.00
2023-02-14,152.119995,153.770004,150.860001,153.199997,150.743256,61707600.00
2023-02-15,153.110001,155.500000,152.880005,155.330002,152.839111,65573800.00
2023-02-16,153.509995,156.330002,153.350006,153.710007,151.245071,68167900.00
2023-02-17,152.350006,153.000000,150.850006,152.550003,150.103683,59144100.00
2023-02-21,150.199997,151.300003,148.410004,148.479996,146.098953,58867200.00
2023-02-22,148.869995,149.949997,147.160004,148.910004,146.522095,51011300.00
2023-02-23,150.089996,150.339996,147.240005,149.399994,147.004211,48394200.00
2023-02-24,147.110001,147.190002,145.720001,146.710007,144.357315,55469600.00
2023-02-27,147.710007,149.169998,147.449997,147.919998,145.547958,44998500.00
2023-02-28,147.050003,149.080002,146.830002,147.410004,145.046082,50547000.00
2023-03-01,146.830002,147.229996,145.009995,145.309998,142.979767,55479000.00
2023-03-02,144.380005,146.710007,143.899994,145.910004,143.570175,52238100.00
2023-03-03,148.039993,151.110001,147.330002,151.029999,148.608047,70732300.00
2023-03-06,153.789993,156.300003,153.460007,153.830002,151.363159,87558000.00
2023-03-07,153.699997,154.029999,151.130005,151.600006,149.168900,56182000.00
2023-03-08,152.809998,153.470001,151.830002,152.869995,150.418549,47204800.00
2023-03-09,153.559998,154.539993,150.229996,150.589996,148.175110,53833600.00
2023-03-10,150.210007,150.940002,147.610001,148.500000,146.118622,68572400.00
2023-03-13,147.809998,153.139999,147.699997,150.470001,148.057037,84457100.00
2023-03-14,151.279999,153.399994,150.100006,152.589996,150.143005,73695900.00
2023-03-15,151.190002,153.250000,149.919998,152.990005,150.536636,77167900.00
2023-03-16,152.160004,156.460007,151.639999,155.850006,153.350769,76161100.00
2023-03-17,156.080002,156.740005,154.279999,155.000000,152.514374,98944600.00
2023-03-20,155.070007,157.820007,154.149994,157.399994,154.875931,73641400.00
2023-03-21,157.320007,159.399994,156.539993,159.279999,156.725769,73938300.00
2023-03-22,159.300003,162.139999,157.809998,157.830002,155.299026,75701800.00
2023-03-23,158.830002,161.550003,157.679993,158.929993,156.381393,67622100.00
2023-03-24,158.860001,160.339996,157.850006,160.250000,157.680191,59196500.00
2023-03-27,159.940002,160.770004,157.869995,158.279999,155.741776,52390300.00
2023-03-28,157.970001,158.490005,155.979996,157.649994,155.121887,45992200.00
2023-03-29,159.369995,161.050003,159.350006,160.770004,158.191849,51305700.00
2023-03-30,161.529999,162.470001,161.270004,162.360001,159.756378,49501700.00
2023-03-31,162.440002,165.000000,161.910004,164.899994,162.255615,68749800.00
2023-04-03,164.270004,166.289993,164.220001,166.169998,163.505249,56976200.00
2023-04-04,166.600006,166.839996,165.110001,165.630005,162.973953,46278300.00
2023-04-05,164.740005,165.050003,161.800003,163.759995,161.133896,51511700.00
2023-04-06,162.429993,164.960007,162.000000,164.660004,162.019485,45390100.00
2023-04-10,161.419998,162.029999,160.080002,162.029999,159.431656,47716900.00
2023-04-11,162.350006,162.360001,160.509995,160.800003,158.221390,47644200.00
2023-04-12,161.220001,162.059998,159.779999,160.100006,157.532623,50133100.00
2023-04-13,161.630005,165.800003,161.419998,165.559998,162.905060,68445600.00
2023-04-14,164.589996,166.320007,163.820007,165.210007,162.560669,49386500.00
2023-04-17,165.089996,165.389999,164.029999,165.229996,162.580338,41516200.00
2023-04-18,166.100006,167.410004,165.649994,166.470001,163.800461,49923000.00
2023-04-19,165.800003,168.160004,165.539993,167.630005,164.941864,47720200.00
2023-04-20,166.089996,167.869995,165.559998,166.649994,163.977554,52456400.00
2023-04-21,165.050003,166.449997,164.490005,165.020004,162.373718,58337300.00
2023-04-24,165.000000,165.600006,163.889999,165.330002,162.678726,41949600.00
2023-04-25,165.190002,166.309998,163.729996,163.770004,161.143753,48714100.00
2023-04-26,163.059998,165.279999,162.800003,163.759995,161.133896,45498800.00
2023-04-27,165.190002,168.559998,165.190002,168.410004,165.709351,64902300.00
2023-04-28,168.490005,169.850006,167.880005,169.679993,166.958984,55275900.00
2023-05-01,169.279999,170.449997,168.639999,169.589996,166.870407,52472900.00
2023-05-02,170.089996,170.350006,167.539993,168.539993,165.837280,48425700.00
2023-05-03,169.500000,170.919998,167.160004,167.449997,164.764740,65136000.00
2023-05-04,164.889999,167.039993,164.309998,165.789993,163.131363,81235400.00
2023-05-05,170.979996,174.300003,170.759995,173.570007,170.786606,113453200.00
2023-05-08,172.479996,173.850006,172.110001,173.500000,170.717743,55962800.00
2023-05-09,173.050003,173.539993,171.600006,171.770004,169.015488,45326900.00
2023-05-10,173.020004,174.029999,171.899994,173.559998,170.776764,53724500.00
2023-05-11,173.850006,174.589996,172.169998,173.750000,170.963684,49514700.00
2023-05-12,173.619995,174.059998,171.000000,172.570007,170.037506,45533100.00
2023-05-15,173.160004,173.210007,171.470001,172.070007,169.544846,37266700.00
2023-05-16,171.990005,173.139999,171.800003,172.070007,169.544846,42110300.00
2023-05-17,171.710007,172.929993,170.419998,172.690002,170.155762,57951600.00
2023-05-18,173.000000,175.240005,172.580002,175.050003,172.481125,65496700.00
2023-05-19,176.389999,176.389999,174.940002,175.160004,172.589508,55809500.00
2023-05-22,173.979996,174.710007,173.449997,174.199997,171.643600,43570900.00
2023-05-23,173.130005,173.380005,171.279999,171.559998,169.042343,50747300.00
2023-05-24,171.089996,172.419998,170.520004,171.839996,169.318237,45143500.00
2023-05-25,172.410004,173.899994,171.690002,172.990005,170.451340,56058300.00
2023-05-26,173.320007,175.770004,173.110001,175.429993,172.855530,54835000.00
2023-05-30,176.960007,178.990005,176.570007,177.300003,174.698090,55964400.00
2023-05-31,177.330002,179.350006,176.759995,177.250000,174.648819,99625300.00
2023-06-01,177.699997,180.119995,176.929993,180.089996,177.447159,68901800.00
2023-06-02,181.029999,181.779999,179.259995,180.949997,178.294525,61996900.00
2023-06-05,182.630005,184.949997,178.039993,179.580002,176.944626,121946500.00
2023-06-06,179.970001,180.119995,177.429993,179.210007,176.580063,64848400.00
2023-06-07,178.440002,181.210007,177.320007,177.820007,175.210480,61944600.00
2023-06-08,177.899994,180.839996,177.460007,180.570007,177.920090,50214900.00
2023-06-09,181.500000,182.229996,180.630005,180.960007,178.304398,48900000.00
2023-06-12,181.270004,183.889999,180.970001,183.789993,181.092850,54274900.00
2023-06-13,182.800003,184.149994,182.440002,183.309998,180.619873,54929100.00
2023-06-14,183.369995,184.389999,182.020004,183.949997,181.250488,57462900.00
2023-06-15,183.960007,186.520004,183.779999,186.009995,183.280289,65433200.00
2023-06-16,186.729996,186.990005,184.270004,184.919998,182.206253,101256200.00
2023-06-20,184.410004,186.100006,184.410004,185.009995,182.294952,49799100.00
2023-06-21,184.899994,185.410004,182.589996,183.960007,181.260345,49515700.00
2023-06-22,183.740005,187.050003,183.669998,187.000000,184.255722,51245300.00
2023-06-23,185.550003,187.559998,185.009995,186.679993,183.940445,53117000.00
2023-06-26,186.830002,188.050003,185.229996,185.270004,182.551132,48088700.00
2023-06-27,185.889999,188.389999,185.669998,188.059998,185.300186,50730800.00
2023-06-28,187.929993,189.899994,187.600006,189.250000,186.472702,51216800.00
2023-06-29,189.080002,190.070007,188.940002,189.589996,186.807739,46347300.00
2023-06-30,191.630005,194.479996,191.259995,193.970001,191.123459,85213200.00
2023-07-03,193.779999,193.880005,191.759995,192.460007,189.635605,31458200.00
2023-07-05,191.570007,192.979996,190.619995,191.330002,188.522202,46920300.00
2023-07-06,189.839996,192.020004,189.199997,191.809998,188.995132,45094300.00
2023-07-07,191.410004,192.669998,190.240005,190.679993,187.881729,46815000.00
2023-07-10,189.259995,189.990005,187.039993,188.610001,185.842117,59922200.00
2023-07-11,189.160004,189.300003,186.600006,188.080002,185.319901,46638100.00
2023-07-12,189.679993,191.699997,188.470001,189.770004,186.985123,60750200.00
2023-07-13,190.500000,191.190002,189.779999,190.539993,187.743790,41342300.00
2023-07-14,190.229996,191.179993,189.630005,190.690002,187.891602,41616200.00
2023-07-17,191.899994,194.320007,191.809998,193.990005,191.143143,50520200.00
2023-07-18,193.350006,194.330002,192.419998,193.729996,190.886963,48288200.00
2023-07-19,193.100006,198.229996,192.649994,195.100006,192.236862,80507300.00
2023-07-20,195.089996,196.470001,192.500000,193.130005,190.295792,59581200.00
2023-07-21,194.100006,194.970001,191.229996,191.940002,189.123245,71951700.00
2023-07-24,193.410004,194.910004,192.250000,192.750000,189.921387,45377800.00
2023-07-25,193.330002,194.440002,192.919998,193.619995,190.778595,37283200.00
2023-07-26,193.669998,195.639999,193.320007,194.500000,191.645676,47471900.00
2023-07-27,196.020004,197.199997,192.550003,193.220001,190.384460,47460200.00
2023-07-28,194.669998,196.630005,194.139999,195.830002,192.956192,48291400.00
2023-07-31,196.059998,196.490005,195.259995,196.449997,193.567047,38824100.00
2023-08-01,196.240005,196.729996,195.279999,195.610001,192.739365,35175100.00
2023-08-02,195.039993,195.179993,191.850006,192.580002,189.753876,50389300.00
2023-08-03,191.570007,192.369995,190.690002,191.169998,188.364563,61235200.00
2023-08-04,185.520004,187.380005,181.919998,181.990005,179.319275,115956800.00
2023-08-07,182.130005,183.130005,177.350006,178.850006,176.225372,97576100.00
2023-08-08,179.690002,180.270004,177.580002,179.800003,177.161407,67823000.00
2023-08-09,180.869995,180.929993,177.009995,178.190002,175.575058,60378500.00
2023-08-10,179.479996,180.750000,177.600006,177.970001,175.358276,54686900.00
2023-08-11,177.320007,178.619995,176.550003,177.789993,175.417435,52036700.00
2023-08-14,177.970001,179.690002,177.309998,179.460007,177.065155,43675600.00
2023-08-15,178.880005,179.479996,177.050003,177.449997,175.082001,43622600.00
2023-08-16,177.130005,178.539993,176.500000,176.570007,174.213745,46964900.00
2023-08-17,177.139999,177.509995,173.479996,174.000000,171.678024,66062900.00
2023-08-18,172.300003,175.100006,171.960007,174.490005,172.161499,61172200.00
2023-08-21,175.070007,176.130005,173.740005,175.839996,173.493484,46311900.00
2023-08-22,177.059998,177.679993,176.250000,177.229996,174.864914,42038900.00
2023-08-23,178.520004,181.550003,178.330002,181.119995,178.703018,52722800.00
2023-08-24,180.669998,181.100006,176.009995,176.380005,174.026260,54945800.00
2023-08-25,177.380005,179.149994,175.820007,178.610001,176.226501,51449600.00
2023-08-28,180.089996,180.589996,178.550003,180.190002,177.785431,43820700.00
2023-08-29,179.699997,184.899994,179.500000,184.119995,181.662979,53003900.00
2023-08-30,184.940002,187.850006,184.740005,187.649994,185.145889,60813900.00
2023-08-31,187.839996,189.119995,187.479996,187.869995,185.362946,60794500.00
2023-09-01,189.490005,189.919998,188.279999,189.460007,186.931732,45766500.00
2023-09-05,188.279999,189.979996,187.610001,189.699997,187.168518,45280000.00
2023-09-06,188.399994,188.850006,181.470001,182.910004,180.469131,81755800.00
2023-09-07,175.179993,178.210007,173.539993,177.559998,175.190521,112488800.00
2023-09-08,178.350006,180.240005,177.789993,178.179993,175.802261,65551300.00
2023-09-11,180.070007,180.300003,177.339996,179.360001,176.966492,58953100.00
2023-09-12,179.490005,180.130005,174.820007,176.300003,173.947311,90370200.00
2023-09-13,176.509995,177.300003,173.979996,174.210007,171.885254,84267900.00
2023-09-14,174.000000,176.100006,173.580002,175.740005,173.394806,60895800.00
2023-09-15,176.479996,176.500000,173.820007,175.009995,172.674545,109259500.00
2023-09-18,176.479996,179.380005,176.169998,177.970001,175.595062,67257600.00
2023-09-19,177.520004,179.630005,177.130005,179.070007,176.680389,51826900.00
2023-09-20,179.259995,179.699997,175.399994,175.490005,173.148163,58436200.00
2023-09-21,174.550003,176.300003,173.860001,173.929993,171.608963,63149100.00
2023-09-22,174.669998,177.080002,174.050003,174.789993,172.457504,56725400.00
2023-09-25,174.199997,176.970001,174.149994,176.080002,173.730255,46172700.00
2023-09-26,174.820007,175.199997,171.660004,171.960007,169.665268,64588900.00
2023-09-27,172.619995,173.039993,169.050003,170.429993,168.155655,66921800.00
2023-09-28,169.339996,172.029999,167.619995,170.690002,168.412216,56294400.00
2023-09-29,172.020004,173.070007,170.339996,171.210007,168.925278,51861100.00
2023-10-02,171.220001,174.300003,170.929993,173.750000,171.431351,52164500.00
2023-10-03,172.259995,173.630005,170.820007,172.399994,170.099365,49594600.00
2023-10-04,171.089996,174.210007,170.970001,173.660004,171.342590,53020300.00
2023-10-05,173.789993,175.449997,172.679993,174.910004,172.575882,48527900.00
2023-10-06,173.800003,177.990005,173.179993,177.490005,175.121475,57266700.00
2023-10-09,176.809998,179.050003,175.800003,178.990005,176.601486,42390800.00
2023-10-10,178.100006,179.720001,177.949997,178.389999,176.009476,43698000.00
2023-10-11,178.199997,179.850006,177.600006,179.800003,177.400635,47551100.00
2023-10-12,180.070007,182.339996,179.039993,180.710007,178.298492,56743100.00
2023-10-13,181.419998,181.929993,178.139999,178.850006,176.463348,51427100.00
2023-10-16,176.750000,179.080002,176.509995,178.720001,176.335083,52517000.00
2023-10-17,176.649994,178.419998,174.800003,177.149994,174.785980,57549400.00
2023-10-18,175.580002,177.580002,175.110001,175.839996,173.493484,54764400.00
2023-10-19,176.039993,177.839996,175.190002,175.460007,173.118530,59302900.00
2023-10-20,175.309998,175.419998,172.639999,172.880005,170.572998,64244000.00
2023-10-23,170.910004,174.009995,169.929993,173.000000,170.691391,55980100.00
2023-10-24,173.050003,173.669998,171.449997,173.440002,171.125504,43816600.00
2023-10-25,171.880005,173.059998,170.649994,171.100006,168.816727,57157000.00
2023-10-26,170.369995,171.380005,165.669998,166.889999,164.662918,70625300.00
2023-10-27,166.910004,168.960007,166.830002,168.220001,165.975159,58499100.00
2023-10-30,169.020004,171.169998,168.869995,170.289993,168.017532,51131000.00
2023-10-31,169.350006,170.899994,167.899994,170.770004,168.491150,44846000.00
2023-11-01,171.000000,174.229996,170.119995,173.970001,171.648438,56934900.00
2023-11-02,175.520004,177.779999,175.460007,177.570007,175.200394,77334800.00
2023-11-03,174.240005,176.820007,173.350006,176.649994,174.292633,79829200.00
2023-11-06,176.380005,179.429993,176.210007,179.229996,176.838242,63841300.00
2023-11-07,179.179993,182.440002,178.970001,181.820007,179.393692,70530000.00
2023-11-08,182.350006,183.449997,181.589996,182.889999,180.449402,49340300.00
2023-11-09,182.960007,184.119995,181.809998,182.410004,179.975815,53763500.00
2023-11-10,183.970001,186.570007,183.529999,186.399994,184.154831,66133400.00
2023-11-13,185.820007,186.029999,184.210007,184.800003,182.574142,43627500.00
2023-11-14,187.699997,188.110001,186.300003,187.440002,185.182358,60108400.00
2023-11-15,187.850006,189.500000,187.779999,188.009995,185.745453,53790500.00
2023-11-16,189.570007,190.960007,188.649994,189.710007,187.424988,54412900.00
2023-11-17,190.250000,190.380005,188.570007,189.690002,187.405243,50922700.00
2023-11-20,189.889999,191.910004,189.880005,191.449997,189.144043,46505100.00
2023-11-21,191.410004,191.520004,189.740005,190.639999,188.343796,38134500.00
2023-11-22,191.490005,192.929993,190.830002,191.309998,189.005722,39617700.00
2023-11-24,190.869995,190.899994,189.250000,189.970001,187.681870,24048300.00
2023-11-27,189.919998,190.669998,188.899994,189.789993,187.504028,40552600.00
2023-11-28,189.779999,191.080002,189.399994,190.399994,188.106705,38415400.00
2023-11-29,190.899994,192.089996,188.970001,189.369995,187.089081,43014200.00
2023-11-30,189.839996,190.320007,188.190002,189.949997,187.662094,48794400.00
2023-12-01,190.330002,191.559998,189.229996,191.240005,188.936554,45704800.00
2023-12-04,189.979996,190.050003,187.449997,189.429993,187.148361,43389500.00
2023-12-05,190.210007,194.399994,190.179993,193.419998,191.090302,66628400.00
2023-12-06,194.449997,194.759995,192.110001,192.320007,190.003571,41089700.00
2023-12-07,193.630005,195.000000,193.589996,194.270004,191.930069,47477700.00
2023-12-08,194.199997,195.990005,193.669998,195.710007,193.352737,53406400.00
2023-12-11,193.110001,193.490005,191.419998,193.179993,190.853180,60943700.00
2023-12-12,193.080002,194.720001,191.720001,194.710007,192.364777,52696900.00
2023-12-13,195.089996,198.000000,194.850006,197.960007,195.575623,70404200.00
2023-12-14,198.020004,199.619995,196.160004,198.110001,195.723801,66831600.00
2023-12-15,197.529999,198.399994,197.000000,197.570007,195.190308,128538400.00
2023-12-18,196.089996,196.630005,194.389999,195.889999,193.530548,55751900.00
2023-12-19,196.160004,196.949997,195.889999,196.940002,194.567917,40714100.00
2023-12-20,196.899994,197.679993,194.830002,194.830002,192.483337,52242800.00
2023-12-21,196.100006,197.080002,193.500000,194.679993,192.335114,46482500.00
2023-12-22,195.179993,195.410004,192.970001,193.600006,191.268127,37149600.00
2023-12-26,193.610001,193.889999,192.830002,193.050003,190.724762,28919300.00
2023-12-27,192.490005,193.500000,191.089996,193.149994,190.823532,48087700.00
2023-12-28,194.139999,194.660004,193.169998,193.580002,191.248367,34049900.00
2023-12-29,193.899994,194.399994,191.729996,192.529999,190.211014,42672100.00
2024-01-02,187.149994,188.440002,183.889999,185.639999,183.404007,82488700.00
2024-01-03,184.220001,185.880005,183.429993,184.250000,182.030762,58414500.00
2024-01-04,182.149994,183.089996,180.880005,181.910004,179.718933,71983600.00
2024-01-05,181.990005,182.759995,180.169998,181.179993,178.997711,62379700.00
2024-01-08,182.089996,185.600006,181.500000,185.559998,183.324982,59144500.00
2024-01-09,183.919998,185.149994,182.729996,185.139999,182.910049,42841800.00
2024-01-10,184.350006,186.399994,183.919998,186.190002,183.947372,46792900.00
2024-01-11,186.539993,187.050003,183.619995,185.589996,183.354584,49128400.00
2024-01-12,186.059998,186.740005,185.190002,185.919998,183.680618,40477800.00
2024-01-16,182.160004,184.259995,180.929993,183.630005,181.418259,65603000.00
2024-01-17,181.270004,182.929993,180.300003,182.679993,180.479660,47317400.00
2024-01-18,186.089996,189.139999,185.830002,188.630005,186.358002,78005800.00
2024-01-19,189.330002,191.949997,188.820007,191.559998,189.252686,68903000.00
2024-01-22,192.300003,195.330002,192.259995,193.889999,191.554642,60133900.00
2024-01-23,195.020004,195.750000,193.830002,195.179993,192.829086,42355600.00
2024-01-24,195.419998,196.380005,194.339996,194.500000,192.157288,53631300.00
2024-01-25,195.220001,196.270004,193.110001,194.169998,191.831253,54822100.00
2024-01-26,194.270004,194.759995,191.940002,192.419998,190.102356,44594000.00
2024-01-29,192.009995,192.199997,189.580002,191.729996,189.420654,47145600.00
2024-01-30,190.940002,191.800003,187.470001,188.039993,185.775101,55859400.00
2024-01-31,187.039993,187.100006,184.350006,184.399994,182.178940,55467800.00
2024-02-01,183.990005,186.949997,183.820007,186.860001,184.609329,64885400.00
2024-02-02,179.860001,187.330002,179.250000,185.850006,183.611465,102551700.00
2024-02-05,188.149994,189.250000,185.839996,187.679993,185.419434,69668800.00
2024-02-06,186.860001,189.309998,186.770004,189.300003,187.019913,43490800.00
2024-02-07,190.639999,191.050003,188.610001,189.410004,187.128601,53439000.00
2024-02-08,189.389999,189.539993,187.350006,188.320007,186.051758,40962000.00
2024-02-09,188.649994,189.990005,188.000000,188.850006,186.813431,45155200.00
2024-02-12,188.419998,188.669998,186.789993,187.149994,185.131760,41781900.00
2024-02-13,185.770004,186.210007,183.509995,185.039993,183.044495,56529500.00
2024-02-14,185.320007,185.529999,182.440002,184.149994,182.164124,54630500.00
2024-02-15,183.550003,184.490005,181.350006,183.860001,181.877258,65434500.00
2024-02-16,183.419998,184.850006,181.669998,182.309998,180.343933,49752500.00
2024-02-20,181.789993,182.429993,180.000000,181.559998,179.602051,53665600.00
2024-02-21,181.940002,182.889999,180.660004,182.320007,180.353867,41371400.00
2024-02-22,183.479996,184.960007,182.460007,184.369995,182.381699,52292200.00
2024-02-23,185.009995,185.039993,182.229996,182.520004,180.551697,45119700.00
2024-02-26,182.240005,182.759995,180.649994,181.160004,179.206345,40867400.00
2024-02-27,181.100006,183.919998,179.559998,182.630005,180.660492,54318900.00
2024-02-28,182.509995,183.119995,180.130005,181.419998,179.463577,48953900.00
2024-02-29,181.270004,182.570007,179.529999,180.750000,178.800766,136682600.00
2024-03-01,179.550003,180.529999,177.380005,179.660004,177.722519,73563100.00
2024-03-04,176.149994,176.899994,173.789993,175.100006,173.211716,81510100.00
2024-03-05,170.759995,172.039993,169.619995,170.119995,168.285385,95132400.00
2024-03-06,171.059998,171.240005,168.679993,169.119995,167.296173,68587700.00
2024-03-07,169.149994,170.729996,168.490005,169.000000,167.177490,71765100.00
2024-03-08,169.000000,173.699997,168.940002,170.729996,168.888840,76267000.00
2024-03-11,172.940002,174.380005,172.050003,172.750000,170.887039,60139500.00
2024-03-12,173.149994,174.029999,171.009995,173.229996,171.361862,59825400.00
2024-03-13,172.770004,173.190002,170.759995,171.130005,169.284515,52488700.00
2024-03-14,172.910004,174.309998,172.050003,173.000000,171.134369,72913500.00
2024-03-15,171.169998,172.619995,170.289993,172.619995,170.758453,121752700.00
2024-03-18,175.570007,177.710007,173.520004,173.720001,171.846588,75604200.00
2024-03-19,174.339996,176.610001,173.029999,176.080002,174.181152,55215200.00
2024-03-20,175.720001,178.669998,175.089996,178.669998,176.743240,53423100.00
2024-03-21,177.050003,177.490005,170.839996,171.369995,169.521912,106181300.00
2024-03-22,171.759995,173.050003,170.059998,172.279999,170.422119,71160100.00
2024-03-25,170.570007,171.940002,169.449997,170.850006,169.007538,54288300.00
2024-03-26,170.000000,171.419998,169.580002,169.710007,167.879822,57388400.00
2024-03-27,170.410004,173.600006,170.110001,173.309998,171.440994,60273300.00
2024-03-28,171.750000,172.229996,170.509995,171.479996,169.630737,65672700.00
2024-04-01,171.190002,171.250000,169.479996,170.029999,168.196381,46240500.00
2024-04-02,169.080002,169.339996,168.229996,168.839996,167.019196,49329500.00
2024-04-03,168.789993,170.679993,168.580002,169.649994,167.820480,47691700.00
2024-04-04,170.289993,171.919998,168.820007,168.820007,166.999420,53704400.00
2024-04-05,169.589996,170.389999,168.949997,169.580002,167.751236,42104800.00
2024-04-08,169.029999,169.199997,168.240005,168.449997,166.633408,37425500.00
2024-04-09,168.699997,170.080002,168.350006,169.669998,167.840256,42373800.00
2024-04-10,168.800003,169.089996,167.110001,167.779999,165.970642,49709300.00
2024-04-11,168.339996,175.460007,168.160004,175.039993,173.152344,91070300.00
2024-04-12,174.259995,178.360001,174.210007,176.550003,174.646072,101670900.00
2024-04-15,175.360001,176.630005,172.500000,172.690002,170.827698,73531800.00
2024-04-16,171.750000,173.759995,168.270004,169.380005,167.553406,73711200.00
2024-04-17,169.610001,170.649994,168.000000,168.000000,166.188263,50901200.00
2024-04-18,168.029999,168.639999,166.550003,167.039993,165.238617,43122900.00
2024-04-19,166.210007,166.399994,164.080002,165.000000,163.220627,68149400.00
2024-04-22,165.520004,167.259995,164.770004,165.839996,164.051575,48116400.00
2024-04-23,165.350006,167.050003,164.919998,166.899994,165.100143,49537800.00
2024-04-24,166.539993,169.300003,166.210007,169.020004,167.197281,48251800.00
2024-04-25,169.529999,170.610001,168.149994,169.889999,168.057892,50558300.00
2024-04-26,169.880005,171.339996,169.179993,169.300003,167.474258,44838400.00
2024-04-29,173.369995,176.029999,173.100006,173.500000,171.628967,68169400.00
2024-04-30,173.330002,174.990005,170.000000,170.330002,168.493164,65934800.00
2024-05-01,169.580002,172.710007,169.110001,169.300003,167.474258,50383100.00
2024-05-02,172.509995,173.419998,170.889999,173.029999,171.164017,94214900.00
2024-05-03,186.649994,187.000000,182.660004,183.380005,181.402435,163224100.00
2024-05-06,182.350006,184.199997,180.419998,181.710007,179.750412,78569700.00
2024-05-07,183.449997,184.899994,181.320007,182.399994,180.432983,77305800.00
2024-05-08,182.850006,183.070007,181.449997,182.740005,180.769302,45057100.00
2024-05-09,182.559998,184.660004,182.110001,184.570007,182.579605,48983000.00
2024-05-10,184.899994,185.089996,182.130005,183.050003,181.321594,50759500.00
2024-05-13,185.440002,187.100006,184.619995,186.279999,184.521088,72044800.00
2024-05-14,187.509995,188.300003,186.289993,187.429993,185.660202,52393600.00
2024-05-15,187.910004,190.649994,187.369995,189.720001,187.928589,70400000.00
2024-05-16,190.470001,191.100006,189.660004,189.839996,188.047440,52845200.00
2024-05-17,189.509995,190.809998,189.179993,189.869995,188.077179,41282900.00
2024-05-20,189.330002,191.919998,189.009995,191.039993,189.236145,44361300.00
2024-05-21,191.089996,192.729996,190.919998,192.350006,190.533768,42309400.00
2024-05-22,192.270004,192.820007,190.270004,190.899994,189.097443,34648500.00
2024-05-23,190.979996,191.000000,186.630005,186.880005,185.115402,51005900.00
2024-05-24,188.820007,190.580002,188.039993,189.979996,188.186142,36327000.00
2024-05-28,191.509995,193.000000,189.100006,189.990005,188.196060,52280100.00
2024-05-29,189.610001,192.250000,189.509995,190.289993,188.493210,53068000.00
2024-05-30,190.759995,192.179993,190.630005,191.289993,189.483795,49889100.00
2024-05-31,191.440002,192.570007,189.910004,192.250000,190.434692,75158300.00
2024-06-03,192.899994,194.990005,192.520004,194.029999,192.197906,50080500.00
2024-06-04,194.639999,195.320007,193.029999,194.350006,192.514893,47471400.00
2024-06-05,195.399994,196.899994,194.869995,195.869995,194.020523,54156800.00
2024-06-06,195.690002,196.500000,194.169998,194.479996,192.643646,41181800.00
2024-06-07,194.649994,196.940002,194.139999,196.889999,195.030884,53103900.00
2024-06-10,196.899994,197.300003,192.149994,193.119995,191.296494,97010200.00
2024-06-11,193.649994,207.160004,193.630005,207.149994,205.194000,172373300.00
2024-06-12,207.369995,220.199997,206.899994,213.070007,211.058105,198134300.00
2024-06-13,214.740005,216.750000,211.600006,214.240005,212.217072,97862700.00
2024-06-14,213.850006,215.169998,211.300003,212.490005,210.483597,70122700.00
2024-06-17,213.369995,218.949997,212.720001,216.669998,214.624130,93728300.00
2024-06-18,217.589996,218.630005,213.000000,214.289993,212.266586,79943300.00
2024-06-20,213.929993,214.240005,208.850006,209.679993,207.700104,86172500.00
2024-06-21,210.389999,211.889999,207.110001,207.490005,205.530807,241805100.00
2024-06-24,207.720001,212.699997,206.589996,208.139999,206.174637,80727000.00
2024-06-25,209.149994,211.380005,208.610001,209.070007,207.095901,55549700.00
2024-06-26,211.500000,214.860001,210.639999,213.250000,211.236420,66213200.00
2024-06-27,214.690002,215.740005,212.350006,214.100006,212.078415,49772700.00
2024-06-28,215.770004,216.070007,210.300003,210.619995,208.631256,82542700.00
2024-07-01,212.089996,217.509995,211.919998,216.750000,214.703369,60402900.00
2024-07-02,216.149994,220.380005,215.100006,220.270004,218.190155,58046200.00
2024-07-03,220.000000,221.550003,219.029999,221.550003,219.458054,37369800.00
2024-07-05,221.649994,226.449997,221.649994,226.339996,224.202820,60412400.00
2024-07-08,227.089996,227.850006,223.250000,227.820007,225.668823,59085900.00
2024-07-09,227.929993,229.399994,226.369995,228.679993,226.520721,48076100.00
2024-07-10,229.300003,233.080002,229.250000,232.979996,230.780121,62627700.00
2024-07-11,231.389999,232.389999,225.770004,227.570007,225.421204,64710600.00
2024-07-12,228.919998,232.639999,228.679993,230.539993,228.363159,53046500.00
2024-07-15,236.479996,237.229996,233.089996,234.399994,232.186707,62631300.00
2024-07-16,235.000000,236.270004,232.330002,234.820007,232.602768,43234300.00
2024-07-17,229.449997,231.460007,226.639999,228.880005,226.718842,57345900.00
2024-07-18,230.279999,230.440002,222.270004,224.179993,222.063187,66034600.00
2024-07-19,224.820007,226.800003,223.279999,224.309998,222.192017,49151500.00
2024-07-22,227.009995,227.779999,223.089996,223.960007,221.845291,48201800.00
2024-07-23,224.369995,226.940002,222.679993,225.009995,222.885391,39960300.00
2024-07-24,224.000000,224.800003,217.130005,218.539993,216.476456,61777600.00
2024-07-25,218.929993,220.850006,214.619995,217.490005,215.436371,51391200.00
2024-07-26,218.699997,219.490005,216.009995,217.960007,215.901947,41601300.00
2024-07-29,216.960007,219.300003,215.750000,218.240005,216.179291,36311800.00
2024-07-30,219.190002,220.330002,216.119995,218.800003,216.734009,41643800.00
2024-07-31,221.440002,223.820007,220.630005,222.080002,219.983047,50036300.00
2024-08-01,224.369995,224.479996,217.020004,218.360001,216.298172,62501000.00
2024-08-02,219.149994,225.600006,217.710007,219.860001,217.783981,105568600.00
2024-08-05,199.089996,213.500000,196.000000,209.270004,207.293991,119548600.00
2024-08-06,205.300003,209.990005,201.070007,207.229996,205.273270,69660500.00
2024-08-07,206.899994,213.639999,206.389999,209.820007,207.838806,63516400.00
2024-08-08,213.110001,214.199997,208.830002,213.309998,211.295837,47161100.00
2024-08-09,212.100006,216.779999,211.970001,216.240005,214.198196,42201600.00
2024-08-12,216.070007,219.509995,215.600006,217.529999,215.725418,38028100.00
2024-08-13,219.009995,221.889999,219.009995,221.270004,219.434387,44155300.00
2024-08-14,220.570007,223.029999,219.699997,221.720001,219.880676,41960600.00
2024-08-15,224.600006,225.350006,222.759995,224.720001,222.855759,46414000.00
2024-08-16,223.919998,226.830002,223.649994,226.050003,224.174728,44340200.00
2024-08-19,225.720001,225.990005,223.039993,225.889999,224.016052,40687800.00
2024-08-20,225.770004,227.169998,225.449997,226.509995,224.630890,30299000.00
2024-08-21,226.520004,227.979996,225.050003,226.399994,224.521835,34765500.00
2024-08-22,227.789993,228.339996,223.899994,224.529999,222.667328,43695300.00
2024-08-23,225.660004,228.220001,224.330002,226.839996,224.958176,38677300.00
2024-08-26,226.759995,227.279999,223.889999,227.179993,225.295364,30602200.00
2024-08-27,226.000000,228.850006,224.889999,228.029999,226.138321,35934600.00
2024-08-28,227.919998,229.860001,225.679993,226.490005,224.611084,38052200.00
2024-08-29,230.100006,232.919998,228.880005,229.789993,227.883713,51906300.00
2024-08-30,230.190002,230.399994,227.479996,229.000000,227.100281,52990800.00
2024-09-03,228.550003,229.000000,221.169998,222.770004,220.921951,50190600.00
2024-09-04,221.660004,221.779999,217.479996,220.850006,219.017883,43840200.00
2024-09-05,221.630005,225.479996,221.520004,222.380005,220.535172,36615400.00
2024-09-06,223.949997,225.240005,219.770004,220.820007,218.988144,48423000.00
2024-09-09,220.820007,221.270004,216.710007,220.910004,219.077377,67180000.00
2024-09-10,218.919998,221.479996,216.729996,220.110001,218.284027,51591000.00
2024-09-11,221.460007,223.089996,217.889999,222.660004,220.812836,44587100.00
2024-09-12,222.500000,223.550003,219.820007,222.770004,220.921951,37455600.00
2024-09-13,223.580002,224.039993,221.910004,222.500000,220.654205,36766600.00
2024-09-16,216.539993,217.220001,213.919998,216.320007,214.525482,59357400.00
2024-09-17,215.750000,216.899994,214.500000,216.789993,214.991531,45519300.00
2024-09-18,217.550003,222.710007,217.539993,220.690002,218.859207,59894900.00
2024-09-19,224.990005,229.820007,224.630005,228.869995,226.971329,66781300.00
2024-09-20,229.970001,233.089996,227.619995,228.199997,226.306885,318679900.00
2024-09-23,227.339996,229.449997,225.809998,226.470001,224.591248,54146000.00
2024-09-24,228.649994,229.350006,225.729996,227.369995,225.483795,43556100.00
2024-09-25,224.929993,227.289993,224.020004,226.369995,224.492081,42308700.00
2024-09-26,227.300003,228.500000,225.410004,227.520004,225.632523,36636700.00
2024-09-27,228.460007,229.520004,227.300003,227.789993,225.900284,34026000.00
2024-09-30,230.039993,233.000000,229.649994,233.000000,231.067078,54541900.00
2024-10-01,229.520004,229.649994,223.740005,226.210007,224.333405,63285000.00
2024-10-02,225.889999,227.369995,223.020004,226.779999,224.898682,32880600.00
2024-10-03,225.139999,226.809998,223.320007,225.669998,223.797897,34044200.00
2024-10-04,227.899994,228.000000,224.130005,226.800003,224.918518,37245100.00
2024-10-07,224.500000,225.690002,221.330002,221.690002,219.850922,39505400.00
2024-10-08,224.300003,225.979996,223.250000,225.770004,223.897049,31855700.00
2024-10-09,225.229996,229.750000,224.830002,229.539993,227.635757,33591100.00
2024-10-10,227.779999,229.500000,227.169998,229.039993,227.139938,28183500.00
2024-10-11,229.300003,229.410004,227.339996,227.550003,225.662292,31759200.00
2024-10-14,228.699997,231.729996,228.600006,231.300003,229.381195,39882100.00
2024-10-15,233.610001,237.490005,232.369995,233.850006,231.910034,64751400.00
2024-10-16,231.600006,232.119995,229.839996,231.779999,229.857208,34082200.00
2024-10-17,233.429993,233.850006,230.520004,232.149994,230.224121,32993800.00
2024-10-18,236.179993,236.179993,234.009995,235.000000,233.050476,46431500.00
2024-10-21,234.449997,236.850006,234.449997,236.479996,234.518188,36254500.00
2024-10-22,233.889999,236.220001,232.600006,235.860001,233.903336,38846600.00
2024-10-23,234.080002,235.139999,227.759995,230.759995,228.845657,52287000.00
2024-10-24,229.979996,230.820007,228.410004,230.570007,228.657227,31109500.00
2024-10-25,229.740005,233.220001,229.570007,231.410004,229.490265,38802300.00
2024-10-28,233.320007,234.729996,232.550003,233.399994,231.463745,36087100.00
2024-10-29,233.100006,234.330002,232.320007,233.669998,231.731522,35417200.00
2024-10-30,232.610001,233.470001,229.550003,230.100006,228.191147,47070900.00
2024-10-31,229.339996,229.830002,225.369995,225.910004,224.035889,64370100.00
2024-11-01,220.970001,225.350006,220.270004,222.910004,221.060791,65276700.00
2024-11-04,220.990005,222.789993,219.710007,222.009995,220.168243,44944500.00
2024-11-05,221.800003,223.949997,221.139999,223.449997,221.596298,28111300.00
2024-11-06,222.610001,226.070007,221.190002,222.720001,220.872360,54561100.00
2024-11-07,224.630005,227.880005,224.570007,227.479996,225.592865,42137700.00
2024-11-08,227.169998,228.660004,226.410004,226.960007,225.324829,38328800.00
2024-11-11,225.000000,225.699997,221.500000,224.229996,222.614456,42005600.00
2024-11-12,224.550003,225.589996,223.360001,224.229996,222.614456,40398300.00
2024-11-13,224.009995,226.649994,222.759995,225.119995,223.498077,48566200.00
2024-11-14,225.020004,228.869995,225.000000,228.220001,226.575745,44923900.00
2024-11-15,226.399994,226.919998,224.270004,225.000000,223.378922,47923700.00
2024-11-18,225.250000,229.740005,225.169998,228.020004,226.377182,44633700.00
2024-11-19,226.979996,230.160004,226.660004,228.279999,226.635300,36211800.00
2024-11-20,228.059998,229.929993,225.889999,229.000000,227.350128,35169600.00
2024-11-21,228.880005,230.160004,225.710007,228.520004,226.873566,42108300.00
2024-11-22,228.059998,230.720001,228.059998,229.869995,228.213852,38168300.00
2024-11-25,231.460007,233.250000,229.740005,232.869995,231.192215,90152800.00
2024-11-26,233.330002,235.570007,233.330002,235.059998,233.366455,45986200.00
2024-11-27,234.470001,235.690002,233.809998,234.929993,233.237381,33498400.00
2024-11-29,234.809998,237.809998,233.970001,237.330002,235.620102,28481400.00
2024-12-02,237.270004,240.789993,237.160004,239.589996,237.863815,48137100.00
2024-12-03,239.809998,242.759995,238.899994,242.649994,240.901779,38861000.00
2024-12-04,242.869995,244.110001,241.250000,243.009995,241.259186,44383900.00
2024-12-05,243.990005,244.539993,242.130005,243.039993,241.288940,40033900.00
2024-12-06,242.910004,244.630005,242.080002,242.839996,241.090408,36870600.00
2024-12-09,241.830002,247.240005,241.750000,246.750000,244.972229,44649200.00
2024-12-10,246.889999,248.210007,245.339996,247.770004,245.984879,36914800.00
2024-12-11,247.960007,250.800003,246.259995,246.490005,244.714111,45205800.00
2024-12-12,246.889999,248.740005,245.679993,247.960007,246.173538,32777500.00
2024-12-13,247.820007,249.289993,246.240005,248.130005,246.342285,33155300.00
2024-12-16,247.990005,251.380005,247.649994,251.039993,249.231323,51694800.00
2024-12-17,250.080002,253.830002,249.779999,253.479996,251.653748,51356400.00
2024-12-18,252.160004,254.279999,247.740005,248.050003,246.262863,56774100.00
2024-12-19,247.500000,252.000000,247.089996,249.789993,247.990326,60882300.00
2024-12-20,248.039993,255.000000,245.690002,254.490005,252.656479,147495300.00
2024-12-23,254.770004,255.649994,253.449997,255.270004,253.430862,40858800.00
2024-12-24,255.490005,258.209991,255.289993,258.200012,256.339783,23234700.00
2024-12-26,258.190002,260.100006,257.630005,259.019989,257.153839,27237100.00
2024-12-27,257.829987,258.700012,253.059998,255.589996,253.748535,42355300.00
2024-12-30,252.229996,253.500000,250.750000,252.199997,250.382980,35557500.00
2024-12-31,252.440002,253.279999,249.429993,250.419998,248.615799,39480700.00
2025-01-02,248.929993,249.100006,241.820007,243.850006,242.093124,55740700.00
2025-01-03,243.360001,244.179993,241.889999,243.360001,241.606674,40244100.00
2025-01-06,244.309998,247.330002,243.199997,245.000000,243.234848,45045600.00
2025-01-07,242.979996,245.550003,241.350006,242.210007,240.464935,40856000.00
2025-01-08,241.919998,243.710007,240.050003,242.699997,240.951401,37628900.00
2025-01-10,240.009995,240.160004,233.000000,236.850006,235.143570,61710900.00
2025-01-13,233.529999,234.669998,229.720001,234.399994,232.711212,49630700.00
2025-01-14,234.750000,236.119995,232.470001,233.279999,231.599289,39435300.00
2025-01-15,234.639999,238.960007,234.429993,237.869995,236.156204,39832000.00
2025-01-16,237.350006,238.009995,228.029999,228.259995,226.615448,71759100.00
2025-01-17,232.119995,232.289993,228.479996,229.979996,228.323044,68488300.00
2025-01-21,224.000000,224.419998,219.380005,222.639999,221.035950,98070400.00
2025-01-22,219.789993,224.119995,219.789993,223.830002,222.217361,64126500.00
2025-01-23,224.740005,227.029999,222.300003,223.660004,222.048584,60234800.00
2025-01-24,224.779999,225.630005,221.410004,222.779999,221.174927,54697900.00
2025-01-27,224.020004,232.149994,223.979996,229.860001,228.203934,94863400.00
2025-01-28,230.850006,240.190002,230.809998,238.259995,236.543381,75707600.00
2025-01-29,234.119995,239.860001,234.009995,239.360001,237.635498,45486100.00
2025-01-30,238.669998,240.789993,237.210007,237.589996,235.878204,55658300.00
2025-01-31,247.190002,247.190002,233.440002,236.000000,234.299667,100959800.00
2025-02-03,229.990005,231.830002,225.699997,228.009995,226.367264,73063300.00
2025-02-04,227.250000,233.130005,226.649994,232.800003,231.122742,45067300.00
2025-02-05,228.529999,232.669998,228.270004,232.470001,230.795105,39620300.00
2025-02-06,231.289993,233.800003,230.429993,233.220001,231.539688,29925300.00
2025-02-07,232.600006,234.000000,227.259995,227.630005,225.989990,39707200.00
2025-02-10,229.570007,230.589996,227.199997,227.649994,226.258347,33115600.00
2025-02-11,228.199997,235.229996,228.130005,232.619995,231.197952,53718400.00
2025-02-12,231.199997,236.960007,230.679993,236.869995,235.421967,45243300.00
2025-02-13,236.910004,242.339996,235.570007,241.529999,240.053482,53614100.00
2025-02-14,241.250000,245.550003,240.990005,244.600006,243.104721,40896200.00
2025-02-18,244.149994,245.179993,241.839996,244.470001,242.975510,48822500.00
2025-02-19,244.660004,246.009995,243.160004,244.869995,243.373077,32204200.00
2025-02-20,244.940002,246.779999,244.289993,245.830002,244.327179,32316900.00
2025-02-21,245.949997,248.690002,245.220001,245.550003,244.048904,53197400.00
2025-02-24,244.929993,248.860001,244.419998,247.100006,245.589447,51326400.00
2025-02-25,248.000000,250.000000,244.910004,247.039993,245.529785,48013300.00
2025-02-26,244.330002,244.979996,239.130005,240.360001,238.890625,44433600.00
2025-02-27,239.410004,242.460007,237.059998,237.300003,235.849350,41153600.00
2025-02-28,236.949997,242.089996,230.199997,241.839996,240.361588,56833400.00
2025-03-03,241.789993,244.029999,236.110001,238.029999,236.574890,47184000.00
2025-03-04,237.710007,240.070007,234.679993,235.929993,234.487701,53798100.00
2025-03-05,235.419998,236.550003,229.229996,235.740005,234.298874,47227600.00
2025-03-06,234.440002,237.860001,233.160004,235.330002,233.891373,45170400.00
2025-03-07,235.110001,241.369995,234.759995,239.070007,237.608536,46273600.00
2025-03-10,235.539993,236.160004,224.220001,227.479996,226.089386,72071200.00
2025-03-11,223.809998,225.839996,217.449997,220.839996,219.489975,76137400.00
2025-03-12,220.139999,221.750000,214.910004,216.979996,215.653580,62547500.00
2025-03-13,215.949997,216.839996,208.419998,209.679993,208.398178,61368300.00
2025-03-14,211.250000,213.949997,209.580002,213.490005,212.184921,60107600.00
2025-03-17,213.309998,215.220001,209.970001,214.000000,212.691772,48073400.00
2025-03-18,214.160004,215.149994,211.490005,212.690002,211.389786,42432400.00
2025-03-19,214.220001,218.759995,213.750000,215.240005,213.924225,54385400.00
2025-03-20,213.990005,217.490005,212.220001,214.100006,212.791183,48862900.00
2025-03-21,211.559998,218.839996,211.279999,218.270004,216.935684,94127800.00
2025-03-24,221.000000,221.479996,218.580002,220.729996,219.380615,44299500.00
2025-03-25,220.770004,224.100006,220.080002,223.750000,222.382156,34493600.00
2025-03-26,223.509995,225.020004,220.470001,221.529999,220.175751,34466100.00
2025-03-27,221.389999,224.990005,220.559998,223.850006,222.481583,37094800.00
2025-03-28,221.669998,223.809998,217.679993,217.899994,216.567947,39818600.00
2025-03-31,217.009995,225.619995,216.229996,222.130005,220.772110,65299300.00
2025-04-01,219.809998,223.679993,218.899994,223.190002,221.825607,36412700.00
2025-04-02,221.320007,225.190002,221.020004,223.889999,222.521317,35905900.00
2025-04-03,205.539993,207.490005,201.250000,203.190002,201.947845,103419000.00
2025-04-04,193.889999,199.880005,187.339996,188.380005,187.228409,125910900.00
2025-04-07,177.199997,194.149994,174.619995,181.460007,180.350693,160466300.00
2025-04-08,186.699997,190.339996,169.210007,172.419998,171.365967,120859500.00
2025-04-09,171.949997,200.610001,171.889999,198.850006,197.634399,184395900.00
2025-04-10,189.070007,194.779999,183.000000,190.419998,189.255920,121880000.00
2025-04-11,186.100006,199.539993,186.059998,198.149994,196.938690,87435900.00
2025-04-14,211.440002,212.940002,201.160004,202.520004,201.281982,101352900.00
2025-04-15,201.860001,203.509995,199.800003,202.139999,200.904282,51343900.00
2025-04-16,198.360001,200.699997,192.369995,194.270004,193.082397,59732400.00
2025-04-17,197.199997,198.830002,194.419998,196.979996,195.775818,52164700.00
2025-04-21,193.270004,193.800003,189.809998,193.160004,191.979187,46742500.00
2025-04-22,196.119995,201.589996,195.970001,199.740005,198.518951,52976400.00
2025-04-23,206.000000,208.000000,202.800003,204.600006,203.349258,52929200.00
2025-04-24,204.889999,208.830002,202.940002,208.369995,207.096191,47311000.00
2025-04-25,206.369995,209.750000,206.199997,209.279999,208.000626,38222300.00
2025-04-28,210.000000,211.500000,207.460007,210.139999,208.855392,38743100.00
2025-04-29,208.690002,212.240005,208.369995,211.210007,209.918823,36827600.00
2025-04-30,209.300003,213.580002,206.669998,212.500000,211.200958,52286500.00
2025-05-01,209.080002,214.559998,208.899994,213.320007,212.015930,57365700.00
2025-05-02,206.089996,206.990005,202.160004,205.350006,204.094666,101010600.00
2025-05-05,203.100006,204.100006,198.210007,198.889999,197.674149,69018500.00
2025-05-06,198.210007,200.649994,197.020004,198.509995,197.296478,51216500.00
2025-05-07,199.169998,199.440002,193.250000,196.250000,195.050293,68536700.00
2025-05-08,197.720001,200.050003,194.679993,197.490005,196.282715,50478900.00
2025-05-09,199.000000,200.539993,197.539993,198.529999,197.316345,36453900.00
2025-05-12,210.970001,211.270004,206.750000,210.789993,209.776123,63775800.00
2025-05-13,210.429993,213.399994,209.000000,212.929993,211.905838,51909300.00
2025-05-14,212.429993,213.940002,210.580002,212.330002,211.308716,49325800.00
2025-05-15,210.949997,212.960007,209.539993,211.449997,210.432953,45029500.00
2025-05-16,212.360001,212.570007,209.770004,211.259995,210.243866,54737900.00
2025-05-19,207.910004,209.479996,204.259995,208.779999,207.775803,46140500.00
2025-05-20,207.669998,208.470001,205.029999,206.860001,205.865036,42496600.00
2025-05-21,205.169998,207.039993,200.710007,202.089996,201.117966,59211800.00
2025-05-22,200.710007,202.750000,199.699997,201.360001,200.391479,46742400.00
2025-05-23,193.669998,197.699997,193.460007,195.270004,194.330795,78432900.00
2025-05-27,198.300003,200.740005,197.429993,200.210007,199.247055,56288500.00
2025-05-28,200.589996,202.729996,199.899994,200.419998,199.456024,45339700.00
2025-05-29,203.580002,203.809998,198.509995,199.949997,198.988266,51396800.00
2025-05-30,199.369995,201.960007,196.779999,200.850006,199.883942,70819900.00
2025-06-02,200.279999,202.130005,200.119995,201.699997,200.729858,35423300.00
2025-06-03,201.350006,203.770004,200.960007,203.270004,202.292297,46381600.00
2025-06-04,202.910004,206.240005,202.100006,202.820007,201.844467,43604000.00
2025-06-05,203.500000,204.750000,200.149994,200.630005,199.664993,55126100.00
2025-06-06,203.000000,205.699997,202.050003,203.919998,202.939163,46607700.00
2025-06-09,204.389999,206.000000,200.020004,201.449997,200.481064,72862600.00
2025-06-10,200.600006,204.350006,200.570007,202.669998,201.695175,54672600.00
2025-06-11,203.500000,204.500000,198.410004,198.779999,197.823898,60989900.00
2025-06-12,199.080002,199.679993,197.360001,199.199997,198.241882,43904600.00
2025-06-13,199.729996,200.369995,195.699997,196.449997,195.505112,51447300.00
2025-06-16,197.300003,198.690002,196.559998,198.419998,197.465622,43020700.00
2025-06-17,197.199997,198.389999,195.210007,195.639999,194.699020,38856200.00
2025-06-18,195.940002,197.570007,195.070007,196.580002,195.634476,45394700.00
2025-06-20,198.240005,201.699997,196.860001,201.000000,200.033218,96813500.00
2025-06-23,201.630005,202.300003,198.960007,201.500000,200.530823,55814300.00
2025-06-24,202.589996,203.440002,200.199997,200.300003,199.336594,54064000.00
2025-06-25,201.449997,203.669998,200.619995,201.559998,200.590500,39525700.00
2025-06-26,201.429993,202.639999,199.460007,201.000000,200.033218,50799100.00
2025-06-27,201.889999,203.220001,200.000000,201.080002,200.112839,73188600.00
2025-06-30,202.009995,207.389999,199.259995,205.169998,204.183167,91912800.00
2025-07-01,206.669998,210.190002,206.139999,207.820007,206.820435,78788900.00
2025-07-02,208.910004,213.339996,208.139999,212.440002,211.418213,67941800.00
2025-07-03,212.149994,214.649994,211.809998,213.550003,212.522842,34955800.00
2025-07-07,212.679993,216.229996,208.800003,209.949997,208.940186,50229000.00
2025-07-08,210.100006,211.429993,208.449997,210.009995,208.999878,42848900.00
2025-07-09,209.529999,211.330002,207.220001,211.139999,210.124451,48749400.00
2025-07-10,210.509995,213.479996,210.029999,212.410004,211.388336,44443600.00
2025-07-11,210.570007,212.130005,209.860001,211.160004,210.144348,39765800.00
2025-07-14,209.929993,210.910004,207.539993,208.619995,207.616562,38840100.00
2025-07-15,209.220001,211.889999,208.919998,209.110001,208.104218,42296300.00
2025-07-16,210.300003,212.399994,208.639999,210.160004,209.149185,47490500.00
2025-07-17,210.570007,211.800003,209.589996,210.020004,209.009842,48068100.00
2025-07-18,210.869995,211.789993,209.699997,211.179993,210.164246,48974600.00
2025-07-21,212.100006,215.779999,211.630005,212.479996,211.458008,51377400.00
2025-07-22,213.139999,214.949997,212.229996,214.399994,213.368759,46404100.00
2025-07-23,215.000000,215.149994,212.410004,214.149994,213.119949,46989300.00
2025-07-24,213.899994,215.690002,213.529999,213.759995,212.731842,46022600.00
2025-07-25,214.699997,215.240005,213.399994,213.880005,212.851288,40268800.00
2025-07-28,214.029999,214.850006,213.059998,214.050003,213.020447,37858000.00
2025-07-29,214.179993,214.809998,210.820007,211.270004,210.253845,51411700.00
2025-07-30,211.899994,212.389999,207.720001,209.050003,208.044495,45512500.00
2025-07-31,208.490005,209.839996,207.160004,207.570007,206.571609,80698400.00
2025-08-01,210.869995,213.580002,201.500000,202.380005,201.406601,104434500.00
2025-08-04,204.509995,207.880005,201.679993,203.350006,202.371933,75109300.00
2025-08-05,203.399994,205.339996,202.160004,202.919998,201.943970,44155100.00
2025-08-06,205.630005,215.380005,205.589996,213.250000,212.224304,108483100.00
2025-08-07,218.880005,220.850006,216.580002,220.029999,218.971680,90224800.00
2025-08-08,220.830002,231.000000,219.250000,229.350006,228.246872,113854000.00
2025-08-11,227.919998,229.559998,224.759995,227.179993,226.343872,61806100.00
2025-08-12,228.009995,230.800003,227.070007,229.649994,228.804779,55626200.00
2025-08-13,231.070007,235.000000,230.429993,233.330002,232.471252,69878500.00
2025-08-14,234.059998,235.119995,230.850006,232.779999,231.923279,51916300.00
2025-08-15,234.000000,234.279999,229.339996,231.589996,230.737656,56038700.00
2025-08-18,231.699997,233.119995,230.110001,230.889999,230.040237,37476200.00
2025-08-19,231.279999,232.869995,229.350006,230.559998,229.711456,39402600.00
2025-08-20,229.979996,230.470001,225.770004,226.009995,225.178192,42263900.00
2025-08-21,226.270004,226.520004,223.779999,224.899994,224.072281,30621200.00
2025-08-22,226.169998,229.089996,225.410004,227.759995,226.921753,42477800.00
2025-08-25,226.479996,229.300003,226.229996,227.160004,226.323990,30983100.00
2025-08-26,226.869995,229.490005,224.690002,229.309998,228.466034,54575100.00
2025-08-27,228.610001,230.899994,228.259995,230.490005,229.641724,31259500.00
2025-08-28,230.820007,233.410004,229.339996,232.559998,231.704086,38074700.00
2025-08-29,232.509995,233.380005,231.369995,232.139999,231.285614,39418400.00
2025-09-02,229.250000,230.850006,226.970001,229.720001,228.874542,44075600.00
2025-09-03,237.210007,238.850006,234.360001,238.470001,237.592346,66427800.00
2025-09-04,238.449997,239.899994,236.740005,239.779999,238.897522,47549400.00
2025-09-05,240.000000,241.320007,238.490005,239.690002,238.807831,54870400.00
2025-09-08,239.300003,240.149994,236.339996,237.880005,237.004501,48999500.00
2025-09-09,237.000000,238.779999,233.360001,234.350006,233.487503,66313900.00
2025-09-10,232.190002,232.419998,225.949997,226.789993,225.955322,83440800.00
2025-09-11,226.880005,230.449997,226.649994,230.029999,229.183411,50208600.00
2025-09-12,229.220001,234.509995,229.020004,234.070007,233.208527,55824200.00
2025-09-15,237.000000,238.190002,235.029999,236.699997,235.828857,42699500.00
2025-09-16,237.179993,241.220001,236.320007,238.149994,237.273514,63421100.00
2025-09-17,238.970001,240.100006,237.729996,238.990005,238.110443,46508000.00
2025-09-18,239.970001,241.199997,236.649994,237.880005,237.004501,44249600.00
2025-09-19,241.229996,246.300003,240.210007,245.500000,244.596466,163741300.00
2025-09-22,248.300003,256.640015,248.119995,256.079987,255.137497,105517400.00
2025-09-23,255.880005,257.339996,253.580002,254.429993,253.493591,60275200.00
2025-09-24,255.220001,255.740005,251.039993,252.309998,251.381409,42303700.00
2025-09-25,253.210007,257.170013,251.710007,256.869995,255.924606,55202100.00
2025-09-26,254.100006,257.600006,253.779999,255.460007,254.519806,46076300.00
2025-09-29,254.559998,255.000000,253.009995,254.429993,253.493591,40127700.00
2025-09-30,254.860001,255.919998,253.110001,254.630005,253.692871,37704300.00
2025-10-01,255.039993,258.790009,254.929993,255.449997,254.509842,48713900.00
2025-10-02,256.579987,258.179993,254.149994,257.130005,256.183655,42630200.00
2025-10-03,254.669998,259.239990,253.949997,258.019989,257.070343,49155600.00
2025-10-06,257.989990,259.070007,255.050003,256.690002,255.745270,44664100.00
2025-10-07,256.809998,257.399994,255.429993,256.480011,255.536087,31955800.00
2025-10-08,256.519989,258.519989,256.109985,258.059998,257.110229,36496900.00
2025-10-09,257.809998,258.000000,253.139999,254.039993,253.105026,38322000.00
2025-10-10,254.940002,256.380005,244.000000,245.270004,244.367310,61999100.00
2025-10-13,249.380005,249.690002,245.559998,247.660004,246.748520,38142900.00
2025-10-14,246.600006,248.850006,244.699997,247.770004,246.858109,35478000.00
2025-10-15,249.490005,251.820007,247.470001,249.339996,248.422333,33893600.00
2025-10-16,248.250000,249.039993,245.130005,247.449997,246.539291,39777000.00
2025-10-17,248.020004,253.380005,247.270004,252.289993,251.361481,49147000.00
2025-10-20,255.889999,264.380005,255.630005,262.239990,261.274841,90483000.00
2025-10-21,261.880005,265.290009,261.829987,262.769989,261.802887,46695900.00
2025-10-22,262.649994,262.850006,255.429993,258.450012,257.498810,45015300.00
2025-10-23,259.940002,260.619995,258.010010,259.579987,258.624634,32754900.00
2025-10-24,261.190002,264.130005,259.179993,262.820007,261.852722,38253700.00
2025-10-27,264.880005,269.119995,264.649994,268.809998,267.820679,44888200.00
2025-10-28,268.989990,269.890015,268.149994,269.000000,268.009949,41534800.00
2025-10-29,269.279999,271.410004,267.109985,269.700012,268.707397,51086700.00
2025-10-30,271.989990,274.140015,268.480011,271.399994,270.401154,69886500.00
2025-10-31,276.989990,277.320007,269.160004,270.369995,269.374939,86167100.00
2025-11-03,270.420013,270.850006,266.250000,269.049988,268.059784,50194600.00
2025-11-04,268.329987,271.489990,267.619995,270.040009,269.046173,49274800.00
2025-11-05,268.609985,271.700012,266.929993,270.140015,269.145813,43683100.00
2025-11-06,267.890015,273.399994,267.890015,269.769989,268.777130,51204000.00
2025-11-07,269.799988,272.290009,266.769989,268.470001,267.481903,48227400.00
2025-11-10,268.959991,273.730011,267.459991,269.429993,268.698578,41312400.00
2025-11-11,269.809998,275.910004,269.799988,275.250000,274.502808,46208300.00
2025-11-12,275.000000,275.730011,271.700012,273.470001,272.727661,48398000.00
2025-11-13,274.109985,276.700012,272.089996,272.950012,272.209076,49602800.00
2025-11-14,271.049988,275.959991,269.600006,272.410004,271.670532,47431300.00
2025-11-17,268.820007,270.489990,265.730011,267.459991,266.733978,45018300.00
2025-11-18,269.989990,270.709991,265.320007,267.440002,266.713989,45677300.00
2025-11-19,265.529999,272.209991,265.500000,268.559998,267.830994,40424500.00
2025-11-20,270.829987,275.429993,265.920013,266.250000,265.527252,45823600.00
2025-11-21,265.950012,273.329987,265.670013,271.489990,270.752991,59030800.00
2025-11-24,270.899994,277.000000,270.899994,275.920013,275.171021,65585800.00
2025-11-25,275.269989,280.380005,275.250000,276.970001,276.218140,46914200.00
2025-11-26,276.959991,279.529999,276.630005,277.549988,276.796570,33431400.00
2025-11-28,277.260010,279.000000,275.989990,278.850006,278.093048,20135600.00
2025-12-01,278.010010,283.420013,276.140015,283.100006,282.331482,46587700.00
2025-12-02,283.000000,287.399994,282.630005,286.190002,285.413116,53669500.00
2025-12-03,286.200012,288.619995,283.299988,284.149994,283.378662,43538700.00
2025-12-04,284.100006,284.730011,278.589996,280.700012,279.938049,43989100.00
2025-12-05,280.540009,281.140015,278.049988,278.779999,278.023224,47265800.00
2025-12-08,278.130005,279.670013,276.149994,277.890015,277.135651,38211800.00
2025-12-09,278.160004,280.029999,276.920013,277.179993,276.427551,32193300.00
2025-12-10,277.750000,279.750000,276.440002,278.779999,278.023224,33038300.00
2025-12-11,279.100006,279.589996,273.809998,278.029999,277.275238,33248000.00
2025-12-12,277.899994,279.220001,276.820007,278.279999,277.524597,39532900.00
2025-12-15,280.149994,280.149994,272.839996,274.109985,273.365875,50409100.00
2025-12-16,272.820007,275.500000,271.790009,274.609985,273.864532,37648600.00
2025-12-17,275.010010,276.160004,271.640015,271.839996,271.102081,50138700.00
2025-12-18,273.609985,273.630005,266.950012,272.190002,271.451111,51630700.00
2025-12-19,272.149994,274.600006,269.899994,273.670013,272.927155,144632000.00
2025-12-22,272.859985,273.880005,270.510010,270.970001,270.234436,36571800.00
2025-12-23,270.839996,272.500000,269.559998,272.359985,271.620667,29642000.00
2025-12-24,272.339996,275.429993,272.200012,273.809998,273.066711,17910600.00
2025-12-26,274.160004,275.369995,272.859985,273.399994,272.657837,21521800.00
2025-12-29,272.690002,274.359985,272.350006,273.760010,273.016876,23715200.00
2025-12-30,272.809998,274.079987,272.279999,273.079987,272.338684,22139600.00
2025-12-31,273.059998,273.679993,271.750000,271.859985,271.122009,27293600.00
2026-01-02,272.260010,277.839996,269.000000,271.010010,270.274353,37838100.00
2026-01-05,270.640015,271.510010,266.140015,267.260010,266.534546,45647200.00
2026-01-06,267.000000,267.549988,262.119995,262.359985,261.647766,52352100.00
2026-01-07,263.200012,263.679993,259.809998,260.329987,259.623322,48309800.00
2026-01-08,257.019989,259.290009,255.699997,259.040009,258.336853,50419300.00
2026-01-09,259.079987,260.209991,256.220001,259.369995,258.665924,39997000.00
2026-01-12,259.160004,261.299988,256.799988,260.250000,259.543518,45263800.00
2026-01-13,258.720001,261.809998,258.390015,261.049988,260.341370,45730800.00
2026-01-14,259.489990,261.820007,256.709991,259.959991,259.254333,40019400.00
2026-01-15,260.649994,261.040009,257.049988,258.209991,257.509064,39388600.00
2026-01-16,257.899994,258.899994,254.929993,255.529999,254.836365,72142800.00
2026-01-20,252.729996,254.789993,243.419998,246.699997,246.030319,80267500.00
2026-01-21,248.699997,251.559998,245.179993,247.649994,246.977753,54641700.00
2026-01-22,249.199997,251.000000,248.149994,248.350006,247.675842,39708300.00
2026-01-23,247.320007,249.410004,244.679993,248.039993,247.366684,41689000.00
2026-01-26,251.479996,256.559998,249.800003,255.410004,254.716675,55969200.00
2026-01-27,259.170013,261.950012,258.209991,258.269989,257.568909,49648300.00
2026-01-28,257.649994,258.859985,254.509995,256.440002,255.743881,41288000.00
2026-01-29,258.000000,259.649994,254.410004,258.279999,257.578857,67253000.00
2026-01-30,255.169998,261.899994,252.179993,259.480011,258.775635,92443400.00
2026-02-02,260.029999,270.489990,259.209991,270.010010,269.277069,73913400.00
2026-02-03,269.200012,271.880005,267.609985,269.480011,268.748505,64394700.00
2026-02-04,272.290009,278.950012,272.290009,276.489990,275.739441,90545700.00
2026-02-05,278.130005,279.500000,273.230011,275.910004,275.161011,52977400.00
2026-02-06,277.119995,280.910004,276.929993,278.119995,277.365051,50453400.00
2026-02-09,277.910004,278.200012,271.700012,274.619995,274.130798,44623400.00
2026-02-10,274.890015,275.369995,272.940002,273.679993,273.192444,34376900.00
2026-02-11,274.700012,280.179993,274.450012,275.500000,275.009216,51931300.00
2026-02-12,275.589996,275.720001,260.179993,261.730011,261.263763,81077200.00
2026-02-13,262.010010,262.230011,255.449997,255.779999,255.324356,56290700.00
2026-02-17,258.049988,266.290009,255.539993,263.880005,263.409943,58469100.00
2026-02-18,263.600006,266.820007,262.450012,264.350006,263.879120,34203300.00
2026-02-19,262.600006,264.480011,260.049988,260.579987,260.115784,30845300.00
2026-02-20,258.970001,264.750000,258.160004,264.579987,264.108673,42070500.00
2026-02-23,263.489990,269.429993,263.380005,266.179993,265.705811,37308200.00
2026-02-24,267.859985,274.890015,267.709991,272.140015,271.655243,47014600.00
2026-02-25,271.779999,274.940002,271.049988,274.230011,273.741516,33714300.00
2026-02-26,274.950012,276.109985,270.799988,272.950012,272.463776,32345100.00
2026-02-27,272.809998,272.809998,262.890015,264.179993,263.709412,72366500.00
2026-03-02,262.410004,266.529999,260.200012,264.720001,264.248413,41827900.00
2026-03-03,263.480011,265.559998,260.130005,263.750000,263.280182,38568900.00
2026-03-04,264.649994,266.149994,261.420013,262.519989,262.052338,39803100.00
2026-03-05,260.790009,261.559998,257.250000,260.290009,259.826324,49658600.00
2026-03-06,258.630005,258.769989,254.369995,257.459991,257.001343,41120000.00
2026-03-09,255.690002,261.149994,253.679993,259.880005,259.417053,38218500.00
2026-03-10,257.649994,262.480011,256.950012,260.829987,260.365356,30590800.00
2026-03-11,261.089996,262.130005,259.549988,260.809998,260.345398,26218900.00
2026-03-12,258.660004,258.950012,254.179993,255.759995,255.304398,40794000.00
2026-03-13,255.479996,256.329987,249.520004,250.119995,249.674438,36930000.00
2026-03-16,252.110001,253.889999,249.880005,252.820007,252.369644,32074200.00
2026-03-17,252.960007,255.130005,252.179993,254.229996,253.777115,32361600.00
2026-03-18,252.630005,254.940002,249.000000,249.940002,249.494766,35757900.00
2026-03-19,249.399994,251.830002,247.300003,248.960007,248.516525,34864100.00
2026-03-20,247.979996,249.199997,246.000000,247.990005,247.548233,88331100.00
2026-03-23,253.970001,254.600006,250.279999,251.490005,251.042007,40546100.00
2026-03-24,250.350006,254.830002,249.550003,251.639999,251.191727,45152300.00
2026-03-25,254.100006,255.000000,251.600006,252.619995,252.169983,28476700.00
2026-03-26,252.119995,257.000000,250.770004,252.889999,252.439514,41796700.00
2026-03-27,253.899994,255.490005,248.070007,248.800003,248.356796,47900000.00
2026-03-30,250.070007,250.869995,245.509995,246.630005,246.190659,39446200.00
2026-03-31,247.910004,255.479996,247.100006,253.789993,253.337906,49598100.00
2026-04-01,254.080002,256.179993,253.330002,255.630005,255.174637,40059400.00
2026-04-02,254.199997,256.130005,250.649994,255.919998,255.464111,31289400.00
2026-04-06,256.510010,262.160004,256.459991,258.859985,258.398865,29329900.00
2026-04-07,256.160004,256.200012,245.699997,253.500000,253.048416,62148000.00
2026-04-08,258.450012,259.750000,256.529999,258.899994,258.438812,41032800.00
2026-04-09,259.000000,261.119995,256.070007,260.489990,260.025970,28121600.00
2026-04-10,259.980011,262.190002,259.019989,260.480011,260.015991,31291500.00
2026-04-13,259.730011,260.179993,256.660004,259.200012,258.738281,36234700.00
2026-04-14,259.250000,261.929993,257.190002,258.829987,258.368927,48370700.00
2026-04-15,258.160004,266.559998,257.809998,266.429993,265.955383,49913500.00
2026-04-16,266.799988,267.160004,261.269989,263.399994,262.930786,43323100.00
2026-04-17,266.959991,272.299988,266.720001,270.230011,269.748627,61436200.00
2026-04-20,270.329987,274.279999,270.290009,273.049988,272.563568,36590200.00
2026-04-21,271.500000,272.799988,265.399994,266.170013,265.695862,50209800.00
2026-04-22,267.820007,273.739990,266.869995,273.170013,272.683411,43249200.00
2026-04-23,275.049988,275.769989,271.649994,273.429993,272.942902,33399600.00
2026-04-24,272.760010,273.059998,269.649994,271.059998,270.577118,38157100.00
2026-04-27,266.089996,268.359985,265.070007,267.609985,267.133270,41466800.00
2026-04-28,272.339996,273.230011,268.660004,270.709991,270.227753,40018900.00
2026-04-29,267.549988,271.040009,267.040009,270.170013,269.688721,30047900.00
2026-04-30,270.500000,276.000000,268.140015,271.350006,270.866638,91848200.00
2026-05-01,278.859985,287.220001,278.369995,280.140015,279.640991,79915400.00
2026-05-04,279.660004,280.630005,274.859985,276.829987,276.336823,46668400.00
2026-05-05,276.929993,284.570007,276.500000,284.179993,283.673767,49311700.00
2026-05-06,281.920013,288.029999,281.070007,287.510010,286.997864,58336100.00
2026-05-07,289.269989,292.130005,285.779999,287.440002,286.927979,45224300.00
2026-05-08,290.010010,294.760010,290.000000,293.320007,292.797485,52692800.00
2026-05-11,291.980011,293.880005,290.230011,292.679993,292.427795,42247300.00
2026-05-12,292.559998,295.269989,292.559998,294.799988,294.545959,45748100.00
2026-05-13,293.500000,300.920013,293.500000,298.869995,298.612457,52684300.00
2026-05-14,299.820007,300.450012,295.380005,298.209991,297.953033,35324900.00
2026-05-15,297.899994,303.200012,296.519989,300.230011,299.971313,54862800.00
2026-05-18,300.239990,300.660004,294.910004,297.839996,297.583344,34483000.00
2026-05-19,296.970001,300.510010,296.350006,298.970001,298.712372,42243600.00
2026-05-20,298.179993,302.799988,298.079987,302.250000,301.989563,38229800.00
2026-05-21,301.059998,305.540009,300.399994,304.989990,304.727173,42965100.00
2026-05-22,306.119995,311.399994,305.839996,308.820007,308.553894,43670200.00
2026-05-26,309.559998,311.820007,307.670013,308.329987,308.064301,48000500.00
2026-05-27,308.329987,313.260010,308.299988,310.850006,310.582153,50430900.00
2026-05-28,310.679993,312.799988,309.570007,312.510010,312.240723,48220400.00
2026-05-29,311.779999,315.000000,309.529999,312.059998,311.791107,70026800.00
2026-06-01,309.630005,310.940002,305.019989,306.309998,306.046051,48849900.00
2026-06-02,307.459991,315.450012,306.690002,315.200012,314.928406,44534700.00
2026-06-03,314.179993,316.940002,308.850006,310.260010,309.992645,50836700.00
2026-06-04,313.230011,313.540009,309.649994,311.230011,310.961823,44869100.00
2026-06-05,312.859985,315.170013,307.149994,307.339996,307.075165,65310500.00
2026-06-08,308.739990,317.399994,301.170013,301.540009,301.280182,77949100.00
2026-06-09,300.279999,300.750000,287.779999,290.549988,290.299622,70108800.00
2026-06-10,290.739990,294.750000,287.380005,291.579987,291.328735,52793300.00
2026-06-11,293.720001,297.000000,289.589996,295.630005,295.375244,42572500.00
2026-06-12,296.029999,297.140015,289.619995,291.130005,290.879150,38742100.00
2026-06-15,294.119995,297.779999,291.700012,296.420013,296.164581,45732600.00
2026-06-16,295.250000,300.480011,293.970001,299.239990,298.982147,39874400.00
2026-06-17,300.850006,302.070007,294.359985,295.950012,295.694977,42745100.00
2026-06-18,298.109985,300.570007,295.619995,298.010010,297.753204,85962200.00
2026-06-22,297.309998,302.420013,296.760010,297.010010,296.754089,44879900.00
2026-06-23,297.540009,301.640015,294.179993,294.299988,294.046387,52010900.00
2026-06-24,295.359985,299.700012,292.940002,293.079987,292.827423,53081900.00
2026-06-25,287.399994,288.799988,273.750000,275.149994,274.912903,107013700.00
2026-06-26,275.000000,285.950012,274.209991,283.779999,283.535461,261775500.00
2026-06-29,286.730011,288.369995,279.850006,281.739990,281.497223,66427000.00
2026-06-30,281.170013,289.940002,280.700012,289.359985,289.110657,65100200.00
2026-07-01,293.440002,296.589996,289.200012,294.380005,294.126343,50164200.00
2026-07-02,294.119995,309.420013,293.679993,308.630005,308.364044,75352800.00
2026-07-06,307.359985,314.200012,307.000000,312.660004,312.390594,53590000.00
2026-07-07,315.290009,315.480011,310.149994,310.660004,310.392303,42490000.00
2026-07-08,311.910004,314.820007,307.049988,313.390015,313.119965,41323500.00
2026-07-09,310.510010,316.529999,308.160004,316.220001,315.947510,48124500.00
2026-07-10,314.720001,316.910004,312.170013,315.320007,315.048309,34132300.00
2026-07-13,317.019989,323.450012,315.779999,317.309998,317.036560,43257800.00
2026-07-14,313.760010,316.190002,311.910004,314.859985,314.588684,36336800.00
2026-07-15,317.619995,328.730011,317.320007,327.500000,327.217804,60957600.00
2026-07-16,328.010010,334.679993,326.790009,333.260010,332.972839,62970600.00
2026-07-17,331.980011,334.989990,329.000000,333.739990,333.452393,63407100.00
2026-07-20,333.510010,333.709991,323.679993,326.589996,326.308563,53468000.00
2026-07-21,323.130005,329.600006,322.220001,327.739990,327.457581,41338900.00
2026-07-22,327.869995,329.000000,323.339996,325.890015,325.609192,38755900.00
2026-07-23,321.730011,323.299988,319.350006,321.660004,321.382843,40840800.00
2026-07-24,321.790009,334.369995,321.619995,333.019989,332.733032,47489400.00
2026-07-27,334.540009,339.570007,334.019989,336.910004,336.619690,49604300.00
2026-07-28,340.029999,342.890015,335.600006,340.079987,339.786926,51859000.00
2026-07-29,339.730011,344.570007,337.350006,338.190002,337.898590,56090800.00
2026-07-30,333.100006,334.750000,329.589996,333.429993,333.142670,74817800.00
2026-07-31,304.809998,310.690002,300.000000,308.910004,308.643829,132489100.00
2026-08-03,309.579987,311.799988,302.559998,303.420013,303.158569,75052000.00
2026-08-04,302.730011,310.420013,301.320007,309.380005,309.113403,68001000.00
2026-08-05,309.359985,311.709991,305.670013,311.000000,310.732025,49438800.00
2026-08-06,314.339996,316.290009,309.230011,312.410004,312.140808,46139900.00
2026-08-07,311.450012,314.809998,310.739990,313.329987,313.059998,34437200.00
2026-08-10,306.829987,308.260010,304.609985,308.260010,308.260010,44812500.00
2026-08-11,307.750000,309.970001,302.790009,304.910004,304.910004,37476700.00
2026-08-12,305.100006,305.660004,300.570007,302.250000,302.250000,41657800.00
2026-08-13,304.209991,306.000000,302.049988,305.260010,305.260010,40349300.00
2026-08-14,306.000000,307.489990,304.299988,305.929993,305.929993,28229400.00
2026-08-17,306.209991,307.660004,302.940002,305.589996,305.589996,38169300.00
2026-08-18,307.579987,311.489990,305.739990,310.029999,310.029999,53424500.00
2026-08-19,310.140015,319.279999,309.600006,316.829987,316.829987,50505600.00
2026-08-20,317.459991,320.279999,310.649994,311.299988,311.299988,40959200.00
2026-08-21,312.049988,312.380005,307.010010,309.350006,309.350006,46876800.00
2026-08-24,311.470001,313.359985,309.970001,310.339996,310.339996,34673600.00
2026-08-25,310.790009,313.589996,308.209991,309.899994,309.899994,25869800.00
2026-08-26,310.299988,315.429993,308.799988,313.450012,313.450012,34024500.00
2026-08-27,310.549988,315.399994,309.399994,314.579987,314.579987,32419200.00
2026-08-28,316.850006,322.369995,315.450012,319.700012,319.700012,38649400.00
2026-08-31,319.600006,321.239990,312.799988,316.850006,316.850006,41242700.00
2026-09-01,316.980011,327.299988,314.730011,325.130005,325.130005,53167400.00
2026-09-02,326.869995,328.399994,323.529999,324.959991,324.959991,33776400.00
2026-09-03,324.869995,330.809998,324.109985,328.209991,328.209991,37225800.00
2026-09-04,328.309998,328.929993,317.859985,319.970001,319.970001,39606900.00
2026-09-08,317.100006,320.700012,314.899994,316.220001,316.220001,35477100.00
2026-09-09,315.489990,319.149994,309.899994,315.339996,315.339996,65640000.00
2026-09-10,316.670013,326.739990,316.510010,326.570007,326.570007,70011900.00
2026-09-11,327.450012,336.220001,326.299988,332.269989,332.269989,50716900.00
2026-09-14,334.790009,335.500000,331.339996,333.079987,333.079987,39269100.00
2026-09-15,330.140015,331.779999,328.350006,331.339996,331.339996,31748200.00
2026-09-16,332.529999,335.480011,330.700012,332.410004,332.410004,35981000.00
2026-09-17,334.769989,338.339996,330.179993,337.000000,337.000000,36700200.00
2026-09-18,337.910004,338.489990,332.529999,336.130005,336.130005,86588200.00
2026-09-21,335.279999,339.640015,333.049988,338.980011,338.980011,34999200.00
2026-09-22,340.140015,345.339996,338.750000,339.750000,339.750000,40711800.00
2026-09-23,341.079987,341.799988,335.500000,337.019989,337.019989,31658800.00
2026-09-24,336.720001,338.910004,334.299988,335.920013,335.920013,24733100.00
2026-09-25,336.040009,341.670013,334.529999,341.070007,341.070007,30002500.00
2026-09-28,340.369995,342.989990,338.040009,338.399994,338.399994,32820800.00
2026-09-29,336.970001,337.089996,328.700012,329.399994,329.399994,38478000.00
2026-09-30,330.799988,339.500000,330.140015,333.019989,333.019989,49988600.00
2026-10-01,330.000000,332.480011,325.809998,330.320007,330.320007,36306300.00
2026-10-02,333.260010,334.540009,330.609985,333.690002,333.690002,33245500.00
