date,open,high,low,close,adjclose,volume
2009-01-02,2.567500,2.726500,2.553500,2.718000,2.718000,145928000.00
2009-01-05,2.786500,2.787000,2.651500,2.703000,2.703000,190196000.00
2009-01-06,2.727500,2.911000,2.687500,2.868000,2.868000,221602000.00
2009-01-07,2.814500,2.847500,2.767500,2.810000,2.810000,158854000.00
2009-01-08,2.749500,2.866000,2.729000,2.858000,2.858000,131558000.00
2009-01-09,2.846000,2.850000,2.735000,2.775500,2.775500,133682000.00
2009-01-12,2.706000,2.715000,2.543500,2.596000,2.596000,191126000.00
2009-01-13,2.548000,2.664500,2.537500,2.572500,2.572500,157664000.00
2009-01-14,2.505000,2.505000,2.407000,2.424500,2.424500,208852000.00
2009-01-15,2.428000,2.611500,2.381500,2.572000,2.572000,232346000.00
2009-01-16,2.590000,2.616500,2.476500,2.579500,2.579500,165164000.00
2009-01-20,2.537500,2.585000,2.413500,2.422000,2.422000,135344000.00
2009-01-21,2.465500,2.534500,2.412500,2.527000,2.527000,116590000.00
2009-01-22,2.471000,2.544000,2.413000,2.497000,2.497000,142666000.00
2009-01-23,2.445000,2.571000,2.422500,2.531500,2.531500,115866000.00
2009-01-26,2.509000,2.544500,2.426000,2.481500,2.481500,143114000.00
2009-01-27,2.465000,2.521000,2.386000,2.422000,2.422000,174764000.00
2009-01-28,2.486000,2.574500,2.448500,2.518000,2.518000,161132000.00
2009-01-29,2.498000,2.592500,2.457000,2.500000,2.500000,359336000.00
2009-01-30,2.868000,2.987000,2.862000,2.941000,2.941000,795662000.00
2009-02-02,2.928500,3.100000,2.906500,3.057500,3.057500,386486000.00
2009-02-03,3.043500,3.210000,3.000000,3.179500,3.179500,293892000.00
2009-02-04,3.169000,3.172000,3.041500,3.053000,3.053000,274526000.00
2009-02-05,3.057500,3.190500,3.031500,3.159000,3.159000,203392000.00
2009-02-06,3.159000,3.350000,3.159000,3.327500,3.327500,240898000.00
2009-02-09,3.328000,3.368000,3.269000,3.335500,3.335500,188752000.00
2009-02-10,3.307500,3.361500,3.153500,3.165500,3.165500,214012000.00
2009-02-11,3.155000,3.245000,3.112500,3.217500,3.217500,166946000.00
2009-02-12,3.162500,3.212500,3.085500,3.198000,3.198000,161910000.00
2009-02-13,3.198500,3.234000,3.143500,3.163000,3.163000,82618000.00
2009-02-17,3.083500,3.132500,3.059000,3.083500,3.083500,142522000.00
2009-02-18,3.113500,3.139000,3.026000,3.117500,3.117500,147320000.00
2009-02-19,3.142000,3.209000,3.083500,3.097500,3.097500,135378000.00
2009-02-20,3.053500,3.207500,3.042000,3.193000,3.193000,187090000.00
2009-02-23,3.208000,3.245500,3.076000,3.085500,3.085500,146720000.00
2009-02-24,3.098500,3.305000,3.094500,3.280000,3.280000,205428000.00
2009-02-25,3.245000,3.287500,3.141000,3.185500,3.185500,182442000.00
2009-02-26,3.206000,3.236500,3.117000,3.117000,3.117000,145506000.00
2009-02-27,3.063000,3.254000,3.047000,3.239500,3.239500,229766000.00
2009-03-02,3.197000,3.276000,3.075500,3.099500,3.099500,210238000.00
2009-03-03,3.137500,3.164500,3.065000,3.085000,3.085000,193832000.00
2009-03-04,3.140000,3.289500,3.120000,3.240500,3.240500,239218000.00
2009-03-05,3.206000,3.290000,3.180000,3.238500,3.238500,235406000.00
2009-03-06,3.260000,3.275000,2.991000,3.084500,3.084500,301876000.00
2009-03-09,3.110000,3.201500,3.007500,3.024500,3.024500,271228000.00
2009-03-10,3.124500,3.295000,3.089000,3.285500,3.285500,308714000.00
2009-03-11,3.312000,3.468500,3.263500,3.427000,3.427000,277634000.00
2009-03-12,3.417500,3.493500,3.362500,3.479000,3.479000,226978000.00
2009-03-13,3.482000,3.487000,3.376500,3.431500,3.431500,178068000.00
2009-03-16,3.428000,3.464500,3.334000,3.349000,3.349000,188746000.00
2009-03-17,3.368500,3.585500,3.350000,3.567500,3.567500,238056000.00
2009-03-18,3.548500,3.695500,3.506500,3.562500,3.562500,208034000.00
2009-03-19,3.570000,3.595500,3.462000,3.505000,3.505000,176382000.00
2009-03-20,3.519500,3.544500,3.454000,3.498000,3.498000,169362000.00
2009-03-23,3.568000,3.780500,3.535000,3.779000,3.779000,172248000.00
2009-03-24,3.742500,3.750000,3.615500,3.640500,3.640500,149158000.00
2009-03-25,3.654500,3.697500,3.492000,3.620000,3.620000,157912000.00
2009-03-26,3.673500,3.749000,3.632000,3.684500,3.684500,133154000.00
2009-03-27,3.580500,3.614500,3.505000,3.526000,3.526000,171376000.00
2009-03-30,3.520000,3.583500,3.487500,3.572000,3.572000,167462000.00
2009-03-31,3.630500,3.725000,3.606000,3.672000,3.672000,178364000.00
2009-04-01,3.651000,3.754500,3.585500,3.675000,3.675000,140828000.00
2009-04-02,3.681500,3.862000,3.672000,3.817000,3.817000,221338000.00
2009-04-03,3.821000,3.916000,3.775000,3.908500,3.908500,116198000.00
2009-04-06,3.863000,3.918000,3.800000,3.899500,3.899500,115026000.00
2009-04-07,3.848500,3.854000,3.744000,3.775500,3.775500,114976000.00
2009-04-08,3.796500,3.855500,3.728500,3.849000,3.849000,113060000.00
2009-04-09,3.875500,4.000000,3.863000,3.988500,3.988500,141646000.00
2009-04-13,3.992000,3.998500,3.892500,3.947000,3.947000,124244000.00
2009-04-14,3.900000,3.973000,3.847000,3.861000,3.861000,123208000.00
2009-04-15,3.775000,3.790500,3.675500,3.735500,3.735500,188256000.00
2009-04-16,3.766500,3.874000,3.758000,3.862500,3.862500,149356000.00
2009-04-17,3.839000,3.936000,3.794000,3.902500,3.902500,148520000.00
2009-04-20,3.922000,3.989500,3.841500,3.878500,3.878500,173738000.00
2009-04-21,3.866500,3.955000,3.864500,3.937000,3.937000,143244000.00
2009-04-22,3.908500,4.109000,3.890500,3.960000,3.960000,175510000.00
2009-04-23,4.066500,4.103000,3.954000,4.030500,4.030500,323754000.00
2009-04-24,4.101500,4.334000,4.036500,4.223000,4.223000,469686000.00
2009-04-27,4.194000,4.249000,4.110500,4.156000,4.156000,194118000.00
2009-04-28,4.134000,4.267500,4.120000,4.120000,4.120000,158480000.00
2009-04-29,4.149500,4.149500,3.963000,3.989500,3.989500,194702000.00
2009-04-30,4.046500,4.133500,3.994500,4.026000,4.026000,170752000.00
2009-05-01,4.019000,4.019000,3.892500,3.948000,3.948000,122434000.00
2009-05-04,4.013000,4.067500,3.942500,3.988500,3.988500,140386000.00
2009-05-05,4.050500,4.100000,4.009500,4.095000,4.095000,117406000.00
2009-05-06,4.144000,4.180000,3.983000,4.099500,4.099500,172080000.00
2009-05-07,4.136500,4.137500,3.894000,3.964000,3.964000,192642000.00
2009-05-08,3.984500,4.011500,3.815500,3.897500,3.897500,163860000.00
2009-05-11,3.840000,3.992500,3.800500,3.930500,3.930500,137446000.00
2009-05-12,3.935000,3.948500,3.826500,3.896500,3.896500,110974000.00
2009-05-13,3.812500,3.832500,3.700500,3.709500,3.709500,175410000.00
2009-05-14,3.689500,3.803000,3.665500,3.755500,3.755500,186872000.00
2009-05-15,3.727000,3.810500,3.671000,3.680000,3.680000,160234000.00
2009-05-18,3.698000,3.798000,3.655000,3.797500,3.797500,136582000.00
2009-05-19,3.771500,3.948000,3.756000,3.893500,3.893500,160578000.00
2009-05-20,3.925000,4.055500,3.871000,3.898500,3.898500,147020000.00
2009-05-21,3.837500,3.898500,3.770000,3.798000,3.798000,112810000.00
2009-05-22,3.805000,3.852000,3.751000,3.782000,3.782000,69694000.00
2009-05-26,3.751500,3.924000,3.727500,3.919500,3.919500,133992000.00
2009-05-27,3.925500,3.975000,3.837500,3.855000,3.855000,111342000.00
2009-05-28,3.885000,3.955000,3.794000,3.882500,3.882500,98862000.00
2009-05-29,3.886000,3.900500,3.820000,3.899500,3.899500,101444000.00
2009-06-01,3.910500,4.240000,3.874500,4.152500,4.152500,215930000.00
2009-06-02,4.121000,4.272500,4.105000,4.246500,4.246500,187940000.00
2009-06-03,4.165500,4.285500,4.156500,4.284000,4.284000,152068000.00
2009-06-04,4.271000,4.320000,4.228500,4.276000,4.276000,109308000.00
2009-06-05,4.314500,4.397500,4.265000,4.378000,4.378000,165270000.00
2009-06-08,4.337500,4.359000,4.255500,4.318000,4.318000,112042000.00
2009-06-09,4.346500,4.383500,4.308500,4.354000,4.354000,89502000.00
2009-06-10,4.379000,4.428000,4.241500,4.329500,4.329500,121472000.00
2009-06-11,4.315000,4.374500,4.252500,4.284500,4.284500,100194000.00
2009-06-12,4.251500,4.260000,4.100500,4.204000,4.204000,124460000.00
2009-06-15,4.141500,4.165000,4.050000,4.159000,4.159000,108036000.00
2009-06-16,4.185000,4.197500,4.064000,4.107500,4.107500,109316000.00
2009-06-17,4.125000,4.215000,4.032000,4.132500,4.132500,155702000.00
2009-06-18,4.140500,4.147500,4.050000,4.080000,4.080000,109062000.00
2009-06-19,4.107500,4.173000,4.075000,4.148000,4.148000,108764000.00
2009-06-22,4.120500,4.121500,3.928000,3.957500,3.957500,194888000.00
2009-06-23,3.948500,3.955000,3.812500,3.884000,3.884000,148310000.00
2009-06-24,3.900000,4.026500,3.890000,3.963500,3.963500,121628000.00
2009-06-25,3.955000,4.111500,3.951500,4.110000,4.110000,147208000.00
2009-06-26,4.095000,4.207000,4.056500,4.194000,4.194000,175506000.00
2009-06-29,4.193500,4.210000,4.120500,4.151500,4.151500,125406000.00
2009-06-30,4.181000,4.246000,4.123500,4.183000,4.183000,159696000.00
2009-07-01,4.221000,4.225000,4.068500,4.080000,4.080000,139624000.00
2009-07-02,4.055500,4.068500,3.925500,3.966000,3.966000,144372000.00
2009-07-06,3.922500,3.944500,3.827000,3.905000,3.905000,147376000.00
2009-07-07,3.926500,3.934500,3.770500,3.781500,3.781500,129830000.00
2009-07-08,3.823000,3.896500,3.785000,3.868000,3.868000,170814000.00
2009-07-09,3.912500,3.927000,3.841000,3.905000,3.905000,127190000.00
2009-07-10,3.876000,3.941000,3.808500,3.881500,3.881500,119522000.00
2009-07-13,3.903500,4.082500,3.900500,4.073500,4.073500,161004000.00
2009-07-14,4.074000,4.121000,4.021000,4.097500,4.097500,90872000.00
2009-07-15,4.150000,4.232000,4.139000,4.227500,4.227500,126780000.00
2009-07-16,4.221000,4.312000,4.186000,4.305500,4.305500,107238000.00
2009-07-17,4.290000,4.325000,4.260000,4.292500,4.292500,101032000.00
2009-07-20,4.313500,4.444000,4.313000,4.411500,4.411500,121132000.00
2009-07-21,4.426000,4.450500,4.370000,4.450500,4.450500,154572000.00
2009-07-22,4.432500,4.461500,4.389000,4.439500,4.439500,106592000.00
2009-07-23,4.492000,4.720000,4.479500,4.693500,4.693500,383242000.00
2009-07-24,4.380000,4.445000,4.275000,4.324500,4.324500,384092000.00
2009-07-27,4.312000,4.324500,4.178000,4.212000,4.212000,225586000.00
2009-07-28,4.192000,4.282000,4.130000,4.249000,4.249000,175498000.00
2009-07-29,4.223500,4.275000,4.176000,4.217000,4.217000,130058000.00
2009-07-30,4.282000,4.362500,4.258500,4.304500,4.304500,145064000.00
2009-07-31,4.288000,4.337500,4.231000,4.288000,4.288000,117738000.00
2009-08-03,4.328000,4.410000,4.328000,4.372000,4.372000,133260000.00
2009-08-04,4.374000,4.374000,4.246500,4.290000,4.290000,123558000.00
2009-08-05,4.282000,4.287500,4.151000,4.214500,4.214500,145588000.00
2009-08-06,4.215500,4.242000,4.152500,4.223500,4.223500,93860000.00
2009-08-07,4.205000,4.298000,4.205000,4.266000,4.266000,112560000.00
2009-08-10,4.250500,4.273500,4.163500,4.222000,4.222000,88812000.00
2009-08-11,4.182000,4.220000,4.122500,4.178000,4.178000,100500000.00
2009-08-12,4.171000,4.330000,4.169000,4.298000,4.298000,112388000.00
2009-08-13,4.286000,4.318500,4.203500,4.230000,4.230000,114248000.00
2009-08-14,4.205500,4.208500,4.139000,4.179000,4.179000,98494000.00
2009-08-17,4.058000,4.089000,4.012500,4.053000,4.053000,137772000.00
2009-08-18,4.070500,4.134500,4.039500,4.106000,4.106000,117688000.00
2009-08-19,4.045500,4.150000,4.024500,4.150000,4.150000,103412000.00
2009-08-20,4.149000,4.217500,4.133000,4.204500,4.204500,107500000.00
2009-08-21,4.239000,4.253000,4.177000,4.250000,4.250000,122614000.00
2009-08-24,4.258500,4.279500,4.212000,4.225000,4.225000,94464000.00
2009-08-25,4.233000,4.317000,4.197500,4.209500,4.209500,95820000.00
2009-08-26,4.205000,4.238000,4.169000,4.200000,4.200000,72276000.00
2009-08-27,4.200500,4.242500,4.157000,4.215500,4.215500,79954000.00
2009-08-28,4.239000,4.249500,4.128500,4.138000,4.138000,92414000.00
2009-08-31,4.096500,4.097500,4.017500,4.059500,4.059500,105276000.00
2009-09-01,4.037000,4.121000,3.950000,3.958000,3.958000,124916000.00
2009-09-02,3.952000,4.007500,3.890000,3.907000,3.907000,130254000.00
2009-09-03,3.919500,3.948000,3.875500,3.923000,3.923000,82804000.00
2009-09-04,3.913500,3.989000,3.881500,3.943500,3.943500,93430000.00
2009-09-08,3.993000,4.052000,3.943500,4.045000,4.045000,140752000.00
2009-09-09,4.030000,4.131500,4.025000,4.112000,4.112000,135524000.00
2009-09-10,4.116500,4.203500,4.115000,4.192500,4.192500,140462000.00
2009-09-11,4.222000,4.245000,4.188000,4.227000,4.227000,120138000.00
2009-09-14,4.190500,4.228500,4.173000,4.193000,4.193000,71440000.00
2009-09-15,4.208500,4.220500,4.139500,4.177500,4.177500,88936000.00
2009-09-16,4.295500,4.549000,4.295000,4.535000,4.535000,262286000.00
2009-09-17,4.537500,4.559500,4.450000,4.522000,4.522000,157454000.00
2009-09-18,4.537000,4.550000,4.473500,4.514000,4.514000,135390000.00
2009-09-21,4.484500,4.538000,4.424000,4.528000,4.528000,84186000.00
2009-09-22,4.573000,4.709500,4.555000,4.687500,4.687500,165298000.00
2009-09-23,4.641000,4.725000,4.611000,4.619000,4.619000,113706000.00
2009-09-24,4.600000,4.635500,4.538500,4.605500,4.605500,101502000.00
2009-09-25,4.572000,4.612500,4.487500,4.526000,4.526000,85136000.00
2009-09-28,4.552000,4.640500,4.530000,4.610500,4.610500,70160000.00
2009-09-29,4.598000,4.616500,4.505000,4.586000,4.586000,87878000.00
2009-09-30,4.613000,4.708500,4.571500,4.668000,4.668000,170784000.00
2009-10-01,4.625000,4.645000,4.518500,4.552000,4.552000,132902000.00
2009-10-02,4.502500,4.557000,4.479000,4.492500,4.492500,100788000.00
2009-10-05,4.512500,4.546500,4.413500,4.433500,4.433500,140570000.00
2009-10-06,4.466500,4.554000,4.420000,4.545500,4.545500,139274000.00
2009-10-07,4.575000,4.724000,4.557500,4.698500,4.698500,148902000.00
2009-10-08,4.740000,4.836000,4.711500,4.761000,4.761000,193486000.00
2009-10-09,4.750000,4.797500,4.713000,4.785500,4.785500,93880000.00
2009-10-12,4.808500,4.812500,4.653500,4.680000,4.680000,111828000.00
2009-10-13,4.691500,4.762500,4.684000,4.741500,4.741500,94400000.00
2009-10-14,4.811000,4.891000,4.801000,4.873000,4.873000,111136000.00
2009-10-15,4.756500,4.853000,4.754000,4.800500,4.800500,124842000.00
2009-10-16,4.765000,4.806000,4.680500,4.766000,4.766000,140768000.00
2009-10-19,4.767500,4.814000,4.712500,4.734000,4.734000,120348000.00
2009-10-20,4.795500,4.805000,4.713500,4.749000,4.749000,155552000.00
2009-10-21,4.763500,4.831500,4.645500,4.671000,4.671000,155224000.00
2009-10-22,4.683000,4.705000,4.585000,4.672500,4.672500,330370000.00
2009-10-23,5.552500,5.982500,5.531000,5.924500,5.924500,1166116000.00
2009-10-26,5.960500,6.284000,5.924500,6.232000,6.232000,645424000.00
2009-10-27,6.146500,6.213000,5.971000,6.103500,6.103500,406084000.00
2009-10-28,6.078500,6.256000,6.038000,6.082000,6.082000,337754000.00
2009-10-29,6.195000,6.215000,6.006000,6.129000,6.129000,256436000.00
2009-10-30,6.098500,6.145000,5.910500,5.940500,5.940500,266244000.00
2009-11-02,5.933000,5.975000,5.835500,5.942000,5.942000,225600000.00
2009-11-03,5.883500,5.944000,5.831500,5.918500,5.918500,189570000.00
2009-11-04,5.950000,5.962500,5.838000,5.855000,5.855000,152350000.00
2009-11-05,5.873000,6.047500,5.812500,6.030500,6.030500,181736000.00
2009-11-06,6.150000,6.349000,6.133500,6.310000,6.310000,264520000.00
2009-11-09,6.355500,6.416000,6.279500,6.333500,6.333500,172484000.00
2009-11-10,6.340000,6.530500,6.300000,6.507500,6.507500,210586000.00
2009-11-11,6.554000,6.565500,6.416500,6.495500,6.495500,148684000.00
2009-11-12,6.499000,6.607500,6.499000,6.526500,6.526500,144202000.00
2009-11-13,6.558000,6.649500,6.487500,6.648500,6.648500,147536000.00
2009-11-16,6.606000,6.728000,6.549000,6.579500,6.579500,180366000.00
2009-11-17,6.570000,6.592500,6.466000,6.562500,6.562500,154960000.00
2009-11-18,6.545000,6.570500,6.476500,6.564500,6.564500,104270000.00
2009-11-19,6.527000,6.527000,6.424000,6.449500,6.449500,119964000.00
2009-11-20,6.388000,6.499500,6.370500,6.483000,6.483000,133052000.00
2009-11-23,6.552500,6.650000,6.550000,6.650000,6.650000,137562000.00
2009-11-24,6.678500,6.716500,6.611000,6.647000,6.647000,146394000.00
2009-11-25,6.665500,6.710000,6.620000,6.701500,6.701500,101424000.00
2009-11-27,6.515000,6.650000,6.494000,6.587000,6.587000,88452000.00
2009-11-30,6.609500,6.804000,6.608000,6.795500,6.795500,202390000.00
2009-12-01,6.847000,6.967500,6.787500,6.925000,6.925000,193152000.00
2009-12-02,6.957500,7.133500,6.948000,7.112500,7.112500,235960000.00
2009-12-03,7.181000,7.295500,7.038500,7.058500,7.058500,330470000.00
2009-12-04,7.171000,7.172500,6.755500,6.879000,6.879000,296548000.00
2009-12-07,6.900000,6.950000,6.692000,6.710500,6.710500,156740000.00
2009-12-08,6.715000,6.804000,6.643500,6.705500,6.705500,160056000.00
2009-12-09,6.730000,6.735500,6.491000,6.565500,6.565500,252658000.00
2009-12-10,6.620500,6.809500,6.620000,6.769000,6.769000,226872000.00
2009-12-11,6.803500,6.814500,6.660000,6.707500,6.707500,160934000.00
2009-12-14,6.625000,6.630500,6.467500,6.569000,6.569000,200458000.00
2009-12-15,6.538000,6.623000,6.479500,6.511500,6.511500,148576000.00
2009-12-16,6.546500,6.572500,6.382500,6.418000,6.418000,205226000.00
2009-12-17,6.468000,6.504000,6.345000,6.345500,6.345500,169530000.00
2009-12-18,6.395500,6.439500,6.282500,6.424000,6.424000,192108000.00
2009-12-21,6.524000,6.660000,6.509500,6.639500,6.639500,189472000.00
2009-12-22,6.688000,6.799500,6.632500,6.687500,6.687500,165150000.00
2009-12-23,6.740000,6.952500,6.717500,6.947000,6.947000,190922000.00
2009-12-24,6.960000,6.985000,6.877000,6.923500,6.923500,102576000.00
2009-12-28,6.987500,7.099000,6.926500,6.965500,6.965500,175278000.00
2009-12-29,7.064500,7.129000,6.927500,6.970500,6.970500,168012000.00
2009-12-30,6.920000,6.920000,6.764000,6.824500,6.824500,138264000.00
2009-12-31,6.854500,6.864000,6.726000,6.726000,6.726000,90460000.00
2010-01-04,6.812500,6.830500,6.657000,6.695000,6.695000,151998000.00
2010-01-05,6.671500,6.774000,6.590500,6.734500,6.734500,177038000.00
2010-01-06,6.730000,6.736500,6.582500,6.612500,6.612500,143576000.00
2010-01-07,6.600500,6.616000,6.440000,6.500000,6.500000,220604000.00
2010-01-08,6.528000,6.684000,6.451500,6.676000,6.676000,196610000.00
2010-01-11,6.631000,6.640000,6.460500,6.515500,6.515500,175588000.00
2010-01-12,6.449500,6.491000,6.327500,6.367500,6.367500,181926000.00
2010-01-13,6.395000,6.485500,6.287500,6.455500,6.455500,214464000.00
2010-01-14,6.457000,6.519000,6.320000,6.367500,6.367500,195498000.00
2010-01-15,6.459000,6.482500,6.353000,6.357000,6.357000,307530000.00
2010-01-19,6.315500,6.400000,6.216500,6.380500,6.380500,177852000.00
2010-01-20,6.356500,6.460000,6.254000,6.289000,6.289000,181494000.00
2010-01-21,6.363000,6.407500,6.250000,6.331000,6.331000,199412000.00
2010-01-22,6.280000,6.383500,6.038000,6.071500,6.071500,231378000.00
2010-01-25,6.105000,6.114000,5.906000,6.015500,6.015500,240478000.00
2010-01-26,6.028000,6.149000,5.953000,5.974000,5.974000,191180000.00
2010-01-27,6.051500,6.166500,5.940000,6.137500,6.137500,295306000.00
2010-01-28,6.221500,6.360000,6.140000,6.301500,6.301500,545862000.00
2010-01-29,6.488500,6.592500,6.207000,6.270500,6.270500,589426000.00
2010-02-01,6.159000,6.243000,5.691000,5.943500,5.943500,755488000.00
2010-02-02,5.939500,5.949000,5.720000,5.906000,5.906000,461594000.00
2010-02-03,5.856000,5.980500,5.828000,5.955000,5.955000,248118000.00
2010-02-04,5.932000,6.016500,5.787000,5.797000,5.797000,255680000.00
2010-02-05,5.794000,5.882500,5.705000,5.869500,5.869500,220496000.00
2010-02-08,5.969000,6.050000,5.828000,5.841500,5.841500,197804000.00
2010-02-09,5.910000,5.954500,5.850000,5.901500,5.901500,184460000.00
2010-02-10,5.900000,5.930500,5.800000,5.868000,5.868000,124664000.00
2010-02-11,5.860500,6.021000,5.825000,6.004500,6.004500,166870000.00
2010-02-12,5.949500,5.997000,5.875000,5.983000,5.983000,161470000.00
2010-02-16,6.003000,6.025000,5.859000,5.876500,5.876500,178654000.00
2010-02-17,5.853500,5.856500,5.777500,5.815500,5.815500,178896000.00
2010-02-18,5.792000,5.925500,5.741000,5.904000,5.904000,196002000.00
2010-02-19,5.895500,5.954500,5.850000,5.876000,5.876000,142312000.00
2010-02-22,5.868500,5.948500,5.809000,5.900500,5.900500,136146000.00
2010-02-23,5.900500,5.962500,5.825500,5.862000,5.862000,141364000.00
2010-02-24,5.898000,5.990000,5.857500,5.986000,5.986000,147798000.00
2010-02-25,5.908500,5.917000,5.792500,5.910000,5.910000,190668000.00
2010-02-26,5.894000,5.971500,5.850000,5.920000,5.920000,114432000.00
2010-03-01,5.935000,6.233000,5.876500,6.227000,6.227000,265930000.00
2010-03-02,6.250500,6.367500,6.240000,6.276500,6.276500,241950000.00
2010-03-03,6.270000,6.347000,6.221500,6.294500,6.294500,128808000.00
2010-03-04,6.299000,6.442500,6.278500,6.426500,6.426500,150194000.00
2010-03-05,6.456500,6.472500,6.353500,6.445500,6.445500,135386000.00
2010-03-08,6.415000,6.542500,6.385500,6.505500,6.505500,112118000.00
2010-03-09,6.479500,6.540500,6.398500,6.441000,6.441000,121416000.00
2010-03-10,6.455500,6.558500,6.424000,6.525500,6.525500,112514000.00
2010-03-11,6.522500,6.681000,6.518000,6.679000,6.679000,144816000.00
2010-03-12,6.710000,6.710000,6.559000,6.591000,6.591000,123016000.00
2010-03-15,6.585000,6.600000,6.431500,6.556500,6.556500,126584000.00
2010-03-16,6.562000,6.614500,6.525000,6.589500,6.589500,82650000.00
2010-03-17,6.620500,6.634500,6.561000,6.567000,6.567000,87176000.00
2010-03-18,6.551000,6.642500,6.522000,6.638000,6.638000,100426000.00
2010-03-19,6.685500,6.685500,6.483000,6.517500,6.517500,178100000.00
2010-03-22,6.510000,6.548000,6.432000,6.523500,6.523500,107668000.00
2010-03-23,6.544500,6.547000,6.403500,6.463000,6.463000,84262000.00
2010-03-24,6.432000,6.470000,6.360000,6.402000,6.402000,93928000.00
2010-03-25,6.457000,6.845500,6.402000,6.736500,6.736500,324192000.00
2010-03-26,6.745000,6.849500,6.688000,6.753000,6.753000,131314000.00
2010-03-29,6.768500,6.831500,6.716500,6.756000,6.756000,92538000.00
2010-03-30,6.787000,6.909500,6.768000,6.829000,6.829000,123854000.00
2010-03-31,6.800000,6.840000,6.724000,6.788500,6.788500,92012000.00
2010-04-01,6.790000,6.825500,6.559000,6.590500,6.590500,175716000.00
2010-04-05,6.642500,6.687000,6.539000,6.574500,6.574500,116330000.00
2010-04-06,6.561500,6.800000,6.559000,6.778000,6.778000,159006000.00
2010-04-07,6.798000,6.804000,6.693000,6.743500,6.743500,118908000.00
2010-04-08,6.735500,7.062500,6.735500,7.048000,7.048000,253782000.00
2010-04-09,7.036000,7.066500,6.953500,7.003000,7.003000,120222000.00
2010-04-12,7.000000,7.145500,6.984000,7.060000,7.060000,108906000.00
2010-04-13,7.061500,7.099000,6.956000,7.008000,7.008000,95710000.00
2010-04-14,7.017000,7.225000,6.960000,7.214000,7.214000,158006000.00
2010-04-15,7.227500,7.354500,7.200000,7.291000,7.291000,156592000.00
2010-04-16,7.244000,7.358500,7.072500,7.108500,7.108500,167936000.00
2010-04-19,7.117500,7.183500,6.956500,7.121500,7.121500,120440000.00
2010-04-20,7.191500,7.232000,7.105000,7.210000,7.210000,86234000.00
2010-04-21,7.258500,7.450000,7.176000,7.321500,7.321500,147488000.00
2010-04-22,7.350500,7.554500,7.294000,7.504500,7.504500,303316000.00
2010-04-23,7.269000,7.454500,7.121000,7.181500,7.181500,379504000.00
2010-04-26,7.160000,7.386500,7.145000,7.355500,7.355500,186366000.00
2010-04-27,7.277500,7.322000,7.055500,7.101000,7.101000,172780000.00
2010-04-28,7.129500,7.137500,6.934500,6.967500,6.967500,184706000.00
2010-04-29,7.004500,7.122500,6.989500,7.086500,7.086500,126284000.00
2010-04-30,7.070000,7.070000,6.845500,6.855000,6.855000,122270000.00
2010-05-03,6.860000,6.972000,6.805500,6.874500,6.874500,113092000.00
2010-05-04,6.781000,6.790500,6.419000,6.491500,6.491500,253356000.00
2010-05-05,6.400000,6.580500,6.377500,6.546500,6.546500,189162000.00
2010-05-06,6.500000,6.616500,6.030000,6.435500,6.435500,203780000.00
2010-05-07,6.398500,6.559000,6.188000,6.249000,6.249000,238552000.00
2010-05-10,6.486500,6.610500,6.463000,6.564500,6.564500,136122000.00
2010-05-11,6.497500,6.654000,6.423500,6.523000,6.523000,120882000.00
2010-05-12,6.570500,6.706500,6.484000,6.693500,6.693500,118090000.00
2010-05-13,6.696500,6.849500,6.550000,6.573500,6.573500,118804000.00
2010-05-14,6.518000,6.550000,6.338000,6.426500,6.426500,105556000.00
2010-05-17,6.412000,6.497500,6.290000,6.445500,6.445500,112844000.00
2010-05-18,6.507000,6.562500,6.275500,6.314000,6.314000,105138000.00
2010-05-19,6.275500,6.396500,6.190000,6.229500,6.229500,129266000.00
2010-05-20,6.132000,6.250000,5.939000,5.985500,5.985500,171888000.00
2010-05-21,5.895000,6.248500,5.876000,6.136000,6.136000,159338000.00
2010-05-24,6.128500,6.225000,6.032500,6.106000,6.106000,90718000.00
2010-05-25,5.927000,6.259500,5.925000,6.243000,6.243000,138268000.00
2010-05-26,6.252500,6.289500,6.115000,6.160500,6.160500,139292000.00
2010-05-27,6.249000,6.342500,6.030000,6.335000,6.335000,94954000.00
2010-05-28,6.303500,6.380000,6.200500,6.273000,6.273000,79096000.00
2010-06-01,6.248500,6.328500,6.151000,6.162000,6.162000,73190000.00
2010-06-02,6.201000,6.321500,6.082500,6.315500,6.315500,95294000.00
2010-06-03,6.312500,6.457500,6.242500,6.438000,6.438000,105538000.00
2010-06-04,6.316500,6.410000,6.109000,6.138500,6.138500,109954000.00
2010-06-07,6.292000,6.330500,6.083500,6.100500,6.100500,131328000.00
2010-06-08,6.100000,6.100000,5.790000,5.942000,5.942000,229688000.00
2010-06-09,6.015500,6.073500,5.868000,5.895500,5.895500,147384000.00
2010-06-10,6.000000,6.175000,5.960000,6.160500,6.160500,121236000.00
2010-06-11,6.069500,6.176500,6.014500,6.151500,6.151500,84092000.00
2010-06-14,6.212000,6.285000,6.175000,6.191500,6.191500,78460000.00
2010-06-15,6.160000,6.346000,6.125000,6.342000,6.342000,90820000.00
2010-06-16,6.269500,6.399000,6.268000,6.345000,6.345000,79286000.00
2010-06-17,6.337000,6.390000,6.234500,6.294500,6.294500,69580000.00
2010-06-18,6.324000,6.374000,6.253500,6.291500,6.291500,76720000.00
2010-06-21,6.339500,6.374000,6.070500,6.127500,6.127500,106554000.00
2010-06-22,6.132500,6.261500,6.077500,6.115500,6.115500,124144000.00
2010-06-23,6.105500,6.161000,6.002000,6.072500,6.072500,109102000.00
2010-06-24,6.030500,6.042500,5.840000,5.916500,5.916500,155422000.00
2010-06-25,5.907000,6.088000,5.881500,6.050000,6.050000,115394000.00
2010-06-28,5.942500,6.002000,5.855000,5.890000,5.890000,112244000.00
2010-06-29,5.813000,5.824000,5.300500,5.430500,5.430500,257326000.00
2010-06-30,5.429000,5.634000,5.405500,5.463000,5.463000,194814000.00
2010-07-01,5.445000,5.584500,5.335000,5.548000,5.548000,170596000.00
2010-07-02,5.546000,5.564500,5.428000,5.457000,5.457000,89542000.00
2010-07-06,5.532500,5.626500,5.450000,5.503000,5.503000,104386000.00
2010-07-07,5.492000,5.681500,5.490500,5.671500,5.671500,98820000.00
2010-07-08,5.751000,5.874000,5.703500,5.811000,5.811000,135500000.00
2010-07-09,5.827500,5.870000,5.732500,5.863000,5.863000,81302000.00
2010-07-12,5.890500,5.985000,5.866000,5.975500,5.975500,95672000.00
2010-07-13,6.034500,6.244000,6.015000,6.182500,6.182500,141822000.00
2010-07-14,6.151500,6.187500,6.073500,6.165000,6.165000,105140000.00
2010-07-15,6.006500,6.124000,5.963000,6.103000,6.103000,120954000.00
2010-07-16,6.064000,6.096000,5.900500,5.924500,5.924500,124558000.00
2010-07-19,5.919000,6.037000,5.850000,5.997000,5.997000,100618000.00
2010-07-20,6.030500,6.035500,5.875500,6.005000,6.005000,135700000.00
2010-07-21,6.031000,6.062500,5.863000,5.871500,5.871500,100234000.00
2010-07-22,5.935500,6.043500,5.901000,6.003500,6.003500,300068000.00
2010-07-23,5.296500,5.964000,5.290000,5.943500,5.943500,848422000.00
2010-07-26,5.913000,5.930000,5.744000,5.920000,5.920000,222756000.00
2010-07-27,5.921500,5.925000,5.753500,5.856500,5.856500,155922000.00
2010-07-28,5.850000,5.910000,5.820000,5.856500,5.856500,109446000.00
2010-07-29,5.899500,5.943500,5.776000,5.843000,5.843000,123516000.00
2010-07-30,5.776500,5.937000,5.725500,5.894500,5.894500,141550000.00
2010-08-02,5.957500,6.019000,5.878500,6.003500,6.003500,108874000.00
2010-08-03,6.000000,6.143500,5.984000,6.121000,6.121000,119076000.00
2010-08-04,6.153000,6.423500,6.150000,6.379000,6.379000,185416000.00
2010-08-05,6.338500,6.400000,6.291000,6.391500,6.391500,85646000.00
2010-08-06,6.336000,6.420000,6.295000,6.416000,6.416000,101304000.00
2010-08-09,6.423000,6.496500,6.392500,6.441500,6.441500,101716000.00
2010-08-10,6.397500,6.500000,6.369000,6.500000,6.500000,114138000.00
2010-08-11,6.405000,6.406000,6.260000,6.294500,6.294500,110834000.00
2010-08-12,6.188000,6.350000,6.177500,6.328000,6.328000,87358000.00
2010-08-13,6.303000,6.374000,6.213000,6.234500,6.234500,79532000.00
2010-08-16,6.180500,6.368500,6.152000,6.303500,6.303500,80494000.00
2010-08-17,6.367000,6.499000,6.339500,6.443000,6.443000,100894000.00
2010-08-18,6.462500,6.540500,6.413000,6.482500,6.482500,158030000.00
2010-08-19,6.461000,6.501000,6.341000,6.378500,6.378500,111650000.00
2010-08-20,6.360000,6.402000,6.301000,6.388000,6.388000,83402000.00
2010-08-23,6.393000,6.461000,6.325000,6.330000,6.330000,77226000.00
2010-08-24,6.270500,6.272000,6.159000,6.226500,6.226500,107394000.00
2010-08-25,6.192500,6.368500,6.191500,6.342500,6.342500,106890000.00
2010-08-26,6.357500,6.379500,6.241000,6.243000,6.243000,93890000.00
2010-08-27,6.273000,6.332000,6.112500,6.332000,6.332000,101600000.00
2010-08-30,6.301500,6.347500,6.184500,6.189500,6.189500,68520000.00
2010-08-31,6.142500,6.295000,6.125000,6.241500,6.241500,84512000.00
2010-09-01,6.318000,6.630000,6.308500,6.624500,6.624500,142766000.00
2010-09-02,6.608500,6.760500,6.602500,6.760500,6.760500,108148000.00
2010-09-03,6.844500,6.975000,6.831500,6.939500,6.939500,131624000.00
2010-09-07,6.878000,6.930000,6.844500,6.861000,6.861000,77660000.00
2010-09-08,6.896500,6.985000,6.822500,6.957000,6.957000,116570000.00
2010-09-09,7.019500,7.068500,6.963000,7.019000,7.019000,99160000.00
2010-09-10,7.037500,7.130000,7.002000,7.122000,7.122000,100872000.00
2010-09-13,7.203500,7.287000,7.188000,7.253500,7.253500,101548000.00
2010-09-14,7.225000,7.335000,7.191500,7.287500,7.287500,86388000.00
2010-09-15,7.244000,7.281000,7.178000,7.272500,7.272500,98072000.00
2010-09-16,7.270000,7.411500,7.258000,7.406500,7.406500,116540000.00
2010-09-17,7.445000,7.449000,7.325000,7.416000,7.416000,145192000.00
2010-09-20,7.435000,7.597500,7.367500,7.565000,7.565000,128988000.00
2010-09-21,7.538000,7.665500,7.480000,7.536500,7.536500,150840000.00
2010-09-22,7.492000,7.635000,7.455000,7.591500,7.591500,132248000.00
2010-09-23,7.560000,7.796000,7.548500,7.642500,7.642500,141312000.00
2010-09-24,7.771500,8.044500,7.771000,8.036500,8.036500,211812000.00
2010-09-27,8.011000,8.060000,7.894000,7.968500,7.968500,128926000.00
2010-09-28,7.992000,8.044000,7.744500,7.985000,7.985000,169884000.00
2010-09-29,7.951500,8.089000,7.887500,7.949500,7.949500,145750000.00
2010-09-30,8.000500,8.046500,7.780000,7.853000,7.853000,152120000.00
2010-10-01,7.854000,7.872000,7.610000,7.685500,7.685500,173668000.00
2010-10-04,7.697500,7.798000,7.639500,7.769500,7.769500,106930000.00
2010-10-05,7.854000,8.060500,7.850500,8.043500,8.043500,112400000.00
2010-10-06,8.030000,8.034000,7.730000,7.770000,7.770000,121216000.00
2010-10-07,7.825500,7.870000,7.669500,7.813500,7.813500,92440000.00
2010-10-08,7.759000,7.814000,7.639000,7.777500,7.777500,138368000.00
2010-10-11,7.744500,7.831500,7.617000,7.651500,7.651500,89728000.00
2010-10-12,7.625500,7.847500,7.570000,7.824000,7.824000,105616000.00
2010-10-13,7.834500,7.839500,7.692500,7.758500,7.758500,112656000.00
2010-10-14,7.758000,7.847500,7.711500,7.776500,7.776500,80482000.00
2010-10-15,7.921000,8.244000,7.837500,8.232000,8.232000,202710000.00
2010-10-18,8.250000,8.259500,8.091000,8.178000,8.178000,126626000.00
2010-10-19,8.034000,8.140000,7.850000,7.933500,7.933500,150500000.00
2010-10-20,7.939000,7.993500,7.828500,7.933500,7.933500,115808000.00
2010-10-21,8.133500,8.306500,8.064500,8.248500,8.248500,269650000.00
2010-10-22,8.122500,8.508500,8.113500,8.456500,8.456500,326368000.00
2010-10-25,8.578500,8.599500,8.416000,8.450000,8.450000,130618000.00
2010-10-26,8.378500,8.550000,8.375000,8.497500,8.497500,93792000.00
2010-10-27,8.445500,8.487500,8.327000,8.375500,8.375500,114436000.00
2010-10-28,8.415500,8.424500,8.252500,8.342000,8.342000,93688000.00
2010-10-29,8.290000,8.425000,8.240500,8.261500,8.261500,99970000.00
2010-11-01,8.222500,8.229000,8.076000,8.129000,8.129000,104798000.00
2010-11-02,8.187500,8.297000,8.168000,8.230500,8.230500,85200000.00
2010-11-03,8.270000,8.430500,8.114500,8.423500,8.423500,122242000.00
2010-11-04,8.493000,8.626500,8.420000,8.446500,8.446500,147918000.00
2010-11-05,8.467500,8.582500,8.429500,8.538500,8.538500,104244000.00
2010-11-08,8.542000,8.660000,8.439000,8.599500,8.599500,114120000.00
2010-11-09,8.633500,8.657000,8.453000,8.513500,8.513500,79572000.00
2010-11-10,8.529500,8.668500,8.470500,8.666500,8.666500,108806000.00
2010-11-11,8.550000,8.602500,8.471000,8.518500,8.518500,113834000.00
2010-11-12,8.506000,8.563000,8.252500,8.284000,8.284000,143212000.00
2010-11-15,8.258000,8.267500,7.928000,7.945000,7.945000,192972000.00
2010-11-16,7.937000,8.045500,7.838500,7.889000,7.889000,131428000.00
2010-11-17,7.892000,8.042500,7.877500,7.917500,7.917500,90498000.00
2010-11-18,8.037000,8.250000,8.037000,8.208500,8.208500,124506000.00
2010-11-19,8.197500,8.249500,8.142000,8.241000,8.241000,89296000.00
2010-11-22,8.255000,8.530000,8.250000,8.519500,8.519500,122850000.00
2010-11-23,8.430500,8.440500,8.231000,8.410000,8.410000,129306000.00
2010-11-24,8.576500,8.894500,8.576500,8.862500,8.862500,200850000.00
2010-11-26,8.868000,8.919000,8.808000,8.860000,8.860000,85432000.00
2010-11-29,8.999500,9.092000,8.878500,8.974500,8.974500,193900000.00
2010-11-30,8.847500,8.885000,8.745000,8.770000,8.770000,135244000.00
2010-12-01,8.958000,8.966000,8.800000,8.827500,8.827500,115402000.00
2010-12-02,8.843000,8.872500,8.696000,8.826500,8.826500,110752000.00
2010-12-03,8.775000,8.820000,8.702500,8.784000,8.784000,98150000.00
2010-12-06,8.776000,8.921500,8.730000,8.902500,8.902500,113084000.00
2010-12-07,9.025000,9.073500,8.828500,8.838500,8.838500,101542000.00
2010-12-08,8.874500,8.908000,8.760000,8.814500,8.814500,74538000.00
2010-12-09,8.888500,8.905500,8.690000,8.742500,8.742500,91110000.00
2010-12-10,8.744000,8.797500,8.668000,8.781000,8.781000,71310000.00
2010-12-13,8.816500,8.897000,8.686500,8.712500,8.712500,84050000.00
2010-12-14,8.714000,8.788000,8.654500,8.697000,8.697000,73706000.00
2010-12-15,8.686000,8.950000,8.679500,8.778500,8.778500,116210000.00
2010-12-16,8.779000,8.915000,8.752000,8.902000,8.902000,82430000.00
2010-12-17,8.920500,8.937500,8.851000,8.879000,8.879000,90146000.00
2010-12-20,8.963500,9.199000,8.902000,9.164500,9.164500,174706000.00
2010-12-21,9.194000,9.282500,9.130000,9.237500,9.237500,102220000.00
2010-12-22,9.250000,9.272500,9.205500,9.238000,9.238000,51562000.00
2010-12-23,9.217000,9.249000,9.094500,9.129500,9.129500,67164000.00
2010-12-27,9.095000,9.157000,9.022500,9.107000,9.107000,44988000.00
2010-12-28,9.105000,9.138500,9.052500,9.054500,9.054500,39500000.00
2010-12-29,9.090000,9.217500,9.020500,9.168500,9.168500,62402000.00
2010-12-30,9.196000,9.227500,9.137500,9.137500,9.137500,39224000.00
2010-12-31,9.098000,9.115000,8.975500,9.000000,9.000000,69038000.00
2011-01-03,9.068500,9.300000,9.060500,9.211000,9.211000,106628000.00
2011-01-04,9.307500,9.385000,9.189000,9.250500,9.250500,100636000.00
2011-01-05,9.205000,9.372500,9.203500,9.371000,9.371000,68376000.00
2011-01-06,9.325000,9.370500,9.262500,9.293000,9.293000,63594000.00
2011-01-07,9.394000,9.422500,9.187000,9.274500,9.274500,104434000.00
2011-01-10,9.252000,9.264500,9.125500,9.234000,9.234000,67518000.00
2011-01-11,9.271000,9.300000,9.160500,9.217000,9.217000,56284000.00
2011-01-12,9.268000,9.269000,9.165000,9.204000,9.204000,53582000.00
2011-01-13,9.180000,9.322500,9.175500,9.276500,9.276500,67340000.00
2011-01-14,9.275000,9.447000,9.246000,9.437500,9.437500,73256000.00
2011-01-18,9.433000,9.580000,9.412500,9.562500,9.562500,77924000.00
2011-01-19,9.545000,9.550000,9.310500,9.343500,9.343500,77648000.00
2011-01-20,9.264500,9.342500,9.050000,9.098000,9.098000,114198000.00
2011-01-21,9.150000,9.162500,8.842000,8.871000,8.871000,136124000.00
2011-01-24,8.897500,8.924500,8.707500,8.842500,8.842500,112006000.00
2011-01-25,8.775000,8.837500,8.714000,8.835000,8.835000,93020000.00
2011-01-26,8.875500,8.894500,8.731500,8.769500,8.769500,75244000.00
2011-01-27,8.874000,9.250000,8.865500,9.222500,9.222500,291888000.00
2011-01-28,8.572500,8.685500,8.345000,8.557000,8.557000,398164000.00
2011-01-31,8.508000,8.572000,8.370500,8.482000,8.482000,134362000.00
2011-02-01,8.526000,8.655000,8.475500,8.605500,8.605500,101718000.00
2011-02-02,8.571000,8.760000,8.543500,8.676500,8.676500,90950000.00
2011-02-03,8.675000,8.733500,8.597500,8.685500,8.685500,73578000.00
2011-02-04,8.700000,8.859500,8.687500,8.796500,8.796500,86956000.00
2011-02-07,8.807500,8.877500,8.738500,8.821500,8.821500,105094000.00
2011-02-08,8.833000,9.155500,8.829500,9.153000,9.153000,155898000.00
2011-02-09,9.157500,9.323500,9.113000,9.265000,9.265000,166254000.00
2011-02-10,9.219500,9.362000,9.180000,9.310500,9.310500,106628000.00
2011-02-11,9.278000,9.475000,9.268500,9.462500,9.462500,89758000.00
2011-02-14,9.462500,9.570000,9.417500,9.521000,9.521000,81226000.00
2011-02-15,9.436500,9.524500,9.412500,9.451500,9.451500,77818000.00
2011-02-16,9.488500,9.500000,9.317500,9.331000,9.331000,92564000.00
2011-02-17,9.288500,9.454500,9.265500,9.388000,9.388000,68510000.00
2011-02-18,9.377000,9.425000,9.256500,9.325000,9.325000,83572000.00
2011-02-22,9.184000,9.236000,8.966000,9.021000,9.021000,112742000.00
2011-02-23,9.012500,9.057500,8.719500,8.834000,8.834000,109640000.00
2011-02-24,8.843000,8.987500,8.728000,8.887500,8.887500,93130000.00
2011-02-25,8.947500,9.037500,8.855000,8.862000,8.862000,83828000.00
2011-02-28,8.695500,8.794500,8.607500,8.664500,8.664500,135664000.00
2011-03-01,8.676500,8.698000,8.433500,8.472000,8.472000,116942000.00
2011-03-02,8.454500,8.665000,8.417500,8.601000,8.601000,103714000.00
2011-03-03,8.685500,8.723000,8.602500,8.639500,8.639500,82764000.00
2011-03-04,8.631000,8.637500,8.475500,8.583500,8.583500,98486000.00
2011-03-07,8.596000,8.604500,8.312000,8.454000,8.454000,118658000.00
2011-03-08,8.469500,8.485500,8.336000,8.344500,8.344500,84380000.00
2011-03-09,8.333500,8.487500,8.195000,8.452500,8.452500,142178000.00
2011-03-10,8.353500,8.423500,8.241000,8.307000,8.307000,119968000.00
2011-03-11,8.275000,8.460000,8.206000,8.403500,8.403500,92198000.00
2011-03-14,8.330000,8.404000,8.228500,8.336500,8.336500,80440000.00
2011-03-15,8.069500,8.344000,8.038000,8.254000,8.254000,98690000.00
2011-03-16,8.235000,8.407000,8.143500,8.235000,8.235000,104162000.00
2011-03-17,8.295500,8.315000,8.039000,8.048500,8.048500,129428000.00
2011-03-18,8.059500,8.177000,8.029500,8.091000,8.091000,148854000.00
2011-03-21,8.168500,8.289500,8.086000,8.226000,8.226000,81102000.00
2011-03-22,8.203500,8.222000,8.112500,8.130000,8.130000,72228000.00
2011-03-23,8.115000,8.313000,8.041000,8.266000,8.266000,94426000.00
2011-03-24,8.410500,8.600000,8.368000,8.555000,8.555000,125664000.00
2011-03-25,8.582000,8.674500,8.515000,8.549000,8.549000,85876000.00
2011-03-28,8.590000,8.625000,8.462500,8.467500,8.467500,68016000.00
2011-03-29,8.536500,8.742000,8.503500,8.731000,8.731000,97692000.00
2011-03-30,8.889000,9.058000,8.883000,8.971000,8.971000,137186000.00
2011-03-31,8.965500,9.078500,8.925000,9.006500,9.006500,96530000.00
2011-04-01,9.079000,9.162500,8.929500,9.006500,9.006500,113682000.00
2011-04-04,9.044500,9.180500,9.034500,9.147000,9.147000,83728000.00
2011-04-05,9.105000,9.318000,9.090000,9.264500,9.264500,111384000.00
2011-04-06,9.307500,9.413500,9.056000,9.138000,9.138000,108614000.00
2011-04-07,9.139000,9.258500,9.088000,9.245500,9.245500,91280000.00
2011-04-08,9.263000,9.311000,9.139000,9.235500,9.235500,74528000.00
2011-04-11,9.243000,9.324500,9.092500,9.202000,9.202000,65942000.00
2011-04-12,9.153000,9.229500,8.971000,9.024000,9.024000,106690000.00
2011-04-13,9.041500,9.144000,8.990000,9.114500,9.114500,84326000.00
2011-04-14,9.069500,9.104000,8.968000,9.091000,9.091000,71764000.00
2011-04-15,9.050000,9.089000,8.951000,9.000500,9.000500,85448000.00
2011-04-18,8.919000,8.945500,8.768500,8.917000,8.917000,92330000.00
2011-04-19,8.917500,8.973500,8.830000,8.941000,8.941000,52920000.00
2011-04-20,9.081000,9.250000,9.079500,9.193500,9.193500,81350000.00
2011-04-21,9.228000,9.298500,9.152500,9.294500,9.294500,66962000.00
2011-04-25,9.282500,9.317500,9.188500,9.271000,9.271000,68762000.00
2011-04-26,9.313500,9.321000,9.037000,9.115000,9.115000,224000000.00
2011-04-27,9.160000,9.890000,9.137500,9.831500,9.831500,472460000.00
2011-04-28,9.798000,9.839500,9.613500,9.753500,9.753500,146000000.00
2011-04-29,9.719000,9.829500,9.689000,9.790500,9.790500,132818000.00
2011-05-02,9.828500,10.171000,9.809000,10.059500,10.059500,187962000.00
2011-05-03,10.050000,10.129500,9.834500,9.922500,9.922500,122000000.00
2011-05-04,9.912500,10.093000,9.768500,9.998500,9.998500,131000000.00
2011-05-05,9.933000,10.050000,9.806000,9.855500,9.855500,92000000.00
2011-05-06,9.955000,9.978000,9.828000,9.880000,9.880000,80278000.00
2011-05-09,9.917000,10.118000,9.839000,10.040000,10.040000,116508000.00
2011-05-10,10.097000,10.264500,10.078000,10.197000,10.197000,117718000.00
2011-05-11,10.156000,10.275000,10.112500,10.219000,10.219000,96180000.00
2011-05-12,10.211000,10.309500,10.031000,10.303500,10.303500,96000000.00
2011-05-13,10.285000,10.319500,10.118000,10.128000,10.128000,82474000.00
2011-05-16,10.027000,10.045000,9.568500,9.625500,9.625500,187728000.00
2011-05-17,9.591000,9.799000,9.588000,9.740500,9.740500,141466000.00
2011-05-18,9.706500,9.914000,9.662500,9.854500,9.854500,99116000.00
2011-05-19,9.916500,9.997500,9.877500,9.940000,9.940000,74024000.00
2011-05-20,9.897500,9.990000,9.862000,9.932500,9.932500,67620000.00
2011-05-23,9.778000,9.864500,9.601000,9.811000,9.811000,84000000.00
2011-05-24,9.850000,9.850000,9.650000,9.663500,9.663500,59454000.00
2011-05-25,9.678500,9.717500,9.557000,9.613000,9.613000,93226000.00
2011-05-26,9.562000,9.822500,9.544000,9.750000,9.750000,81504000.00
2011-05-27,9.738000,9.806000,9.675000,9.706500,9.706500,47052000.00
2011-05-31,9.797000,9.922000,9.751500,9.834500,9.834500,68180000.00
2011-06-01,9.803000,9.863000,9.602500,9.620000,9.620000,68904000.00
2011-06-02,9.614000,9.722000,9.528000,9.682500,9.682500,60898000.00
2011-06-03,9.561500,9.660500,9.381000,9.416000,9.416000,99490000.00
2011-06-06,9.400500,9.492500,9.259000,9.284500,9.284500,74320000.00
2011-06-07,9.286000,9.531500,9.276000,9.377500,9.377500,97330000.00
2011-06-08,9.372500,9.490500,9.316000,9.402500,9.402500,74332000.00
2011-06-09,9.487000,9.588000,9.285500,9.484000,9.484000,83746000.00
2011-06-10,9.462500,9.538500,9.314000,9.326500,9.326500,75208000.00
2011-06-13,9.340500,9.465500,9.243000,9.314500,9.314500,77378000.00
2011-06-14,9.449500,9.536000,9.353500,9.498000,9.498000,79206000.00
2011-06-15,9.402000,9.622500,9.265000,9.299000,9.299000,126354000.00
2011-06-16,9.287000,9.350000,9.079500,9.182500,9.182500,120642000.00
2011-06-17,9.325500,9.369500,9.232000,9.318500,9.318500,126444000.00
2011-06-20,9.298000,9.442500,9.278500,9.386000,9.386000,56634000.00
2011-06-21,9.415000,9.750000,9.356000,9.711500,9.711500,83652000.00
2011-06-22,9.698000,9.760000,9.566000,9.581500,9.581500,62594000.00
2011-06-23,9.475000,9.723000,9.415000,9.708000,9.708000,92192000.00
2011-06-24,9.694000,9.746000,9.567500,9.627500,9.627500,72290000.00
2011-06-27,9.725000,10.129000,9.701500,10.062500,10.062500,122014000.00
2011-06-28,10.096000,10.144000,10.030000,10.117500,10.117500,76506000.00
2011-06-29,10.133500,10.312500,10.051500,10.209000,10.209000,92178000.00
2011-06-30,10.039000,10.260000,10.025000,10.224500,10.224500,88962000.00
2011-07-01,10.277500,10.513500,10.180500,10.474500,10.474500,80174000.00
2011-07-05,10.438000,10.722500,10.436500,10.659500,10.659500,71704000.00
2011-07-06,10.606000,10.720000,10.550500,10.709500,10.709500,52152000.00
2011-07-07,10.754500,10.890000,10.754500,10.837000,10.837000,62898000.00
2011-07-08,10.715000,10.916000,10.662500,10.914000,10.914000,74158000.00
2011-07-11,10.837000,10.875000,10.550000,10.627500,10.627500,80674000.00
2011-07-12,10.732000,10.782500,10.556000,10.561500,10.561500,79714000.00
2011-07-13,10.735000,10.841500,10.607000,10.675000,10.675000,84598000.00
2011-07-14,10.679000,10.795500,10.469000,10.519000,10.519000,78050000.00
2011-07-15,10.654000,10.726500,10.464500,10.643500,10.643500,81452000.00
2011-07-18,10.626500,10.669500,10.414500,10.576500,10.576500,57962000.00
2011-07-19,10.688500,10.920000,10.688500,10.903000,10.903000,88744000.00
2011-07-20,11.002500,11.010000,10.720500,10.777500,10.777500,67458000.00
2011-07-21,10.837000,10.854500,10.553500,10.660500,10.660500,90906000.00
2011-07-22,10.693000,10.897500,10.555500,10.826000,10.826000,71834000.00
2011-07-25,10.774500,10.804000,10.650000,10.674500,10.674500,66856000.00
2011-07-26,10.749500,10.780000,10.517500,10.709000,10.709000,197272000.00
2011-07-27,11.219500,11.360000,10.981000,11.126000,11.126000,259112000.00
2011-07-28,11.163500,11.297500,11.011500,11.195000,11.195000,107098000.00
2011-07-29,11.064500,11.287500,10.975500,11.126000,11.126000,103354000.00
2011-08-01,11.250000,11.372500,10.883000,11.066000,11.066000,115786000.00
2011-08-02,11.016000,11.121500,10.565000,10.585000,10.585000,131734000.00
2011-08-03,10.648500,10.741500,10.277000,10.498000,10.498000,163942000.00
2011-08-04,10.336500,10.400000,10.072500,10.074000,10.074000,131590000.00
2011-08-05,10.233500,10.366000,9.742000,10.135000,10.135000,200480000.00
2011-08-08,9.820000,10.019500,9.502500,9.685000,9.685000,208550000.00
2011-08-09,9.835000,10.254500,9.523000,10.254500,10.254500,209824000.00
2011-08-10,10.038000,10.120000,9.680000,9.706500,9.706500,175152000.00
2011-08-11,9.850500,10.042500,9.568000,9.918000,9.918000,148038000.00
2011-08-12,10.014000,10.228000,9.860500,10.115000,10.115000,112408000.00
2011-08-15,10.103000,10.264000,9.916000,10.147500,10.147500,95718000.00
2011-08-16,10.057000,10.069500,9.737500,9.884000,9.884000,104118000.00
2011-08-17,9.926500,9.980000,9.687000,9.796500,9.796500,79822000.00
2011-08-18,9.560500,9.567000,8.986000,9.126000,9.126000,165504000.00
2011-08-19,9.014500,9.500000,8.877500,8.946500,8.946500,144884000.00
2011-08-22,9.141500,9.210000,8.855000,8.877000,8.877000,106274000.00
2011-08-23,8.946000,9.742000,8.926000,9.677500,9.677500,147032000.00
2011-08-24,9.694500,9.815500,9.508500,9.686500,9.686500,124974000.00
2011-08-25,9.720500,9.849500,9.553500,9.601500,9.601500,75216000.00
2011-08-26,9.562000,9.986000,9.480000,9.963500,9.963500,106214000.00
2011-08-29,10.141000,10.333500,10.127500,10.326500,10.326500,90220000.00
2011-08-30,10.289000,10.624500,10.216000,10.546000,10.546000,118314000.00
2011-08-31,10.613500,10.808500,10.567500,10.761500,10.761500,148100000.00
2011-09-01,10.764000,10.882000,10.581000,10.627000,10.627000,105506000.00
2011-09-02,10.447000,10.534500,10.350000,10.500000,10.500000,84640000.00
2011-09-06,10.238500,10.830000,10.223500,10.809000,10.809000,124324000.00
2011-09-07,10.940000,11.009500,10.711000,10.995000,10.995000,105916000.00
2011-09-08,10.915000,11.032000,10.817000,10.863000,10.863000,87958000.00
2011-09-09,10.752500,10.848000,10.487500,10.569500,10.569500,91486000.00
2011-09-12,10.437500,10.833000,10.432500,10.828000,10.828000,106842000.00
2011-09-13,10.889500,10.997500,10.750500,10.976500,10.976500,96718000.00
2011-09-14,11.011000,11.249500,10.836000,11.128500,11.128500,117634000.00
2011-09-15,11.199500,11.360000,11.062500,11.339000,11.339000,112176000.00
2011-09-16,11.378500,12.022000,11.337000,11.965000,11.965000,235060000.00
2011-09-19,11.855500,12.200000,11.644000,12.084500,12.084500,164466000.00
2011-09-20,12.040000,12.052500,11.551500,11.662500,11.662500,147710000.00
2011-09-21,11.725500,12.026000,11.590500,11.593500,11.593500,117630000.00
2011-09-22,11.236000,11.439500,10.950000,11.161500,11.161500,165092000.00
2011-09-23,11.025500,11.224500,10.953000,11.180500,11.180500,129362000.00
2011-09-26,11.374000,11.512000,11.070000,11.492500,11.492500,115882000.00
2011-09-27,11.711000,11.737500,11.120000,11.210500,11.210500,156750000.00
2011-09-28,11.317500,11.790500,11.280000,11.485500,11.485500,288738000.00
2011-09-29,11.708500,11.715000,10.814500,11.122000,11.122000,187570000.00
2011-09-30,10.909500,11.150000,10.760500,10.811500,10.811500,131006000.00
2011-10-03,10.850500,11.080000,10.569500,10.599000,10.599000,132488000.00
2011-10-04,10.481000,10.750000,10.021500,10.625000,10.625000,174232000.00
2011-10-05,10.626500,11.008500,10.424000,10.975000,10.975000,130164000.00
2011-10-06,11.014000,11.181000,10.877500,11.075500,11.075500,136986000.00
2011-10-07,11.124000,11.395000,10.920500,11.237000,11.237000,135686000.00
2011-10-10,11.311500,11.640000,11.205000,11.566000,11.566000,102862000.00
2011-10-11,11.530000,11.837500,11.450000,11.774000,11.774000,100074000.00
2011-10-12,11.832000,12.092000,11.716500,11.840500,11.840500,130216000.00
2011-10-13,11.850000,11.984000,11.761500,11.807500,11.807500,96670000.00
2011-10-14,12.043500,12.335500,12.009000,12.335500,12.335500,118474000.00
2011-10-17,12.214500,12.335500,12.033500,12.116500,12.116500,95580000.00
2011-10-18,12.115500,12.230500,11.831000,12.194000,12.194000,92194000.00
2011-10-19,12.033500,12.166500,11.462500,11.576500,11.576500,134302000.00
2011-10-20,11.606500,11.737000,11.490000,11.680500,11.680500,90498000.00
2011-10-21,11.845500,11.850000,11.530000,11.739000,11.739000,91450000.00
2011-10-24,11.801000,12.023500,11.700000,11.880500,11.880500,99516000.00
2011-10-25,11.929500,11.950500,11.294500,11.357500,11.357500,280252000.00
2011-10-26,10.184500,10.379000,9.825500,9.920000,9.920000,482684000.00
2011-10-27,10.213000,10.430000,10.055000,10.339000,10.339000,215486000.00
2011-10-28,10.326500,10.920000,10.287500,10.866000,10.866000,197608000.00
2011-10-31,10.789500,10.944500,10.652000,10.675500,10.675500,146866000.00
2011-11-01,10.405500,10.810500,10.371500,10.605000,10.605000,170236000.00
2011-11-02,10.777500,10.839500,10.636000,10.781000,10.781000,122440000.00
2011-11-03,10.815000,10.925000,10.651000,10.914500,10.914500,106300000.00
2011-11-04,10.882500,10.911500,10.716500,10.824000,10.824000,81316000.00
2011-11-07,10.842000,11.010000,10.700000,10.850000,10.850000,77200000.00
2011-11-08,10.960000,10.967500,10.760500,10.899500,10.899500,78290000.00
2011-11-09,10.747500,10.785000,10.530000,10.561000,10.561000,93612000.00
2011-11-10,10.675000,10.703000,10.405000,10.539500,10.539500,100892000.00
2011-11-11,10.626000,10.894000,10.515500,10.869500,10.869500,103262000.00
2011-11-14,10.782500,11.117500,10.712500,10.946500,10.946500,130444000.00
2011-11-15,10.900000,11.016500,10.713000,10.891500,10.891500,114780000.00
2011-11-16,10.813500,10.848500,10.561500,10.599500,10.599500,110188000.00
2011-11-17,10.625500,10.645000,10.105000,10.226000,10.226000,159662000.00
2011-11-18,10.266500,10.267000,9.855500,9.857000,9.857000,168750000.00
2011-11-21,9.664500,9.668000,9.252500,9.462500,9.462500,226424000.00
2011-11-22,9.347500,9.702000,9.179000,9.617000,9.617000,198312000.00
2011-11-23,9.653000,9.730000,9.394500,9.449500,9.449500,160226000.00
2011-11-25,9.520500,9.541500,9.075500,9.120000,9.120000,99440000.00
2011-11-28,9.582500,9.731000,9.527000,9.707500,9.707500,144146000.00
2011-11-29,9.739000,9.775000,9.365000,9.419500,9.419500,131502000.00
2011-11-30,9.738000,9.765000,9.437500,9.614500,9.614500,154340000.00
2011-12-01,9.592500,9.903500,9.579500,9.856500,9.856500,146554000.00
2011-12-02,9.853500,9.983000,9.759000,9.801500,9.801500,150524000.00
2011-12-05,9.943000,9.950000,9.683500,9.812000,9.812000,118442000.00
2011-12-06,9.799000,9.916000,9.505500,9.599500,9.599500,104040000.00
2011-12-07,9.551500,9.835500,9.456000,9.766000,9.766000,128546000.00
2011-12-08,9.678500,9.794500,9.504000,9.524000,9.524000,87222000.00
2011-12-09,9.560500,9.697500,9.420000,9.651500,9.651500,103176000.00
2011-12-12,9.501500,9.557500,9.381500,9.476000,9.476000,86864000.00
2011-12-13,9.428000,9.484000,8.925000,9.025500,9.025500,185946000.00
2011-12-14,8.950000,9.037500,8.512500,9.010500,9.010500,232284000.00
2011-12-15,9.102500,9.240000,8.976500,9.063000,9.063000,145198000.00
2011-12-16,9.121000,9.220500,9.015500,9.063000,9.063000,133282000.00
2011-12-19,9.100000,9.158500,8.950000,8.966500,8.966500,90672000.00
2011-12-20,9.134500,9.158500,9.027000,9.126000,9.126000,92002000.00
2011-12-21,9.096000,9.175000,8.624500,8.717500,8.717500,161334000.00
2011-12-22,8.754500,8.983500,8.710500,8.951500,8.951500,93898000.00
2011-12-23,8.961000,8.984000,8.780000,8.864000,8.864000,69930000.00
2011-12-27,8.886500,8.929500,8.808000,8.813500,8.813500,59018000.00
2011-12-28,8.819500,8.832500,8.614000,8.694500,8.694500,73190000.00
2011-12-29,8.481000,8.727500,8.348500,8.693000,8.693000,164186000.00
2011-12-30,8.668000,8.758500,8.624500,8.655000,8.655000,85596000.00
2012-01-03,8.794500,8.974000,8.777500,8.951500,8.951500,102216000.00
2012-01-04,8.960500,9.025000,8.803500,8.875500,8.875500,84104000.00
2012-01-05,8.797000,8.912500,8.702500,8.880500,8.880500,76182000.00
2012-01-06,8.903500,9.232500,8.875000,9.130500,9.130500,140168000.00
2012-01-09,9.138000,9.218500,8.850000,8.928000,8.928000,101138000.00
2012-01-10,9.055000,9.120000,8.855000,8.967000,8.967000,79716000.00
2012-01-11,8.982000,9.038500,8.909500,8.945000,8.945000,62054000.00
2012-01-12,8.971000,8.974500,8.787500,8.796500,8.796500,107716000.00
2012-01-13,8.790500,8.940000,8.675000,8.921000,8.921000,95070000.00
2012-01-17,9.007500,9.165000,8.925500,9.083000,9.083000,112890000.00
2012-01-18,9.097000,9.512500,9.056000,9.472000,9.472000,149470000.00
2012-01-19,9.544000,9.797000,9.518000,9.722500,9.722500,141920000.00
2012-01-20,9.535500,9.645000,9.452000,9.546500,9.546500,112206000.00
2012-01-23,9.539500,9.586500,9.261500,9.304500,9.304500,91706000.00
2012-01-24,9.250000,9.420500,9.191000,9.350000,9.350000,93476000.00
2012-01-25,9.349500,9.408500,9.230500,9.390000,9.390000,86128000.00
2012-01-26,9.465000,9.742500,9.436500,9.666000,9.666000,117472000.00
2012-01-27,9.654500,9.825000,9.616500,9.768500,9.768500,93180000.00
2012-01-30,9.684000,9.750000,9.506500,9.607500,9.607500,108482000.00
2012-01-31,9.700000,9.781500,9.485000,9.722000,9.722000,255444000.00
2012-02-01,8.690500,8.997500,8.600000,8.973000,8.973000,426732000.00
2012-02-02,8.982500,9.097000,8.840000,9.086000,9.086000,174726000.00
2012-02-03,9.141500,9.395000,9.094500,9.384000,9.384000,162410000.00
2012-02-06,9.314000,9.328000,9.146000,9.157000,9.157000,106200000.00
2012-02-07,9.132500,9.247000,9.103000,9.209500,9.209500,102078000.00
2012-02-08,9.247500,9.324500,9.145500,9.274000,9.274000,109532000.00
2012-02-09,9.225000,9.284500,9.088000,9.249000,9.249000,143784000.00
2012-02-10,9.171000,9.381500,9.126000,9.277000,9.277000,115942000.00
2012-02-13,9.358500,9.625000,9.284000,9.579500,9.579500,121428000.00
2012-02-14,9.554000,9.678500,9.305000,9.565000,9.565000,190542000.00
2012-02-15,9.564500,9.577000,9.163000,9.223500,9.223500,155888000.00
2012-02-16,8.889500,9.084000,8.757000,8.996500,8.996500,251276000.00
2012-02-17,9.004500,9.170500,8.968000,9.125000,9.125000,148362000.00
2012-02-21,9.132500,9.237500,9.029000,9.113000,9.113000,135130000.00
2012-02-22,9.097500,9.149500,9.014500,9.029000,9.029000,115708000.00
2012-02-23,8.982000,9.037500,8.848000,8.944500,8.944500,103076000.00
2012-02-24,8.985000,9.037000,8.918500,8.956500,8.956500,73374000.00
2012-02-27,8.877000,8.959500,8.825000,8.926500,8.926500,74124000.00
2012-02-28,8.945000,9.214500,8.897500,9.190000,9.190000,115290000.00
2012-02-29,9.194500,9.200000,8.950500,8.984500,8.984500,106006000.00
2012-03-01,8.994500,9.024500,8.829000,9.002000,9.002000,98720000.00
2012-03-02,8.974000,9.092000,8.946000,8.965000,8.965000,73156000.00
2012-03-05,8.950000,9.091000,8.909000,9.013000,9.013000,93654000.00
2012-03-06,8.934000,9.175000,8.902000,9.054500,9.054500,112244000.00
2012-03-07,9.132500,9.275000,9.120000,9.188500,9.188500,99030000.00
2012-03-08,9.208500,9.419000,9.190000,9.382000,9.382000,84430000.00
2012-03-09,9.339500,9.360000,9.172000,9.216000,9.216000,90212000.00
2012-03-12,9.206500,9.270000,9.110000,9.169500,9.169500,51752000.00
2012-03-13,9.196000,9.243500,9.038500,9.229500,9.229500,88116000.00
2012-03-14,9.182500,9.216000,9.057000,9.113000,9.113000,73994000.00
2012-03-15,9.101000,9.221500,9.015000,9.221500,9.221500,83202000.00
2012-03-16,9.164000,9.284000,9.117500,9.252500,9.252500,98680000.00
2012-03-19,9.172500,9.334000,9.150000,9.276000,9.276000,78068000.00
2012-03-20,9.244000,9.720500,9.144000,9.616500,9.616500,183308000.00
2012-03-21,9.625000,9.714000,9.563000,9.586500,9.586500,84288000.00
2012-03-22,9.527000,9.703000,9.513000,9.620000,9.620000,74792000.00
2012-03-23,9.600500,9.810000,9.590000,9.752000,9.752000,119680000.00
2012-03-26,9.824000,10.148500,9.775000,10.143500,10.143500,152274000.00
2012-03-27,10.179500,10.492500,10.144000,10.272000,10.272000,192016000.00
2012-03-28,10.307000,10.350000,10.015500,10.058000,10.058000,124900000.00
2012-03-29,10.064000,10.265500,10.031500,10.230500,10.230500,114224000.00
2012-03-30,10.251000,10.342500,10.093500,10.125500,10.125500,88762000.00
2012-04-02,9.901000,9.995000,9.850000,9.902500,9.902500,128606000.00
2012-04-03,9.912000,10.119500,9.875000,9.983000,9.983000,100014000.00
2012-04-04,9.847500,9.884000,9.618000,9.699500,9.699500,109138000.00
2012-04-05,9.677500,9.801500,9.677500,9.719500,9.719500,64350000.00
2012-04-09,9.601000,9.710000,9.525000,9.593500,9.593500,62718000.00
2012-04-10,9.637500,9.676000,9.328500,9.349000,9.349000,89100000.00
2012-04-11,9.481500,9.598500,9.339500,9.398500,9.398500,86756000.00
2012-04-12,9.403000,9.613000,9.280500,9.534500,9.534500,80558000.00
2012-04-13,9.495000,9.497000,9.313000,9.423000,9.423000,68636000.00
2012-04-16,9.450500,9.473500,9.182500,9.275000,9.275000,80886000.00
2012-04-17,9.360500,9.502000,9.343500,9.419500,9.419500,56584000.00
2012-04-18,9.441000,9.672500,9.437000,9.553500,9.553500,80038000.00
2012-04-19,9.646500,9.727500,9.487500,9.555000,9.555000,80048000.00
2012-04-20,9.617000,9.674000,9.490000,9.499000,9.499000,64872000.00
2012-04-23,9.449500,9.449500,9.275500,9.412000,9.412000,69620000.00
2012-04-24,9.434000,9.535000,9.325500,9.516500,9.516500,67526000.00
2012-04-25,9.583500,9.740000,9.580000,9.721000,9.721000,79102000.00
2012-04-26,9.678500,9.818000,9.651000,9.799500,9.799500,204680000.00
2012-04-27,11.241500,11.434500,11.011000,11.342500,11.342500,442338000.00
2012-04-30,11.197500,11.692000,11.152500,11.595000,11.595000,195138000.00
2012-05-01,11.470000,11.648500,11.420000,11.502000,11.502000,135098000.00
2012-05-02,11.391000,11.572000,11.370000,11.512500,11.512500,91868000.00
2012-05-03,11.487000,11.626500,11.401500,11.472500,11.472500,81110000.00
2012-05-04,11.390000,11.486000,11.187000,11.199500,11.199500,91704000.00
2012-05-07,11.118000,11.343500,11.114500,11.258000,11.258000,66286000.00
2012-05-08,11.157500,11.269500,10.910000,11.195000,11.195000,90448000.00
2012-05-09,11.029500,11.289000,11.008000,11.149000,11.149000,74240000.00
2012-05-10,11.195500,11.454000,11.097500,11.334500,11.334500,92968000.00
2012-05-11,11.297500,11.534000,11.286500,11.384000,11.384000,83872000.00
2012-05-14,11.280000,11.364500,11.125500,11.146500,11.146500,61932000.00
2012-05-15,11.325000,11.530500,11.150000,11.219500,11.219500,114274000.00
2012-05-16,11.250000,11.400000,11.125000,11.203000,11.203000,105236000.00
2012-05-17,11.252500,11.300000,10.904500,10.918000,10.918000,90110000.00
2012-05-18,10.970500,10.981500,10.640500,10.692500,10.692500,104634000.00
2012-05-21,10.701500,10.999000,10.641000,10.905500,10.905500,71596000.00
2012-05-22,10.915500,10.943500,10.698000,10.766500,10.766500,74662000.00
2012-05-23,10.735500,10.877500,10.559000,10.864000,10.864000,84876000.00
2012-05-24,10.849000,10.883000,10.635000,10.762000,10.762000,62822000.00
2012-05-25,10.749500,10.799000,10.611000,10.644500,10.644500,43428000.00
2012-05-29,10.715000,10.827500,10.614500,10.737500,10.737500,53878000.00
2012-05-30,10.607000,10.649000,10.387500,10.461500,10.461500,81564000.00
2012-05-31,10.474000,10.689500,10.355500,10.645500,10.645500,98880000.00
2012-06-01,10.422000,10.561500,10.365000,10.411000,10.411000,79030000.00
2012-06-04,10.370000,10.767500,10.318500,10.728500,10.728500,85992000.00
2012-06-05,10.692500,10.843000,10.558000,10.660500,10.660500,70878000.00
2012-06-06,10.731500,10.920000,10.726000,10.882000,10.882000,54202000.00
2012-06-07,10.982500,11.074500,10.905500,10.940000,10.940000,70078000.00
2012-06-08,10.930500,10.971000,10.833000,10.924000,10.924000,57540000.00
2012-06-11,10.874500,11.043500,10.760000,10.825000,10.825000,74982000.00
2012-06-12,10.882500,10.900000,10.726000,10.821000,10.821000,56666000.00
2012-06-13,10.776000,10.869000,10.676000,10.736500,10.736500,46504000.00
2012-06-14,10.763000,10.825000,10.628000,10.722500,10.722500,61218000.00
2012-06-15,10.764500,10.966500,10.723000,10.917500,10.917500,75704000.00
2012-06-18,10.864000,11.188000,10.836500,11.133000,11.133000,67392000.00
2012-06-19,11.163000,11.260000,11.083000,11.201500,11.201500,54332000.00
2012-06-20,11.225500,11.237000,11.042000,11.151000,11.151000,48888000.00
2012-06-21,11.192000,11.301500,11.026000,11.028500,11.028500,56860000.00
2012-06-22,11.091500,11.125500,10.967500,11.108000,11.108000,43750000.00
2012-06-25,11.015000,11.079500,10.900000,11.003500,11.003500,47646000.00
2012-06-26,11.072500,11.319500,11.072500,11.280500,11.280500,75082000.00
2012-06-27,11.250500,11.375000,11.165000,11.281000,11.281000,55984000.00
2012-06-28,11.196000,11.231000,10.937500,11.065500,11.065500,59896000.00
2012-06-29,11.235000,11.417500,11.185500,11.417500,11.417500,72288000.00
2012-07-02,11.465000,11.467000,11.317000,11.466000,11.466000,46614000.00
2012-07-03,11.457000,11.476500,11.379500,11.476500,11.476500,26634000.00
2012-07-05,11.431000,11.525000,11.326500,11.353000,11.353000,53646000.00
2012-07-06,11.317500,11.445000,11.209000,11.252500,11.252500,64064000.00
2012-07-09,11.250000,11.300000,11.172500,11.252500,11.252500,38440000.00
2012-07-10,11.312500,11.357000,10.914000,10.975000,10.975000,59642000.00
2012-07-11,10.947500,11.087000,10.767000,10.918500,10.918500,54694000.00
2012-07-12,10.830500,10.865000,10.630500,10.768000,10.768000,52324000.00
2012-07-13,10.781500,10.965500,10.694000,10.919500,10.919500,44438000.00
2012-07-16,10.830000,10.915500,10.723000,10.800500,10.800500,40084000.00
2012-07-17,10.872500,10.897000,10.698000,10.846500,10.846500,39740000.00
2012-07-18,10.807500,10.933500,10.785500,10.873500,10.873500,41860000.00
2012-07-19,11.036500,11.375000,11.034500,11.308500,11.308500,108988000.00
2012-07-20,11.268000,11.469500,11.264500,11.414500,11.414500,83400000.00
2012-07-23,11.236000,11.329000,11.077000,11.300500,11.300500,110302000.00
2012-07-24,11.313500,11.330500,11.061500,11.152000,11.152000,100174000.00
2012-07-25,11.100000,11.125000,10.795500,10.852500,10.852500,72934000.00
2012-07-26,11.000000,11.072500,10.747500,11.000500,11.000500,138748000.00
2012-07-27,11.262500,11.917000,11.225000,11.866000,11.866000,226278000.00
2012-07-30,11.850000,12.037000,11.703500,11.804500,11.804500,74728000.00
2012-07-31,11.755000,11.815000,11.580500,11.665000,11.665000,69072000.00
2012-08-01,11.707000,11.719000,11.535000,11.604500,11.604500,50876000.00
2012-08-02,11.528000,11.717000,11.433000,11.540500,11.540500,60962000.00
2012-08-03,11.701500,11.824500,11.651500,11.748500,11.748500,56506000.00
2012-08-06,11.778000,11.787000,11.690500,11.699500,11.699500,36874000.00
2012-08-07,11.706500,11.900000,11.662500,11.828000,11.828000,41166000.00
2012-08-08,11.764500,11.822500,11.679500,11.719000,11.719000,30686000.00
2012-08-09,11.696500,11.799500,11.675000,11.703000,11.703000,30962000.00
2012-08-10,11.654000,11.742500,11.571500,11.637500,11.637500,37050000.00
2012-08-13,11.611500,11.718500,11.550000,11.622000,11.622000,39946000.00
2012-08-14,11.735500,11.836000,11.631000,11.659500,11.659500,55020000.00
2012-08-15,11.613000,11.907000,11.612500,11.871000,11.871000,65294000.00
2012-08-16,11.886000,12.141000,11.810000,12.077500,12.077500,86242000.00
2012-08-17,12.030000,12.167500,12.023500,12.058500,12.058500,61716000.00
2012-08-20,12.068500,12.082500,11.910000,12.017500,12.017500,37798000.00
2012-08-21,12.044000,12.192500,11.927500,11.972500,11.972500,51430000.00
2012-08-22,11.970000,12.245000,11.940000,12.155000,12.155000,49474000.00
2012-08-23,12.107000,12.174000,11.951000,12.060000,12.060000,49078000.00
2012-08-24,12.084000,12.343500,12.068000,12.287000,12.287000,73976000.00
2012-08-27,12.289500,12.375000,12.156000,12.196000,12.196000,58594000.00
2012-08-28,12.198500,12.339000,12.150000,12.305500,12.305500,54846000.00
2012-08-29,12.339000,12.380500,12.229500,12.356000,12.356000,35452000.00
2012-08-30,12.349500,12.500000,12.262500,12.311000,12.311000,72950000.00
2012-08-31,12.403500,12.472500,12.275000,12.413500,12.413500,66950000.00
2012-09-04,12.413500,12.550000,12.233000,12.394000,12.394000,79016000.00
2012-09-05,12.380500,12.430500,12.265000,12.311000,12.311000,53052000.00
2012-09-06,12.411500,12.635000,12.360000,12.569000,12.569000,107228000.00
2012-09-07,12.692500,12.971000,12.676000,12.957000,12.957000,100590000.00
2012-09-10,12.950000,13.000000,12.841000,12.854500,12.854500,51344000.00
2012-09-11,12.880000,12.880000,12.713000,12.783500,12.783500,50496000.00
2012-09-12,12.825000,12.889000,12.675000,12.781500,12.781500,45464000.00
2012-09-13,12.747000,13.100000,12.690000,13.012000,13.012000,70512000.00
2012-09-14,13.070000,13.205500,12.988500,13.063500,13.063500,73324000.00
2012-09-17,13.062500,13.062500,12.850000,12.900000,12.900000,46126000.00
2012-09-18,12.924000,13.025000,12.850000,12.937500,12.937500,44300000.00
2012-09-19,12.972500,13.142000,12.926500,13.084000,13.084000,52736000.00
2012-09-20,13.001500,13.043500,12.900000,13.040500,13.040500,58272000.00
2012-09-21,13.087000,13.100000,12.837000,12.873500,12.873500,121186000.00
2012-09-24,12.761000,12.780000,12.650000,12.740000,12.740000,54158000.00
2012-09-25,12.816500,12.947500,12.551500,12.623000,12.623000,88116000.00
2012-09-26,12.620000,12.730500,12.411500,12.483500,12.483500,58410000.00
2012-09-27,12.527000,12.870000,12.526000,12.829500,12.829500,67948000.00
2012-09-28,12.807000,12.850000,12.660000,12.716000,12.716000,49132000.00
2012-10-01,12.770000,12.808000,12.524500,12.600500,12.600500,51624000.00
2012-10-02,12.640000,12.657500,12.451500,12.530000,12.530000,43916000.00
2012-10-03,12.560500,12.805000,12.478000,12.796000,12.796000,54912000.00
2012-10-04,12.800500,13.076000,12.793500,13.023500,13.023500,54008000.00
2012-10-05,13.060000,13.095000,12.874500,12.925500,12.925500,56130000.00
2012-10-08,12.883500,12.990000,12.778000,12.953000,12.953000,35246000.00
2012-10-09,12.933500,12.967500,12.536500,12.548000,12.548000,69896000.00
2012-10-10,12.600000,12.623000,12.200500,12.249500,12.249500,78966000.00
2012-10-11,12.400000,12.465000,12.094500,12.211000,12.211000,68946000.00
2012-10-12,12.159000,12.273000,12.095500,12.118000,12.118000,44064000.00
2012-10-15,12.142500,12.239000,11.925500,12.209000,12.209000,59196000.00
2012-10-16,12.243500,12.288500,12.104000,12.197000,12.197000,44082000.00
2012-10-17,12.168500,12.440000,12.165000,12.374500,12.374500,66054000.00
2012-10-18,12.388500,12.545500,12.135000,12.242500,12.242500,106106000.00
2012-10-19,12.258000,12.341000,11.947000,12.000000,12.000000,87906000.00
2012-10-22,11.940500,11.947500,11.616000,11.689000,11.689000,90000000.00
2012-10-23,11.552500,11.825000,11.500500,11.715500,11.715500,88616000.00
2012-10-24,11.794000,11.797000,11.397500,11.424500,11.424500,73574000.00
2012-10-25,11.546000,11.546000,11.146000,11.146000,11.146000,134826000.00
2012-10-26,11.430000,11.935500,11.334500,11.912000,11.912000,227350000.00
2012-10-31,11.816000,11.935000,11.525000,11.644500,11.644500,95952000.00
2012-11-01,11.711500,11.727500,11.567000,11.607000,11.607000,78102000.00
2012-11-02,11.700500,11.870000,11.605500,11.621000,11.621000,67494000.00
2012-11-05,11.602000,11.741500,11.505500,11.716500,11.716500,36922000.00
2012-11-06,11.770500,11.887500,11.722500,11.878000,11.878000,53226000.00
2012-11-07,11.782500,11.783000,11.471000,11.603000,11.603000,72484000.00
2012-11-08,11.611000,11.672500,11.355000,11.367500,11.367500,59648000.00
2012-11-09,11.313000,11.548500,11.230000,11.315500,11.315500,61850000.00
2012-11-12,11.329500,11.461000,11.270500,11.323500,11.323500,42576000.00
2012-11-13,11.256000,11.395000,11.235500,11.330000,11.330000,52596000.00
2012-11-14,11.325000,11.370500,11.125500,11.147500,11.147500,60682000.00
2012-11-15,11.115000,11.258000,10.909000,11.030000,11.030000,68094000.00
2012-11-16,11.065500,11.312500,10.932000,11.261500,11.261500,87056000.00
2012-11-19,11.416000,11.625000,11.372500,11.485500,11.485500,71824000.00
2012-11-20,11.500000,11.691000,11.475000,11.689000,11.689000,55434000.00
2012-11-21,11.692000,11.933500,11.637500,11.901500,11.901500,59186000.00
2012-11-23,11.994500,12.000000,11.824000,11.994000,11.994000,35536000.00
2012-11-26,12.019500,12.216000,11.900000,12.181000,12.181000,83566000.00
2012-11-27,12.161000,12.283500,12.077000,12.170000,12.170000,60970000.00
2012-11-28,12.122500,12.361500,12.075000,12.355500,12.355500,54868000.00
2012-11-29,12.402500,12.624000,12.375000,12.563500,12.563500,106210000.00
2012-11-30,12.519000,12.632500,12.413500,12.602500,12.602500,75948000.00
2012-12-03,12.627000,12.708000,12.500000,12.516500,12.516500,59812000.00
2012-12-04,12.497000,12.650000,12.433000,12.624500,12.624500,62294000.00
2012-12-05,12.622000,12.777500,12.519000,12.698000,12.698000,57044000.00
2012-12-06,12.650000,12.758500,12.575500,12.668500,12.668500,71158000.00
2012-12-07,12.707000,12.760500,12.600500,12.663500,12.663500,43406000.00
2012-12-10,12.655000,12.739000,12.365000,12.388500,12.388500,70076000.00
2012-12-11,12.425000,12.674000,12.332500,12.534500,12.534500,83704000.00
2012-12-12,12.553500,12.718000,12.503000,12.588000,12.588000,52562000.00
2012-12-13,12.555500,12.727000,12.501000,12.562500,12.562500,49204000.00
2012-12-14,12.505500,12.595000,12.389500,12.459500,12.459500,50538000.00
2012-12-17,12.490500,12.700000,12.463000,12.693000,12.693000,45540000.00
2012-12-18,12.728500,13.155500,12.728500,13.020000,13.020000,99220000.00
2012-12-19,13.065000,13.083500,12.884000,12.899500,12.899500,46000000.00
2012-12-20,12.918000,13.120500,12.827000,13.075000,13.075000,51692000.00
2012-12-21,12.891000,12.919000,12.787000,12.846000,12.846000,94092000.00
2012-12-24,12.865000,12.975000,12.848000,12.931000,12.931000,19688000.00
2012-12-26,12.857500,12.871000,12.402000,12.431500,12.431500,83054000.00
2012-12-27,12.414000,12.467500,12.143000,12.415500,12.415500,72786000.00
2012-12-28,12.292500,12.372000,12.252500,12.259000,12.259000,37174000.00
2012-12-31,12.187500,12.620500,12.137500,12.543500,12.543500,68380000.00
2013-01-02,12.804000,12.905000,12.663000,12.865500,12.865500,65420000.00
2013-01-03,12.863500,13.044000,12.818500,12.924000,12.924000,55018000.00
2013-01-04,12.879000,12.990000,12.832500,12.957500,12.957500,37484000.00
2013-01-07,13.148500,13.486500,13.133500,13.423000,13.423000,98200000.00
2013-01-08,13.353500,13.449000,13.178500,13.319000,13.319000,60214000.00
2013-01-09,13.408500,13.475000,13.270000,13.317500,13.317500,45312000.00
2013-01-10,13.427000,13.437000,13.115000,13.267000,13.267000,57268000.00
2013-01-11,13.255000,13.421500,13.205500,13.397000,13.397000,48266000.00
2013-01-14,13.400000,13.713000,13.377000,13.636500,13.636500,85500000.00
2013-01-15,13.534000,13.636500,13.465000,13.595000,13.595000,46538000.00
2013-01-16,13.526500,13.562000,13.391500,13.446500,13.446500,41312000.00
2013-01-17,13.575000,13.598500,13.460500,13.524000,13.524000,37692000.00
2013-01-18,13.541500,13.725000,13.480000,13.606000,13.606000,58840000.00
2013-01-22,13.581000,13.605000,13.461500,13.509500,13.509500,42754000.00
2013-01-23,13.528500,13.554500,13.332500,13.405500,13.405500,50178000.00
2013-01-24,13.468500,13.832500,13.468500,13.673000,13.673000,68340000.00
2013-01-25,13.750000,14.236000,13.720000,14.199500,14.199500,99362000.00
2013-01-28,14.189000,14.224000,13.720000,13.802000,13.802000,86428000.00
2013-01-29,13.767500,13.773000,12.917500,13.017500,13.017500,203452000.00
2013-01-30,14.150000,14.210000,13.355500,13.638000,13.638000,261508000.00
2013-01-31,13.552000,13.797000,13.185000,13.275000,13.275000,135442000.00
2013-02-01,13.446500,13.446500,13.140000,13.250000,13.250000,122300000.00
2013-02-04,13.139000,13.234000,12.953500,12.999000,12.999000,74472000.00
2013-02-05,13.100000,13.401500,13.073000,13.344500,13.344500,80258000.00
2013-02-06,13.258000,13.344500,13.055500,13.111000,13.111000,55408000.00
2013-02-07,13.205000,13.205000,12.755500,13.011500,13.011500,79514000.00
2013-02-08,13.070000,13.262500,13.027500,13.097500,13.097500,77584000.00
2013-02-11,13.160000,13.162500,12.830000,12.860500,12.860500,68074000.00
2013-02-12,12.959500,13.008000,12.850000,12.935000,12.935000,58874000.00
2013-02-13,13.076500,13.498000,13.015000,13.473500,13.473500,105860000.00
2013-02-14,13.368500,13.532500,13.270000,13.462000,13.462000,69260000.00
2013-02-15,13.381500,13.446000,13.155500,13.254500,13.254500,79598000.00
2013-02-19,13.295500,13.505500,13.225000,13.487500,13.487500,57084000.00
2013-02-20,13.510000,13.715000,13.318500,13.320500,13.320500,70578000.00
2013-02-21,13.256000,13.474000,13.162500,13.297000,13.297000,72748000.00
2013-02-22,13.331000,13.355500,13.080500,13.271000,13.271000,62496000.00
2013-02-25,13.347000,13.434500,12.982500,12.993500,12.993500,60648000.00
2013-02-26,13.044500,13.102000,12.786500,12.968000,12.968000,66972000.00
2013-02-27,12.970000,13.291500,12.843000,13.162500,13.162500,58162000.00
2013-02-28,13.090500,13.350000,13.031500,13.213500,13.213500,53344000.00
2013-03-01,13.163500,13.330000,13.052000,13.287000,13.287000,59140000.00
2013-03-04,13.268000,13.665000,13.207000,13.655500,13.655500,69060000.00
2013-03-05,13.700000,13.834000,13.499500,13.779500,13.779500,73724000.00
2013-03-06,13.788000,13.824500,13.591500,13.689500,13.689500,41014000.00
2013-03-07,13.705000,13.740000,13.592500,13.694000,13.694000,38780000.00
2013-03-08,13.750000,13.772000,13.575000,13.709500,13.709500,37596000.00
2013-03-11,13.671500,13.699500,13.520000,13.562000,13.562000,38098000.00
2013-03-12,13.550000,13.870000,13.518000,13.706500,13.706500,64924000.00
2013-03-13,13.762000,13.825000,13.632000,13.755000,13.755000,37684000.00
2013-03-14,13.483500,13.500000,13.176500,13.287000,13.287000,104534000.00
2013-03-15,13.249000,13.363000,13.002500,13.091000,13.091000,97318000.00
2013-03-18,12.965000,13.074500,12.856000,12.894500,12.894500,54404000.00
2013-03-19,12.920000,12.975000,12.631000,12.820500,12.820500,74770000.00
2013-03-20,12.902500,12.988000,12.727500,12.864000,12.864000,54778000.00
2013-03-21,12.805500,12.850000,12.634000,12.669500,12.669500,56128000.00
2013-03-22,12.727500,12.888500,12.603500,12.887500,12.887500,62492000.00
2013-03-25,12.929000,12.971500,12.725000,12.801000,12.801000,50278000.00
2013-03-26,12.852500,13.074000,12.814000,13.015500,13.015500,48420000.00
2013-03-27,12.937500,13.296500,12.895000,13.265000,13.265000,57498000.00
2013-03-28,13.291000,13.369000,13.203000,13.324500,13.324500,49474000.00
2013-04-01,13.349000,13.370000,13.050500,13.080500,13.080500,50496000.00
2013-04-02,13.120000,13.294500,13.027500,13.166000,13.166000,52622000.00
2013-04-03,13.106000,13.183500,12.887500,12.951500,12.951500,48276000.00
2013-04-04,12.961500,13.020500,12.806000,12.954000,12.954000,39288000.00
2013-04-05,12.786000,12.809000,12.683500,12.774000,12.774000,51148000.00
2013-04-08,12.796000,12.984000,12.781500,12.947500,12.947500,45912000.00
2013-04-09,12.942500,13.130500,12.850000,13.057000,13.057000,43132000.00
2013-04-10,13.089000,13.299000,12.966000,13.238500,13.238500,46450000.00
2013-04-11,13.237000,13.548500,13.237000,13.492500,13.492500,61810000.00
2013-04-12,13.506000,13.663500,13.351000,13.643500,13.643500,57326000.00
2013-04-15,13.554000,13.756000,13.355000,13.386000,13.386000,66520000.00
2013-04-16,13.465500,13.640000,13.403000,13.617000,13.617000,42744000.00
2013-04-17,13.540000,13.542500,13.212500,13.370000,13.370000,62702000.00
2013-04-18,13.340500,13.349500,12.830000,12.971000,12.971000,62752000.00
2013-04-19,12.908000,13.144000,12.875000,13.016000,13.016000,52050000.00
2013-04-22,12.967500,13.230000,12.901500,13.177500,13.177500,42382000.00
2013-04-23,13.225000,13.493500,13.225000,13.445000,13.445000,45412000.00
2013-04-24,13.475000,13.573500,13.340500,13.439000,13.439000,37056000.00
2013-04-25,13.576500,13.790000,13.525000,13.735000,13.735000,122330000.00
2013-04-26,13.498500,13.601000,12.640500,12.740500,12.740500,280600000.00
2013-04-29,12.745000,12.850500,12.457500,12.487000,12.487000,142340000.00
2013-04-30,12.468500,12.734000,12.428000,12.690500,12.690500,84976000.00
2013-05-01,12.695000,12.710000,12.287500,12.411500,12.411500,87828000.00
2013-05-02,12.447000,12.646500,12.289000,12.627500,12.627500,78724000.00
2013-05-03,12.807000,12.962500,12.735000,12.902500,12.902500,70280000.00
2013-05-06,12.904500,12.975000,12.671000,12.786000,12.786000,46956000.00
2013-05-07,12.815500,12.987000,12.645500,12.886500,12.886500,62674000.00
2013-05-08,12.843500,13.015000,12.766500,12.934000,12.934000,53540000.00
2013-05-09,12.936500,13.177500,12.844000,13.008000,13.008000,55386000.00
2013-05-10,13.044000,13.182500,13.010500,13.181500,13.181500,62906000.00
2013-05-13,13.138500,13.294000,13.100000,13.225500,13.225500,42990000.00
2013-05-14,13.225000,13.470000,13.201500,13.416500,13.416500,54000000.00
2013-05-15,13.353500,13.452500,13.228000,13.328000,13.328000,54410000.00
2013-05-16,13.298000,13.421500,13.192500,13.206000,13.206000,32870000.00
2013-05-17,13.291500,13.499000,13.250000,13.495000,13.495000,50546000.00
2013-05-20,13.450000,13.589500,13.325000,13.381500,13.381500,44180000.00
2013-05-21,13.437000,13.538500,13.383000,13.443000,13.443000,34824000.00
2013-05-22,13.369500,13.379500,13.040000,13.148000,13.148000,66640000.00
2013-05-23,13.024500,13.158500,12.979500,13.090000,13.090000,40006000.00
2013-05-24,12.992500,13.096500,12.917000,13.087000,13.087000,33926000.00
2013-05-28,13.324000,13.555000,13.300000,13.364500,13.364500,69420000.00
2013-05-29,13.273000,13.412500,13.242000,13.276500,13.276500,38068000.00
2013-05-30,13.285500,13.428500,13.280500,13.341500,13.341500,33350000.00
2013-05-31,13.300000,13.595500,13.297000,13.460000,13.460000,67486000.00
2013-06-03,13.448000,13.455500,13.147500,13.344000,13.344000,50878000.00
2013-06-04,13.350000,13.444000,13.151000,13.285000,13.285000,41772000.00
2013-06-05,13.290500,13.583000,13.251000,13.358500,13.358500,70246000.00
2013-06-06,13.387500,13.525000,13.210500,13.391500,13.391500,49526000.00
2013-06-07,13.487000,14.005000,13.456500,13.843500,13.843500,92652000.00
2013-06-10,13.834000,14.123500,13.762000,14.053500,14.053500,61730000.00
2013-06-11,13.800000,13.920500,13.712000,13.739000,13.739000,61956000.00
2013-06-12,13.830000,13.840000,13.522500,13.583500,13.583500,44778000.00
2013-06-13,13.575000,13.840000,13.514500,13.789500,13.789500,52996000.00
2013-06-14,13.750000,13.853500,13.672000,13.699500,13.699500,43016000.00
2013-06-17,13.817500,14.010000,13.782500,13.903000,13.903000,57680000.00
2013-06-18,13.954000,14.145500,13.905500,14.088000,14.088000,42922000.00
2013-06-19,14.063000,14.167000,13.893500,13.908000,13.908000,56550000.00
2013-06-20,13.757000,13.930000,13.619500,13.672000,13.672000,59680000.00
2013-06-21,13.728500,13.792000,13.489500,13.668000,13.668000,84020000.00
2013-06-24,13.564500,13.658000,13.250000,13.530500,13.530500,77276000.00
2013-06-25,13.615000,13.673500,13.450000,13.604500,13.604500,48992000.00
2013-06-26,13.699000,13.899000,13.675000,13.878500,13.878500,60590000.00
2013-06-27,13.959000,14.010000,13.727000,13.877500,13.877500,50390000.00
2013-06-28,13.809500,13.991500,13.809500,13.884500,13.884500,63866000.00
2013-07-01,13.950000,14.164500,13.858000,14.105000,14.105000,57764000.00
2013-07-02,14.052000,14.329000,14.029500,14.186500,14.186500,64764000.00
2013-07-03,14.100000,14.270000,14.100000,14.201500,14.201500,27460000.00
2013-07-05,14.250000,14.319000,14.103500,14.294000,14.294000,39708000.00
2013-07-08,14.321000,14.583500,14.307000,14.529500,14.529500,60934000.00
2013-07-09,14.550000,14.628500,14.400500,14.576500,14.576500,55512000.00
2013-07-10,14.570500,14.667000,14.470000,14.616500,14.616500,36204000.00
2013-07-11,14.749500,15.034500,14.605000,14.983000,14.983000,80146000.00
2013-07-12,14.934500,15.377500,14.925000,15.377500,15.377500,90786000.00
2013-07-15,15.363500,15.399500,15.217500,15.328500,15.328500,44912000.00
2013-07-16,15.365000,15.469500,15.275500,15.343500,15.343500,53204000.00
2013-07-17,15.348500,15.440000,15.284500,15.434500,15.434500,40594000.00
2013-07-18,15.313500,15.317000,15.093500,15.205500,15.205500,61276000.00
2013-07-19,15.219500,15.289500,15.095500,15.261500,15.261500,59462000.00
2013-07-22,15.462500,15.462500,15.100000,15.174000,15.174000,50414000.00
2013-07-23,15.158000,15.253000,15.028000,15.053000,15.053000,39992000.00
2013-07-24,15.151000,15.192000,14.902000,14.947000,14.947000,40010000.00
2013-07-25,14.950000,15.225000,14.837500,15.170000,15.170000,108116000.00
2013-07-26,14.977500,15.681000,14.777500,15.600500,15.600500,176350000.00
2013-07-29,15.553500,15.650000,15.295000,15.305000,15.305000,64236000.00
2013-07-30,15.386000,15.489000,15.078500,15.120500,15.120500,61068000.00
2013-07-31,15.195500,15.257500,15.050000,15.061000,15.061000,37826000.00
2013-08-01,15.154000,15.310500,14.945000,15.278500,15.278500,59434000.00
2013-08-02,15.231500,15.266500,15.075000,15.210500,15.210500,50052000.00
2013-08-05,15.170000,15.181000,14.915000,15.049500,15.049500,44664000.00
2013-08-06,15.025500,15.068000,14.876000,15.037500,15.037500,36980000.00
2013-08-07,15.007500,15.049500,14.807500,14.845500,14.845500,39220000.00
2013-08-08,14.926000,14.926000,14.627500,14.787000,14.787000,46868000.00
2013-08-09,14.784000,14.963500,14.715000,14.863000,14.863000,39006000.00
2013-08-12,14.789500,14.954000,14.763000,14.834500,14.834500,30090000.00
2013-08-13,14.794000,14.818500,14.533500,14.698500,14.698500,46998000.00
2013-08-14,14.714500,14.714500,14.527000,14.567000,14.567000,28300000.00
2013-08-15,14.439500,14.465000,14.257500,14.323500,14.323500,45228000.00
2013-08-16,14.327500,14.416500,14.225000,14.241000,14.241000,48450000.00
2013-08-19,14.259500,14.478000,14.174000,14.278500,14.278500,49548000.00
2013-08-20,14.294000,14.475500,14.287000,14.354500,14.354500,31726000.00
2013-08-21,14.254500,14.425000,14.191500,14.228500,14.228500,36306000.00
2013-08-22,14.240000,14.493500,14.240000,14.486500,14.486500,28452000.00
2013-08-23,14.560500,14.575000,14.395000,14.500500,14.500500,39238000.00
2013-08-26,14.521500,14.552500,14.281000,14.310500,14.310500,34234000.00
2013-08-27,14.193500,14.264000,13.987000,14.046500,14.046500,49520000.00
2013-08-28,14.018000,14.150000,13.966500,14.079000,14.079000,29142000.00
2013-08-29,14.072500,14.299000,14.000000,14.199000,14.199000,31328000.00
2013-08-30,14.229500,14.243500,14.000000,14.049000,14.049000,30694000.00
2013-09-03,14.236500,14.569500,14.208500,14.440000,14.440000,57952000.00
2013-09-04,14.416500,14.761500,14.379000,14.682000,14.682000,48772000.00
2013-09-05,14.681500,14.850000,14.635500,14.705000,14.705000,36332000.00
2013-09-06,14.766500,14.944000,14.540000,14.793000,14.793000,45840000.00
2013-09-09,14.861000,14.998000,14.830000,14.985500,14.985500,32872000.00
2013-09-10,15.027500,15.050000,14.861000,15.018000,15.018000,35568000.00
2013-09-11,14.945500,15.093000,14.892000,14.982000,14.982000,34852000.00
2013-09-12,14.969500,15.100000,14.883000,14.943000,14.943000,32124000.00
2013-09-13,15.007000,15.011000,14.810000,14.896000,14.896000,27012000.00
2013-09-16,14.991000,15.050000,14.763000,14.803000,14.803000,36168000.00
2013-09-17,14.881500,15.232500,14.800500,15.208500,15.208500,45930000.00
2013-09-18,15.203000,15.637000,15.145500,15.601500,15.601500,58928000.00
2013-09-19,15.688500,15.727000,15.552000,15.603000,15.603000,47018000.00
2013-09-20,15.627000,16.028500,15.620500,15.817000,15.817000,106046000.00
2013-09-23,15.700500,15.795000,15.438500,15.574500,15.574500,37698000.00
2013-09-24,15.621500,15.904000,15.564000,15.706500,15.706500,40672000.00
2013-09-25,15.726500,15.835500,15.537500,15.632500,15.632500,40172000.00
2013-09-26,15.695000,15.968500,15.663000,15.906000,15.906000,39798000.00
2013-09-27,15.846000,15.860500,15.667500,15.800500,15.800500,33150000.00
2013-09-30,15.670500,15.765500,15.553000,15.632000,15.632000,32472000.00
2013-10-01,15.711000,16.049999,15.682500,16.047501,16.047501,47928000.00
2013-10-02,15.902000,16.086500,15.876000,16.025499,16.025499,44348000.00
2013-10-03,16.019501,16.146000,15.651000,15.738000,15.738000,53496000.00
2013-10-04,15.756500,15.960000,15.631000,15.952000,15.952000,36300000.00
2013-10-07,15.762000,15.767000,15.487000,15.501500,15.501500,41664000.00
2013-10-08,15.575000,15.577500,15.013500,15.161500,15.161500,63324000.00
2013-10-09,15.171000,15.175000,14.825000,14.911500,14.911500,64948000.00
2013-10-10,15.231500,15.335000,15.129500,15.258500,15.258500,51102000.00
2013-10-11,15.238500,15.546500,15.192000,15.544500,15.544500,43262000.00
2013-10-14,15.461000,15.582500,15.350000,15.535000,15.535000,38782000.00
2013-10-15,15.493500,15.539500,15.263000,15.320000,15.320000,45222000.00
2013-10-16,15.419000,15.540000,15.277500,15.524500,15.524500,43414000.00
2013-10-17,15.353500,15.550000,15.262000,15.538500,15.538500,52968000.00
2013-10-18,15.968000,16.594500,15.837500,16.446501,16.446501,119396000.00
2013-10-21,16.494499,16.500000,16.190001,16.322001,16.322001,50446000.00
2013-10-22,16.386000,16.855499,16.284000,16.627001,16.627001,78710000.00
2013-10-23,16.542000,16.586000,16.202999,16.337999,16.337999,56364000.00
2013-10-24,16.481501,16.632500,16.337500,16.610500,16.610500,117694000.00
2013-10-25,17.930000,18.420000,17.631001,18.169500,18.169500,240736000.00
2013-10-28,17.996000,18.137501,17.860001,17.908001,17.908001,72716000.00
2013-10-29,17.948000,18.144501,17.814501,18.135000,18.135000,43708000.00
2013-10-30,18.131001,18.250000,17.932501,18.054001,18.054001,90044000.00
2013-10-31,18.086500,18.299999,17.950001,18.201500,18.201500,49336000.00
2013-11-01,18.281500,18.288500,17.805000,17.950001,17.950001,66620000.00
2013-11-04,18.006001,18.049999,17.719999,17.937000,17.937000,38768000.00
2013-11-05,17.839001,18.008499,17.742001,17.944500,17.944500,40142000.00
2013-11-06,18.022499,18.143499,17.725000,17.809000,17.809000,45646000.00
2013-11-07,17.792999,17.895000,17.094000,17.177999,17.177999,84926000.00
2013-11-08,17.297501,17.552500,17.202000,17.515499,17.515499,53138000.00
2013-11-11,17.529499,17.768499,17.403000,17.719000,17.719000,45234000.00
2013-11-12,17.649500,17.774000,17.364000,17.476500,17.476500,46862000.00
2013-11-13,17.370001,17.811001,17.284000,17.811001,17.811001,55466000.00
2013-11-14,17.869499,18.447001,17.821501,18.370001,18.370001,83196000.00
2013-11-15,18.381500,18.645000,18.277500,18.458500,18.458500,89832000.00
2013-11-18,18.514000,18.674500,18.233500,18.309000,18.309000,54748000.00
2013-11-19,18.291000,18.438999,18.125000,18.247000,18.247000,38096000.00
2013-11-20,18.378000,18.378000,18.022499,18.128500,18.128500,35430000.00
2013-11-21,18.202499,18.462500,18.165001,18.445999,18.445999,39292000.00
2013-11-22,18.500000,18.725000,18.315500,18.615499,18.615499,59310000.00
2013-11-25,18.691000,18.889500,18.659000,18.832001,18.832001,59446000.00
2013-11-26,18.880501,19.125000,18.740999,19.068501,19.068501,54488000.00
2013-11-27,19.174999,19.350000,19.130501,19.335501,19.335501,45394000.00
2013-11-29,19.455000,19.705000,19.431000,19.681000,19.681000,48120000.00
2013-12-02,19.950001,19.950001,19.455000,19.615000,19.615000,94280000.00
2013-12-03,19.505501,19.547501,19.155001,19.233000,19.233000,74058000.00
2013-12-04,19.174999,19.484501,19.074499,19.298000,19.298000,47106000.00
2013-12-05,19.332500,19.332500,19.068501,19.224501,19.224501,38130000.00
2013-12-06,19.417500,19.417500,19.191500,19.347500,19.347500,39694000.00
2013-12-09,19.405500,19.410500,19.128500,19.244499,19.244499,55236000.00
2013-12-10,19.187000,19.452999,19.150999,19.389000,19.389000,54736000.00
2013-12-11,19.367001,19.448999,19.100000,19.109501,19.109501,49026000.00
2013-12-12,19.063000,19.250000,18.975000,19.062500,19.062500,42474000.00
2013-12-13,19.266001,19.471001,19.190001,19.212000,19.212000,60500000.00
2013-12-16,19.251499,19.584999,19.250000,19.448500,19.448500,45034000.00
2013-12-17,19.532499,19.568001,19.325001,19.382500,19.382500,46878000.00
2013-12-18,19.461500,19.815001,19.155001,19.798000,19.798000,69782000.00
2013-12-19,19.713499,19.864500,19.629999,19.759501,19.759501,48544000.00
2013-12-20,19.827499,20.236000,19.789000,20.110001,20.110001,100678000.00
2013-12-23,20.184500,20.250000,19.959999,20.146000,20.146000,53190000.00
2013-12-24,20.125999,20.186001,19.818501,19.959999,19.959999,27608000.00
2013-12-26,20.089500,20.226000,19.840500,20.219500,20.219500,37370000.00
2013-12-27,20.232500,20.281500,19.812500,19.903999,19.903999,39738000.00
2013-12-30,19.970501,19.996000,19.622499,19.668501,19.668501,49742000.00
2013-12-31,19.729000,19.941500,19.690001,19.939501,19.939501,39930000.00
2014-01-02,19.940001,19.968000,19.701000,19.898500,19.898500,42756000.00
2014-01-03,19.914499,20.135500,19.811001,19.822001,19.822001,44204000.00
2014-01-06,19.792500,19.850000,19.421000,19.681499,19.681499,63412000.00
2014-01-07,19.752001,19.923500,19.714500,19.901501,19.901501,38320000.00
2014-01-08,19.923500,20.150000,19.802000,20.096001,20.096001,46330000.00
2014-01-09,20.185499,20.344500,19.922001,20.050501,20.050501,42060000.00
2014-01-10,20.126499,20.188000,19.690001,19.882999,19.882999,53590000.00
2014-01-13,19.899000,19.989000,19.422501,19.549000,19.549000,56898000.00
2014-01-14,19.606501,19.931499,19.564501,19.877001,19.877001,46802000.00
2014-01-15,19.947001,19.965500,19.626499,19.793501,19.793501,53566000.00
2014-01-16,19.684000,19.964500,19.470501,19.790001,19.790001,52024000.00
2014-01-17,19.712999,20.174500,19.683001,19.980499,19.980499,90102000.00
2014-01-21,20.150000,20.389999,20.080000,20.352501,20.352501,62442000.00
2014-01-22,20.400000,20.403000,20.100000,20.226999,20.226999,41210000.00
2014-01-23,20.049999,20.308500,19.889500,19.993500,19.993500,60508000.00
2014-01-24,19.908001,20.010000,19.363501,19.379999,19.379999,89168000.00
2014-01-27,19.525000,19.705000,19.024500,19.313999,19.313999,78736000.00
2014-01-28,19.370001,19.737000,19.356001,19.721500,19.721500,57890000.00
2014-01-29,19.608000,19.642500,19.162001,19.209999,19.209999,67646000.00
2014-01-30,19.688499,20.312500,19.385000,20.150499,20.150499,209478000.00
2014-01-31,18.587999,18.772499,17.888000,17.934500,17.934500,323096000.00
2014-02-03,17.948999,18.042500,17.004999,17.307501,17.307501,205616000.00
2014-02-04,17.479500,17.700001,17.201000,17.397499,17.397499,96258000.00
2014-02-05,17.299999,17.468500,16.886499,17.322500,17.322500,88708000.00
2014-02-06,17.370001,17.740999,17.370001,17.729500,17.729500,66714000.00
2014-02-07,17.948999,18.090000,17.624500,18.054001,18.054001,86610000.00
2014-02-10,18.080500,18.250000,17.967501,18.043501,18.043501,68994000.00
2014-02-11,18.091999,18.180500,17.812500,18.089500,18.089500,64442000.00
2014-02-12,17.821501,17.887501,17.316000,17.462500,17.462500,131754000.00
2014-02-13,17.385000,17.860001,17.325001,17.860001,17.860001,83500000.00
2014-02-14,17.966999,17.966999,17.667500,17.867500,17.867500,70404000.00
2014-02-18,17.764000,17.786501,17.472500,17.682501,17.682501,99960000.00
2014-02-19,17.632000,17.726999,17.305000,17.368999,17.368999,83362000.00
2014-02-20,17.440001,17.523001,17.219000,17.490000,17.490000,69856000.00
2014-02-21,17.622000,17.707001,17.337500,17.337999,17.337999,84200000.00
2014-02-24,17.259501,17.650000,17.164499,17.589001,17.589001,72894000.00
2014-02-25,17.650000,18.054001,17.579000,17.916000,17.916000,74728000.00
2014-02-26,17.993000,18.237499,17.858500,17.990000,17.990000,72442000.00
2014-02-27,17.861000,18.029499,17.775000,18.006500,18.006500,62098000.00
2014-02-28,18.030001,18.293501,17.854000,18.105000,18.105000,77640000.00
2014-03-03,17.937000,18.048000,17.724001,17.989000,17.989000,55966000.00
2014-03-04,18.195000,18.284000,18.122999,18.195000,18.195000,54088000.00
2014-03-05,18.206499,18.636499,18.195000,18.618500,18.618500,76966000.00
2014-03-06,18.702499,18.766500,18.445000,18.608000,18.608000,58532000.00
2014-03-07,18.729000,18.749500,18.476500,18.603001,18.603001,45596000.00
2014-03-10,18.634501,18.636499,18.350000,18.526501,18.526501,42116000.00
2014-03-11,18.549500,18.639999,18.364000,18.441000,18.441000,44922000.00
2014-03-12,18.320000,18.558001,18.180500,18.532000,18.532000,44332000.00
2014-03-13,18.830999,19.155500,18.403999,18.575500,18.575500,136580000.00
2014-03-14,18.639999,18.928499,18.577499,18.687000,18.687000,88044000.00
2014-03-17,18.785999,18.942499,18.743999,18.752001,18.752001,46060000.00
2014-03-18,18.865999,18.950001,18.750000,18.938499,18.938499,49670000.00
2014-03-19,18.938499,18.950001,18.471001,18.661501,18.661501,52934000.00
2014-03-20,18.532000,18.650000,18.311001,18.448500,18.448500,51170000.00
2014-03-21,18.549999,18.642000,17.920000,18.031000,18.031000,108282000.00
2014-03-24,18.004499,18.075001,17.430000,17.592501,17.592501,97470000.00
2014-03-25,17.701500,17.948500,17.441999,17.735500,17.735500,88914000.00
2014-03-26,17.856501,17.879999,17.170000,17.170500,17.170500,82414000.00
2014-03-27,17.157499,17.200001,16.544001,16.923500,16.923500,115328000.00
2014-03-28,17.002501,17.350000,16.804001,16.914499,16.914499,79736000.00
2014-03-31,17.120001,17.314501,16.702999,16.818501,16.818501,85950000.00
2014-04-01,16.904499,17.221500,16.900000,17.149500,17.149500,72002000.00
2014-04-02,17.299500,17.415001,17.018999,17.098000,17.098000,89510000.00
2014-04-03,17.091000,17.125000,16.423000,16.681000,16.681000,127986000.00
2014-04-04,16.757500,16.771999,15.780500,16.150000,16.150000,250692000.00
2014-04-07,16.049500,16.247000,15.656500,15.888000,15.888000,141548000.00
2014-04-08,16.094000,16.400000,15.922000,16.353500,16.353500,131552000.00
2014-04-09,16.423500,16.608999,16.125000,16.590500,16.590500,101132000.00
2014-04-10,16.530001,16.549999,15.825000,15.855500,15.855500,122534000.00
2014-04-11,15.700000,15.825000,15.475000,15.586500,15.586500,145750000.00
2014-04-14,15.883500,16.024000,15.564000,15.795500,15.795500,85870000.00
2014-04-15,15.835000,15.914000,15.275000,15.804000,15.804000,107972000.00
2014-04-16,16.058500,16.200001,15.735500,16.184000,16.184000,85698000.00
2014-04-17,15.988000,16.433001,15.988000,16.245501,16.245501,85984000.00
2014-04-21,16.198500,16.557501,16.115499,16.543501,16.543501,59988000.00
2014-04-22,16.600000,16.875000,16.447001,16.466000,16.466000,74232000.00
2014-04-23,16.653000,16.656500,16.169500,16.229000,16.229000,72092000.00
2014-04-24,16.483500,16.870001,16.147499,16.857500,16.857500,185874000.00
2014-04-25,15.812500,15.824500,15.135500,15.191500,15.191500,323604000.00
2014-04-28,15.200000,15.219500,14.400000,14.829000,14.829000,289596000.00
2014-04-29,14.822000,15.092000,14.522500,15.019000,15.019000,130186000.00
2014-04-30,14.905000,15.228000,14.905000,15.206500,15.206500,81772000.00
2014-05-01,15.206500,15.524000,15.200000,15.394500,15.394500,86572000.00
2014-05-02,15.521000,15.664500,15.215500,15.400500,15.400500,79902000.00
2014-05-05,15.318500,15.511500,15.250000,15.502500,15.502500,50398000.00
2014-05-06,15.476500,15.490500,14.852000,14.869000,14.869000,93646000.00
2014-05-07,14.778000,14.820000,14.334000,14.635500,14.635500,140304000.00
2014-05-08,14.541000,14.794000,14.361500,14.416000,14.416000,76964000.00
2014-05-09,14.528500,14.684000,14.219000,14.612000,14.612000,81260000.00
2014-05-12,14.715000,15.167000,14.708000,15.143000,15.143000,74592000.00
2014-05-13,15.130000,15.280000,15.037500,15.232000,15.232000,70198000.00
2014-05-14,15.125000,15.232000,14.833000,14.881000,14.881000,66466000.00
2014-05-15,14.901000,14.960000,14.519000,14.759500,14.759500,85902000.00
2014-05-16,14.640000,14.944000,14.577500,14.885000,14.885000,72736000.00
2014-05-19,14.788000,14.950000,14.690500,14.838000,14.838000,45684000.00
2014-05-20,14.855000,15.223000,14.837500,15.059500,15.059500,81914000.00
2014-05-21,15.110500,15.298000,15.076000,15.250500,15.250500,68176000.00
2014-05-22,15.252500,15.427000,15.150500,15.245500,15.245500,51536000.00
2014-05-23,15.273000,15.617500,15.245000,15.612000,15.612000,61058000.00
2014-05-27,15.720500,15.731500,15.369000,15.541000,15.541000,97242000.00
2014-05-28,15.475000,15.691000,15.371000,15.508000,15.508000,54520000.00
2014-05-29,15.521000,15.743500,15.510000,15.689000,15.689000,47310000.00
2014-05-30,15.721500,15.732500,15.378500,15.627500,15.627500,85204000.00
2014-06-02,15.629500,15.630000,15.350000,15.442000,15.442000,44068000.00
2014-06-03,15.287500,15.396000,15.253500,15.359500,15.359500,47584000.00
2014-06-04,15.342500,15.475000,15.192000,15.339000,15.339000,42142000.00
2014-06-05,15.405000,16.396999,15.345000,16.178499,16.178499,155934000.00
2014-06-06,16.250000,16.544001,16.246500,16.483500,16.483500,104880000.00
2014-06-09,16.578501,16.650000,16.282499,16.375000,16.375000,64244000.00
2014-06-10,16.382500,16.775000,16.375000,16.620501,16.620501,73268000.00
2014-06-11,16.799999,17.035999,16.694000,16.760000,16.760000,88736000.00
2014-06-12,16.777500,16.777500,16.233000,16.295500,16.295500,85526000.00
2014-06-13,16.352501,16.465000,16.176500,16.313499,16.313499,55296000.00
2014-06-16,16.243000,16.434500,16.176001,16.381001,16.381001,48996000.00
2014-06-17,16.377001,16.566999,16.261499,16.281000,16.281000,58482000.00
2014-06-18,16.400000,16.787500,16.250000,16.719000,16.719000,128030000.00
2014-06-19,16.763000,16.945000,16.299000,16.350000,16.350000,106412000.00
2014-06-20,16.388000,16.410999,16.021000,16.209999,16.209999,121080000.00
2014-06-23,16.166500,16.377501,16.070499,16.362000,16.362000,52096000.00
2014-06-24,16.377001,16.486500,16.136999,16.208000,16.208000,52532000.00
2014-06-25,16.216499,16.407499,16.087000,16.372000,16.372000,46556000.00
2014-06-26,16.424500,16.432501,16.106501,16.284500,16.284500,53990000.00
2014-06-27,16.294001,16.326000,16.163500,16.228500,16.228500,48324000.00
2014-06-30,16.249001,16.349001,16.112000,16.239000,16.239000,53426000.00
2014-07-01,16.292999,16.660000,16.254999,16.619499,16.619499,63472000.00
2014-07-02,16.660000,16.837999,16.583000,16.642500,16.642500,53626000.00
2014-07-03,16.741501,16.915001,16.653999,16.874500,16.874500,38886000.00
2014-07-07,16.875000,16.877501,16.625999,16.677500,16.677500,42578000.00
2014-07-08,16.655001,16.687000,16.070000,16.190500,16.190500,85432000.00
2014-07-09,16.235500,16.510000,16.157499,16.498501,16.498501,63322000.00
2014-07-10,16.216999,16.499001,16.132500,16.396000,16.396000,53300000.00
2014-07-11,16.735500,17.350000,16.735500,17.309999,17.309999,166016000.00
2014-07-14,17.351500,17.788500,17.268000,17.766001,17.766001,112198000.00
2014-07-15,17.686001,17.779499,17.469999,17.722000,17.722000,83418000.00
2014-07-16,17.781000,17.966000,17.650000,17.795000,17.795000,70072000.00
2014-07-17,17.672001,17.848000,17.569000,17.622499,17.622499,72720000.00
2014-07-18,17.719999,17.983999,17.604000,17.933001,17.933001,68148000.00
2014-07-21,17.905001,18.085501,17.836000,17.988001,17.988001,45568000.00
2014-07-22,17.762501,18.146500,17.762501,18.042000,18.042000,57778000.00
2014-07-23,17.952499,18.031500,17.830999,17.907000,17.907000,53746000.00
2014-07-24,17.999001,18.242500,17.926001,17.930500,17.930500,141774000.00
2014-07-25,15.865000,16.243500,15.738000,16.200500,16.200500,356930000.00
2014-07-28,16.212500,16.240999,15.825000,16.020500,16.020500,118640000.00
2014-07-29,16.099001,16.145000,15.975000,16.000000,16.000000,57676000.00
2014-07-30,16.072500,16.136499,15.925000,16.125500,16.125500,79380000.00
2014-07-31,16.000500,16.034000,15.593000,15.649500,15.649500,103840000.00
2014-08-01,15.684500,15.791500,15.229500,15.353000,15.353000,148830000.00
2014-08-04,15.442000,15.809000,15.425000,15.682500,15.682500,84018000.00
2014-08-05,15.665000,15.727500,15.503000,15.616000,15.616000,57042000.00
2014-08-06,15.541500,15.789000,15.510000,15.694500,15.694500,45938000.00
2014-08-07,15.760500,15.794000,15.482500,15.572500,15.572500,58712000.00
2014-08-08,15.597000,15.866000,15.533000,15.840000,15.840000,54118000.00
2014-08-11,15.924000,16.018999,15.844000,15.916500,15.916500,49372000.00
2014-08-12,15.944500,16.065500,15.847500,15.966000,15.966000,38316000.00
2014-08-13,16.379999,16.586000,16.306999,16.313999,16.313999,98782000.00
2014-08-14,16.389999,16.704500,16.335501,16.660500,16.660500,68408000.00
2014-08-15,16.700001,16.750000,16.416000,16.681499,16.681499,77934000.00
2014-08-18,16.774000,16.889999,16.688499,16.726500,16.726500,49708000.00
2014-08-19,16.743500,16.790501,16.650499,16.756500,16.756500,34276000.00
2014-08-20,16.733999,16.858000,16.701000,16.789000,16.789000,36210000.00
2014-08-21,16.823999,16.829000,16.611500,16.645500,16.645500,39422000.00
2014-08-22,16.649500,16.704000,16.540001,16.579500,16.579500,44224000.00
2014-08-25,16.660500,16.838499,16.635500,16.701000,16.701000,39154000.00
2014-08-26,16.850000,17.218000,16.727501,17.091499,17.091499,73094000.00
2014-08-27,17.104500,17.333500,17.066999,17.159000,17.159000,59232000.00
2014-08-28,17.000000,17.089500,16.940001,17.000999,17.000999,45054000.00
2014-08-29,17.087999,17.091000,16.884001,16.952000,16.952000,38790000.00
2014-09-02,16.999001,17.125000,16.858000,17.118999,17.118999,46520000.00
2014-09-03,17.127001,17.163500,16.877501,16.950001,16.950001,39874000.00
2014-09-04,17.184500,17.469000,17.179001,17.297501,17.297501,79312000.00
2014-09-05,17.315001,17.341499,17.125000,17.319000,17.319000,42140000.00
2014-09-08,17.226999,17.290501,16.952000,17.117001,17.117001,59106000.00
2014-09-09,17.080500,17.087999,16.459000,16.487499,16.487499,92936000.00
2014-09-10,16.715000,16.749001,16.441000,16.566500,16.566500,75948000.00
2014-09-11,16.497000,16.650499,16.319500,16.525999,16.525999,54404000.00
2014-09-12,16.478001,16.644501,16.439501,16.559500,16.559500,68586000.00
2014-09-15,16.545500,16.566500,15.950000,16.194500,16.194500,80008000.00
2014-09-16,16.053499,16.474001,16.004999,16.388000,16.388000,65198000.00
2014-09-17,16.388000,16.400000,16.076000,16.200001,16.200001,82720000.00
2014-09-18,16.271999,16.355000,16.185499,16.250000,16.250000,51538000.00
2014-09-19,16.379999,16.638000,16.278500,16.566000,16.566000,137724000.00
2014-09-22,16.424500,16.474501,16.052999,16.225000,16.225000,62194000.00
2014-09-23,16.122999,16.379999,16.062500,16.181499,16.181499,47052000.00
2014-09-24,16.208500,16.472000,15.978000,16.410500,16.410500,52844000.00
2014-09-25,16.399500,16.427000,16.070000,16.096500,16.096500,58576000.00
2014-09-26,16.030001,16.174999,15.882000,16.160500,16.160500,72760000.00
2014-09-29,16.025000,16.187500,15.950000,16.091000,16.091000,38492000.00
2014-09-30,16.068001,16.171499,15.925500,16.122000,16.122000,52724000.00
2014-10-01,16.101999,16.108500,15.777500,15.873000,15.873000,61782000.00
2014-10-02,15.846000,15.926500,15.565500,15.920500,15.920500,71078000.00
2014-10-03,16.018000,16.257999,15.976500,16.136999,16.136999,60748000.00
2014-10-06,16.174999,16.206499,15.980000,16.110001,16.110001,45806000.00
2014-10-07,15.971500,16.100000,15.833500,15.849000,15.849000,47308000.00
2014-10-08,15.829000,16.205500,15.707000,16.135000,16.135000,69056000.00
2014-10-09,16.074499,16.113501,15.726000,15.768500,15.768500,71758000.00
2014-10-10,15.701000,15.888500,15.569000,15.569500,15.569500,73638000.00
2014-10-13,15.493500,15.660000,15.173500,15.322500,15.322500,87278000.00
2014-10-14,15.400000,15.612000,15.287500,15.415500,15.415500,67716000.00
2014-10-15,15.217500,15.395000,14.955000,15.298500,15.298500,106878000.00
2014-10-16,14.691500,15.341000,14.691500,15.143000,15.143000,94626000.00
2014-10-17,15.357500,15.460000,15.136000,15.182000,15.182000,88102000.00
2014-10-20,15.147500,15.326500,15.101000,15.310500,15.310500,64690000.00
2014-10-21,15.495000,15.782000,15.353500,15.766500,15.766500,71186000.00
2014-10-22,15.771500,15.949000,15.632000,15.648500,15.648500,62518000.00
2014-10-23,15.670000,15.840000,15.570000,15.659000,15.659000,180764000.00
2014-10-24,14.220000,14.690500,14.200000,14.353000,14.353000,396022000.00
2014-10-27,14.285000,14.521000,14.251000,14.498500,14.498500,119012000.00
2014-10-28,14.488000,14.900000,14.488000,14.779500,14.779500,111452000.00
2014-10-29,14.955500,14.980500,14.653500,14.706000,14.706000,97638000.00
2014-10-30,14.699000,14.987000,14.618000,14.953500,14.953500,81104000.00
2014-10-31,15.257500,15.286000,15.075000,15.273000,15.273000,91014000.00
2014-11-03,15.312000,15.400500,15.162000,15.286000,15.286000,64850000.00
2014-11-04,15.199500,15.212500,15.008500,15.140500,15.140500,68548000.00
2014-11-05,15.150500,15.200000,14.708000,14.826000,14.826000,93490000.00
2014-11-06,14.834500,14.850000,14.614500,14.832000,14.832000,75162000.00
2014-11-07,14.891000,14.999500,14.814500,14.993000,14.993000,52948000.00
2014-11-10,15.000000,15.290000,15.000000,15.255500,15.255500,56182000.00
2014-11-11,15.297000,15.619000,15.182500,15.600500,15.600500,76072000.00
2014-11-12,15.537500,15.629000,15.439500,15.575500,15.575500,43660000.00
2014-11-13,15.600000,15.894500,15.575500,15.824000,15.824000,73728000.00
2014-11-14,15.856000,16.643999,15.820000,16.391001,16.391001,177556000.00
2014-11-17,16.322001,16.400000,15.901500,16.152500,16.152500,95698000.00
2014-11-18,16.199499,16.478001,16.162500,16.246500,16.246500,70990000.00
2014-11-19,16.362499,16.420000,16.201000,16.327000,16.327000,65632000.00
2014-11-20,16.200001,16.633499,16.166500,16.527000,16.527000,68734000.00
2014-11-21,16.771000,16.916500,16.573500,16.631500,16.631500,89332000.00
2014-11-24,16.739000,16.869499,16.680000,16.782000,16.782000,55084000.00
2014-11-25,16.763500,16.816500,16.563999,16.752001,16.752001,51300000.00
2014-11-26,16.688999,16.732500,16.587500,16.678499,16.678499,39672000.00
2014-11-28,16.801500,17.063000,16.801500,16.931999,16.931999,61036000.00
2014-12-01,16.906000,17.032000,16.296499,16.299999,16.299999,98898000.00
2014-12-02,16.375000,16.396500,16.162500,16.315500,16.315500,55806000.00
2014-12-03,16.286501,16.338499,15.718000,15.825000,15.825000,113620000.00
2014-12-04,15.776500,15.929500,15.673500,15.846500,15.846500,65806000.00
2014-12-05,15.840000,15.846500,15.542000,15.631500,15.631500,65304000.00
2014-12-08,15.578500,15.828000,15.241000,15.332000,15.332000,72784000.00
2014-12-09,15.149500,15.682000,15.057000,15.625000,15.625000,80990000.00
2014-12-10,15.600000,15.659500,15.234000,15.292000,15.292000,64918000.00
2014-12-11,15.394500,15.632000,15.300500,15.368000,15.368000,65258000.00
2014-12-12,15.199500,15.532000,15.150500,15.366000,15.366000,63070000.00
2014-12-15,15.443500,15.543000,15.107500,15.303500,15.303500,76832000.00
2014-12-16,15.217500,15.224500,14.750500,14.753000,14.753000,130026000.00
2014-12-17,14.818500,14.983500,14.651500,14.944000,14.944000,88670000.00
2014-12-18,15.200500,15.225000,14.662500,14.886500,14.886500,154762000.00
2014-12-19,14.845500,15.077000,14.776000,14.995000,14.995000,174182000.00
2014-12-22,15.097000,15.368000,15.097000,15.327000,15.327000,80076000.00
2014-12-23,15.349000,15.374500,15.162500,15.314500,15.314500,54274000.00
2014-12-24,15.319000,15.350000,15.144000,15.151500,15.151500,30276000.00
2014-12-26,15.250000,15.539000,15.190500,15.454500,15.454500,57876000.00
2014-12-29,15.392500,15.713500,15.329000,15.602000,15.602000,60180000.00
2014-12-30,15.495500,15.697000,15.467000,15.515000,15.515000,41860000.00
2014-12-31,15.577500,15.649000,15.500500,15.517500,15.517500,40960000.00
2015-01-02,15.629000,15.737500,15.348000,15.426000,15.426000,55664000.00
2015-01-05,15.350500,15.419000,15.042500,15.109500,15.109500,55484000.00
2015-01-06,15.112000,15.150000,14.619000,14.764500,14.764500,70380000.00
2015-01-07,14.875000,15.064000,14.766500,14.921000,14.921000,52806000.00
2015-01-08,15.016000,15.157000,14.805500,15.023000,15.023000,61768000.00
2015-01-09,15.074000,15.143500,14.834000,14.846500,14.846500,51848000.00
2015-01-12,14.878000,14.925500,14.464000,14.570500,14.570500,68428000.00
2015-01-13,14.874000,15.075000,14.661500,14.737000,14.737000,82728000.00
2015-01-14,14.596500,14.795500,14.325000,14.663500,14.663500,110774000.00
2015-01-15,14.700000,14.800000,14.341000,14.347500,14.347500,88384000.00
2015-01-16,14.314000,14.539500,14.262500,14.537000,14.537000,69564000.00
2015-01-20,14.629500,14.668000,14.319500,14.472000,14.472000,61502000.00
2015-01-21,14.482000,15.300000,14.363000,14.862500,14.862500,201302000.00
2015-01-22,15.000000,15.612500,15.000000,15.516000,15.516000,107252000.00
2015-01-23,15.404000,15.846500,15.386000,15.619500,15.619500,89928000.00
2015-01-26,15.591000,15.650000,15.376000,15.483000,15.483000,63394000.00
2015-01-27,15.315000,15.512000,15.131500,15.337500,15.337500,58406000.00
2015-01-28,15.490500,15.575500,15.190000,15.195500,15.195500,61276000.00
2015-01-29,15.236500,15.640000,14.966500,15.589000,15.589000,173132000.00
2015-01-30,17.316000,17.975000,17.037001,17.726500,17.726500,477122000.00
2015-02-02,17.502501,18.250000,17.500500,18.223499,18.223499,204638000.00
2015-02-03,18.014500,18.391001,18.010500,18.177500,18.177500,124252000.00
2015-02-04,17.919001,18.375000,17.911501,18.237499,18.237499,83398000.00
2015-02-05,18.299999,18.940001,18.295000,18.694500,18.694500,144952000.00
2015-02-06,18.743500,18.799500,18.550501,18.714001,18.714001,77848000.00
2015-02-09,18.549999,18.720501,18.360001,18.528000,18.528000,54492000.00
2015-02-10,18.559500,18.715000,18.425501,18.650000,18.650000,45744000.00
2015-02-11,18.561501,18.855000,18.555000,18.757000,18.757000,55730000.00
2015-02-12,18.754999,18.925501,18.657499,18.858500,18.858500,55822000.00
2015-02-13,18.920500,19.150000,18.850500,19.091499,19.091499,69502000.00
2015-02-17,18.886000,18.999500,18.633499,18.771500,18.771500,73464000.00
2015-02-18,18.688999,18.837000,18.642500,18.668501,18.668501,53012000.00
2015-02-19,18.674500,19.094000,18.671499,18.950001,18.950001,59076000.00
2015-02-20,18.931000,19.184999,18.792000,19.183001,19.183001,65160000.00
2015-02-23,19.172001,19.226999,18.900000,19.007000,19.007000,43540000.00
2015-02-24,18.932501,19.024000,18.808001,18.929501,18.929501,38416000.00
2015-02-25,18.863501,19.392500,18.827000,19.268499,19.268499,63490000.00
2015-02-26,19.203501,19.468500,19.164000,19.240000,19.240000,53742000.00
2015-02-27,19.200001,19.299500,18.989500,19.007999,19.007999,50646000.00
2015-03-02,19.042500,19.295000,18.974001,19.283001,19.283001,42784000.00
2015-03-03,19.197500,19.305000,19.080000,19.230499,19.230499,38930000.00
2015-03-04,19.285500,19.395000,19.109501,19.136000,19.136000,45182000.00
2015-03-05,19.280500,19.421000,19.194500,19.391500,19.391500,53870000.00
2015-03-06,19.275999,19.350000,18.944000,19.004499,19.004499,52540000.00
2015-03-09,18.920000,18.966499,18.764000,18.927999,18.927999,46228000.00
2015-03-10,18.872499,18.888500,18.459000,18.475500,18.475500,62420000.00
2015-03-11,18.530500,18.667500,18.313000,18.318501,18.318501,49902000.00
2015-03-12,18.441000,18.775000,18.375999,18.712000,18.712000,56200000.00
2015-03-13,18.576000,18.699499,18.334000,18.528999,18.528999,52234000.00
2015-03-16,18.518999,18.697001,18.336000,18.667500,18.667500,47082000.00
2015-03-17,18.555500,18.725000,18.482000,18.596001,18.596001,40740000.00
2015-03-18,18.498501,18.799500,18.334999,18.757000,18.757000,53082000.00
2015-03-19,18.693501,18.855499,18.609501,18.662001,18.662001,38314000.00
2015-03-20,18.814501,18.968500,18.796000,18.924500,18.924500,75272000.00
2015-03-23,18.903500,19.088499,18.747000,18.755501,18.755501,44786000.00
2015-03-24,18.699499,18.761999,18.613501,18.704500,18.704500,44564000.00
2015-03-25,18.758499,19.025000,18.514500,18.548000,18.548000,68590000.00
2015-03-26,18.479500,18.570000,18.282499,18.367500,18.367500,58600000.00
2015-03-27,18.355499,18.658501,18.328501,18.528000,18.528000,52196000.00
2015-03-30,18.593500,18.806000,18.577499,18.729500,18.729500,36418000.00
2015-03-31,18.662001,18.885000,18.575500,18.605000,18.605000,50122000.00
2015-04-01,18.605000,18.658001,18.417000,18.513000,18.513000,49162000.00
2015-04-02,18.525000,18.664000,18.450001,18.612499,18.612499,37506000.00
2015-04-06,18.504999,19.010000,18.468000,18.851999,18.851999,61014000.00
2015-04-07,18.807501,18.965500,18.701500,18.720501,18.720501,39098000.00
2015-04-08,18.733000,19.079000,18.732500,19.059999,19.059999,52728000.00
2015-04-09,19.033001,19.221001,18.940001,19.177000,19.177000,47846000.00
2015-04-10,19.215500,19.356001,19.066000,19.132500,19.132500,51470000.00
2015-04-13,19.176500,19.264000,19.007000,19.118000,19.118000,37890000.00
2015-04-14,19.175501,19.390499,19.060499,19.255501,19.255501,51672000.00
2015-04-15,19.232500,19.289000,19.082001,19.172501,19.172501,38664000.00
2015-04-16,19.184500,19.372499,19.177500,19.302000,19.302000,41608000.00
2015-04-17,19.131500,19.177999,18.719999,18.778000,18.778000,76794000.00
2015-04-20,18.927500,19.597000,18.850000,19.475500,19.475500,100322000.00
2015-04-21,19.565500,19.730000,19.340000,19.559000,19.559000,92870000.00
2015-04-22,19.595501,19.714001,19.400000,19.490000,19.490000,69494000.00
2015-04-23,19.510500,19.594000,19.307501,19.499500,19.499500,159600000.00
2015-04-24,21.950001,22.632500,21.950001,22.254999,22.254999,343538000.00
2015-04-27,22.193001,22.349501,21.870501,21.927999,21.927999,108618000.00
2015-04-28,21.925501,21.950001,21.402000,21.465500,21.465500,82810000.00
2015-04-29,21.337500,21.712000,21.301500,21.468500,21.468500,72434000.00
2015-04-30,21.355499,21.587500,20.962000,21.089001,21.089001,72958000.00
2015-05-01,21.191000,21.282000,20.799999,21.143499,21.143499,71316000.00
2015-05-04,21.240000,21.488501,21.121000,21.152000,21.152000,45408000.00
2015-05-05,21.142500,21.375500,21.051001,21.059500,21.059500,57128000.00
2015-05-06,21.071501,21.136000,20.727501,20.955000,20.955000,51050000.00
2015-05-07,21.207500,21.424999,21.142500,21.344000,21.344000,55322000.00
2015-05-08,21.537500,21.760000,21.508499,21.684500,21.684500,58176000.00
2015-05-11,21.625500,21.950001,21.568501,21.642500,21.642500,47874000.00
2015-05-12,21.554001,21.662500,21.335501,21.551001,21.551001,38956000.00
2015-05-13,21.499001,21.676500,21.290001,21.343500,21.343500,39926000.00
2015-05-14,21.472500,21.650000,21.350500,21.614000,21.614000,37770000.00
2015-05-15,21.400000,21.520000,21.215000,21.299999,21.299999,84806000.00
2015-05-18,21.299999,21.363501,21.073000,21.261999,21.261999,47804000.00
2015-05-19,21.243500,21.412001,21.031500,21.085501,21.085501,49284000.00
2015-05-20,21.030001,21.355000,20.917999,21.193001,21.193001,43924000.00
2015-05-21,21.400000,21.844999,21.400000,21.581499,21.581499,82428000.00
2015-05-22,21.577499,21.622000,21.380501,21.381500,21.381500,40412000.00
2015-05-26,21.309999,21.350000,21.100000,21.273500,21.273500,44884000.00
2015-05-27,21.372499,21.592501,21.250500,21.570999,21.570999,44622000.00
2015-05-28,21.485500,21.567499,21.273500,21.328501,21.328501,38248000.00
2015-05-29,21.361500,21.625000,21.361500,21.461500,21.461500,60322000.00
2015-06-01,21.520000,21.658001,21.309999,21.546000,21.546000,45066000.00
2015-06-02,21.503500,21.661501,21.312500,21.549500,21.549500,33378000.00
2015-06-03,21.719999,21.919500,21.637501,21.829500,21.829500,54558000.00
2015-06-04,21.719999,21.837999,21.462999,21.539000,21.539000,50216000.00
2015-06-05,21.483000,21.540001,21.325001,21.347500,21.347500,38158000.00
2015-06-08,21.281000,21.340000,21.071501,21.174999,21.174999,43450000.00
2015-06-09,21.148001,21.374500,20.957001,21.274000,21.274000,45774000.00
2015-06-10,21.323000,21.610001,21.283001,21.538500,21.538500,43446000.00
2015-06-11,21.614500,21.944500,21.573500,21.648500,21.648500,58450000.00
2015-06-12,21.562500,21.618000,21.413000,21.496000,21.496000,41088000.00
2015-06-15,21.382999,21.402500,21.132000,21.183500,21.183500,41020000.00
2015-06-16,21.207500,21.398500,21.133499,21.363001,21.363001,45928000.00
2015-06-17,21.417999,21.567499,21.237499,21.390499,21.390499,43718000.00
2015-06-18,21.514999,21.986500,21.470501,21.969500,21.969500,67568000.00
2015-06-19,22.013000,22.249500,21.662001,21.746000,21.746000,89902000.00
2015-06-22,21.850000,21.962000,21.709000,21.814501,21.814501,36472000.00
2015-06-23,21.779499,22.351999,21.684500,22.299500,22.299500,64900000.00
2015-06-24,22.248501,22.323500,22.011499,22.042000,22.042000,52416000.00
2015-06-25,21.903500,22.173500,21.819500,22.004999,22.004999,44750000.00
2015-06-26,22.087999,22.174500,21.753000,21.905001,21.905001,52490000.00
2015-06-29,21.749001,21.850000,21.450001,21.493000,21.493000,55064000.00
2015-06-30,21.709999,21.778500,21.523001,21.704500,21.704500,51938000.00
2015-07-01,21.967501,22.000000,21.778999,21.869499,21.869499,39742000.00
2015-07-02,21.850000,21.910000,21.674000,21.885500,21.885500,26868000.00
2015-07-06,21.761499,21.986500,21.676001,21.802000,21.802000,38064000.00
2015-07-07,21.784000,21.886499,21.278500,21.836000,21.836000,69084000.00
2015-07-08,21.717501,21.799500,21.441500,21.485001,21.485001,47662000.00
2015-07-09,21.745001,21.936001,21.707500,21.719500,21.719500,45428000.00
2015-07-10,22.024500,22.236000,21.950001,22.175501,22.175501,48020000.00
2015-07-13,22.414499,22.893499,22.377001,22.778500,22.778500,79136000.00
2015-07-14,23.115999,23.480000,22.908001,23.278500,23.278500,94724000.00
2015-07-15,23.152000,23.235001,23.010000,23.059500,23.059500,59748000.00
2015-07-16,23.275000,23.794001,23.240000,23.774000,23.774000,81912000.00
2015-07-17,23.885000,24.271000,23.862499,24.150499,24.150499,98644000.00
2015-07-20,24.628500,24.660000,24.270000,24.405001,24.405001,95050000.00
2015-07-21,24.395000,24.444000,24.127501,24.400000,24.400000,63636000.00
2015-07-22,24.299500,24.625000,24.245001,24.413500,24.413500,62298000.00
2015-07-23,24.583000,24.583000,23.785000,24.108999,24.108999,187488000.00
2015-07-24,28.949499,29.028500,26.467501,26.471001,26.471001,438188000.00
2015-07-27,26.387501,27.247499,26.330000,26.570499,26.570499,149820000.00
2015-07-28,26.799999,26.819500,26.156000,26.301500,26.301500,105462000.00
2015-07-29,26.546000,26.648500,26.250999,26.450001,26.450001,75052000.00
2015-07-30,26.382500,26.959999,26.214500,26.837999,26.837999,74862000.00
2015-07-31,26.954500,27.142000,26.726000,26.807501,26.807501,60512000.00
2015-08-03,26.872499,27.021999,26.468000,26.751499,26.751499,60284000.00
2015-08-04,26.484501,26.847500,26.458000,26.594999,26.594999,58692000.00
2015-08-05,26.940001,26.957001,26.705999,26.850500,26.850500,57788000.00
2015-08-06,26.965000,27.136999,26.375999,26.473000,26.473000,76410000.00
2015-08-07,26.458000,26.473000,25.910500,26.131001,26.131001,79384000.00
2015-08-10,26.426001,26.614000,26.150000,26.200001,26.200001,52318000.00
2015-08-11,26.182501,26.448999,26.100000,26.372999,26.372999,53532000.00
2015-08-12,26.187500,26.375000,25.653000,26.295500,26.295500,79246000.00
2015-08-13,26.368500,26.733000,26.274500,26.483000,26.483000,57904000.00
2015-08-14,26.412500,26.705500,26.412500,26.576000,26.576000,39896000.00
2015-08-17,26.564501,26.937000,26.356001,26.761000,26.761000,51634000.00
2015-08-18,26.752001,26.974501,26.650000,26.750999,26.750999,41426000.00
2015-08-19,26.687000,26.862499,26.450001,26.646000,26.646000,46480000.00
2015-08-20,26.519501,26.662500,25.788500,25.789000,25.789000,88160000.00
2015-08-21,25.368000,25.616501,24.723499,24.723499,24.723499,134130000.00
2015-08-24,23.179001,23.829000,22.549999,23.168501,23.168501,201952000.00
2015-08-25,24.374500,24.472000,23.312500,23.318501,23.318501,113586000.00
2015-08-26,24.201000,25.186001,23.938000,25.038500,25.038500,127172000.00
2015-08-27,25.685499,26.134501,25.363001,25.918501,25.918501,122290000.00
2015-08-28,25.875000,26.075001,25.652000,25.900499,25.900499,54934000.00
2015-08-31,25.822001,25.970501,25.453501,25.644501,25.644501,60046000.00
2015-09-01,24.957001,25.500000,24.671499,24.827000,24.827000,77290000.00
2015-09-02,25.254499,25.542999,24.886000,25.527500,25.527500,74142000.00
2015-09-03,25.725000,25.792000,25.128500,25.236000,25.236000,62994000.00
2015-09-04,24.882500,25.142500,24.782000,24.950001,24.950001,53850000.00
2015-09-08,25.434500,25.917500,25.425501,25.877001,25.877001,76214000.00
2015-09-09,26.200001,26.497499,25.753000,25.844500,25.844500,87414000.00
2015-09-10,25.757500,26.306499,25.739000,26.112000,26.112000,51520000.00
2015-09-11,26.053499,26.472000,26.030500,26.472000,26.472000,64558000.00
2015-09-14,26.472000,26.622499,25.929001,26.069000,26.069000,62604000.00
2015-09-15,26.162500,26.396000,25.860001,26.118500,26.118500,57318000.00
2015-09-16,26.099001,26.415001,25.926001,26.369499,26.369499,45056000.00
2015-09-17,26.349001,27.348499,26.328501,26.943501,26.943501,83390000.00
2015-09-18,26.731001,27.312000,26.567499,27.013000,27.013000,123202000.00
2015-09-21,27.216499,27.489000,26.979500,27.419500,27.419500,65666000.00
2015-09-22,26.985500,27.177500,26.632999,26.920000,26.920000,76834000.00
2015-09-23,26.915001,27.060499,26.700001,26.803499,26.803499,44752000.00
2015-09-24,26.527500,26.728001,26.143499,26.687500,26.687500,70020000.00
2015-09-25,27.128500,27.139999,26.070000,26.212500,26.212500,80620000.00
2015-09-28,26.000999,26.014000,24.716499,25.202999,25.202999,108690000.00
2015-09-29,25.299999,25.573999,24.525000,24.803499,24.803499,89150000.00
2015-09-30,25.271999,25.639999,25.083500,25.594500,25.594500,80094000.00
2015-10-01,25.549999,26.040001,25.299999,26.035999,26.035999,75370000.00
2015-10-02,25.649500,26.629999,25.405001,26.627001,26.627001,91956000.00
2015-10-05,26.849501,27.295500,26.799999,27.184000,27.184000,67828000.00
2015-10-06,27.275000,27.575001,26.666500,26.874001,26.874001,90056000.00
2015-10-07,27.089500,27.100000,26.450001,27.097000,27.097000,76242000.00
2015-10-08,26.835501,26.969500,25.994499,26.658001,26.658001,93528000.00
2015-10-09,26.724001,27.089500,26.513500,26.990000,26.990000,70748000.00
2015-10-12,26.997999,27.541000,26.990000,27.509501,27.509501,55522000.00
2015-10-13,27.313000,27.660000,27.155001,27.445000,27.445000,58760000.00
2015-10-14,27.566999,27.612499,26.983999,27.241501,27.241501,71642000.00
2015-10-15,27.387501,28.150000,27.350000,28.122000,28.122000,98740000.00
2015-10-16,28.263500,28.547001,28.015499,28.538000,28.538000,86316000.00
2015-10-19,28.538000,28.950001,28.368999,28.657499,28.657499,87508000.00
2015-10-20,28.600000,28.650000,27.764000,28.044001,28.044001,86924000.00
2015-10-21,28.193501,28.262501,27.625999,27.788500,27.788500,66872000.00
2015-10-22,28.135000,28.457500,27.833500,28.195499,28.195499,155588000.00
2015-10-23,30.884001,30.972500,29.768000,29.951500,29.951500,213854000.00
2015-10-26,30.115000,30.492500,29.814501,30.430500,30.430500,85394000.00
2015-10-27,30.430000,30.735500,30.276501,30.550501,30.550501,75742000.00
2015-10-28,30.615000,30.861500,30.475000,30.855000,30.855000,78524000.00
2015-10-29,30.885000,31.377001,30.769501,31.327499,31.327499,77920000.00
2015-10-30,31.300501,31.535999,31.264000,31.295000,31.295000,77488000.00
2015-11-02,31.356501,31.431499,31.020500,31.417500,31.417500,56330000.00
2015-11-03,31.476500,31.494499,31.100000,31.265499,31.265499,64938000.00
2015-11-04,31.388000,32.296501,31.367500,32.047501,32.047501,96810000.00
2015-11-05,32.355000,32.849998,32.154499,32.782501,32.782501,94476000.00
2015-11-06,32.750000,33.112999,32.599998,32.968498,32.968498,81844000.00
2015-11-09,32.932499,33.098000,32.392502,32.774502,32.774502,80976000.00
2015-11-10,32.550499,33.000000,32.362999,32.984001,32.984001,69790000.00
2015-11-11,33.162498,33.798000,33.162498,33.662498,33.662498,107746000.00
2015-11-12,33.650002,33.782001,33.210999,33.279999,33.279999,85694000.00
2015-11-13,33.178501,33.349998,32.022499,32.117500,32.117500,125222000.00
2015-11-16,32.046001,32.499500,31.114500,32.390499,32.390499,148718000.00
2015-11-17,32.532501,32.662498,32.049999,32.165001,32.165001,86404000.00
2015-11-18,32.325500,33.243999,32.318501,33.176998,33.176998,89396000.00
2015-11-19,33.249500,33.643002,32.950001,33.063499,33.063499,94104000.00
2015-11-20,33.396999,33.443501,32.878502,33.422501,33.422501,77922000.00
2015-11-23,33.575001,34.138500,33.506001,33.949501,33.949501,87702000.00
2015-11-24,33.707001,33.790001,33.060501,33.557499,33.557499,90868000.00
2015-11-25,33.750000,33.985001,33.562000,33.766998,33.766998,53958000.00
2015-11-27,34.040001,34.049500,33.605000,33.662998,33.662998,39336000.00
2015-11-30,33.794998,34.064499,33.230000,33.240002,33.240002,113864000.00
2015-12-01,33.687500,34.049999,33.393002,33.952999,33.952999,95024000.00
2015-12-02,34.049999,34.241001,33.712502,33.800499,33.800499,85470000.00
2015-12-03,33.972000,34.139500,33.074001,33.312500,33.312500,101294000.00
2015-12-04,33.299999,33.738998,33.070000,33.632000,33.632000,90696000.00
2015-12-07,33.737000,33.772999,33.025002,33.491501,33.491501,74656000.00
2015-12-08,33.156502,33.999500,32.989498,33.866501,33.866501,73038000.00
2015-12-09,33.900002,33.950001,32.784000,33.239498,33.239498,103164000.00
2015-12-10,33.279499,33.426498,32.978001,33.116001,33.116001,69110000.00
2015-12-11,32.561501,32.894001,31.981001,32.007500,32.007500,109488000.00
2015-12-14,32.087502,32.929501,31.763500,32.895500,32.895500,86594000.00
2015-12-15,33.251499,33.575001,32.867500,32.931999,32.931999,95068000.00
2015-12-16,33.178001,33.867500,32.966000,33.788502,33.788502,79290000.00
2015-12-17,34.000000,34.125000,33.532501,33.532501,33.532501,73632000.00
2015-12-18,33.432499,33.841999,33.206501,33.207001,33.207001,136826000.00
2015-12-21,33.424999,33.494999,32.946499,33.225498,33.225498,65018000.00
2015-12-22,33.341499,33.424500,32.963001,33.157501,33.157501,53356000.00
2015-12-23,33.325001,33.330002,32.831501,33.185001,33.185001,54458000.00
2015-12-24,33.167500,33.234001,33.029999,33.139500,33.139500,21824000.00
2015-12-28,33.278000,33.775002,33.275002,33.759998,33.759998,75672000.00
2015-12-29,33.898998,34.821999,33.894501,34.698502,34.698502,114700000.00
2015-12-30,34.594501,34.774502,34.319000,34.453499,34.453499,70380000.00
2015-12-31,34.304001,34.387501,33.794498,33.794498,33.794498,74992000.00
2016-01-04,32.814499,32.886002,31.375500,31.849501,31.849501,186290000.00
2016-01-05,32.342999,32.345501,31.382500,31.689501,31.689501,116452000.00
2016-01-06,31.100000,31.989500,31.015499,31.632500,31.632500,106584000.00
2016-01-07,31.090000,31.500000,30.260500,30.396999,30.396999,141498000.00
2016-01-08,30.983000,31.207001,30.299999,30.352501,30.352501,110258000.00
2016-01-11,30.624001,30.992500,29.928499,30.886999,30.886999,97832000.00
2016-01-12,31.262501,31.299500,30.612000,30.894501,30.894501,94482000.00
2016-01-13,31.044001,31.044001,28.958000,29.090500,29.090500,153104000.00
2016-01-14,29.012501,30.112499,28.493999,29.650000,29.650000,144760000.00
2016-01-15,28.612000,29.231001,28.264999,28.509001,28.509001,155690000.00
2016-01-19,28.854500,29.200001,28.322500,28.724001,28.724001,96144000.00
2016-01-20,28.218000,28.922501,27.358999,28.588499,28.588499,159328000.00
2016-01-21,28.679001,29.440500,28.410999,28.750999,28.750999,99044000.00
2016-01-22,29.436501,30.004999,29.205500,29.819000,29.819000,102402000.00
2016-01-25,29.899500,30.424999,29.728001,29.826500,29.826500,87922000.00
2016-01-26,30.172501,30.225000,29.518999,30.062500,30.062500,75314000.00
2016-01-27,30.099501,30.169500,28.938999,29.167500,29.167500,103058000.00
2016-01-28,30.418501,31.903000,29.877501,31.767500,31.767500,280304000.00
2016-01-29,28.599001,29.650000,28.500000,29.350000,29.350000,293552000.00
2016-02-01,28.907499,29.090000,28.515499,28.740499,28.740499,127102000.00
2016-02-02,28.500000,28.577999,27.504499,27.605000,27.605000,126240000.00
2016-02-03,27.674999,27.799999,26.094999,26.553499,26.553499,200974000.00
2016-02-04,26.250000,26.949499,25.961000,26.813000,26.813000,123982000.00
2016-02-05,26.464001,26.472500,24.959499,25.106501,25.106501,194178000.00
2016-02-08,24.323500,24.674999,23.760500,24.405001,24.405001,196510000.00
2016-02-09,23.900499,24.919001,23.700001,24.103500,24.103500,141558000.00
2016-02-10,24.587999,25.233000,24.299999,24.524000,24.524000,135724000.00
2016-02-11,24.558500,25.465000,24.200001,25.191000,25.191000,147948000.00
2016-02-12,25.535000,25.837500,25.074499,25.354000,25.354000,107696000.00
2016-02-16,25.974001,26.222500,25.583000,26.055000,26.055000,102370000.00
2016-02-17,26.437000,26.874001,25.969500,26.705000,26.705000,96480000.00
2016-02-18,27.059500,27.059999,26.186501,26.250000,26.250000,94700000.00
2016-02-19,26.035500,26.797501,25.767500,26.745001,26.745001,99494000.00
2016-02-22,27.110001,28.032499,27.054001,27.975000,27.975000,111332000.00
2016-02-23,27.777500,27.845501,27.266500,27.646999,27.646999,81016000.00
2016-02-24,27.287500,27.713499,26.657499,27.702000,27.702000,124634000.00
2016-02-25,27.775999,27.969500,27.264500,27.757500,27.757500,90510000.00
2016-02-26,28.006001,28.125000,27.658501,27.761499,27.761499,97540000.00
2016-02-29,27.700001,28.240499,27.625500,27.625999,27.625999,82908000.00
2016-03-01,27.814501,28.962500,27.799999,28.952000,28.952000,100770000.00
2016-03-02,29.087500,29.250000,28.684999,29.010500,29.010500,91644000.00
2016-03-03,28.898001,28.993500,28.655500,28.874500,28.874500,54826000.00
2016-03-04,29.053499,29.070000,28.553499,28.757000,28.757000,68330000.00
2016-03-07,28.677000,28.681499,27.777500,28.139999,28.139999,98538000.00
2016-03-08,27.893499,28.567499,27.737000,28.013000,28.013000,94600000.00
2016-03-09,27.978001,28.017500,27.506500,27.973499,27.973499,87546000.00
2016-03-10,28.337000,28.350000,27.395000,27.946501,27.946501,78398000.00
2016-03-11,28.347500,28.503000,28.136499,28.480499,28.480499,75426000.00
2016-03-14,28.350000,28.844500,28.152500,28.668501,28.668501,69084000.00
2016-03-15,28.549999,29.076000,28.350000,28.851000,28.851000,77536000.00
2016-03-16,28.832001,29.066000,28.556999,28.713499,28.713499,70754000.00
2016-03-17,28.475500,28.570000,27.750500,27.972000,27.972000,118562000.00
2016-03-18,28.047001,28.116501,27.304501,27.604000,27.604000,145938000.00
2016-03-21,27.445499,27.761999,26.929001,27.698999,27.698999,103114000.00
2016-03-22,27.255501,28.138000,27.252501,28.024000,28.024000,80012000.00
2016-03-23,28.049999,28.624001,27.905001,28.481501,28.481501,79674000.00
2016-03-24,28.355499,29.177500,28.354000,29.147499,29.147499,103710000.00
2016-03-28,29.219999,29.237499,28.778000,28.993500,28.993500,62430000.00
2016-03-29,29.007500,29.792500,28.825001,29.693001,29.693001,87852000.00
2016-03-30,29.835501,30.162001,29.750000,29.934500,29.934500,77810000.00
2016-03-31,29.964001,30.037500,29.610500,29.681999,29.681999,53636000.00
2016-04-01,29.524500,29.951500,29.415001,29.924999,29.924999,58348000.00
2016-04-04,29.950001,29.975000,29.527500,29.659500,29.659500,49416000.00
2016-04-05,29.538500,29.673500,29.262501,29.306999,29.306999,46178000.00
2016-04-06,29.375999,30.119499,29.375000,30.104000,30.104000,56998000.00
2016-04-07,29.938000,29.980000,29.454000,29.571501,29.571501,63780000.00
2016-04-08,29.716000,29.893000,29.450001,29.730000,29.730000,51838000.00
2016-04-11,29.806999,30.200001,29.745501,29.796499,29.796499,54086000.00
2016-04-12,29.920000,30.202999,29.615499,30.158501,30.158501,52822000.00
2016-04-13,30.384001,30.840500,30.264500,30.740999,30.740999,84566000.00
2016-04-14,30.753500,31.219000,30.753500,31.037500,31.037500,70242000.00
2016-04-15,31.096001,31.338499,30.905500,31.294500,31.294500,57754000.00
2016-04-18,31.267500,31.882000,31.247999,31.767500,31.767500,87218000.00
2016-04-19,31.857000,31.900499,31.040001,31.395000,31.395000,81118000.00
2016-04-20,31.500000,31.827499,31.150000,31.649500,31.649500,52188000.00
2016-04-21,31.549999,31.891001,31.424999,31.549999,31.549999,51926000.00
2016-04-22,31.223499,31.412500,30.577999,31.025000,31.025000,101678000.00
2016-04-25,30.830500,31.349001,30.812500,31.309999,31.309999,53658000.00
2016-04-26,31.308500,31.337500,30.743999,30.844000,30.844000,50428000.00
2016-04-27,30.590000,30.797501,30.063999,30.328501,30.328501,81376000.00
2016-04-28,30.777000,31.340000,29.959999,30.100000,30.100000,157452000.00
2016-04-29,33.299999,33.499001,32.700001,32.979500,32.979500,206214000.00
2016-05-02,33.195999,34.275002,33.101501,34.192501,34.192501,131570000.00
2016-05-03,33.868000,34.014999,33.521500,33.566002,33.566002,98468000.00
2016-05-04,33.129501,33.700001,33.106998,33.544998,33.544998,92710000.00
2016-05-05,33.665501,33.824501,32.799999,32.954498,32.954498,97682000.00
2016-05-06,32.802502,33.847500,32.800499,33.697498,33.697498,87306000.00
2016-05-09,33.697498,34.348999,33.570499,33.987499,33.987499,79644000.00
2016-05-10,34.700001,35.227501,34.674999,35.153500,35.153500,122112000.00
2016-05-11,35.289501,35.950001,35.082500,35.661499,35.661499,146764000.00
2016-05-12,35.868999,36.122501,35.575500,35.896500,35.896500,100964000.00
2016-05-13,35.731998,35.962502,35.325500,35.495998,35.495998,95268000.00
2016-05-16,35.506500,35.662498,35.014000,35.533001,35.533001,108658000.00
2016-05-17,35.494999,35.723499,34.695499,34.763500,34.763500,102428000.00
2016-05-18,34.478001,35.126999,34.438000,34.872501,34.872501,85664000.00
2016-05-19,34.594002,34.970001,34.478001,34.925999,34.925999,60512000.00
2016-05-20,35.052502,35.362000,35.000000,35.139999,35.139999,58324000.00
2016-05-23,35.212502,35.299999,34.820999,34.837502,34.837502,51902000.00
2016-05-24,34.900501,35.375000,34.900002,35.209999,35.209999,60676000.00
2016-05-25,35.400002,35.542999,35.276001,35.417500,35.417500,65354000.00
2016-05-26,35.416500,35.750000,35.364498,35.745499,35.745499,48934000.00
2016-05-27,35.750000,35.830002,35.555000,35.612000,35.612000,44984000.00
2016-05-31,35.616501,36.211498,35.566002,36.139500,36.139500,72366000.00
2016-06-01,36.044998,36.321499,35.910999,35.972000,35.972000,65262000.00
2016-06-02,36.048500,36.414001,35.775002,36.411999,36.411999,60532000.00
2016-06-03,36.337002,36.349998,35.921501,36.277000,36.277000,67346000.00
2016-06-06,36.325001,36.575001,36.221001,36.336498,36.336498,54096000.00
2016-06-07,36.494499,36.500000,36.027500,36.187000,36.187000,54650000.00
2016-06-08,36.320000,36.471001,36.080002,36.332001,36.332001,44468000.00
2016-06-09,36.154999,36.445499,36.115002,36.382500,36.382500,43406000.00
2016-06-10,36.117500,36.249001,35.710499,35.895500,35.895500,68514000.00
2016-06-13,35.700500,36.099499,35.557999,35.762001,35.762001,67044000.00
2016-06-14,35.616501,36.040501,35.613499,35.965000,35.965000,50138000.00
2016-06-15,36.099998,36.127998,35.667500,35.713001,35.713001,54188000.00
2016-06-16,35.602501,35.900002,35.264999,35.875500,35.875500,61960000.00
2016-06-17,35.909500,35.910000,34.959000,35.319500,35.319500,117956000.00
2016-06-20,35.674999,36.065498,35.540501,35.700500,35.700500,73544000.00
2016-06-21,35.785999,35.919998,35.636002,35.791000,35.791000,42750000.00
2016-06-22,35.828999,35.849998,35.378502,35.529999,35.529999,45210000.00
2016-06-23,35.775002,36.105999,35.625000,36.104000,36.104000,56500000.00
2016-06-24,34.650002,35.626499,34.610001,34.948002,34.948002,152650000.00
2016-06-27,34.600498,34.841000,34.105999,34.568001,34.568001,111360000.00
2016-06-28,35.000000,35.400002,34.908501,35.397499,35.397499,80740000.00
2016-06-29,35.787498,35.974998,35.676998,35.779999,35.779999,61402000.00
2016-06-30,35.860001,35.968498,35.626999,35.780998,35.780998,57102000.00
2016-07-01,35.866001,36.400002,35.827000,36.284000,36.284000,58408000.00
2016-07-05,36.139999,36.478001,35.980499,36.404999,36.404999,48628000.00
2016-07-06,36.285500,36.888500,36.129002,36.880501,36.880501,78764000.00
2016-07-07,36.966499,36.977501,36.581501,36.828499,36.828499,58916000.00
2016-07-08,37.007000,37.305000,36.900002,37.290501,37.290501,68584000.00
2016-07-11,37.500000,37.794998,37.349998,37.688999,37.688999,63906000.00
2016-07-12,37.842999,37.867001,37.016499,37.410500,37.410500,112474000.00
2016-07-13,37.338001,37.843498,37.062500,37.131500,37.131500,82846000.00
2016-07-14,37.443001,37.452000,36.951000,37.060001,37.060001,47810000.00
2016-07-15,37.327499,37.327499,36.702499,36.771999,36.771999,62428000.00
2016-07-18,36.774502,37.080002,36.436001,36.803501,36.803501,59098000.00
2016-07-19,36.625000,37.166500,36.615501,36.997501,36.997501,44336000.00
2016-07-20,37.200001,37.312500,37.035000,37.285999,37.285999,44280000.00
2016-07-21,37.375000,37.467999,37.139500,37.221500,37.221500,46342000.00
2016-07-22,37.389500,37.563999,37.176498,37.243000,37.243000,45554000.00
2016-07-25,37.327499,37.424999,36.767502,36.980499,36.980499,53586000.00
2016-07-26,37.135502,37.156502,36.637501,36.779499,36.779499,50594000.00
2016-07-27,36.898499,37.047001,36.693001,36.833500,36.833500,58262000.00
2016-07-28,37.299000,37.667999,36.985001,37.630501,37.630501,152352000.00
2016-07-29,38.250000,38.299999,37.750000,37.940498,37.940498,135542000.00
2016-08-01,37.993500,38.525002,37.853001,38.387001,38.387001,71564000.00
2016-08-02,38.190498,38.250500,37.851002,38.028999,38.028999,72066000.00
2016-08-03,37.853001,37.944500,37.612499,37.731998,37.731998,71630000.00
2016-08-04,37.685001,38.250000,37.517502,38.038502,38.038502,63564000.00
2016-08-05,38.240501,38.423500,38.154499,38.299000,38.299000,54088000.00
2016-08-08,38.340500,38.349998,38.050999,38.327999,38.327999,39726000.00
2016-08-09,38.369499,38.630001,38.345001,38.415501,38.415501,37522000.00
2016-08-10,38.490002,38.605000,38.309502,38.428001,38.428001,32086000.00
2016-08-11,38.497002,38.687500,38.456001,38.562000,38.562000,40394000.00
2016-08-12,38.423000,38.657501,38.421001,38.627998,38.627998,31266000.00
2016-08-15,38.595001,38.602001,38.385502,38.424500,38.424500,42370000.00
2016-08-16,38.431000,38.436501,38.191002,38.202000,38.202000,32092000.00
2016-08-17,38.220501,38.261002,37.959999,38.231499,38.231499,37822000.00
2016-08-18,38.200001,38.258499,38.029999,38.223000,38.223000,29176000.00
2016-08-19,38.095001,38.124500,37.844501,37.865501,37.865501,46864000.00
2016-08-22,37.875000,37.992500,37.605000,37.973999,37.973999,33586000.00
2016-08-23,38.165501,38.235001,38.049999,38.122501,38.122501,30482000.00
2016-08-24,38.150002,38.170502,37.768002,37.862499,37.862499,34882000.00
2016-08-25,37.799999,38.028000,37.737000,37.960999,37.960999,32460000.00
2016-08-26,38.002499,38.500000,37.990002,38.450001,38.450001,55536000.00
2016-08-29,38.436001,38.749001,38.430000,38.564499,38.564499,43972000.00
2016-08-30,38.552502,38.591999,38.278000,38.379002,38.379002,34184000.00
2016-08-31,38.330002,38.481998,38.200001,38.458000,38.458000,32676000.00
2016-09-01,38.544998,38.602001,38.337502,38.530998,38.530998,35846000.00
2016-09-02,38.705502,38.799999,38.584999,38.622002,38.622002,43636000.00
2016-09-06,38.702000,39.473999,38.511002,39.443501,39.443501,74396000.00
2016-09-07,39.476501,39.539501,39.216499,39.223999,39.223999,48492000.00
2016-09-08,39.194500,39.325001,39.071999,39.202999,39.202999,40610000.00
2016-09-09,38.967999,39.049999,38.005501,38.007000,38.007000,85146000.00
2016-09-12,37.867500,38.632999,37.799999,38.574501,38.574501,62494000.00
2016-09-13,38.438499,38.494499,37.952499,38.050499,38.050499,62344000.00
2016-09-14,38.110001,38.375000,37.942501,38.054501,38.054501,50460000.00
2016-09-15,38.099998,38.543499,37.879002,38.484501,38.484501,60680000.00
2016-09-16,38.664001,39.022999,38.583000,38.925999,38.925999,109984000.00
2016-09-19,38.998501,39.097000,38.549999,38.755001,38.755001,45944000.00
2016-09-20,38.799999,39.068501,38.799999,39.011002,39.011002,38744000.00
2016-09-21,39.162498,39.534500,38.950500,39.487000,39.487000,54372000.00
2016-09-22,39.713501,40.294498,39.713501,40.235001,40.235001,81578000.00
2016-09-23,40.156502,40.387501,40.105999,40.287498,40.287498,47070000.00
2016-09-26,40.090000,40.296501,39.857498,39.958000,39.958000,53028000.00
2016-09-27,40.092499,40.832001,40.055500,40.805500,40.805500,76392000.00
2016-09-28,40.900002,41.507000,40.851501,41.436001,41.436001,88442000.00
2016-09-29,41.412998,41.875000,41.231499,41.452499,41.452499,98444000.00
2016-09-30,41.630501,41.997501,41.619999,41.865501,41.865501,88612000.00
2016-10-03,41.799999,41.993000,41.562500,41.837002,41.837002,55388000.00
2016-10-04,42.045502,42.118500,41.513000,41.701500,41.701500,59006000.00
2016-10-05,41.900002,42.283501,41.806000,42.217999,42.217999,69382000.00
2016-10-06,42.185001,42.360500,42.029999,42.083000,42.083000,53680000.00
2016-10-07,42.289501,42.297501,41.872501,41.971500,41.971500,48524000.00
2016-10-10,42.162498,42.259998,42.013500,42.085499,42.085499,36542000.00
2016-10-11,42.050999,42.064499,41.417500,41.549999,41.549999,71764000.00
2016-10-12,41.700001,41.883499,41.505001,41.704498,41.704498,47608000.00
2016-10-13,41.450001,41.590000,41.060501,41.464001,41.464001,61828000.00
2016-10-14,41.754002,41.786999,41.147999,41.147999,41.147999,59996000.00
2016-10-17,41.075001,41.099998,40.584000,40.647499,40.647499,67230000.00
2016-10-18,41.105499,41.162998,40.750999,40.882500,40.882500,50250000.00
2016-10-19,41.020000,41.033501,40.758499,40.884499,40.884499,41814000.00
2016-10-20,40.699501,40.785500,40.154999,40.515999,40.515999,63040000.00
2016-10-21,40.467999,40.971001,40.450001,40.949501,40.949501,55860000.00
2016-10-24,41.247501,41.915001,41.110500,41.904499,41.904499,81218000.00
2016-10-25,41.965000,42.154499,41.660999,41.758999,41.758999,64968000.00
2016-10-26,41.638000,41.672001,41.000000,41.129501,41.129501,79962000.00
2016-10-27,41.562000,41.585999,40.771500,40.917999,40.917999,148128000.00
2016-10-28,39.099998,39.474499,38.730499,38.816002,38.816002,216822000.00
2016-10-31,39.051498,39.685001,39.005501,39.491001,39.491001,108266000.00
2016-11-01,39.950001,40.042000,38.835499,39.270500,39.270500,106108000.00
2016-11-02,39.196499,39.237499,38.177502,38.278000,38.278000,100530000.00
2016-11-03,38.252499,38.849998,38.200001,38.351501,38.351501,77450000.00
2016-11-04,38.139500,38.299999,37.661499,37.752499,37.752499,102442000.00
2016-11-07,38.582001,39.386501,38.547001,39.246498,39.246498,119688000.00
2016-11-08,39.248501,39.587002,38.955002,39.387501,39.387501,68252000.00
2016-11-09,38.200001,38.875000,38.004501,38.594002,38.594002,171258000.00
2016-11-10,38.940498,38.941502,35.884998,37.118999,37.118999,254940000.00
2016-11-11,36.786499,37.162998,36.445000,36.950500,36.950500,132456000.00
2016-11-14,37.275501,37.299999,35.505001,35.953499,35.953499,146426000.00
2016-11-15,36.500000,37.339001,36.299500,37.161999,37.161999,135116000.00
2016-11-16,36.993999,37.493500,36.780499,37.324501,37.324501,72976000.00
2016-11-17,37.466000,37.875000,37.400002,37.820000,37.820000,73802000.00
2016-11-18,38.049999,38.387001,37.882000,38.007999,38.007999,87468000.00
2016-11-21,38.299999,39.017502,38.255501,39.000000,39.000000,92292000.00
2016-11-22,39.408501,39.619999,39.049999,39.266499,39.266499,106226000.00
2016-11-23,39.086498,39.087502,38.655998,39.006001,39.006001,70806000.00
2016-11-25,39.325001,39.337502,38.895000,39.018501,39.018501,36742000.00
2016-11-28,38.849499,38.849998,38.212002,38.338501,38.338501,88776000.00
2016-11-29,38.400002,38.494499,38.066002,38.125999,38.125999,65446000.00
2016-11-30,38.099998,38.404499,37.512501,37.528500,37.528500,92518000.00
2016-12-01,37.620499,37.668499,36.901501,37.182499,37.182499,93320000.00
2016-12-02,37.169998,37.424500,36.834999,37.016998,37.016998,71226000.00
2016-12-05,37.250000,38.074501,37.099998,37.967999,37.967999,86294000.00
2016-12-06,38.199501,38.411999,37.862499,38.236000,38.236000,75894000.00
2016-12-07,38.227501,38.521000,37.791000,38.521000,38.521000,73698000.00
2016-12-08,38.593498,38.689499,38.259499,38.366501,38.366501,63792000.00
2016-12-09,38.500000,38.512501,38.266998,38.432999,38.432999,49418000.00
2016-12-12,38.320000,38.344501,37.860001,38.006001,38.006001,59278000.00
2016-12-13,38.248001,39.123001,38.099998,38.716999,38.716999,105706000.00
2016-12-14,38.912498,39.042999,38.140499,38.441002,38.441002,109096000.00
2016-12-15,38.313999,38.455002,38.015499,38.049999,38.049999,76038000.00
2016-12-16,38.250000,38.256500,37.700001,37.888500,37.888500,96964000.00
2016-12-19,37.944500,38.525002,37.807999,38.299999,38.299999,62264000.00
2016-12-20,38.432499,38.719501,38.385502,38.561001,38.561001,54072000.00
2016-12-21,38.500000,38.561001,38.285000,38.529999,38.529999,40892000.00
2016-12-22,38.405998,38.560501,38.151001,38.317001,38.317001,50872000.00
2016-12-23,38.227501,38.325001,37.899502,38.029499,38.029499,39632000.00
2016-12-27,38.169998,38.732498,38.060001,38.570000,38.570000,52774000.00
2016-12-28,38.812500,39.000000,38.525002,38.606499,38.606499,66020000.00
2016-12-29,38.619999,38.669998,38.042500,38.257500,38.257500,63166000.00
2016-12-30,38.323502,38.369999,37.414001,37.493500,37.493500,82788000.00
2017-01-03,37.896000,37.938000,37.384998,37.683498,37.683498,70422000.00
2017-01-04,37.919498,37.984001,37.709999,37.859001,37.859001,50210000.00
2017-01-05,38.077499,39.119999,38.013000,39.022499,39.022499,116602000.00
2017-01-06,39.118000,39.972000,38.924000,39.799500,39.799500,119724000.00
2017-01-09,39.900002,40.088501,39.588501,39.846001,39.846001,68922000.00
2017-01-10,39.830002,39.900002,39.477001,39.794998,39.794998,51168000.00
2017-01-11,39.682999,39.974998,39.475498,39.951000,39.951000,59856000.00
2017-01-12,40.015499,40.706501,39.974998,40.681999,40.681999,97478000.00
2017-01-13,40.716000,41.082500,40.570000,40.856998,40.856998,75838000.00
2017-01-17,40.785000,40.799999,40.172001,40.486000,40.486000,73410000.00
2017-01-18,40.474998,40.586498,40.213501,40.374001,40.374001,47084000.00
2017-01-19,40.500000,40.675499,40.366001,40.452000,40.452000,50816000.00
2017-01-20,40.764000,40.800999,40.313000,40.416500,40.416500,67524000.00
2017-01-23,40.340000,40.924999,40.254002,40.894001,40.894001,55950000.00
2017-01-24,41.099998,41.199501,40.724998,41.122002,41.122002,59434000.00
2017-01-25,41.289501,41.870998,41.264500,41.826000,41.826000,78452000.00
2017-01-26,41.776501,42.192001,41.650002,41.957500,41.957500,71726000.00
2017-01-27,41.950001,41.985001,41.472000,41.788502,41.788502,59974000.00
2017-01-30,41.650002,41.674999,40.819000,41.519001,41.519001,74946000.00
2017-01-31,41.187500,41.349499,40.978001,41.174000,41.174000,62744000.00
2017-02-01,41.460499,41.688999,41.247002,41.617500,41.617500,77004000.00
2017-02-02,41.829498,42.124500,41.412998,41.997501,41.997501,147010000.00
2017-02-03,40.335999,40.915001,40.200001,40.509998,40.509998,217376000.00
2017-02-06,40.490002,40.535999,40.150002,40.382000,40.382000,77946000.00
2017-02-07,40.465500,40.807999,40.375000,40.625000,40.625000,69322000.00
2017-02-08,40.634499,41.074001,40.625000,40.985500,40.985500,57160000.00
2017-02-09,41.080002,41.250000,40.985500,41.068001,41.068001,49698000.00
2017-02-10,41.191002,41.400002,41.142502,41.373001,41.373001,48592000.00
2017-02-13,41.581001,42.150002,41.427502,41.826500,41.826500,83452000.00
2017-02-14,41.849998,41.915501,41.572498,41.819500,41.819500,55848000.00
2017-02-15,41.700001,42.140499,41.640999,42.134998,42.134998,59378000.00
2017-02-16,42.091999,42.250000,41.969002,42.207001,42.207001,54294000.00
2017-02-17,42.099998,42.363499,42.036499,42.253502,42.253502,62246000.00
2017-02-21,42.442001,42.898998,42.362499,42.821999,42.821999,70154000.00
2017-02-22,42.847500,42.921501,42.609001,42.780499,42.780499,52340000.00
2017-02-23,42.878502,43.042999,42.400002,42.609501,42.609501,69240000.00
2017-02-24,42.234501,42.290501,41.887501,42.262001,42.262001,73760000.00
2017-02-27,42.118999,42.625000,41.983501,42.431999,42.431999,54272000.00
2017-02-28,42.572498,42.704498,42.102501,42.251999,42.251999,55874000.00
2017-03-01,42.652500,42.741501,42.450500,42.653999,42.653999,55202000.00
2017-03-02,42.653999,42.741001,42.363998,42.445499,42.445499,42642000.00
2017-03-03,42.360001,42.599499,42.313499,42.493999,42.493999,38822000.00
2017-03-06,42.261501,42.424500,42.056000,42.330502,42.330502,52208000.00
2017-03-07,42.273998,42.423000,42.187500,42.300999,42.300999,44952000.00
2017-03-08,42.400002,42.653500,42.339500,42.525002,42.525002,45730000.00
2017-03-09,42.549999,42.820000,42.515499,42.650002,42.650002,40964000.00
2017-03-10,42.849998,42.867500,42.585999,42.623001,42.623001,48728000.00
2017-03-13,42.588501,42.784500,42.585499,42.729500,42.729500,38194000.00
2017-03-14,42.677502,42.687500,42.377499,42.626499,42.626499,42612000.00
2017-03-15,42.716499,42.722500,42.355499,42.648499,42.648499,51244000.00
2017-03-16,42.764999,42.775002,42.525501,42.671001,42.671001,36846000.00
2017-03-17,42.674500,42.691502,42.532001,42.615501,42.615501,67688000.00
2017-03-20,42.575500,42.889999,42.550499,42.848499,42.848499,45654000.00
2017-03-21,42.942001,43.139999,42.065498,42.160000,42.160000,87658000.00
2017-03-22,42.021500,42.468498,41.952499,42.403000,42.403000,53174000.00
2017-03-23,42.410000,42.544498,42.240002,42.368999,42.368999,39060000.00
2017-03-24,42.584000,42.590000,42.176498,42.280499,42.280499,42766000.00
2017-03-27,41.903500,42.514999,41.674999,42.341000,42.341000,55116000.00
2017-03-28,42.587502,42.923000,42.505001,42.799999,42.799999,60832000.00
2017-03-29,42.952499,43.821999,42.951000,43.716000,43.716000,89716000.00
2017-03-30,43.747501,43.853001,43.583000,43.817001,43.817001,55254000.00
2017-03-31,43.849998,44.517502,43.832500,44.327000,44.327000,79152000.00
2017-04-03,44.400002,44.674500,44.271000,44.575500,44.575500,68446000.00
2017-04-04,44.575001,45.426998,44.514000,45.341499,45.341499,99694000.00
2017-04-05,45.541000,46.186001,45.280998,45.464001,45.464001,150168000.00
2017-04-06,45.689999,45.859501,44.724499,44.914001,44.914001,126882000.00
2017-04-07,44.982498,45.004501,44.465500,44.743999,44.743999,74218000.00
2017-04-10,44.981499,45.425499,44.950001,45.352001,45.352001,63686000.00
2017-04-11,45.352001,45.562000,44.875000,45.118000,45.118000,60254000.00
2017-04-12,45.154499,45.204498,44.762501,44.811501,44.811501,49122000.00
2017-04-13,44.572498,44.748501,44.224499,44.233501,44.233501,63492000.00
2017-04-17,44.375000,45.118999,44.375000,45.099499,45.099499,57094000.00
2017-04-18,45.049500,45.480499,45.039001,45.188999,45.188999,59984000.00
2017-04-19,45.391998,45.525002,44.868500,44.959999,44.959999,57404000.00
2017-04-20,44.985001,45.265999,44.814499,45.103001,45.103001,56288000.00
2017-04-21,45.133499,45.182499,44.838501,44.926498,44.926498,48410000.00
2017-04-24,45.433998,45.499500,45.191002,45.370499,45.370499,62458000.00
2017-04-25,45.352001,45.473999,45.150002,45.381001,45.381001,67612000.00
2017-04-26,45.514999,45.787498,45.377998,45.464500,45.464500,52178000.00
2017-04-27,45.719501,46.092999,45.605499,45.918999,45.918999,106110000.00
2017-04-28,47.441502,47.479500,46.216499,46.249500,46.249500,147294000.00
2017-05-01,46.389999,47.720001,46.389999,47.411499,47.411499,109330000.00
2017-05-02,47.332500,47.505001,47.070499,47.347000,47.347000,76976000.00
2017-05-03,47.299999,47.299999,46.794998,47.051498,47.051498,71654000.00
2017-05-04,47.237499,47.250000,46.710999,46.876499,46.876499,48368000.00
2017-05-05,47.026001,47.039501,46.514999,46.707500,46.707500,57328000.00
2017-05-08,47.047501,47.452499,46.960499,47.452000,47.452000,68314000.00
2017-05-09,47.639999,47.894501,47.509998,47.640999,47.640999,65242000.00
2017-05-10,47.674999,47.687500,47.250000,47.447498,47.447498,41930000.00
2017-05-11,47.255501,47.514500,47.039001,47.381001,47.381001,43882000.00
2017-05-12,47.724998,48.139500,47.576500,48.067501,48.067501,72518000.00
2017-05-15,47.936501,48.157501,47.803001,47.898499,47.898499,85412000.00
2017-05-16,48.049999,48.502998,48.045502,48.303501,48.303501,62522000.00
2017-05-17,47.735001,48.020000,47.206001,47.237999,47.237999,102912000.00
2017-05-18,47.240002,48.137501,47.237999,47.924500,47.924500,78786000.00
2017-05-19,48.141998,48.445999,47.986000,47.992001,47.992001,79442000.00
2017-05-22,48.200001,48.569000,48.145000,48.533501,48.533501,52844000.00
2017-05-23,48.750999,48.759998,48.342499,48.577000,48.577000,48312000.00
2017-05-24,48.799999,49.049999,48.511501,49.017502,49.017502,48920000.00
2017-05-25,49.242500,49.950001,49.105499,49.668999,49.668999,96440000.00
2017-05-26,49.750000,49.932499,49.462502,49.789001,49.789001,69384000.00
2017-05-30,49.825500,50.060001,49.776001,49.834999,49.834999,65262000.00
2017-05-31,50.000000,50.006001,49.108002,49.730999,49.730999,78262000.00
2017-06-01,49.929501,49.949501,49.568501,49.797501,49.797501,49096000.00
2017-06-02,49.949501,50.424000,49.783501,50.336498,50.336498,75046000.00
2017-06-05,50.361500,50.660500,50.175499,50.567001,50.567001,54398000.00
2017-06-06,50.599998,50.825001,50.062500,50.150002,50.150002,66928000.00
2017-06-07,50.297501,50.512501,50.099998,50.503502,50.503502,56460000.00
2017-06-08,50.603001,50.680500,50.305500,50.513500,50.513500,55358000.00
2017-06-09,50.625000,50.649502,46.349998,48.915501,48.915501,152954000.00
2017-06-12,48.349998,48.797501,47.250000,48.245499,48.245499,188944000.00
2017-06-13,48.899502,49.224998,48.305000,49.039501,49.039501,91600000.00
2017-06-14,49.429501,49.516998,48.335499,48.823502,48.823502,79498000.00
2017-06-15,47.935001,48.286499,47.542999,48.208500,48.208500,107478000.00
2017-06-16,49.799999,49.987499,49.099998,49.385502,49.385502,229454000.00
2017-06-19,50.849998,50.849998,49.494999,49.758499,49.758499,100868000.00
2017-06-20,49.900002,50.243999,49.601002,49.629501,49.629501,81536000.00
2017-06-21,49.935001,50.136002,49.632500,50.111500,50.111500,58450000.00
2017-06-22,50.111500,50.348000,49.860001,50.064999,50.064999,45068000.00
2017-06-23,50.126999,50.230999,49.901001,50.187000,50.187000,57582000.00
2017-06-26,50.424999,50.490002,49.599998,49.699001,49.699001,67724000.00
2017-06-27,49.534500,49.939999,48.799999,48.839001,48.839001,75648000.00
2017-06-28,48.927502,49.534000,48.460499,49.516499,49.516499,74752000.00
2017-06-29,48.950001,49.377998,48.262501,48.796501,48.796501,86060000.00
2017-06-30,49.006001,49.173500,48.380501,48.400002,48.400002,67806000.00
2017-07-03,48.639500,48.724499,47.549999,47.682999,47.682999,58182000.00
2017-07-05,48.076500,48.750000,47.762501,48.570000,48.570000,73060000.00
2017-07-06,48.233002,48.720001,47.951000,48.257000,48.257000,65192000.00
2017-07-07,48.477501,49.005501,48.457001,48.938000,48.938000,52868000.00
2017-07-10,49.250000,49.972000,49.174999,49.823502,49.823502,70926000.00
2017-07-11,49.650002,49.799500,49.186001,49.706501,49.706501,59654000.00
2017-07-12,50.032501,50.427502,49.904999,50.325500,50.325500,72172000.00
2017-07-13,50.230999,50.344002,49.794998,50.031502,50.031502,57616000.00
2017-07-14,50.119999,50.222500,49.844501,50.090500,50.090500,42050000.00
2017-07-17,50.234501,50.737499,50.190498,50.501999,50.501999,74252000.00
2017-07-18,50.299999,51.301498,50.200001,51.222500,51.222500,80152000.00
2017-07-19,51.250000,51.579498,51.125000,51.343498,51.343498,59280000.00
2017-07-20,51.579498,51.748501,51.125999,51.435001,51.435001,61950000.00
2017-07-21,51.063999,51.305000,50.549999,51.283501,51.283501,54692000.00
2017-07-24,51.417000,52.150501,51.371498,51.947498,51.947498,65760000.00
2017-07-25,51.902500,52.166500,51.624001,51.993500,51.993500,48952000.00
2017-07-26,52.160000,52.660000,52.160000,52.639999,52.639999,58426000.00
2017-07-27,53.477501,54.165501,52.008999,52.299999,52.299999,219834000.00
2017-07-28,50.606998,51.642502,50.049999,51.001999,51.001999,154188000.00
2017-07-31,50.952499,50.952499,49.351002,49.389000,49.389000,147042000.00
2017-08-01,49.805500,50.320000,49.578999,49.809502,49.809502,91452000.00
2017-08-02,50.088501,50.160500,49.086498,49.794498,49.794498,81400000.00
2017-08-03,49.973499,49.974998,49.229500,49.346001,49.346001,65116000.00
2017-08-04,49.484001,49.583500,49.099998,49.379002,49.379002,54606000.00
2017-08-07,49.532501,49.750000,49.356998,49.613499,49.613499,53532000.00
2017-08-08,49.717499,49.813999,49.289501,49.492001,49.492001,58056000.00
2017-08-09,49.130001,49.400002,48.763500,49.100498,49.100498,71394000.00
2017-08-10,48.814999,48.993000,47.734001,47.846001,47.846001,113682000.00
2017-08-11,48.000000,48.519501,47.569000,48.399502,48.399502,69360000.00
2017-08-14,48.920502,49.275002,48.809502,49.165001,49.165001,63458000.00
2017-08-15,49.445000,49.587002,49.099998,49.137001,49.137001,50986000.00
2017-08-16,49.082500,49.323002,48.660999,48.909000,48.909000,62642000.00
2017-08-17,48.891998,48.891998,48.015999,48.028500,48.028500,70248000.00
2017-08-18,48.070000,48.271500,47.732498,47.923500,47.923500,65696000.00
2017-08-21,47.878502,48.060001,47.272999,47.664501,47.664501,63290000.00
2017-08-22,47.776001,48.396500,47.775002,48.345001,48.345001,55000000.00
2017-08-23,47.969002,48.099998,47.709999,47.900002,47.900002,53366000.00
2017-08-24,47.870998,47.950001,47.056999,47.622501,47.622501,103914000.00
2017-08-25,47.799999,47.881001,47.205002,47.263000,47.263000,66496000.00
2017-08-28,47.327000,47.650002,47.112499,47.300999,47.300999,51934000.00
2017-08-29,47.000000,47.799999,46.816502,47.702999,47.702999,57486000.00
2017-08-30,47.922001,48.470501,47.845501,48.379501,48.379501,58092000.00
2017-08-31,48.735001,49.049999,48.638000,49.029999,49.029999,66630000.00
2017-09-01,49.209999,49.224998,48.844002,48.912498,48.912498,50718000.00
2017-09-05,48.770000,48.838501,48.018501,48.263500,48.263500,57664000.00
2017-09-06,48.416000,48.591999,48.029999,48.389999,48.389999,42598000.00
2017-09-07,48.700001,49.029499,48.627499,48.973499,48.973499,51336000.00
2017-09-08,48.955002,48.993999,48.173500,48.294998,48.294998,52106000.00
2017-09-11,48.723000,49.097000,48.710999,48.897999,48.897999,43734000.00
2017-09-12,49.163502,49.233501,48.776001,49.129002,49.129002,49622000.00
2017-09-13,49.198502,50.000000,48.971001,49.980000,49.980000,67494000.00
2017-09-14,49.840000,49.928001,49.387001,49.610500,49.610500,78266000.00
2017-09-15,49.650501,49.812500,49.201500,49.339500,49.339500,75204000.00
2017-09-18,49.520000,49.639500,48.408501,48.709499,48.709499,68226000.00
2017-09-19,48.862499,48.911999,48.373001,48.493000,48.493000,53422000.00
2017-09-20,48.589500,48.740501,48.108002,48.660500,48.660500,57776000.00
2017-09-21,48.565498,48.584999,48.101002,48.232498,48.232498,46752000.00
2017-09-22,48.050499,48.280499,47.721001,47.755001,47.755001,52836000.00
2017-09-25,47.465500,47.471001,46.644501,46.989498,46.989498,102480000.00
2017-09-26,47.274502,47.431499,46.587502,46.930000,46.930000,71296000.00
2017-09-27,47.400002,47.764999,47.165001,47.543499,47.543499,62978000.00
2017-09-28,47.592999,47.985001,47.505001,47.820000,47.820000,50452000.00
2017-09-29,48.005501,48.241501,47.918999,48.067501,48.067501,50876000.00
2017-10-02,48.200001,48.365501,47.605999,47.959499,47.959499,48858000.00
2017-10-03,47.900002,48.184502,47.518501,47.855000,47.855000,53332000.00
2017-10-04,47.710499,48.389500,47.702499,48.272499,48.272499,50548000.00
2017-10-05,48.500000,49.075500,48.481998,49.042500,49.042500,64584000.00
2017-10-06,48.782001,49.787498,48.782001,49.479000,49.479000,75642000.00
2017-10-09,49.661999,49.924999,49.375000,49.549500,49.549500,58772000.00
2017-10-10,49.833500,49.897499,49.005001,49.360001,49.360001,61698000.00
2017-10-11,49.563499,49.775002,49.334999,49.750000,49.750000,46742000.00
2017-10-12,49.840500,50.422001,49.619999,50.046501,50.046501,81346000.00
2017-10-13,50.349998,50.388500,50.051498,50.146999,50.146999,48630000.00
2017-10-16,50.422001,50.478500,50.051998,50.317001,50.317001,40178000.00
2017-10-17,50.279499,50.573502,50.219002,50.456501,50.456501,46394000.00
2017-10-18,50.463501,51.115501,49.827499,49.849998,49.849998,49994000.00
2017-10-19,49.500000,49.552502,49.012001,49.330502,49.330502,62164000.00
2017-10-20,49.676498,49.730999,49.099998,49.145500,49.145500,47302000.00
2017-10-23,49.336498,49.339001,48.125000,48.314999,48.314999,69882000.00
2017-10-24,48.450001,48.992500,48.250000,48.794998,48.794998,54478000.00
2017-10-25,48.900002,49.222000,48.312000,48.645500,48.645500,60662000.00
2017-10-26,49.016499,49.145000,48.427502,48.621498,48.621498,112374000.00
2017-10-27,52.907001,55.278999,52.527500,55.047501,55.047501,331300000.00
2017-10-30,54.750500,56.139500,54.678001,55.542500,55.542500,132262000.00
2017-10-31,55.450001,55.527000,55.056000,55.264000,55.264000,69540000.00
2017-11-01,55.270000,55.448502,54.837002,55.183998,55.183998,75110000.00
2017-11-02,54.890499,55.097000,54.343498,54.710999,54.710999,73698000.00
2017-11-03,54.557499,55.633999,54.425999,55.580002,55.580002,75030000.00
2017-11-06,55.457500,56.270500,55.438499,56.033001,56.033001,67622000.00
2017-11-07,56.237000,56.529999,55.875000,56.158501,56.158501,53780000.00
2017-11-08,56.140999,56.777000,55.955502,56.644001,56.644001,51630000.00
2017-11-09,56.298000,56.480999,55.788502,56.456501,56.456501,74654000.00
2017-11-10,56.305000,56.587502,56.202999,56.267502,56.267502,43598000.00
2017-11-13,56.150002,56.994999,56.117001,56.458500,56.458500,58368000.00
2017-11-14,56.505501,56.900002,56.194500,56.841999,56.841999,62768000.00
2017-11-15,56.350498,56.587502,56.081501,56.334499,56.334499,78574000.00
2017-11-16,56.507999,56.908001,56.502499,56.864498,56.864498,44266000.00
2017-11-17,56.914001,56.939999,56.290501,56.493999,56.493999,48268000.00
2017-11-20,56.488499,56.671001,56.127499,56.315498,56.315498,43278000.00
2017-11-21,56.643002,57.000000,56.410000,56.974499,56.974499,49588000.00
2017-11-22,57.049999,58.013500,57.049999,57.807999,57.807999,71106000.00
2017-11-24,58.035000,59.341999,58.035000,59.299999,59.299999,70560000.00
2017-11-27,60.132999,60.670502,59.557499,59.791500,59.791500,134880000.00
2017-11-28,60.243999,60.266998,59.425999,59.680000,59.680000,91188000.00
2017-11-29,59.740002,59.740002,57.259499,58.063499,58.063499,185150000.00
2017-11-30,58.355000,58.928501,58.000000,58.837502,58.837502,90184000.00
2017-12-01,58.602501,58.982498,57.599998,58.117500,58.117500,82142000.00
2017-12-04,58.692501,58.759998,56.400002,56.697498,56.697498,118638000.00
2017-12-05,56.412998,57.963501,56.237000,57.078499,57.078499,81596000.00
2017-12-06,56.899502,57.794498,56.804001,57.617500,57.617500,57066000.00
2017-12-07,57.829498,58.159500,57.549999,57.989498,57.989498,50232000.00
2017-12-08,58.520000,58.639500,57.855000,58.099998,58.099998,61002000.00
2017-12-11,58.230000,58.494999,57.849998,58.445999,58.445999,47270000.00
2017-12-12,58.325500,58.680000,58.080502,58.254002,58.254002,44718000.00
2017-12-13,58.500000,58.543499,58.013500,58.206501,58.206501,52336000.00
2017-12-14,58.185501,58.896500,58.122501,58.713001,58.713001,64286000.00
2017-12-15,58.951500,59.137501,58.466499,58.957001,58.957001,95572000.00
2017-12-18,59.368500,59.738998,59.045502,59.528999,59.528999,58952000.00
2017-12-19,59.457500,59.648499,58.957001,59.368999,59.368999,51756000.00
2017-12-20,59.525002,59.549999,58.799999,58.881001,58.881001,47424000.00
2017-12-21,58.794998,58.958500,58.382000,58.737999,58.737999,42462000.00
2017-12-22,58.604000,58.730999,58.391499,58.417999,58.417999,31702000.00
2017-12-26,58.417999,58.916000,58.027500,58.838001,58.838001,40104000.00
2017-12-27,58.995499,59.364498,58.780499,59.112999,59.112999,37344000.00
2017-12-28,59.450001,59.505001,59.219002,59.305000,59.305000,36834000.00
2017-12-29,59.117500,59.200001,58.375000,58.473499,58.473499,53768000.00
2018-01-02,58.599998,59.500000,58.525501,59.450500,59.450500,53890000.00
2018-01-03,59.415001,60.274502,59.415001,60.209999,60.209999,62176000.00
2018-01-04,60.250000,60.793499,60.233002,60.479500,60.479500,60442000.00
2018-01-05,60.875500,61.457001,60.500000,61.457001,61.457001,70894000.00
2018-01-08,61.799999,62.653999,61.601501,62.343498,62.343498,85590000.00
2018-01-09,62.845001,62.966499,62.088001,62.634998,62.634998,73226000.00
2018-01-10,62.257500,62.716499,61.861500,62.716499,62.716499,53720000.00
2018-01-11,62.987000,63.838501,62.823002,63.834000,63.834000,62500000.00
2018-01-12,63.669498,65.288002,63.669498,65.260002,65.260002,108874000.00
2018-01-16,66.150002,66.997002,64.614998,65.242996,65.242996,144414000.00
2018-01-17,65.612000,65.699997,64.043999,64.750000,64.750000,105076000.00
2018-01-18,64.697502,65.230003,64.200996,64.666000,64.666000,80538000.00
2018-01-19,65.599998,65.650002,64.649498,64.728996,64.728996,91570000.00
2018-01-22,64.858498,66.372498,64.833000,66.365501,66.365501,82802000.00
2018-01-23,66.904503,68.245003,66.866997,68.126999,68.126999,103386000.00
2018-01-24,68.740997,69.407997,66.900002,67.875504,67.875504,136150000.00
2018-01-25,68.400002,68.917000,67.880997,68.897499,68.897499,95060000.00
2018-01-26,69.600502,70.126503,69.045502,70.102501,70.102501,97146000.00
2018-01-29,70.459000,71.569504,70.022003,70.884003,70.884003,114038000.00
2018-01-30,70.158501,71.962502,69.599998,71.890999,71.890999,117438000.00
2018-01-31,72.565002,73.628998,72.501999,72.544502,72.544502,128494000.00
2018-02-01,72.250000,72.994003,69.257004,69.500000,69.500000,182276000.00
2018-02-02,73.869499,74.900002,70.699997,71.497498,71.497498,222514000.00
2018-02-05,70.130997,72.948997,66.036003,69.500000,69.500000,229900000.00
2018-02-06,68.072998,72.199501,67.589500,72.141998,72.141998,221336000.00
2018-02-07,72.449997,73.049500,70.757500,70.838997,70.838997,143254000.00
2018-02-08,71.484001,71.687500,67.497002,67.525002,67.525002,171572000.00
2018-02-09,68.674500,69.175003,63.296501,66.980003,66.980003,282830000.00
2018-02-12,68.233498,69.690498,67.200500,69.311501,69.311501,134778000.00
2018-02-13,69.296501,70.986000,69.176498,70.725502,70.725502,118358000.00
2018-02-14,70.312500,72.602997,70.167999,72.552498,72.552498,119184000.00
2018-02-15,73.344498,73.446999,71.842003,73.087997,73.087997,113054000.00
2018-02-16,72.868500,73.290001,72.328003,72.434502,72.434502,89452000.00
2018-02-20,72.324501,74.438499,72.324501,73.417503,73.417503,129984000.00
2018-02-21,74.250000,75.174500,73.945999,74.146004,74.146004,126088000.00
2018-02-22,74.767998,75.126999,73.788002,74.266998,74.266998,97162000.00
2018-02-23,74.766998,75.000000,74.324997,75.000000,75.000000,88362000.00
2018-02-26,75.459999,76.141998,75.349998,76.097504,76.097504,99100000.00
2018-02-27,76.224998,76.338997,75.360497,75.598999,75.598999,96176000.00
2018-02-28,75.975502,76.434998,75.599998,75.622498,75.622498,90300000.00
2018-03-01,75.680000,75.924500,73.250000,74.672501,74.672501,136704000.00
2018-03-02,73.455002,75.052498,72.750504,75.012497,75.012497,131752000.00
2018-03-05,74.711998,76.268997,74.050003,76.180496,76.180496,104678000.00
2018-03-06,76.660004,77.106499,76.400002,76.882004,76.882004,91234000.00
2018-03-07,76.325996,77.294998,76.125504,77.250000,77.250000,83482000.00
2018-03-08,77.500000,77.744003,77.262497,77.593002,77.593002,77252000.00
2018-03-09,78.175003,78.946999,77.954002,78.944504,78.944504,90686000.00
2018-03-12,79.629997,80.266502,79.334999,79.919502,79.919502,103484000.00
2018-03-13,80.797997,80.876999,78.900497,79.408997,79.408997,130638000.00
2018-03-14,79.849998,80.321999,79.544502,79.550003,79.550003,85188000.00
2018-03-15,79.750000,79.845497,78.905502,79.115997,79.115997,81394000.00
2018-03-16,79.172501,79.472000,78.375000,78.584000,78.584000,108500000.00
2018-03-19,77.726501,78.083000,76.267502,77.246498,77.246498,131616000.00
2018-03-20,77.516998,79.349998,77.270500,79.325500,79.325500,91632000.00
2018-03-21,79.322502,79.500000,78.158501,79.093002,79.093002,95016000.00
2018-03-22,78.273499,78.692497,77.120003,77.246002,77.246002,126412000.00
2018-03-23,76.950500,77.450996,74.767998,74.778000,74.778000,160120000.00
2018-03-26,76.500000,77.849503,74.962502,77.792999,77.792999,112494000.00
2018-03-27,78.620003,78.798500,74.115997,74.852501,74.852501,139992000.00
2018-03-28,72.349998,72.794998,69.308502,71.570999,71.570999,274106000.00
2018-03-29,70.300003,72.773499,68.260002,72.366997,72.366997,251622000.00
2018-04-02,70.880997,71.068001,67.750000,68.599503,68.599503,209272000.00
2018-04-03,69.569000,70.699997,67.766502,69.602501,69.602501,204624000.00
2018-04-04,67.912003,70.769501,67.643997,70.528503,70.528503,139646000.00
2018-04-05,72.099503,72.977997,71.353500,72.587502,72.587502,128270000.00
2018-04-06,71.498497,72.625000,70.013000,70.261497,70.261497,117646000.00
2018-04-09,71.251503,71.924004,70.128502,70.304001,70.304001,84164000.00
2018-04-10,71.599503,71.918999,70.785004,71.810997,71.810997,85082000.00
2018-04-11,71.972000,72.439003,71.244499,71.352501,71.352501,71650000.00
2018-04-12,71.974998,72.606003,71.752998,72.425003,72.425003,62700000.00
2018-04-13,72.457001,72.988998,71.225998,71.539497,71.539497,73706000.00
2018-04-16,72.250000,72.349998,71.374001,72.074997,72.074997,56172000.00
2018-04-17,73.114998,75.359497,72.850998,75.191498,75.191498,102288000.00
2018-04-18,75.732498,76.690002,75.205498,76.391998,76.391998,104550000.00
2018-04-19,77.161003,78.426003,76.953003,77.845497,77.845497,130474000.00
2018-04-20,78.059998,78.059998,75.804497,76.374496,76.374496,110832000.00
2018-04-23,77.334503,77.400002,75.170502,75.892998,75.892998,89308000.00
2018-04-24,76.790001,76.974998,72.422501,73.004501,73.004501,149894000.00
2018-04-25,72.900002,73.499496,70.750999,73.008499,73.008499,131746000.00
2018-04-26,74.250504,76.471001,73.925003,75.898003,75.898003,176022000.00
2018-04-27,81.700500,81.904999,78.369499,78.630997,78.630997,261064000.00
2018-04-30,79.125000,79.800003,78.046997,78.306503,78.306503,109282000.00
2018-05-01,78.161003,79.250000,77.609001,79.112999,79.112999,91442000.00
2018-05-02,79.049004,79.425003,78.318001,78.484001,78.484001,87206000.00
2018-05-03,78.000504,78.739998,77.301003,78.603996,78.603996,85038000.00
2018-05-04,78.122498,79.245003,78.109497,79.047501,79.047501,68872000.00
2018-05-07,79.467003,80.347504,79.391502,80.007004,80.007004,76038000.00
2018-05-08,79.750000,79.844002,79.125504,79.619499,79.619499,61358000.00
2018-05-09,80.000000,80.400002,79.599998,80.400002,80.400002,72746000.00
2018-05-10,80.424004,80.779999,80.171997,80.454002,80.454002,56350000.00
2018-05-11,80.549500,80.555000,79.894501,80.145500,80.145500,45278000.00
2018-05-14,80.199997,80.558998,80.002502,80.077003,80.077003,50190000.00
2018-05-15,79.389999,79.389999,78.261002,78.806000,78.806000,101550000.00
2018-05-16,78.875000,79.721497,78.833504,79.363998,79.363998,51412000.00
2018-05-17,79.028000,79.702003,78.650002,79.087997,79.087997,42952000.00
2018-05-18,79.066498,79.179497,78.605003,78.718498,78.718498,52852000.00
2018-05-21,79.250000,79.602501,78.750000,79.273003,79.273003,58504000.00
2018-05-22,79.494499,79.494499,78.762497,79.070000,79.070000,42312000.00
2018-05-23,78.552498,80.093002,78.317001,80.093002,80.093002,67238000.00
2018-05-24,79.901497,80.412003,79.418999,80.153503,80.153503,68600000.00
2018-05-25,80.150002,80.706001,80.022499,80.507500,80.507500,53968000.00
2018-05-29,80.035500,81.089500,80.007500,80.643501,80.643501,76930000.00
2018-05-30,80.904999,81.300003,80.646500,81.244499,81.244499,58148000.00
2018-05-31,81.150002,81.750000,81.067497,81.481003,81.481003,63326000.00
2018-06-01,81.851501,82.336502,81.754501,82.077003,82.077003,66268000.00
2018-06-04,82.445000,83.283997,82.274498,83.263496,83.263496,63754000.00
2018-06-05,83.649498,84.949997,83.502998,84.817497,84.817497,95644000.00
2018-06-06,85.225502,85.724998,84.323502,84.787498,84.787498,109464000.00
2018-06-07,84.928001,84.995003,83.805496,84.464996,84.464996,75314000.00
2018-06-08,84.056000,84.472000,83.650497,84.199501,84.199501,59102000.00
2018-06-11,84.075500,84.711998,84.029503,84.456001,84.456001,46710000.00
2018-06-12,84.650002,84.975502,84.575996,84.937500,84.937500,45184000.00
2018-06-13,85.140503,85.687500,85.005997,85.242996,85.242996,66550000.00
2018-06-14,85.674004,86.239998,85.443497,86.193001,86.193001,63488000.00
2018-06-15,85.699997,86.043503,85.426003,85.798500,85.798500,95552000.00
2018-06-18,85.313004,86.336998,85.127998,86.189499,86.189499,62154000.00
2018-06-19,85.452003,86.805496,85.019501,86.738998,86.738998,85802000.00
2018-06-20,87.125000,88.146500,87.068001,87.503998,87.503998,86652000.00
2018-06-21,88.000000,88.154999,85.877998,86.511002,86.511002,98822000.00
2018-06-22,87.130997,87.150002,85.595001,85.783501,85.783501,81502000.00
2018-06-25,85.125504,85.250000,82.315498,83.157501,83.157501,150224000.00
2018-06-26,83.618500,85.078499,83.167000,84.554497,84.554497,87732000.00
2018-06-27,85.405502,85.597504,83.000000,83.025497,83.025497,97444000.00
2018-06-28,83.626999,85.275002,83.058502,85.072502,85.072502,90594000.00
2018-06-29,85.849998,86.170502,84.716003,84.989998,84.989998,90870000.00
2018-07-02,84.135002,85.694504,83.903000,85.689003,85.689003,63714000.00
2018-07-03,86.197998,86.250000,84.624001,84.697998,84.697998,43546000.00
2018-07-05,85.268997,85.534500,84.107498,84.986504,84.986504,59662000.00
2018-07-06,84.800003,85.763496,84.583504,85.531502,85.531502,53006000.00
2018-07-09,86.202499,86.977997,85.811501,86.950996,86.950996,60240000.00
2018-07-10,86.926498,87.500000,86.550003,87.153503,87.153503,60058000.00
2018-07-11,86.899498,87.848000,86.699997,87.750000,87.750000,64196000.00
2018-07-12,88.225502,89.900002,88.109001,89.831001,89.831001,90654000.00
2018-07-13,90.196503,90.764999,89.761497,90.651497,90.651497,87664000.00
2018-07-16,91.097504,92.097504,90.722504,91.124496,91.124496,109324000.00
2018-07-17,90.578003,92.584503,89.869003,92.196503,92.196503,113658000.00
2018-07-18,92.400002,92.944000,91.563499,92.146004,92.146004,97238000.00
2018-07-19,91.473000,92.050003,90.563499,90.648499,90.648499,93538000.00
2018-07-20,91.250504,91.741997,90.502998,90.684998,90.684998,77688000.00
2018-07-23,90.610497,90.949997,88.499496,90.099998,90.099998,77770000.00
2018-07-24,91.450500,92.000000,90.469002,91.461998,91.461998,85574000.00
2018-07-25,91.464996,93.192001,91.132004,93.180496,93.180496,74764000.00
2018-07-26,91.949997,92.234001,90.224998,90.400002,90.400002,198488000.00
2018-07-27,93.802498,94.002502,90.326500,90.863503,90.863503,193620000.00
2018-07-30,91.366501,91.474998,88.301003,88.960999,88.960999,131246000.00
2018-07-31,89.324501,90.091499,86.966003,88.872002,88.872002,114774000.00
2018-08-01,89.199997,89.921997,88.801003,89.858498,89.858498,83062000.00
2018-08-02,89.438499,91.828003,89.300003,91.716499,91.716499,87094000.00
2018-08-03,91.887001,92.050003,91.074997,91.164497,91.164497,69210000.00
2018-08-06,91.290497,92.388496,90.945999,92.387497,92.387497,67836000.00
2018-08-07,92.726501,93.486000,92.313499,93.124001,93.124001,67550000.00
2018-08-08,93.050003,94.575500,92.724998,94.325996,94.325996,79260000.00
2018-08-09,94.099998,95.728500,93.874001,94.926003,94.926003,97208000.00
2018-08-10,94.425499,94.974998,93.910500,94.315002,94.315002,72798000.00
2018-08-13,94.925003,96.250000,94.683502,94.809998,94.809998,110630000.00
2018-08-14,95.969498,96.050499,95.000000,95.982498,95.982498,79722000.00
2018-08-15,95.477501,95.810501,93.489502,94.130997,94.130997,154014000.00
2018-08-16,95.196999,95.250000,94.177498,94.325996,94.325996,79142000.00
2018-08-17,94.290001,94.400002,92.777496,94.111000,94.111000,82086000.00
2018-08-20,94.528503,94.587502,93.303001,93.835503,93.835503,57240000.00
2018-08-21,94.000000,94.887497,93.720497,94.170998,94.170998,62112000.00
2018-08-22,93.832001,95.290001,93.832001,95.245003,95.245003,61610000.00
2018-08-23,95.358498,95.974998,95.038002,95.144997,95.144997,71260000.00
2018-08-24,95.525497,95.800499,95.126999,95.269501,95.269501,56018000.00
2018-08-27,95.750000,96.385002,95.463997,96.384003,96.384003,71380000.00
2018-08-28,96.886497,97.088997,96.441002,96.640999,96.640999,62014000.00
2018-08-29,97.672501,99.934502,97.446999,99.904999,99.904999,130636000.00
2018-08-30,99.871002,101.278503,99.345001,100.119003,100.119003,145546000.00
2018-08-31,100.349998,101.119003,100.237000,100.635498,100.635498,84088000.00
2018-09-04,101.324997,102.525002,100.650002,101.975502,101.975502,114422000.00
2018-09-05,101.905502,102.018997,99.494499,99.740997,99.740997,164412000.00
2018-09-06,100.325500,100.375000,96.760498,97.915497,97.915497,149774000.00
2018-09-07,96.935501,98.760002,96.867500,97.603500,97.603500,97852000.00
2018-09-10,98.550003,98.652000,96.575996,96.950500,96.950500,90896000.00
2018-09-11,96.413498,99.444000,95.849998,99.357498,99.357498,100672000.00
2018-09-12,99.699997,100.000000,98.122002,99.500000,99.500000,88280000.00
2018-09-13,100.000000,100.438004,99.101501,99.493500,99.493500,72430000.00
2018-09-14,99.646500,99.682503,97.960999,98.509499,98.509499,72840000.00
2018-09-17,97.736504,97.841003,94.370499,95.401497,95.401497,141004000.00
2018-09-18,95.932503,97.910004,95.772003,97.052498,97.052498,85374000.00
2018-09-19,97.025002,97.041496,95.245003,96.320999,96.320999,81136000.00
2018-09-20,96.929001,97.750000,96.612503,97.214996,97.214996,63098000.00
2018-09-21,97.710999,97.865501,95.525002,95.750504,95.750504,137118000.00
2018-09-24,95.189499,96.844002,93.250000,96.718002,96.718002,84274000.00
2018-09-25,97.144997,98.795502,96.942497,98.727501,98.727501,90768000.00
2018-09-26,98.425003,99.762497,98.075996,98.742500,98.742500,86270000.00
2018-09-27,99.662003,100.807999,99.429001,100.649002,100.649002,86588000.00
2018-09-28,100.220497,101.325996,99.822998,100.150002,100.150002,81702000.00
2018-10-01,101.099503,101.659500,100.180000,100.218002,100.218002,69210000.00
2018-10-02,99.999496,100.669502,98.288498,98.565498,98.565498,108014000.00
2018-10-03,99.084999,99.485001,97.490501,97.638000,97.638000,105062000.00
2018-10-04,97.449997,97.800003,94.828499,95.471001,95.471001,145140000.00
2018-10-05,95.899498,96.454002,93.141502,94.482498,94.482498,136446000.00
2018-10-08,93.699997,95.099998,91.532997,93.221001,93.221001,147864000.00
2018-10-09,92.999496,94.834000,92.615997,93.515999,93.515999,95458000.00
2018-10-10,92.894501,92.928001,87.720497,87.762497,87.762497,219778000.00
2018-10-11,86.199997,87.769997,84.254997,85.968002,85.968002,278718000.00
2018-10-12,90.400002,90.447502,87.126503,89.430496,89.430496,188892000.00
2018-10-15,89.750000,89.752502,86.711502,88.047501,88.047501,128744000.00
2018-10-16,89.175003,91.194000,88.077499,90.998001,90.998001,117198000.00
2018-10-17,92.139503,92.250000,90.349998,91.586502,91.586502,105904000.00
2018-10-18,91.074501,91.507500,88.393501,88.536003,88.536003,117480000.00
2018-10-19,89.258003,90.455002,87.650002,88.201500,88.201500,118144000.00
2018-10-22,89.199997,90.474998,87.800003,89.464996,89.464996,90000000.00
2018-10-23,87.112000,88.817001,85.699997,88.434998,88.434998,134478000.00
2018-10-24,88.684998,88.885498,82.828003,83.209999,83.209999,138568000.00
2018-10-25,85.167000,89.740501,84.600502,89.108498,89.108498,205714000.00
2018-10-26,82.479500,84.922997,80.150002,82.140503,82.140503,299276000.00
2018-10-29,83.000000,83.287003,74.750000,76.944000,76.944000,277322000.00
2018-10-30,74.307999,77.049500,73.818001,76.521004,76.521004,249202000.00
2018-10-31,78.499496,81.195503,78.254501,79.900497,79.900497,187804000.00
2018-11-01,81.176498,83.522499,79.921997,83.276497,83.276497,162710000.00
2018-11-02,83.929497,84.872002,82.591499,83.276497,83.276497,139110000.00
2018-11-05,82.878502,82.904503,79.818001,81.389999,81.389999,112494000.00
2018-11-06,80.917503,83.250000,80.727501,82.140503,82.140503,85148000.00
2018-11-07,83.650002,87.961502,83.204002,87.774498,87.774498,163844000.00
2018-11-08,87.750000,89.199997,86.255501,87.745499,87.745499,130698000.00
2018-11-09,86.625000,87.195999,85.093498,85.621498,85.621498,118044000.00
2018-11-12,84.912003,85.427498,81.500504,81.842499,81.842499,136124000.00
2018-11-13,82.464500,83.852997,80.687500,81.558502,81.558502,118666000.00
2018-11-14,82.816002,83.650002,79.853500,79.950500,79.950500,129738000.00
2018-11-15,79.050499,81.240997,77.325500,80.972000,80.972000,168546000.00
2018-11-16,79.375000,80.723999,78.655998,79.670502,79.670502,121322000.00
2018-11-19,78.850502,79.059502,75.167999,75.614502,75.614502,155800000.00
2018-11-20,71.875000,76.737503,71.000000,74.773003,74.773003,217576000.00
2018-11-21,77.149498,77.500000,75.750000,75.836502,75.836502,114336000.00
2018-11-23,75.849998,76.809998,75.090500,75.102997,75.102997,54152000.00
2018-11-26,76.949997,79.240501,76.210999,79.066498,79.066498,125154000.00
2018-11-27,78.799500,79.882500,77.900497,79.070999,79.070999,115664000.00
2018-11-28,80.695999,84.072502,80.060997,83.887497,83.887497,169174000.00
2018-11-29,83.749496,84.499496,82.616501,83.678497,83.678497,132264000.00
2018-11-30,83.974998,84.800003,83.324997,84.508499,84.508499,115236000.00
2018-12-03,88.473000,88.917000,86.500000,88.617996,88.617996,137246000.00
2018-12-04,87.800003,88.516998,83.250000,83.419998,83.419998,173890000.00
2018-12-06,80.743500,85.052498,80.492500,84.959503,84.959503,175788000.00
2018-12-07,85.253502,85.946503,81.273003,81.456497,81.456497,151522000.00
2018-12-10,81.192001,82.899498,79.543503,82.051498,82.051498,149896000.00
2018-12-11,83.900002,83.973503,80.980003,82.162003,82.162003,124894000.00
2018-12-12,83.449997,85.249496,83.013496,83.177002,83.177002,131960000.00
2018-12-13,84.000000,84.606003,82.074997,82.918999,82.918999,105426000.00
2018-12-14,81.900002,82.128502,79.250000,79.595497,79.595497,127344000.00
2018-12-17,78.300003,78.806503,75.250504,76.045502,76.045502,176596000.00
2018-12-18,77.000000,78.377502,76.150497,77.573997,77.573997,130460000.00
2018-12-19,77.152496,79.226501,74.158997,74.753998,74.753998,175844000.00
2018-12-20,74.199997,75.474998,71.634499,73.041496,73.041496,199836000.00
2018-12-21,73.249496,74.000000,68.197998,68.872498,68.872498,272806000.00
2018-12-24,67.300003,69.801498,65.349998,67.197998,67.197998,144400000.00
2018-12-26,68.444504,73.657997,68.150497,73.544998,73.544998,208236000.00
2018-12-27,72.709999,73.449997,69.515503,73.082001,73.082001,194440000.00
2018-12-28,73.667503,75.673500,72.449997,73.901001,73.901001,176580000.00
2018-12-31,75.540001,76.038002,74.349998,75.098503,75.098503,139090000.00
2019-01-02,73.260002,77.667999,73.046501,76.956497,76.956497,159662000.00
2019-01-03,76.000504,76.900002,74.855499,75.014000,75.014000,139512000.00
2019-01-04,76.500000,79.699997,75.915497,78.769501,78.769501,183652000.00
2019-01-07,80.115501,81.727997,79.459503,81.475502,81.475502,159864000.00
2019-01-08,83.234497,83.830498,80.830498,82.829002,82.829002,177628000.00
2019-01-09,82.649002,83.389999,82.070000,82.971001,82.971001,126976000.00
2019-01-10,82.050499,83.162498,81.081001,82.810997,82.810997,130154000.00
2019-01-11,82.027496,83.014503,81.810997,82.028000,82.028000,93724000.00
2019-01-14,80.750000,82.410004,79.757500,80.860497,80.860497,120118000.00
2019-01-15,81.599998,83.758003,81.300499,83.727997,83.727997,119970000.00
2019-01-16,84.210999,85.250000,83.793999,84.189003,84.189003,127338000.00
2019-01-17,84.000000,85.008499,83.875000,84.661003,84.661003,84178000.00
2019-01-18,85.599998,85.809998,84.577003,84.809998,84.809998,120410000.00
2019-01-22,84.050003,84.093498,80.510002,81.608498,81.608498,128336000.00
2019-01-23,82.800003,82.871498,80.599998,82.000999,82.000999,104504000.00
2019-01-24,82.053497,82.862999,81.588997,82.746498,82.746498,81798000.00
2019-01-25,83.525002,84.174004,83.080498,83.528503,83.528503,98918000.00
2019-01-28,82.179497,82.250000,80.704498,81.894501,81.894501,96754000.00
2019-01-29,81.563499,81.619003,79.536003,79.694000,79.694000,92656000.00
2019-01-30,81.150002,83.847504,80.984001,83.521500,83.521500,115676000.00
2019-01-31,84.642502,86.820503,83.954002,85.936501,85.936501,218206000.00
2019-02-01,81.944000,83.653000,81.100502,81.311501,81.311501,230124000.00
2019-02-04,81.150002,82.481499,80.675003,81.665497,81.665497,98582000.00
2019-02-05,82.167000,83.263000,82.125000,82.940498,82.940498,89062000.00
2019-02-06,83.537498,83.612999,81.667000,82.013000,82.013000,78798000.00
2019-02-07,81.250000,81.277000,79.645500,80.718498,80.718498,92532000.00
2019-02-08,79.300003,79.429497,78.337997,79.411003,79.411003,113150000.00
2019-02-11,80.049004,80.464500,79.300003,79.550003,79.550003,66346000.00
2019-02-12,80.199997,81.970001,79.944000,81.900497,81.900497,97172000.00
2019-02-13,82.349998,82.819000,81.855499,82.000000,82.000000,71206000.00
2019-02-14,81.224998,81.894997,80.303001,81.132500,81.132500,82410000.00
2019-02-15,81.392998,81.445503,80.224998,80.397499,80.397499,86878000.00
2019-02-19,80.050003,81.699997,80.028000,81.378998,81.378998,73634000.00
2019-02-20,81.500000,81.746498,80.505997,81.105003,81.105003,66752000.00
2019-02-21,80.992500,81.178001,80.045502,80.972000,80.972000,69668000.00
2019-02-22,81.175003,81.747002,81.058502,81.578003,81.578003,61924000.00
2019-02-25,82.072502,82.730003,81.519501,81.650002,81.650002,63690000.00
2019-02-26,81.299004,81.999496,80.806503,81.820000,81.820000,53316000.00
2019-02-27,81.408997,82.090500,80.754997,82.054497,82.054497,62976000.00
2019-02-28,81.762497,82.588501,81.691498,81.991501,81.991501,60518000.00
2019-03-01,82.756500,83.712997,82.550003,83.586502,83.586502,99498000.00
2019-03-04,84.250000,85.471497,83.718002,84.808502,84.808502,123348000.00
2019-03-05,85.147499,85.389999,84.450500,84.621498,84.621498,73630000.00
2019-03-06,84.798500,84.887497,83.414001,83.447502,83.447502,79920000.00
2019-03-07,83.368500,83.487503,81.025497,81.297501,81.297501,99140000.00
2019-03-08,80.200500,81.136002,79.328499,81.040001,81.040001,93340000.00
2019-03-11,81.306000,83.614502,81.300499,83.530998,83.530998,77528000.00
2019-03-12,83.449997,84.213501,83.049004,83.654999,83.654999,72290000.00
2019-03-13,84.150002,85.000000,83.967499,84.540497,84.540497,71040000.00
2019-03-14,84.559998,85.099998,84.217003,84.310997,84.310997,58932000.00
2019-03-15,85.150002,85.940002,84.656502,85.617996,85.617996,151018000.00
2019-03-18,85.635002,87.500000,85.631500,87.107498,87.107498,108582000.00
2019-03-19,87.675499,89.208000,87.675499,88.092499,88.092499,127284000.00
2019-03-20,88.497002,89.974998,88.351501,89.863503,89.863503,125312000.00
2019-03-21,89.813004,91.187500,89.363998,90.962997,90.962997,115356000.00
2019-03-22,90.508499,90.948997,88.155502,88.238503,88.238503,127260000.00
2019-03-25,87.889503,89.134003,87.375000,88.712997,88.712997,102076000.00
2019-03-26,89.650002,90.288498,88.667999,89.188004,89.188004,97318000.00
2019-03-27,89.206497,89.375000,87.283997,88.285004,88.285004,86496000.00
2019-03-28,88.500000,88.896500,87.673500,88.670998,88.670998,60860000.00
2019-03-29,89.329002,89.642998,88.831497,89.037498,89.037498,66416000.00
2019-04-01,90.005501,90.783501,89.936501,90.709503,90.709503,84776000.00
2019-04-02,90.551003,91.000000,90.255997,90.698997,90.698997,68962000.00
2019-04-03,91.335999,91.500000,90.481003,91.035004,91.035004,78522000.00
2019-04-04,91.032501,91.437500,90.209999,90.943001,90.943001,72478000.00
2019-04-05,91.449997,91.929001,91.259499,91.863998,91.863998,72810000.00
2019-04-08,91.661499,92.510002,91.255501,92.492996,92.492996,75056000.00
2019-04-09,92.274498,92.654503,91.588997,91.792000,91.792000,74288000.00
2019-04-10,92.050003,92.400002,91.440498,92.366501,92.366501,59280000.00
2019-04-11,92.434998,92.497498,92.015503,92.203499,92.203499,53096000.00
2019-04-12,92.419998,92.574997,92.065002,92.153000,92.153000,62288000.00
2019-04-15,92.099998,92.342499,90.945000,92.243500,92.243500,74488000.00
2019-04-16,92.567497,93.488503,92.400002,93.152000,93.152000,60892000.00
2019-04-17,93.649498,93.823502,93.022003,93.240997,93.240997,57870000.00
2019-04-18,93.439499,93.541000,92.973999,93.084503,93.084503,54998000.00
2019-04-22,92.769997,94.420998,92.281998,94.365501,94.365501,67476000.00
2019-04-23,94.559998,96.462997,94.478996,96.188499,96.188499,92808000.00
2019-04-24,96.250000,96.484497,94.907997,95.087502,95.087502,73516000.00
2019-04-25,95.849998,96.122498,95.015503,95.112503,95.112503,121982000.00
2019-04-26,96.449997,97.550003,94.900002,97.531502,97.531502,168652000.00
2019-04-29,97.449997,97.817001,96.704498,96.921501,96.921501,80426000.00
2019-04-30,96.504997,96.785500,95.347504,96.325996,96.325996,70120000.00
2019-05-01,96.654503,97.181999,95.527496,95.575996,95.575996,62340000.00
2019-05-02,95.666496,96.077499,94.093498,95.041000,95.041000,79258000.00
2019-05-03,97.449997,98.220001,96.800003,98.123001,98.123001,127632000.00
2019-05-06,95.899002,97.949997,95.525002,97.527496,97.527496,108356000.00
2019-05-07,96.999496,97.455002,95.168999,96.050003,96.050003,118042000.00
2019-05-08,95.943497,96.768501,95.500000,95.888496,95.888496,81572000.00
2019-05-09,95.000000,95.470001,93.800003,94.993500,94.993500,106166000.00
2019-05-10,94.900002,95.189499,92.800003,94.499001,94.499001,114360000.00
2019-05-13,91.828003,92.327003,90.900002,91.134003,91.134003,115668000.00
2019-05-14,91.974998,92.622002,90.787498,92.005997,92.005997,92582000.00
2019-05-15,91.397499,93.721497,91.150002,93.557503,93.557503,93852000.00
2019-05-16,94.296997,95.875504,94.114502,95.378502,95.378502,94156000.00
2019-05-17,94.652496,95.526497,93.366501,93.449997,93.449997,94732000.00
2019-05-20,92.634499,93.389000,91.777000,92.948502,92.948502,75964000.00
2019-05-21,93.739502,93.949997,92.300003,92.875999,92.875999,80102000.00
2019-05-22,92.588997,93.574501,92.550003,92.984001,92.984001,58732000.00
2019-05-23,91.829498,92.199997,90.209999,90.774002,90.774002,88486000.00
2019-05-24,91.794502,92.087997,90.892502,91.164001,91.164001,67394000.00
2019-05-28,91.637497,92.463501,91.367500,91.821503,91.821503,64000000.00
2019-05-29,91.155998,91.500000,90.376503,90.959503,90.959503,85580000.00
2019-05-30,91.274498,91.473503,90.391502,90.816002,90.816002,62938000.00
2019-05-31,89.500504,89.779503,88.635002,88.753502,88.753502,92376000.00
2019-06-03,88.000504,88.314499,83.599998,84.634499,84.634499,181974000.00
2019-06-04,84.961998,86.541000,84.044502,86.477997,86.477997,113582000.00
2019-06-05,87.480003,87.599998,85.762497,86.925003,86.925003,84796000.00
2019-06-06,86.885498,88.000000,86.306503,87.718002,87.718002,73786000.00
2019-06-07,88.184998,90.312500,87.974503,90.201500,90.201500,96164000.00
2019-06-10,91.099998,94.243500,90.900002,93.031502,93.031502,107420000.00
2019-06-11,94.162498,94.684998,92.900002,93.184998,93.184998,80854000.00
2019-06-12,92.698997,93.250000,92.219002,92.765999,92.765999,53566000.00
2019-06-13,93.335999,94.154503,93.111000,93.514999,93.514999,55916000.00
2019-06-14,93.199997,93.800003,92.949997,93.483498,93.483498,57024000.00
2019-06-17,93.824997,94.784500,93.772499,94.301498,94.301498,52686000.00
2019-06-18,95.067497,96.083504,94.989502,95.068497,95.068497,77914000.00
2019-06-19,95.391998,95.978996,94.623497,95.439499,95.439499,57906000.00
2019-06-20,96.666496,96.760002,95.290001,95.909500,95.909500,64344000.00
2019-06-21,95.805000,96.297501,95.378998,95.565002,95.565002,78672000.00
2019-06-24,95.633003,95.843002,95.065002,95.695000,95.695000,45660000.00
2019-06-25,95.592003,95.819504,93.621002,93.913498,93.913498,60246000.00
2019-06-26,94.624001,95.190002,94.365997,94.891502,94.891502,48838000.00
2019-06-27,95.099998,95.561996,94.902000,95.213997,95.213997,42834000.00
2019-06-28,95.455002,95.647003,94.199997,94.681503,94.681503,60748000.00
2019-07-01,96.149002,96.490997,95.733002,96.109497,96.109497,63842000.00
2019-07-02,95.969002,96.739502,95.331497,96.715500,96.715500,52918000.00
2019-07-03,96.794502,97.079498,96.525002,96.949997,96.949997,33806000.00
2019-07-05,96.430000,97.294998,96.264999,97.145500,97.145500,52568000.00
2019-07-08,96.706001,97.800003,96.412498,97.615997,97.615997,57668000.00
2019-07-09,97.389999,99.500504,97.174004,99.415001,99.415001,86914000.00
2019-07-10,99.825500,101.247002,99.769997,100.870499,100.870499,98638000.00
2019-07-11,101.280998,101.790001,99.764999,100.053497,100.053497,86356000.00
2019-07-12,100.413498,100.849998,100.193497,100.550003,100.550003,50186000.00
2019-07-15,101.070000,101.144997,100.077499,101.049500,101.049500,59626000.00
2019-07-16,100.528999,101.316002,100.060997,100.495003,100.495003,52364000.00
2019-07-17,100.352501,100.599998,99.601501,99.601501,99.601501,51176000.00
2019-07-18,99.000504,99.375000,97.577499,98.894997,98.894997,69738000.00
2019-07-19,99.560501,99.800003,98.111504,98.225998,98.225998,63712000.00
2019-07-22,98.556999,99.449997,97.913002,99.281502,99.281502,58000000.00
2019-07-23,99.799500,99.889503,98.656502,99.724503,99.724503,54070000.00
2019-07-24,98.464996,100.065002,98.293503,100.040497,100.040497,52626000.00
2019-07-25,100.050003,100.059998,98.636002,98.691002,98.691002,82730000.00
2019-07-26,97.099998,97.544998,96.225502,97.152496,97.152496,98542000.00
2019-07-29,96.500000,96.611504,94.527000,95.622498,95.622498,89864000.00
2019-07-30,94.556000,95.494499,94.174004,94.926498,94.926498,58218000.00
2019-07-31,94.905502,94.977501,92.472000,93.338997,93.338997,89414000.00
2019-08-01,93.585999,94.896004,92.200500,92.765999,92.765999,94266000.00
2019-08-02,92.253502,92.318001,90.401001,91.162003,91.162003,99124000.00
2019-08-05,88.511002,89.433502,87.439003,88.256500,88.256500,121164000.00
2019-08-06,89.611504,89.688499,87.669998,89.391502,89.391502,101406000.00
2019-08-07,88.699501,89.946503,87.849998,89.669998,89.669998,90538000.00
2019-08-08,90.300003,91.712997,89.905502,91.644501,91.644501,74024000.00
2019-08-09,91.447502,91.554497,90.111000,90.378998,90.378998,57596000.00
2019-08-12,89.799500,90.049004,88.849998,89.246002,89.246002,58110000.00
2019-08-13,89.150002,91.586998,89.000000,91.217003,91.217003,79880000.00
2019-08-14,89.650497,89.782501,87.861000,88.148003,88.148003,97872000.00
2019-08-15,89.099503,89.400002,88.098000,88.806000,88.806000,75182000.00
2019-08-16,89.644501,90.145500,89.227501,89.628502,89.628502,60360000.00
2019-08-19,90.903999,91.300003,90.630501,90.806000,90.806000,56326000.00
2019-08-20,90.724998,90.841003,89.994003,90.069000,90.069000,38590000.00
2019-08-21,90.969498,91.478996,90.750000,91.177002,91.177002,40636000.00
2019-08-22,91.400002,91.470497,90.004997,90.233002,90.233002,53070000.00
2019-08-23,89.651497,90.245003,87.261497,87.481003,87.481003,105416000.00
2019-08-26,88.345497,88.500000,87.175499,88.443497,88.443497,61600000.00
2019-08-27,88.786499,88.970001,87.334000,88.091499,88.091499,60394000.00
2019-08-28,87.750000,88.392998,87.202499,88.212502,88.212502,48394000.00
2019-08-29,89.150002,89.927498,88.862503,89.320000,89.320000,60302000.00
2019-08-30,89.874496,89.987000,88.228500,88.814499,88.814499,61174000.00
2019-09-03,88.500000,90.040001,88.400002,89.491997,89.491997,70860000.00
2019-09-04,90.250000,90.381500,89.811501,90.030998,90.030998,46482000.00
2019-09-05,91.097504,92.099998,90.778999,92.036003,92.036003,66216000.00
2019-09-06,91.911003,92.032501,91.320000,91.675499,91.675499,49938000.00
2019-09-09,92.050003,92.500000,91.230499,91.567497,91.567497,59990000.00
2019-09-10,91.137497,91.290497,90.266998,91.027496,91.027496,52278000.00
2019-09-11,90.607002,91.670998,90.454002,91.149498,91.149498,48656000.00
2019-09-12,91.881500,92.682999,91.713997,92.177498,92.177498,56470000.00
2019-09-13,92.100502,92.306000,91.758499,91.967003,91.967003,39426000.00
2019-09-16,91.200996,91.284500,90.010002,90.391998,90.391998,73510000.00
2019-09-17,90.353996,91.199501,90.205002,91.127502,91.127502,39648000.00
2019-09-18,90.851997,91.102997,89.775002,90.873001,90.873001,50112000.00
2019-09-19,91.051003,91.628502,90.894997,91.074997,91.074997,40630000.00
2019-09-20,91.085503,91.531502,89.045998,89.708000,89.708000,106838000.00
2019-09-23,88.849998,89.635002,88.365997,89.264999,89.264999,58446000.00
2019-09-24,89.530502,89.785500,86.777496,87.080498,87.080498,92320000.00
2019-09-25,87.367996,88.650002,86.150002,88.416496,88.416496,69864000.00
2019-09-26,88.139503,88.168503,86.574997,86.991997,86.991997,70736000.00
2019-09-27,87.400002,87.456001,85.691002,86.272499,86.272499,78144000.00
2019-09-30,86.349503,86.873001,85.460999,86.795502,86.795502,52894000.00
2019-10-01,87.300003,87.779999,86.420502,86.782501,86.782501,61690000.00
2019-10-02,86.387001,86.444504,85.250000,85.661499,85.661499,66022000.00
2019-10-03,85.650002,86.250000,84.252998,86.221001,86.221001,69364000.00
2019-10-04,86.301003,87.028999,85.961502,86.982498,86.982498,49438000.00
2019-10-07,86.581497,87.391502,86.184998,86.633003,86.633003,43094000.00
2019-10-08,86.124496,86.349998,85.250000,85.275497,85.275497,50840000.00
2019-10-09,85.980499,86.497498,85.718002,86.099503,86.099503,40870000.00
2019-10-10,86.262001,86.914497,85.687500,86.013000,86.013000,51504000.00
2019-10-11,87.146004,87.272499,86.492996,86.596001,86.596001,65100000.00
2019-10-14,86.445503,87.094498,86.099998,86.821503,86.821503,38204000.00
2019-10-15,87.107002,88.822502,87.030998,88.369003,88.369003,62234000.00
2019-10-16,88.666496,89.311996,88.526001,88.871498,88.871498,55268000.00
2019-10-17,89.824501,89.942497,89.100998,89.374001,89.374001,52948000.00
2019-10-18,89.389999,89.698997,87.459999,87.875504,87.875504,67250000.00
2019-10-21,88.483002,89.293999,88.250000,89.282997,89.282997,42608000.00
2019-10-22,89.407501,89.488998,88.099998,88.286499,88.286499,42234000.00
2019-10-23,88.065002,88.502502,87.099998,88.108498,88.108498,42764000.00
2019-10-24,88.554497,89.417000,88.013496,89.039001,89.039001,88922000.00
2019-10-25,84.877502,88.210503,84.750000,88.066498,88.066498,192528000.00
2019-10-28,87.403000,88.934998,87.125000,88.853996,88.853996,74178000.00
2019-10-29,88.740501,88.849998,87.790497,88.135498,88.135498,45538000.00
2019-10-30,88.012001,89.119003,87.956001,88.999496,88.999496,48988000.00
2019-10-31,88.799500,89.599998,88.573997,88.833000,88.833000,55624000.00
2019-11-01,89.400497,89.872498,89.260498,89.571999,89.571999,55808000.00
2019-11-04,90.050499,90.752998,90.050499,90.233002,90.233002,55438000.00
2019-11-05,90.458000,90.512497,89.699997,90.085503,90.085503,37710000.00
2019-11-06,90.050003,90.125000,89.429001,89.788498,89.788498,40596000.00
2019-11-07,90.188004,90.294998,89.174004,89.410004,89.410004,53022000.00
2019-11-08,89.394501,89.494003,88.702003,89.293999,89.293999,42466000.00
2019-11-11,88.900002,89.000000,88.356499,88.582497,88.582497,38920000.00
2019-11-12,88.733002,89.310997,88.595497,88.900002,88.900002,40752000.00
2019-11-13,88.669502,88.750000,87.365997,87.655502,87.655502,59790000.00
2019-11-14,87.571503,88.329498,87.477997,87.730003,87.730003,45296000.00
2019-11-15,88.002502,88.084000,86.642998,86.974503,86.974503,78552000.00
2019-11-18,86.915001,87.684998,86.135498,87.626503,87.626503,56790000.00
2019-11-19,87.849503,88.033997,87.151497,87.639503,87.639503,45416000.00
2019-11-20,87.457001,88.125999,86.706001,87.276497,87.276497,55800000.00
2019-11-21,87.150002,87.343498,86.517998,86.735497,86.735497,53258000.00
2019-11-22,86.950996,87.321503,86.550003,87.286003,87.286003,49582000.00
2019-11-25,87.662498,88.871002,87.662003,88.692001,88.692001,69724000.00
2019-11-26,88.996002,89.851501,88.917503,89.847000,89.847000,63624000.00
2019-11-27,90.050003,91.224998,89.865501,90.925499,90.925499,60512000.00
2019-11-29,90.889000,91.234497,90.039497,90.040001,90.040001,38468000.00
2019-12-02,90.220001,90.277496,88.134003,89.080002,89.080002,78512000.00
2019-12-03,88.000000,88.643501,87.361504,88.498001,88.498001,67618000.00
2019-12-04,88.700500,89.454498,88.011002,88.034500,88.034500,53402000.00
2019-12-05,88.175003,88.175003,87.000000,87.024002,87.024002,56476000.00
2019-12-06,87.559998,87.720001,87.006500,87.580002,87.580002,62348000.00
2019-12-09,87.532997,88.344498,87.280502,87.475502,87.475502,48856000.00
2019-12-10,87.370003,87.533501,86.750000,86.960503,86.960503,50286000.00
2019-12-11,87.083504,87.500000,86.785500,87.435997,87.435997,41952000.00
2019-12-12,87.500000,88.199997,87.272003,88.016502,88.016502,61918000.00
2019-12-13,88.250000,88.449501,87.750000,88.046997,88.046997,54914000.00
2019-12-16,88.349998,88.474998,87.852501,88.460503,88.460503,62904000.00
2019-12-17,88.900497,89.599998,88.869499,89.532997,89.532997,72888000.00
2019-12-18,89.750999,89.910004,89.117996,89.201500,89.201500,67028000.00
2019-12-19,89.025002,89.649498,88.703003,89.613998,89.613998,53056000.00
2019-12-20,89.981003,90.148499,89.122498,89.324997,89.324997,103016000.00
2019-12-23,89.413002,89.650002,89.225502,89.650002,89.650002,42728000.00
2019-12-24,89.690498,89.778503,89.378998,89.460503,89.460503,17626000.00
2019-12-26,90.050499,93.523003,89.974998,93.438499,93.438499,120108000.00
2019-12-27,94.146004,95.070000,93.300499,93.489998,93.489998,123732000.00
2019-12-30,93.699997,94.199997,92.030998,92.344498,92.344498,73494000.00
2019-12-31,92.099998,92.663002,91.611504,92.391998,92.391998,50130000.00
2020-01-02,93.750000,94.900497,93.207497,94.900497,94.900497,80580000.00
2020-01-03,93.224998,94.309998,93.224998,93.748497,93.748497,75288000.00
2020-01-06,93.000000,95.184502,93.000000,95.143997,95.143997,81236000.00
2020-01-07,95.224998,95.694504,94.601997,95.343002,95.343002,80898000.00
2020-01-08,94.902000,95.550003,94.321999,94.598503,94.598503,70160000.00
2020-01-09,95.494499,95.890999,94.790001,95.052498,95.052498,63346000.00
2020-01-10,95.268501,95.347000,94.000000,94.157997,94.157997,57074000.00
2020-01-13,94.565498,94.900002,94.040001,94.565002,94.565002,55616000.00
2020-01-14,94.293999,94.355499,92.927498,93.472000,93.472000,68818000.00
2020-01-15,93.612503,93.943001,92.754501,93.100998,93.100998,57932000.00
2020-01-16,94.149498,94.279503,93.301003,93.897003,93.897003,53190000.00
2020-01-17,94.294502,94.332001,92.862503,93.236000,93.236000,79946000.00
2020-01-21,93.250000,94.713501,93.000000,94.599998,94.599998,74156000.00
2020-01-22,94.804497,95.125000,94.167000,94.373001,94.373001,64326000.00
2020-01-23,94.255501,94.499001,93.638000,94.228996,94.228996,49692000.00
2020-01-24,94.568497,94.749496,92.372002,93.082001,93.082001,75324000.00
2020-01-27,91.000000,92.050003,90.766998,91.417000,91.417000,70570000.00
2020-01-28,92.025002,92.905502,91.500999,92.662498,92.662498,56160000.00
2020-01-29,93.199997,93.737503,92.750999,92.900002,92.900002,41760000.00
2020-01-30,92.900002,93.643501,92.530502,93.533997,93.533997,126548000.00
2020-01-31,102.573502,102.786003,100.113503,100.435997,100.435997,311346000.00
2020-02-03,100.529999,102.425003,100.012497,100.209999,100.209999,117834000.00
2020-02-04,101.494003,102.989998,100.768501,102.483498,102.483498,105786000.00
2020-02-05,103.551003,103.551003,101.599998,101.993500,101.993500,87524000.00
2020-02-06,102.051003,102.815002,101.239998,102.511497,102.511497,63660000.00
2020-02-07,102.099503,104.926498,101.904999,103.963997,103.963997,101906000.00
2020-02-10,104.250504,106.779999,104.248001,106.695503,106.695503,101124000.00
2020-02-11,107.544998,109.297501,106.800003,107.540001,107.540001,114920000.00
2020-02-12,108.160004,109.012497,107.764503,108.000000,108.000000,66686000.00
2020-02-13,107.249496,108.514000,107.099998,107.493500,107.493500,60636000.00
2020-02-14,107.783997,107.952003,106.294502,106.743500,106.743500,52124000.00
2020-02-18,106.250999,108.303497,106.205498,107.783501,107.783501,58912000.00
2020-02-19,108.389999,109.254997,108.056000,108.511002,108.511002,51224000.00
2020-02-20,108.653503,108.839500,106.372498,107.654999,107.654999,62626000.00
2020-02-21,107.107498,107.227501,104.400002,104.798500,104.798500,92926000.00
2020-02-24,100.158997,101.964996,99.398499,100.464500,100.464500,130940000.00
2020-02-25,101.320999,101.730003,97.920998,98.637001,98.637001,124382000.00
2020-02-26,98.514000,100.733498,98.022499,98.979500,98.979500,104492000.00
2020-02-27,96.719002,98.750000,94.138000,94.214996,94.214996,162880000.00
2020-02-28,90.731499,94.487999,90.556503,94.187500,94.187500,189620000.00
2020-03-02,95.324501,97.725502,93.500000,97.697502,97.697502,135234000.00
2020-03-03,98.768501,99.816498,94.404503,95.449501,95.449501,150690000.00
2020-03-04,97.328499,98.900002,96.099998,98.791496,98.791496,95458000.00
2020-03-05,96.650002,98.036003,95.500000,96.201500,96.201500,94964000.00
2020-03-06,93.750000,95.543503,93.474998,95.054497,95.054497,105472000.00
2020-03-09,88.693001,93.138496,88.064499,90.030502,90.030502,156264000.00
2020-03-10,93.543999,94.713501,90.908501,94.591003,94.591003,142666000.00
2020-03-11,92.892502,93.566002,90.074997,91.042999,91.042999,112496000.00
2020-03-12,86.098999,88.250000,83.750000,83.830498,83.830498,226924000.00
2020-03-13,87.750000,89.315498,84.030998,89.250000,89.250000,176194000.00
2020-03-16,82.075500,87.972504,81.301498,84.457497,84.457497,178346000.00
2020-03-17,88.773499,92.889000,84.461998,90.391998,90.391998,218342000.00
2020-03-18,87.500000,92.083000,87.250000,91.500000,91.500000,192904000.00
2020-03-19,93.000000,97.250000,91.632500,94.046501,94.046501,207998000.00
2020-03-20,96.315498,97.849998,91.036499,92.304497,92.304497,196358000.00
2020-03-23,91.387497,95.970001,90.599998,95.141502,95.141502,156170000.00
2020-03-24,97.574997,97.750000,95.016998,97.004997,97.004997,142942000.00
2020-03-25,96.034500,97.513000,94.289001,94.292000,94.292000,129582000.00
2020-03-26,95.099998,97.824501,94.464500,97.774498,97.774498,124426000.00
2020-03-27,96.542999,96.989502,94.996002,95.004997,95.004997,107758000.00
2020-03-30,96.141502,98.681503,95.616997,98.197502,98.197502,122522000.00
2020-03-31,98.217499,99.651001,97.200500,97.486000,97.486000,102472000.00
2020-04-01,96.648499,97.248001,94.650002,95.385002,95.385002,82438000.00
2020-04-02,95.082001,96.376503,94.500000,95.941498,95.941498,86720000.00
2020-04-03,95.557503,96.316498,94.457497,95.329498,95.329498,72198000.00
2020-04-06,96.800003,99.926003,96.500999,99.879501,99.879501,115464000.00
2020-04-07,100.855499,101.786003,99.880997,100.580002,100.580002,102280000.00
2020-04-08,101.050003,102.199997,100.557503,102.150002,102.150002,79546000.00
2020-04-09,102.214996,102.650002,100.883003,102.138000,102.138000,92930000.00
2020-04-13,102.000000,109.000000,101.900002,108.443497,108.443497,134334000.00
2020-04-14,110.023499,114.599998,109.310501,114.166000,114.166000,161744000.00
2020-04-15,112.884003,116.668503,112.250000,115.384003,115.384003,137332000.00
2020-04-16,117.300003,123.050003,116.750000,120.409500,120.409500,240764000.00
2020-04-17,118.616501,120.000000,115.801003,118.750000,118.750000,158600000.00
2020-04-20,119.497498,122.249001,119.302498,119.680496,119.680496,115414000.00
2020-04-21,120.830498,121.415497,113.983002,116.405998,116.405998,149534000.00
2020-04-22,118.449997,119.699997,117.550003,118.174500,118.174500,84244000.00
2020-04-23,119.999001,121.210999,119.103996,119.972504,119.972504,101332000.00
2020-04-24,120.849998,121.021500,119.099998,120.511002,120.511002,76498000.00
2020-04-27,122.160004,122.244003,118.150002,118.800003,118.800003,112912000.00
2020-04-28,118.605003,118.675003,115.300003,115.704002,115.704002,105388000.00
2020-04-29,116.500504,119.594498,115.500000,118.635498,118.635498,91832000.00
2020-04-30,120.991997,123.750000,119.800499,123.699997,123.699997,190692000.00
2020-05-01,116.839996,118.122002,112.909500,114.302002,114.302002,195452000.00
2020-05-04,112.819000,116.348999,112.819000,115.799500,115.799500,97318000.00
2020-05-05,117.000000,117.550003,115.356499,115.889999,115.889999,64850000.00
2020-05-06,116.472000,117.872498,116.000000,117.563004,117.563004,62356000.00
2020-05-07,118.738998,118.800003,117.155502,118.380501,118.380501,67928000.00
2020-05-08,118.607002,119.362000,117.849998,118.980499,118.980499,64132000.00
2020-05-11,118.735001,120.983498,118.605499,120.449997,120.449997,65184000.00
2020-05-12,120.592499,120.949997,117.750000,117.847504,117.847504,61498000.00
2020-05-13,118.339996,120.385002,116.889999,118.396004,118.396004,95658000.00
2020-05-14,118.050499,119.568497,117.660500,119.442497,119.442497,72962000.00
2020-05-15,118.426003,120.550003,117.818497,120.488998,120.488998,84700000.00
2020-05-18,120.217499,121.650002,119.200500,121.313004,121.313004,87144000.00
2020-05-19,121.491501,124.250000,121.448502,122.466499,122.466499,86410000.00
2020-05-20,123.893501,125.000504,123.363503,124.897003,124.897003,79962000.00
2020-05-21,125.000000,126.272499,122.126999,122.336998,122.336998,102288000.00
2020-05-22,122.750504,123.492500,121.506500,121.844002,121.844002,57342000.00
2020-05-26,122.900002,123.099998,120.703003,121.093002,121.093002,71364000.00
2020-05-27,120.249496,120.679001,116.500000,120.519501,120.519501,101138000.00
2020-05-28,119.216499,121.848503,118.911499,120.055000,120.055000,63804000.00
2020-05-29,120.796997,122.118500,119.910004,122.118500,122.118500,70198000.00
2020-06-01,122.400002,123.846497,122.208504,123.552002,123.552002,58578000.00
2020-06-02,123.349998,123.676498,122.265503,123.620499,123.620499,50598000.00
2020-06-03,123.400497,124.400002,123.058502,123.919998,123.919998,53420000.00
2020-06-04,123.871498,125.376999,122.500504,123.029999,123.029999,58974000.00
2020-06-05,122.225502,124.432503,121.856499,124.150002,124.150002,66128000.00
2020-06-08,125.010002,126.500000,124.366997,126.203003,126.203003,79414000.00
2020-06-09,126.472000,131.321503,126.250000,130.042999,130.042999,103520000.00
2020-06-10,132.250000,136.117493,131.313004,132.372498,132.372498,98920000.00
2020-06-11,130.175003,133.569000,126.811501,127.898003,127.898003,116002000.00
2020-06-12,130.060501,131.074005,125.167503,127.250999,127.250999,108722000.00
2020-06-15,126.330002,129.199997,125.400002,128.634003,128.634003,77302000.00
2020-06-16,131.000000,131.000000,128.800003,130.763504,130.763504,71712000.00
2020-06-17,132.375000,132.750000,131.591003,132.048996,132.048996,59186000.00
2020-06-18,132.350494,132.981995,131.805496,132.699005,132.699005,49756000.00
2020-06-19,133.904007,134.871506,132.949997,133.750504,133.750504,115540000.00
2020-06-22,134.225006,135.750000,133.449997,135.690994,135.690994,64176000.00
2020-06-23,136.300995,139.155502,135.901993,138.220505,138.220505,84634000.00
2020-06-24,139.000000,139.800003,136.050003,136.720001,136.720001,90532000.00
2020-06-25,136.977493,137.811493,135.606995,137.729004,137.729004,59374000.00
2020-06-26,138.753006,139.128494,134.399994,134.643494,134.643494,130016000.00
2020-06-29,134.500504,134.839996,131.503998,134.018997,134.018997,84468000.00
2020-06-30,134.253494,138.481506,133.751495,137.940994,137.940994,75394000.00
2020-07-01,137.899506,144.750000,137.699997,143.934998,143.934998,127268000.00
2020-07-02,145.600494,147.778000,143.554993,144.514999,144.514999,131868000.00
2020-07-06,146.748505,152.994003,146.500000,152.852005,152.852005,137612000.00
2020-07-07,152.927505,153.477493,149.500000,150.005997,150.005997,105150000.00
2020-07-08,151.130493,154.198502,150.621506,154.055496,154.055496,100752000.00
2020-07-09,155.799500,159.694000,153.699997,159.131500,159.131500,127774000.00
2020-07-10,159.587997,160.750000,156.785004,160.000000,160.000000,109720000.00
2020-07-13,162.552994,167.214493,153.419495,155.199997,155.199997,154408000.00
2020-07-14,154.449997,156.369003,147.500000,154.199997,154.199997,144638000.00
2020-07-15,154.011505,154.917496,148.658997,150.443497,150.443497,115778000.00
2020-07-16,148.552994,151.600006,145.911499,149.994995,149.994995,127884000.00
2020-07-17,150.449997,151.199997,147.422501,148.098495,148.098495,95226000.00
2020-07-20,150.009995,160.067993,149.701004,159.841995,159.841995,151964000.00
2020-07-21,161.624496,162.029007,155.285995,156.914505,156.914505,122426000.00
2020-07-22,156.250000,157.500000,153.263000,154.995499,154.995499,82084000.00
2020-07-23,154.913498,154.913498,148.500000,149.327499,149.327499,113138000.00
2020-07-24,146.500000,151.578995,144.399994,150.445496,150.445496,112648000.00
2020-07-27,153.100006,154.899994,150.788498,152.760498,152.760498,83410000.00
2020-07-28,152.713501,153.854507,149.787994,150.016495,150.016495,62534000.00
2020-07-29,151.549500,151.957993,149.838501,151.676498,151.676498,59482000.00
2020-07-30,150.699997,154.600006,150.250000,152.593994,152.593994,122566000.00
2020-07-31,162.199997,162.341003,157.550003,158.233994,158.233994,161710000.00
2020-08-03,159.025497,159.199997,155.199997,155.594498,155.594498,101494000.00
2020-08-04,155.060501,158.362000,155.060501,156.941498,156.941498,93886000.00
2020-08-05,157.188507,160.679504,156.365005,160.251495,160.251495,78330000.00
2020-08-06,159.718002,162.373505,158.271500,161.250000,161.250000,78812000.00
2020-08-07,161.200500,162.040497,157.033493,158.373001,158.373001,78722000.00
2020-08-10,158.515503,158.625504,155.076004,157.408005,157.408005,63346000.00
2020-08-11,155.660004,157.960999,153.649994,154.033493,154.033493,74362000.00
2020-08-12,155.399994,158.719498,155.070999,158.112000,158.112000,70442000.00
2020-08-13,159.149506,160.876007,157.750000,158.050995,158.050995,62980000.00
2020-08-14,158.908997,158.912003,156.000000,157.401001,157.401001,55034000.00
2020-08-17,158.656006,159.748505,157.709000,159.120499,159.120499,53824000.00
2020-08-18,160.600006,166.000000,160.291000,165.624496,165.624496,106920000.00
2020-08-19,165.150497,165.794998,162.800003,163.024002,163.024002,83702000.00
2020-08-20,162.600006,165.630997,161.899994,164.868500,164.868500,66650000.00
2020-08-21,164.750000,165.720001,163.769501,164.235992,164.235992,71518000.00
2020-08-24,165.507507,169.016006,162.878006,165.373001,165.373001,93326000.00
2020-08-25,164.749496,167.869995,163.350006,167.324493,167.324493,79856000.00
2020-08-26,167.555496,172.587006,167.228500,172.092499,172.092499,130174000.00
2020-08-27,172.502502,172.649994,168.899994,170.000000,170.000000,85296000.00
2020-08-28,171.149994,171.668503,169.324997,170.089996,170.089996,57940000.00
2020-08-31,170.449493,174.750000,170.250000,172.548004,172.548004,83718000.00
2020-09-01,174.479004,175.693497,173.350006,174.955994,174.955994,68644000.00
2020-09-02,177.350006,177.612503,174.334503,176.572495,176.572495,78630000.00
2020-09-03,174.250000,174.420502,165.149994,168.399994,168.399994,163222000.00
2020-09-04,165.899994,169.074997,155.556503,164.731003,164.731003,175636000.00
2020-09-08,157.199997,162.542496,156.500000,157.492004,157.492004,121884000.00
2020-09-09,160.149506,165.158997,159.250000,163.430496,163.430496,103774000.00
2020-09-10,165.360992,167.494507,158.527496,158.755493,158.755493,106614000.00
2020-09-11,160.434494,160.867004,154.199005,155.811005,155.811005,101880000.00
2020-09-14,158.647003,159.369507,154.800003,155.148499,155.148499,90592000.00
2020-09-15,156.807999,158.751007,155.445999,157.806503,157.806503,80430000.00
2020-09-16,158.999496,159.362000,153.707504,153.904999,153.904999,90244000.00
2020-09-17,150.462494,151.471497,148.627502,150.436493,150.436493,128982000.00
2020-09-18,151.587006,151.889999,145.276993,147.745499,147.745499,177852000.00
2020-09-21,145.324997,148.100006,143.550003,148.023499,148.023499,122358000.00
2020-09-22,151.692001,156.699493,150.009995,156.449493,156.449493,138976000.00
2020-09-23,156.021500,156.350006,149.619003,149.992996,149.992996,113054000.00
2020-09-24,148.889496,153.464996,148.250000,150.989502,150.989502,110588000.00
2020-09-25,152.742996,155.076996,149.949997,154.756500,154.756500,92304000.00
2020-09-28,157.442505,158.751999,155.858505,158.702499,158.702499,84484000.00
2020-09-29,158.769501,159.412994,156.626999,157.244003,157.244003,69916000.00
2020-09-30,157.057007,160.643997,156.699493,157.436493,157.436493,97922000.00
2020-10-01,160.399994,161.199997,158.600006,161.063004,161.063004,99438000.00
2020-10-02,157.681503,159.789993,156.149994,156.250000,156.250000,112262000.00
2020-10-05,157.292007,160.126495,157.042496,159.960007,159.960007,75506000.00
2020-10-06,158.250000,159.100006,154.500000,154.998001,154.998001,101738000.00
2020-10-07,156.750000,160.000000,156.619507,159.784500,159.784500,86188000.00
2020-10-08,161.249496,161.664505,158.749496,159.527496,159.527496,63482000.00
2020-10-09,160.500000,164.449493,159.891495,164.332504,164.332504,98158000.00
2020-10-12,167.496994,174.811996,166.977493,172.146500,172.146500,167284000.00
2020-10-13,173.399506,174.619003,171.210999,172.181503,172.181503,114894000.00
2020-10-14,172.350006,173.244003,167.000000,168.185501,168.185501,116254000.00
2020-10-15,164.600494,167.794006,164.000000,166.932495,166.932495,104468000.00
2020-10-16,168.161499,169.983002,158.000000,163.635498,163.635498,129488000.00
2020-10-19,164.980499,166.449997,159.636993,160.360504,160.360504,104472000.00
2020-10-20,161.113998,163.300003,159.600494,160.850494,160.850494,90194000.00
2020-10-21,160.625000,161.694000,158.000000,159.246994,159.246994,91854000.00
2020-10-22,159.493500,159.937500,156.097000,158.820007,158.820007,84240000.00
2020-10-23,159.550003,160.266495,157.000000,160.220001,160.220001,69334000.00
2020-10-26,159.936996,164.149002,157.664993,160.352005,160.352005,118024000.00
2020-10-27,161.246994,164.582993,160.565002,164.316498,164.316498,85820000.00
2020-10-28,162.464996,163.201004,158.123505,158.139008,158.139008,111766000.00
2020-10-29,160.063507,162.862503,158.199997,160.550507,160.550507,131930000.00
2020-10-30,157.887497,158.350006,150.949997,151.807495,151.807495,167728000.00
2020-11-02,153.087006,153.985504,147.505997,150.223999,150.223999,145148000.00
2020-11-03,150.926498,153.744995,149.048996,152.420502,152.420502,97958000.00
2020-11-04,157.999496,162.242493,156.986496,162.057999,162.057999,136780000.00
2020-11-05,165.998505,168.339996,164.444000,166.100006,166.100006,115786000.00
2020-11-06,165.231995,166.100006,161.600006,165.568497,165.568497,92946000.00
2020-11-09,161.551498,164.449997,155.605499,157.186996,157.186996,143808000.00
2020-11-10,154.751007,155.699997,150.973999,151.751007,151.751007,131820000.00
2020-11-11,153.089005,156.957504,152.500000,156.869507,156.869507,87338000.00
2020-11-12,157.997498,158.794006,154.302505,155.514008,155.514008,87240000.00
2020-11-13,156.100006,157.085999,154.269501,156.440506,156.440506,75124000.00
2020-11-16,154.660004,157.134995,153.634506,156.552994,156.552994,76174000.00
2020-11-17,159.177002,159.462494,156.763000,156.783005,156.783005,68894000.00
2020-11-18,156.699997,157.000000,155.255005,155.272995,155.272995,58336000.00
2020-11-19,155.265503,156.250000,154.046005,155.850998,155.850998,60206000.00
2020-11-20,155.850998,156.644501,154.902496,154.970001,154.970001,67488000.00
2020-11-23,155.835007,156.987503,153.272995,154.919495,154.919495,94178000.00
2020-11-24,155.024994,156.712494,154.313004,155.903000,155.903000,72042000.00
2020-11-25,157.093506,159.899994,157.013000,159.253494,159.253494,75808000.00
2020-11-27,160.563004,160.809494,159.502502,159.766998,159.766998,47858000.00
2020-11-30,160.423996,161.419495,156.277496,158.401993,158.401993,81278000.00
2020-12-01,159.425003,162.447495,157.858994,161.003998,161.003998,90740000.00
2020-12-02,161.082504,161.600006,158.662994,160.176498,160.176498,62586000.00
2020-12-03,160.272995,161.432007,159.065506,159.336502,159.336502,57840000.00
2020-12-04,159.910507,159.910507,157.938004,158.128998,158.128998,58272000.00
2020-12-07,157.824005,159.037994,157.084503,157.899994,157.899994,55026000.00
2020-12-08,157.945007,159.206497,156.001007,158.864502,158.864502,65726000.00
2020-12-09,158.394501,158.721497,154.399994,155.210007,155.210007,82016000.00
2020-12-10,154.449493,157.104996,153.800003,155.074493,155.074493,60604000.00
2020-12-11,154.832993,155.933502,153.641006,155.820999,155.820999,61294000.00
2020-12-14,157.149994,159.523499,156.300003,157.848495,157.848495,83116000.00
2020-12-15,159.050507,159.425003,156.524506,158.255997,158.255997,66390000.00
2020-12-16,158.800507,162.350006,158.184006,162.048004,162.048004,88552000.00
2020-12-17,162.500000,163.175507,161.050003,161.804001,161.804001,69486000.00
2020-12-18,162.199493,162.470993,158.580002,160.082504,160.082504,119914000.00
2020-12-21,160.000504,161.348495,158.300003,160.309006,160.309006,76736000.00
2020-12-22,160.141998,161.100006,159.003998,160.326004,160.326004,47388000.00
2020-12-23,160.250000,160.506500,159.208496,159.263504,159.263504,41876000.00
2020-12-24,159.695007,160.100006,158.449997,158.634506,158.634506,29038000.00
2020-12-28,159.699997,165.199997,158.634506,164.197998,164.197998,113736000.00
2020-12-29,165.496994,167.532501,164.061005,166.100006,166.100006,97458000.00
2020-12-30,167.050003,167.104996,164.123505,164.292496,164.292496,64186000.00
2020-12-31,163.750000,164.145996,162.059998,162.846497,162.846497,59144000.00
2021-01-04,163.500000,163.600006,157.201004,159.331497,159.331497,88228000.00
2021-01-05,158.300507,161.169006,158.253006,160.925507,160.925507,53110000.00
2021-01-06,157.324005,159.875504,156.557999,156.919006,156.919006,87896000.00
2021-01-07,157.850006,160.427002,157.750000,158.108002,158.108002,70290000.00
2021-01-08,159.000000,159.531998,157.110001,159.134995,159.134995,70754000.00
2021-01-11,157.400497,157.819000,155.500000,155.710495,155.710495,73668000.00
2021-01-12,156.000000,157.106995,154.300003,156.041504,156.041504,70292000.00
2021-01-13,156.421997,159.497498,156.104004,158.294495,158.294495,66424000.00
2021-01-14,158.376007,158.899994,156.029495,156.373505,156.373505,61418000.00
2021-01-15,156.151001,157.127502,154.758499,155.212494,155.212494,84880000.00
2021-01-19,155.350006,157.250000,154.800003,156.037994,156.037994,66102000.00
2021-01-20,159.099503,163.990005,158.750000,163.169006,163.169006,106196000.00
2021-01-21,164.649994,167.427505,164.478500,165.349503,165.349503,98722000.00
2021-01-22,165.215500,166.095505,164.158005,164.611496,164.611496,56438000.00
2021-01-25,166.425003,168.194504,162.157501,164.699997,164.699997,74996000.00
2021-01-26,164.817993,166.899994,164.143494,166.306503,166.306503,59104000.00
2021-01-27,167.074493,167.326004,160.354004,161.628998,161.628998,93204000.00
2021-01-28,161.751999,165.084000,161.434494,161.880997,161.880997,62984000.00
2021-01-29,161.500000,161.849503,159.227493,160.309998,160.309998,85872000.00
2021-02-01,162.117996,167.513000,161.751495,167.143997,167.143997,83204000.00
2021-02-02,169.000000,171.386993,168.056503,169.000000,169.000000,141972000.00
2021-02-03,171.250504,171.699997,165.431000,165.626495,165.626495,141776000.00
2021-02-04,166.500000,167.350006,163.887497,166.550003,166.550003,73414000.00
2021-02-05,165.949997,168.850006,165.135498,167.607498,167.607498,72416000.00
2021-02-08,167.925003,168.250000,165.199997,166.147003,166.147003,65148000.00
2021-02-09,165.624496,166.899994,164.891998,165.250000,165.250000,44070000.00
2021-02-10,165.699997,165.897507,162.699997,164.328995,164.328995,63032000.00
2021-02-11,164.600006,164.600006,162.403000,163.106506,163.106506,46028000.00
2021-02-12,162.500000,164.012497,161.665497,163.885498,163.885498,46706000.00
2021-02-16,162.702499,165.414993,162.679504,163.447495,163.447495,51494000.00
2021-02-17,163.179993,166.045502,162.975006,165.432007,165.432007,65950000.00
2021-02-18,164.121002,166.899994,163.697006,166.411499,166.411499,60548000.00
2021-02-19,166.411499,166.675003,162.287506,162.494995,162.494995,86104000.00
2021-02-22,160.406494,161.615997,158.613007,159.037003,159.037003,70314000.00
2021-02-23,156.351501,160.236496,154.679993,159.725006,159.725006,93544000.00
2021-02-24,158.337494,158.561493,156.268997,157.976501,157.976501,60226000.00
2021-02-25,156.837006,158.912994,152.388000,152.858002,152.858002,90676000.00
2021-02-26,154.759995,156.121994,151.835007,154.646500,154.646500,85518000.00
2021-03-01,156.394501,157.477997,154.899506,157.307007,157.307007,54582000.00
2021-03-02,157.173492,158.175995,154.356003,154.726501,154.726501,51916000.00
2021-03-03,154.059006,155.389008,149.750000,150.250000,150.250000,79774000.00
2021-03-04,150.600006,152.906494,147.271500,148.878494,148.878494,109632000.00
2021-03-05,150.250000,150.449997,144.050003,150.022995,150.022995,107772000.00
2021-03-08,150.750000,153.229507,147.565506,147.597504,147.597504,83700000.00
2021-03-09,150.899506,154.548004,150.257507,153.142502,153.142502,80600000.00
2021-03-10,154.922501,155.822998,151.502502,152.882004,152.882004,60250000.00
2021-03-11,155.200500,156.589005,154.146500,155.679504,155.679504,55528000.00
2021-03-12,153.750000,154.949005,152.274994,154.474503,154.474503,48438000.00
2021-03-15,153.728500,154.112000,151.604507,154.084000,154.084000,58272000.00
2021-03-16,155.248505,156.445496,153.792999,154.593002,154.593002,50776000.00
2021-03-17,153.660995,158.652496,153.511002,156.786499,156.786499,62372000.00
2021-03-18,155.050003,155.831497,151.250000,151.399506,151.399506,72992000.00
2021-03-19,151.461502,153.864502,150.831497,153.748001,153.748001,92508000.00
2021-03-22,153.392502,156.328995,153.002502,155.543503,155.543503,58044000.00
2021-03-23,156.350006,159.100006,156.042496,156.875000,156.875000,76346000.00
2021-03-24,157.552002,158.015503,154.257507,154.353500,154.353500,59180000.00
2021-03-25,153.649506,155.488998,151.856995,152.313004,152.313004,71270000.00
2021-03-26,152.203003,152.832993,149.800003,152.601501,152.601501,66258000.00
2021-03-29,152.772003,154.562500,151.422501,153.786499,153.786499,54920000.00
2021-03-30,153.500504,153.649994,151.699997,152.764496,152.764496,46752000.00
2021-03-31,153.203003,155.966507,153.125000,154.703995,154.703995,61878000.00
2021-04-01,155.897003,158.121994,155.777496,158.050003,158.050003,58806000.00
2021-04-05,158.649994,161.798004,158.061996,161.336502,161.336502,66698000.00
2021-04-06,161.187500,162.365494,160.852005,161.190994,161.190994,50756000.00
2021-04-07,161.690002,165.180496,161.182495,163.969498,163.969498,66924000.00
2021-04-08,165.544998,166.225006,164.600006,164.964996,164.964996,56242000.00
2021-04-09,165.235001,168.610001,164.445007,168.610001,168.610001,86830000.00
2021-04-12,167.760498,169.751999,167.557495,168.969498,168.969498,65636000.00
2021-04-13,170.042496,171.600006,169.781494,170.000000,170.000000,66316000.00
2021-04-14,170.201996,170.206497,166.300003,166.649994,166.649994,62904000.00
2021-04-15,168.550003,169.850006,167.600006,168.954498,168.954498,64672000.00
2021-04-16,169.000000,170.339996,167.779495,169.972000,169.972000,63720000.00
2021-04-19,169.516495,171.796494,168.007996,168.600494,168.600494,54508000.00
2021-04-20,168.679993,169.149506,165.800003,166.734497,166.734497,52460000.00
2021-04-21,165.800003,168.143005,165.190506,168.100998,168.100998,44224000.00
2021-04-22,168.584000,168.643494,165.072495,165.451996,165.451996,51612000.00
2021-04-23,165.955002,168.750000,165.425003,167.044006,167.044006,63856000.00
2021-04-26,167.399994,171.422501,166.546997,170.449997,170.449997,97614000.00
2021-04-27,172.173492,173.000000,169.900497,170.871506,170.871506,76542000.00
2021-04-28,171.740005,174.494003,171.250000,172.925003,172.925003,92638000.00
2021-04-29,175.255005,175.722504,171.750000,173.565506,173.565506,153648000.00
2021-04-30,176.255997,177.699997,173.125000,173.371002,173.371002,140186000.00
2021-05-03,174.236496,174.332504,168.634995,169.324493,169.324493,117510000.00
2021-05-04,167.809494,168.399002,163.606506,165.593506,165.593506,108788000.00
2021-05-05,166.942993,167.735001,163.218002,163.526993,163.526993,74226000.00
2021-05-06,163.500000,165.720001,162.360001,165.318497,165.318497,88954000.00
2021-05-07,165.954498,166.544495,164.453506,164.580505,164.580505,94206000.00
2021-05-10,164.115997,164.149994,159.500000,159.524506,159.524506,116772000.00
2021-05-11,156.813995,161.899994,156.368500,161.195496,161.195496,92396000.00
2021-05-12,159.250000,160.397003,156.654999,157.597000,157.597000,98728000.00
2021-05-13,159.273499,160.192001,156.649994,158.073502,158.073502,67018000.00
2021-05-14,159.278000,161.442993,159.149994,161.145004,161.145004,66500000.00
2021-05-17,162.296494,164.637497,161.729507,163.519501,163.519501,74478000.00
2021-05-18,164.628998,165.600006,161.518494,161.613998,161.613998,56568000.00
2021-05-19,159.750000,161.737503,159.199997,161.589996,161.589996,53594000.00
2021-05-20,162.220001,162.983994,161.809006,162.384003,162.384003,52664000.00
2021-05-21,162.500000,162.834503,159.850494,160.154007,160.154007,82098000.00
2021-05-24,160.774994,162.897507,160.524994,162.249496,162.249496,48456000.00
2021-05-25,163.333496,163.990997,160.688004,162.952499,162.952499,65222000.00
2021-05-26,163.729507,164.786499,162.925507,163.257996,163.257996,47680000.00
2021-05-27,162.800003,163.018005,161.501999,161.505493,161.505493,51224000.00
2021-05-28,162.100006,162.399506,160.985001,161.153503,161.153503,46596000.00
2021-06-01,162.175003,162.548996,160.453003,160.932495,160.932495,48600000.00
2021-06-02,161.154999,161.750000,160.399994,161.699493,161.699493,40290000.00
2021-06-03,160.211502,160.722000,159.201508,159.350494,159.350494,47966000.00
2021-06-04,160.600006,161.050003,159.940506,160.311005,160.311005,44994000.00
2021-06-07,159.866501,160.399994,158.610001,159.900497,159.900497,44316000.00
2021-06-08,161.130493,163.976501,160.900497,163.205505,163.205505,68334000.00
2021-06-09,163.643494,164.878998,163.535004,164.057495,164.057495,49110000.00
2021-06-10,164.100494,167.550003,164.057495,167.482498,167.482498,69530000.00
2021-06-11,167.482498,168.328995,166.672501,167.341507,167.341507,56348000.00
2021-06-14,167.341507,169.250000,166.774994,169.193497,169.193497,51394000.00
2021-06-15,169.199997,169.849503,168.155502,169.156494,169.156494,48524000.00
2021-06-16,169.600006,171.317505,168.026505,170.762497,170.762497,84056000.00
2021-06-17,170.158997,174.860001,170.050003,174.462006,174.462006,102730000.00
2021-06-18,173.999496,175.350006,173.685501,174.345001,174.345001,104954000.00
2021-06-21,173.820999,174.100006,171.699997,172.697998,172.697998,65542000.00
2021-06-22,172.903000,176.188995,172.804504,175.272003,175.272003,66902000.00
2021-06-23,175.250000,176.050003,174.160004,175.190994,175.190994,56266000.00
2021-06-24,175.382004,176.242996,171.542496,172.453995,172.453995,76640000.00
2021-06-25,173.199997,173.240997,169.709000,170.072998,170.072998,78820000.00
2021-06-28,170.800003,172.399994,170.675507,172.194504,172.194504,44856000.00
2021-06-29,171.940994,172.801498,171.151505,172.406998,172.406998,41968000.00
2021-06-30,172.052994,173.580002,171.750000,172.007996,172.007996,48080000.00
2021-07-01,171.730499,172.850006,170.470993,171.648499,171.648499,40742000.00
2021-07-02,172.582001,175.585999,171.845993,175.548996,175.548996,63388000.00
2021-07-06,176.505493,184.274002,176.449997,183.787003,183.787003,134896000.00
2021-07-07,185.869003,186.710007,183.945496,184.828995,184.828995,106562000.00
2021-07-08,182.177994,187.999496,181.056000,186.570496,186.570496,103612000.00
2021-07-09,186.126007,187.399994,184.669998,185.966995,185.966995,74964000.00
2021-07-12,187.199997,187.864502,184.839493,185.927505,185.927505,51432000.00
2021-07-13,185.104996,188.654007,183.565994,183.867996,183.867996,76918000.00
2021-07-14,185.442505,185.882996,183.041504,184.084000,184.084000,65932000.00
2021-07-15,184.710007,184.770004,181.046005,181.559998,181.559998,63706000.00
2021-07-16,181.665497,182.302994,178.522995,178.681503,178.681503,80874000.00
2021-07-19,176.628998,177.510498,174.957993,177.479507,177.479507,75692000.00
2021-07-20,178.365997,179.600006,175.899994,178.659500,178.659500,65114000.00
2021-07-21,178.819000,179.322495,177.182007,179.259995,179.259995,46380000.00
2021-07-22,179.361496,182.001007,179.113495,181.901505,181.901505,65308000.00
2021-07-23,182.000000,183.305496,181.102005,182.832001,182.832001,48726000.00
2021-07-26,183.658493,185.604004,182.362503,184.990997,184.990997,58002000.00
2021-07-27,184.925003,184.925003,179.307495,181.319504,181.319504,82638000.00
2021-07-28,181.688995,182.921005,180.050003,181.516006,181.516006,59988000.00
2021-07-29,181.387497,181.897507,179.000504,179.996002,179.996002,110400000.00
2021-07-30,167.397507,168.406998,165.348999,166.379501,166.379501,199312000.00
2021-08-02,167.654999,167.945999,165.850006,166.574005,166.574005,67078000.00
2021-08-03,167.035995,169.550003,164.988495,168.311996,168.311996,83146000.00
2021-08-04,168.967499,169.444000,167.278000,167.735992,167.735992,43678000.00
2021-08-05,167.811005,169.449997,167.046005,168.799500,168.799500,48670000.00
2021-08-06,168.750000,168.750000,166.451996,167.246994,167.246994,52752000.00
2021-08-09,167.180496,167.744003,166.425995,167.093506,167.093506,42964000.00
2021-08-10,167.250504,167.899994,165.750000,166.033997,166.033997,48252000.00
2021-08-11,166.572495,166.884995,163.889496,164.605499,164.605499,58944000.00
2021-08-12,164.500000,165.725494,163.483505,165.175003,165.175003,46282000.00
2021-08-13,165.283493,165.303497,164.149994,164.698502,164.698502,41134000.00
2021-08-16,164.149994,165.000000,160.556503,164.949493,164.949493,66394000.00
2021-08-17,163.875000,164.024506,161.283997,162.098007,162.098007,67758000.00
2021-08-18,162.099503,162.705002,160.000000,160.061005,160.061005,56086000.00
2021-08-19,159.701004,161.649994,159.123001,159.387497,159.387497,75658000.00
2021-08-20,160.193497,160.390503,158.787994,159.997498,159.997498,67168000.00
2021-08-23,160.595001,164.044998,160.500504,163.293503,163.293503,65362000.00
2021-08-24,164.000000,165.774506,163.729004,165.289001,165.289001,51036000.00
2021-08-25,165.493500,166.050003,164.307495,164.959000,164.959000,33606000.00
2021-08-26,164.949997,166.600006,164.800003,165.800003,165.800003,41976000.00
2021-08-27,166.661499,167.615997,165.687500,167.481506,167.481506,48048000.00
2021-08-30,167.871506,172.250000,167.761002,171.078506,171.078506,63844000.00
2021-08-31,171.240005,173.628998,169.779495,173.539505,173.539505,87128000.00
2021-09-01,174.820007,176.350006,173.761993,173.949997,173.949997,72598000.00
2021-09-02,174.738007,175.598007,172.750000,173.156006,173.156006,58474000.00
2021-09-03,172.600006,174.133499,171.822006,173.902496,173.902496,51514000.00
2021-09-07,173.899994,176.404495,173.847000,175.464493,175.464493,54758000.00
2021-09-08,175.582504,177.281494,174.783493,176.274994,176.274994,61068000.00
2021-09-09,176.300995,177.499496,174.018494,174.207993,174.207993,54384000.00
2021-09-10,175.091507,175.422501,173.145493,173.457504,173.457504,47946000.00
2021-09-13,174.139999,174.897995,171.899994,172.858505,172.858505,51380000.00
2021-09-14,173.777496,174.340500,171.885498,172.500000,172.500000,38738000.00
2021-09-15,172.126007,174.270996,170.100494,173.789505,173.789505,59150000.00
2021-09-16,172.998001,174.627502,172.307007,174.412003,174.412003,51672000.00
2021-09-17,174.420502,174.870499,172.606506,173.126007,173.126007,92332000.00
2021-09-20,169.800003,170.949997,165.250504,167.786499,167.786499,93382000.00
2021-09-21,168.750000,168.985001,166.619507,167.181503,167.181503,55618000.00
2021-09-22,167.550003,169.449997,167.052505,169.002502,169.002502,48228000.00
2021-09-23,169.002502,171.447998,169.002502,170.800003,170.800003,47588000.00
2021-09-24,170.100494,171.462997,169.669998,171.276001,171.276001,42324000.00
2021-09-27,168.574997,170.778503,166.980499,170.289993,170.289993,72690000.00
2021-09-28,167.885498,168.459503,164.505005,165.798004,165.798004,88616000.00
2021-09-29,166.105499,167.565002,164.893494,165.056000,165.056000,51246000.00
2021-09-30,165.800003,166.392502,163.699493,164.251999,164.251999,56848000.00
2021-10-01,164.450500,165.458496,162.796997,164.162994,164.162994,56712000.00
2021-10-04,163.969498,163.999496,158.812500,159.488998,159.488998,90462000.00
2021-10-05,160.225006,163.036499,160.123001,161.050003,161.050003,65384000.00
2021-10-06,160.676498,163.216995,159.931000,163.100494,163.100494,50660000.00
2021-10-07,164.576996,166.287506,164.153000,165.121506,165.121506,48182000.00
2021-10-08,165.850006,166.071503,164.410004,164.431000,164.431000,39964000.00
2021-10-11,163.750000,164.629501,161.904999,162.315002,162.315002,40684000.00
2021-10-12,162.850006,163.376495,161.813995,162.366501,162.366501,36392000.00
2021-10-13,163.485504,164.419006,163.054504,164.214005,164.214005,48402000.00
2021-10-14,165.122498,165.630005,164.539001,164.992996,164.992996,42190000.00
2021-10-15,165.570999,170.520996,165.199997,170.451004,170.451004,103598000.00
2021-10-18,169.417999,172.458496,169.255005,172.337006,172.337006,63482000.00
2021-10-19,171.714493,172.734497,171.100006,172.207504,172.207504,47722000.00
2021-10-20,172.632996,173.143005,170.018494,170.753006,170.753006,42796000.00
2021-10-21,170.712494,172.014008,170.149994,171.750504,171.750504,37628000.00
2021-10-22,171.050003,171.492004,166.565002,166.777496,166.777496,62782000.00
2021-10-25,166.750000,167.389999,164.884995,166.018494,166.018494,44520000.00
2021-10-26,167.475494,170.806000,167.199005,168.803497,168.803497,53966000.00
2021-10-27,169.399994,171.850006,168.572495,169.624496,169.624496,54044000.00
2021-10-28,170.104996,173.949997,169.300003,172.328506,172.328506,114174000.00
2021-10-29,165.001007,168.740997,163.666000,168.621506,168.621506,129722000.00
2021-11-01,168.089996,168.792999,164.600998,165.905502,165.905502,72178000.00
2021-11-02,165.750504,166.556000,164.177505,165.637497,165.637497,52552000.00
2021-11-03,165.449997,169.746002,164.876007,169.199997,169.199997,67944000.00
2021-11-04,168.500000,174.931503,168.250000,173.850006,173.850006,107060000.00
2021-11-05,173.850006,178.312500,173.848999,175.949493,175.949493,99940000.00
2021-11-08,176.162003,178.949997,174.393005,174.449005,174.449005,61480000.00
2021-11-09,175.762497,179.688507,175.071503,178.811493,178.811493,85898000.00
2021-11-10,178.193497,180.272507,173.154495,174.102493,174.102493,80548000.00
2021-11-11,175.649994,177.162003,173.373505,173.625000,173.625000,45288000.00
2021-11-12,174.250000,177.036499,172.352493,176.257507,176.257507,53788000.00
2021-11-15,176.850006,179.694000,176.290497,177.283997,177.283997,58594000.00
2021-11-16,176.949997,178.824997,176.257507,177.035004,177.035004,44342000.00
2021-11-17,178.235992,179.362503,177.267502,177.449997,177.449997,51206000.00
2021-11-18,178.317505,185.210007,178.050003,184.802994,184.802994,114070000.00
2021-11-19,185.634506,188.107498,183.785995,183.828506,183.828506,98734000.00
2021-11-22,183.819000,185.673004,178.375000,178.628494,178.628494,96844000.00
2021-11-23,179.251999,181.052505,176.385498,179.001999,179.001999,73804000.00
2021-11-24,178.133499,180.682007,176.842499,179.020493,179.020493,46560000.00
2021-11-26,180.104996,181.675003,175.207504,175.227997,175.227997,59826000.00
2021-11-29,177.382004,179.800003,176.574997,178.078506,178.078506,65312000.00
2021-11-30,178.175003,179.288498,174.600494,175.353500,175.353500,80022000.00
2021-12-01,177.250000,177.994003,172.080002,172.186005,172.186005,74916000.00
2021-12-02,173.000000,174.634995,171.187500,171.867996,171.867996,64726000.00
2021-12-03,172.750000,173.493500,166.929993,169.489502,169.489502,80712000.00
2021-12-06,169.649994,173.695496,166.934494,171.368500,171.368500,68860000.00
2021-12-07,174.600006,177.499496,173.334503,176.164505,176.164505,66410000.00
2021-12-08,176.150497,177.179993,174.750504,176.158005,176.158005,45254000.00
2021-12-09,175.750000,176.969498,174.139496,174.171005,174.171005,46062000.00
2021-12-10,175.417007,175.927002,170.500000,172.212006,172.212006,60690000.00
2021-12-13,172.000000,172.100006,169.130005,169.567505,169.567505,62170000.00
2021-12-14,167.550003,169.498993,166.440002,169.091507,169.091507,55976000.00
2021-12-15,168.598007,173.600006,165.195007,173.315002,173.315002,75794000.00
2021-12-16,173.368500,174.166000,168.160507,168.871002,168.871002,60876000.00
2021-12-17,167.710495,170.898499,165.613495,170.017502,170.017502,85542000.00
2021-12-20,166.850006,167.874496,165.600006,167.078995,167.078995,57372000.00
2021-12-21,167.850494,170.716507,165.647507,170.417007,170.417007,55956000.00
2021-12-22,169.270004,172.050003,168.500504,171.037003,171.037003,55036000.00
2021-12-23,170.427994,171.975006,170.149994,171.068497,171.068497,36788000.00
2021-12-27,171.037003,172.942993,169.215500,169.669495,169.669495,58688000.00
2021-12-28,170.182495,172.175995,169.135498,170.660995,170.660995,54638000.00
2021-12-29,170.839996,171.212006,168.600494,169.201004,169.201004,35754000.00
2021-12-30,169.699997,170.888000,168.524002,168.644501,168.644501,37584000.00
2021-12-31,168.955994,169.350006,166.558502,166.716995,166.716995,47830000.00
2022-01-03,167.550003,170.703506,166.160507,170.404495,170.404495,63520000.00
2022-01-04,170.438004,171.399994,166.349503,167.522003,167.522003,70726000.00
2022-01-05,166.882996,167.126495,164.356995,164.356995,164.356995,64302000.00
2022-01-06,163.450500,164.800003,161.936996,163.253998,163.253998,51958000.00
2022-01-07,163.839005,165.243500,162.031006,162.554001,162.554001,46606000.00
2022-01-10,160.585495,161.661499,156.304504,161.485992,161.485992,87798000.00
2022-01-11,161.500000,166.350006,160.701508,165.362000,165.362000,62806000.00
2022-01-12,166.574997,166.878006,164.417007,165.207001,165.207001,50030000.00
2022-01-13,165.250504,166.221497,161.091003,161.214005,161.214005,52188000.00
2022-01-14,160.149994,162.250000,159.800507,162.138000,162.138000,45974000.00
2022-01-18,159.104996,159.734497,157.664505,158.917496,158.917496,67292000.00
2022-01-19,158.761993,159.250000,156.250000,156.298996,156.298996,53242000.00
2022-01-20,156.766006,158.000000,151.350998,151.667496,151.667496,71974000.00
2022-01-21,149.949997,150.899994,142.070496,142.643005,142.643005,163972000.00
2022-01-24,139.000000,144.945007,135.352005,144.544006,144.544006,155624000.00
2022-01-25,142.242493,143.600006,138.145004,139.985992,139.985992,90824000.00
2022-01-26,144.750000,145.184998,137.318497,138.872498,138.872498,95602000.00
2022-01-27,140.800003,144.243500,139.350006,139.637497,139.637497,77516000.00
2022-01-28,140.860504,143.998001,137.929504,143.977997,143.977997,74392000.00
2022-01-31,144.750000,150.360504,144.300507,149.573502,149.573502,78308000.00
2022-02-01,150.000000,151.707993,147.627502,151.193497,151.193497,59220000.00
2022-02-02,155.050507,155.074997,148.863495,150.612503,150.612503,87330000.00
2022-02-03,141.737503,144.247498,138.332993,138.845505,138.845505,225532000.00
2022-02-04,155.606506,161.199997,150.608002,157.639496,157.639496,253456000.00
2022-02-07,158.520004,162.690994,157.250000,157.935501,157.935501,102624000.00
2022-02-08,156.750504,161.792496,155.550507,161.413498,161.413498,76040000.00
2022-02-09,162.873505,163.834503,160.250000,161.189499,161.189499,68786000.00
2022-02-10,158.350006,160.716507,157.750000,159.003494,159.003494,68268000.00
2022-02-11,158.134506,159.000000,152.733994,153.293503,153.293503,77100000.00
2022-02-14,151.751007,158.448502,151.649994,155.167007,155.167007,83230000.00
2022-02-15,157.605499,158.007004,154.637497,156.510498,156.510498,56440000.00
2022-02-16,155.790497,158.834000,154.734497,158.100494,158.100494,52704000.00
2022-02-17,158.145996,160.348999,154.500000,154.652496,154.652496,64032000.00
2022-02-18,155.499496,155.499496,150.893005,152.601501,152.601501,63604000.00
2022-02-22,150.478500,152.982498,148.485504,150.197495,150.197495,66128000.00
2022-02-23,151.650497,151.763000,144.651001,144.826996,144.826996,64244000.00
2022-02-24,139.837494,151.748993,139.500000,151.358002,151.358002,100786000.00
2022-02-25,150.550003,153.990005,149.213501,153.788498,153.788498,62396000.00
2022-02-28,152.425003,154.449997,150.850006,153.563004,153.563004,57684000.00
2022-03-01,152.732498,154.098999,149.977005,151.141998,151.141998,44874000.00
2022-03-02,150.848999,152.999496,148.750000,152.052505,152.052505,47334000.00
2022-03-03,153.531494,153.929001,146.856003,147.898499,147.898499,65198000.00
2022-03-04,147.158997,147.850006,143.807007,145.641006,145.641006,60934000.00
2022-03-07,145.443497,146.094498,137.416504,137.453003,137.453003,86934000.00
2022-03-08,136.683502,140.699493,133.572495,136.014496,136.014496,91662000.00
2022-03-09,139.500000,140.250000,136.828003,139.279007,139.279007,82656000.00
2022-03-10,145.684998,148.674500,143.977997,146.817505,146.817505,135062000.00
2022-03-11,149.574493,149.675003,145.369003,145.524506,145.524506,68900000.00
2022-03-14,145.981003,147.449997,140.884003,141.852997,141.852997,74086000.00
2022-03-15,142.850006,147.985001,142.000000,147.366501,147.366501,75584000.00
2022-03-16,148.500000,153.149994,147.353500,153.104004,153.104004,84958000.00
2022-03-17,152.640503,157.498505,152.139999,157.238998,157.238998,72934000.00
2022-03-18,156.813004,161.593994,156.011002,161.250504,161.250504,102962000.00
2022-03-21,161.121002,163.084000,159.552994,161.491501,161.491501,66538000.00
2022-03-22,161.805496,166.167007,161.699005,164.889008,164.889008,64086000.00
2022-03-23,163.705002,166.369995,162.686996,163.408005,163.408005,55812000.00
2022-03-24,163.749496,164.118500,160.050003,163.649506,163.649506,56798000.00
2022-03-25,164.000000,165.368500,162.250000,164.773499,164.773499,49032000.00
2022-03-28,164.975006,169.037506,164.899994,168.990494,168.990494,59854000.00
2022-03-29,170.384003,170.831497,167.868500,169.315002,169.315002,66154000.00
2022-03-30,168.509506,168.950500,165.500000,166.300995,166.300995,56168000.00
2022-03-31,166.445007,166.494995,162.953506,162.997498,162.997498,59966000.00
2022-04-01,164.149506,165.826996,162.319504,163.559998,163.559998,57090000.00
2022-04-04,164.125000,168.394501,163.205505,168.346497,168.346497,49882000.00
2022-04-05,167.741501,168.110504,163.266006,164.054993,164.054993,53728000.00
2022-04-06,161.650497,162.199997,157.254501,158.755997,158.755997,79056000.00
2022-04-07,158.399994,160.078995,154.511505,157.784500,157.784500,68136000.00
2022-04-08,156.750000,157.368500,154.231003,154.460495,154.460495,46002000.00
2022-04-11,152.712997,154.136505,150.534500,151.121994,151.121994,52112000.00
2022-04-12,153.692505,155.098999,150.382996,150.787506,150.787506,55178000.00
2022-04-13,150.018494,156.024994,149.600006,155.541000,155.541000,53390000.00
2022-04-14,155.389999,155.897003,151.472000,151.706497,151.706497,51598000.00
2022-04-18,151.523499,154.039505,150.250504,152.785004,152.785004,46514000.00
2022-04-19,152.029495,158.649002,151.550507,158.115494,158.115494,54926000.00
2022-04-20,157.602493,157.602493,153.603500,153.998001,153.998001,59630000.00
2022-04-21,154.714005,156.738007,147.589493,148.296005,148.296005,63970000.00
2022-04-22,148.250000,149.615005,143.697495,144.350006,144.350006,73078000.00
2022-04-25,144.022995,146.221497,142.306503,146.074005,146.074005,61874000.00
2022-04-26,144.800003,144.856003,138.929504,139.391006,139.391006,77530000.00
2022-04-27,140.191498,141.948502,135.783493,138.167007,138.167007,71336000.00
2022-04-28,142.177994,145.937500,140.300003,144.596497,144.596497,117316000.00
2022-04-29,129.848999,130.761002,121.625000,124.281502,124.281502,272662000.00
2022-05-02,122.401001,124.667999,118.375000,124.500000,124.500000,148788000.00
2022-05-03,124.053497,126.220497,122.824997,124.253502,124.253502,79134000.00
2022-05-04,123.599998,126.000000,119.182999,125.928497,125.928497,110746000.00
2022-05-05,123.000000,123.499001,115.072502,116.406998,116.406998,144392000.00
2022-05-06,114.849998,119.050499,113.081497,114.772499,114.772499,124260000.00
2022-05-09,111.312500,114.000000,107.957001,108.789001,108.789001,128124000.00
2022-05-10,111.250000,112.642502,107.170998,108.859001,108.859001,105434000.00
2022-05-11,108.103500,110.155998,104.428497,105.372002,105.372002,109704000.00
2022-05-12,102.750000,110.780502,102.405502,106.930496,106.930496,132026000.00
2022-05-13,109.069000,113.183998,107.800003,113.055000,113.055000,93684000.00
2022-05-16,113.099998,113.992500,110.353996,110.810501,110.810501,74566000.00
2022-05-17,113.275002,115.800003,111.276497,115.368500,115.368500,76448000.00
2022-05-18,111.439499,112.852997,106.249001,107.112503,107.112503,108380000.00
2022-05-19,106.280502,110.033997,106.193001,107.319000,107.319000,88142000.00
2022-05-20,109.568497,109.898003,105.009499,107.591003,107.591003,99500000.00
2022-05-23,108.460999,108.819000,103.949997,107.556999,107.556999,107798000.00
2022-05-24,104.025002,105.400002,101.260002,104.099998,104.099998,102934000.00
2022-05-25,103.655502,108.175003,103.650002,106.775002,106.775002,93120000.00
2022-05-26,107.970001,112.665497,107.453499,111.077499,111.077499,93002000.00
2022-05-27,113.550003,115.186996,112.627998,115.146500,115.146500,93660000.00
2022-05-31,116.279999,121.994499,115.675003,120.209503,120.209503,144634000.00
2022-06-01,122.255997,125.179001,120.622498,121.683998,121.683998,127528000.00
2022-06-02,121.683998,125.610001,120.044998,125.511002,125.511002,100560000.00
2022-06-03,124.199997,124.400002,121.046501,122.349998,122.349998,97604000.00
2022-06-06,125.250000,128.990005,123.809998,124.790001,124.790001,135269000.00
2022-06-07,122.010002,124.099998,120.629997,123.000000,123.000000,85156700.00
2022-06-08,122.610001,123.750000,120.750000,121.180000,121.180000,64926600.00
2022-06-09,119.989998,121.300003,116.099998,116.150002,116.150002,67029800.00
2022-06-10,113.419998,114.500000,109.050003,109.650002,109.650002,87266000.00
2022-06-13,104.190002,106.540001,101.860001,103.669998,103.669998,99277700.00
2022-06-14,104.190002,104.879997,101.430000,102.309998,102.309998,69728800.00
2022-06-15,103.860001,109.059998,103.529999,107.669998,107.669998,85011100.00
2022-06-16,104.470001,104.580002,102.010002,103.660004,103.660004,82186300.00
2022-06-17,102.800003,106.980003,102.510002,106.220001,106.220001,99772100.00
2022-06-21,108.199997,111.629997,103.559998,108.680000,108.680000,70901200.00
2022-06-22,107.430000,112.129997,107.019997,108.949997,108.949997,60040100.00
2022-06-23,110.389999,113.000000,107.930000,112.440002,112.440002,64345300.00
2022-06-24,112.379997,116.709999,111.430000,116.459999,116.459999,69867600.00
2022-06-27,117.089996,117.980003,112.699997,113.220001,113.220001,62133200.00
2022-06-28,113.500000,114.849998,107.040001,107.400002,107.400002,74942900.00
2022-06-29,107.379997,110.989998,106.910004,108.919998,108.919998,66375300.00
2022-06-30,108.110001,108.180000,102.519997,106.209999,106.209999,97679400.00
2022-07-01,106.290001,109.750000,105.849998,109.559998,109.559998,73021200.00
2022-07-05,107.599998,114.080002,106.320000,113.500000,113.500000,76583700.00
2022-07-06,113.209999,115.480003,112.010002,114.330002,114.330002,66958900.00
2022-07-07,113.849998,116.989998,113.489998,116.330002,116.330002,57872300.00
2022-07-08,114.599998,116.580002,113.690002,115.540001,115.540001,45719700.00
2022-07-11,114.080002,114.300003,110.870003,111.750000,111.750000,53487600.00
2022-07-12,112.160004,113.230003,108.339996,109.220001,109.220001,54280300.00
2022-07-13,107.029999,111.779999,106.010002,110.400002,110.400002,61353800.00
2022-07-14,110.239998,111.180000,107.580002,110.629997,110.629997,51163100.00
2022-07-15,112.500000,115.589996,111.589996,113.550003,113.550003,84317800.00
2022-07-18,115.000000,117.239998,113.150002,113.760002,113.760002,59115400.00
2022-07-19,115.699997,118.949997,114.029999,118.209999,118.209999,60990000.00
2022-07-20,118.620003,123.480003,118.320000,122.769997,122.769997,71268300.00
2022-07-21,123.199997,124.849998,121.260002,124.629997,124.629997,60239900.00
2022-07-22,125.010002,125.500000,121.349998,122.419998,122.419998,51463800.00
2022-07-25,122.699997,123.639999,120.029999,121.139999,121.139999,50221300.00
2022-07-26,115.790001,118.150002,114.529999,114.809998,114.809998,67075100.00
2022-07-27,117.309998,121.900002,117.160004,120.970001,120.970001,61582000.00
2022-07-28,121.570000,122.839996,118.080002,122.279999,122.279999,82245500.00
2022-07-29,134.899994,137.649994,132.410004,134.949997,134.949997,148892900.00
2022-08-01,134.960007,138.830002,133.509995,135.389999,135.389999,76846900.00
2022-08-02,134.720001,137.440002,134.089996,134.160004,134.160004,61922400.00
2022-08-03,136.210007,140.490005,136.050003,139.520004,139.520004,71827800.00
2022-08-04,140.580002,143.559998,139.550003,142.570007,142.570007,70585000.00
2022-08-05,140.100006,142.860001,139.600006,140.800003,140.800003,50686900.00
2022-08-08,142.050003,144.229996,138.289993,139.410004,139.410004,52229000.00
2022-08-09,138.050003,138.949997,136.210007,137.830002,137.830002,40434700.00
2022-08-10,142.899994,144.600006,141.009995,142.690002,142.690002,54773800.00
2022-08-11,143.860001,144.490005,139.759995,140.639999,140.639999,44867300.00
2022-08-12,142.050003,143.570007,140.119995,143.550003,143.550003,47643500.00
2022-08-15,142.800003,143.759995,141.490005,143.179993,143.179993,39014600.00
2022-08-16,143.910004,146.570007,142.000000,144.779999,144.779999,59102900.00
2022-08-17,142.690002,143.380005,140.779999,142.100006,142.100006,48149800.00
2022-08-18,141.320007,142.770004,140.380005,142.300003,142.300003,37458700.00
2022-08-19,140.470001,141.110001,137.910004,138.229996,138.229996,47792800.00
2022-08-22,135.720001,136.320007,132.850006,133.220001,133.220001,50461500.00
2022-08-23,133.410004,134.990005,132.949997,133.619995,133.619995,36252100.00
2022-08-24,132.750000,135.470001,132.100006,133.800003,133.800003,38627000.00
2022-08-25,135.259995,137.419998,134.279999,137.279999,137.279999,37496300.00
2022-08-26,136.550003,137.830002,130.500000,130.750000,130.750000,53322700.00
2022-08-29,129.899994,131.949997,128.770004,129.789993,129.789993,48101600.00
2022-08-30,131.250000,132.070007,126.849998,128.729996,128.729996,49203000.00
2022-08-31,129.449997,130.589996,126.739998,126.769997,126.769997,53648700.00
2022-09-01,126.000000,128.020004,123.660004,127.820000,127.820000,56636100.00
2022-09-02,129.500000,131.380005,126.389999,127.510002,127.510002,57429800.00
2022-09-06,127.919998,128.619995,124.739998,126.110001,126.110001,43888600.00
2022-09-07,126.120003,129.820007,125.400002,129.479996,129.479996,47900300.00
2022-09-08,127.720001,130.279999,127.099998,129.820007,129.820007,43988500.00
2022-09-09,130.910004,133.690002,130.759995,133.270004,133.270004,49387600.00
2022-09-12,134.100006,136.490005,134.000000,136.449997,136.449997,53826900.00
2022-09-13,131.009995,131.399994,126.269997,126.820000,126.820000,72694000.00
2022-09-14,127.360001,128.839996,126.330002,128.550003,128.550003,45316800.00
2022-09-15,127.379997,130.369995,125.500000,126.279999,126.279999,52887200.00
2022-09-16,122.779999,123.870003,120.699997,123.529999,123.529999,115667800.00
2022-09-19,122.160004,124.709999,121.800003,124.660004,124.660004,47279700.00
2022-09-20,123.349998,124.400002,121.139999,122.190002,122.190002,47698400.00
2022-09-21,122.489998,123.760002,118.449997,118.540001,118.540001,58498900.00
2022-09-22,117.080002,118.790001,116.260002,117.309998,117.309998,55229200.00
2022-09-23,116.000000,116.050003,112.059998,113.779999,113.779999,65126700.00
2022-09-26,113.300003,117.339996,113.129997,115.150002,115.150002,62723300.00
2022-09-27,117.199997,118.320000,113.050003,114.410004,114.410004,60094700.00
2022-09-28,114.379997,118.699997,113.800003,118.010002,118.010002,55763800.00
2022-09-29,115.599998,116.070000,113.059998,114.800003,114.800003,58969700.00
2022-09-30,114.080002,116.919998,112.839996,113.000000,113.000000,59479600.00
2022-10-03,113.580002,116.910004,112.449997,115.879997,115.879997,50941900.00
2022-10-04,119.889999,123.000000,119.790001,121.089996,121.089996,62812600.00
2022-10-05,118.580002,121.750000,117.690002,120.949997,120.949997,48217500.00
2022-10-06,120.769997,121.529999,119.500000,120.300003,120.300003,42253800.00
2022-10-07,118.000000,118.169998,113.879997,114.559998,114.559998,54678000.00
2022-10-10,115.099998,116.250000,112.430000,113.669998,113.669998,42339700.00
2022-10-11,112.709999,115.480003,110.389999,112.209999,112.209999,56432200.00
2022-10-12,112.489998,113.830002,111.400002,112.900002,112.900002,45728700.00
2022-10-13,107.879997,113.440002,105.349998,112.529999,112.529999,86868100.00
2022-10-14,114.099998,114.959999,106.599998,106.900002,106.900002,67737300.00
2022-10-17,110.110001,114.190002,110.089996,113.790001,113.790001,62782000.00
2022-10-18,119.059998,119.519997,114.790001,116.360001,116.360001,65607400.00
2022-10-19,114.709999,116.589996,113.220001,115.070000,115.070000,47198100.00
2022-10-20,113.830002,118.239998,113.510002,115.250000,115.250000,48795100.00
2022-10-21,114.790001,119.589996,114.500000,119.320000,119.320000,55660500.00
2022-10-24,119.980003,120.389999,116.570000,119.820000,119.820000,49531500.00
2022-10-25,119.650002,121.320000,118.949997,120.599998,120.599998,50934600.00
2022-10-26,116.000000,119.349998,114.760002,115.660004,115.660004,68802300.00
2022-10-27,113.919998,114.120003,109.769997,110.959999,110.959999,129605400.00
2022-10-28,97.910004,103.959999,97.660004,103.410004,103.410004,223133400.00
2022-10-31,103.559998,104.870003,100.739998,102.440002,102.440002,99251400.00
2022-11-01,103.989998,104.580002,96.059998,96.790001,96.790001,153370000.00
2022-11-02,97.320000,97.739998,92.010002,92.120003,92.120003,135761800.00
2022-11-03,92.470001,93.500000,89.019997,89.300003,89.300003,136683300.00
2022-11-04,91.489998,92.440002,88.040001,90.980003,90.980003,129101300.00
2022-11-07,91.949997,92.099998,89.040001,90.529999,90.529999,77495700.00
2022-11-08,90.790001,91.720001,88.230003,89.980003,89.980003,88703400.00
2022-11-09,89.470001,89.480003,85.870003,86.139999,86.139999,90796200.00
2022-11-10,92.940002,98.690002,91.650002,96.629997,96.629997,173414900.00
2022-11-11,97.879997,101.190002,96.660004,100.790001,100.790001,111590500.00
2022-11-14,98.769997,100.120003,97.290001,98.489998,98.489998,99533100.00
2022-11-15,103.209999,103.790001,97.339996,98.940002,98.940002,111336300.00
2022-11-16,96.849998,98.489998,95.540001,97.120003,97.120003,87958800.00
2022-11-17,95.370003,96.970001,94.029999,94.849998,94.849998,82617900.00
2022-11-18,95.949997,95.989998,92.480003,94.139999,94.139999,72428200.00
2022-11-21,93.970001,95.019997,90.589996,92.459999,92.459999,84330300.00
2022-11-22,92.620003,93.349998,90.870003,93.199997,93.199997,62192000.00
2022-11-23,93.239998,94.580002,92.830002,94.129997,94.129997,59414700.00
2022-11-25,93.790001,94.430000,93.070000,93.410004,93.410004,35088600.00
2022-11-28,93.930000,96.400002,93.430000,93.949997,93.949997,74943100.00
2022-11-29,94.040001,94.410004,91.440002,92.419998,92.419998,65567300.00
2022-11-30,92.470001,96.540001,91.529999,96.540001,96.540001,102805800.00
2022-12-01,96.989998,97.230003,94.919998,95.500000,95.500000,68488000.00
2022-12-02,94.480003,95.360001,93.779999,94.129997,94.129997,72496400.00
2022-12-05,93.050003,94.059998,90.820000,91.010002,91.010002,71535500.00
2022-12-06,90.500000,91.040001,87.900002,88.250000,88.250000,75503600.00
2022-12-07,88.339996,89.889999,87.480003,88.459999,88.459999,68086900.00
2022-12-08,89.239998,90.860001,87.879997,90.349998,90.349998,73305900.00
2022-12-09,88.900002,90.300003,88.629997,89.089996,89.089996,67398500.00
2022-12-12,89.209999,90.580002,87.870003,90.550003,90.550003,61999800.00
2022-12-13,95.230003,96.250000,90.519997,92.489998,92.489998,100212000.00
2022-12-14,92.500000,93.459999,89.870003,91.580002,91.580002,70298000.00
2022-12-15,89.889999,89.970001,87.470001,88.449997,88.449997,84802900.00
2022-12-16,88.269997,89.349998,86.730003,87.860001,87.860001,146144100.00
2022-12-19,87.510002,87.629997,84.510002,84.919998,84.919998,83531500.00
2022-12-20,85.330002,86.610001,84.330002,85.190002,85.190002,74348300.00
2022-12-21,86.180000,87.230003,85.209999,86.769997,86.769997,59267200.00
2022-12-22,85.519997,85.680000,82.250000,83.790001,83.790001,81431300.00
2022-12-23,83.250000,85.779999,82.930000,85.250000,85.250000,57433700.00
2022-12-27,84.970001,85.349998,83.000000,83.040001,83.040001,57284000.00
2022-12-28,82.800003,83.480003,81.690002,81.820000,81.820000,58228600.00
2022-12-29,82.870003,84.550003,82.550003,84.180000,84.180000,54995900.00
2022-12-30,83.120003,84.050003,82.470001,84.000000,84.000000,62401200.00
2023-01-03,85.459999,86.959999,84.209999,85.820000,85.820000,76706000.00
2023-01-04,86.550003,86.980003,83.360001,85.139999,85.139999,68885100.00
2023-01-05,85.330002,85.419998,83.070000,83.120003,83.120003,67930800.00
2023-01-06,83.029999,86.400002,81.430000,86.080002,86.080002,83303400.00
2023-01-09,87.459999,89.480003,87.080002,87.360001,87.360001,65266100.00
2023-01-10,87.570000,90.190002,87.290001,89.870003,89.870003,67756600.00
2023-01-11,90.930000,95.260002,90.930000,95.089996,95.089996,103126200.00
2023-01-12,96.930000,97.190002,93.500000,95.269997,95.269997,85254800.00
2023-01-13,94.180000,98.370003,94.120003,98.120003,98.120003,85549400.00
2023-01-17,98.680000,98.889999,95.730003,96.050003,96.050003,72755000.00
2023-01-18,97.250000,99.320000,95.379997,95.459999,95.459999,79570400.00
2023-01-19,94.739998,95.440002,92.860001,93.680000,93.680000,69002700.00
2023-01-20,93.860001,97.349998,93.199997,97.250000,97.250000,67481500.00
2023-01-23,97.559998,97.779999,95.860001,97.519997,97.519997,76501100.00
2023-01-24,96.930000,98.089996,96.000000,96.320000,96.320000,66929500.00
2023-01-25,92.559998,97.239998,91.519997,97.180000,97.180000,94261600.00
2023-01-26,98.239998,99.489998,96.919998,99.220001,99.220001,68523600.00
2023-01-27,99.529999,103.489998,99.529999,102.239998,102.239998,87775600.00
2023-01-30,101.089996,101.739998,99.010002,100.550003,100.550003,70691900.00
2023-01-31,101.160004,103.349998,101.139999,103.129997,103.129997,66527300.00
2023-02-01,102.529999,106.239998,101.239998,105.150002,105.150002,80450100.00
2023-02-02,110.250000,114.000000,108.879997,112.910004,112.910004,158154200.00
2023-02-03,105.260002,108.779999,102.519997,103.389999,103.389999,144374800.00
2023-02-06,102.930000,103.949997,100.650002,102.180000,102.180000,81945200.00
2023-02-07,101.169998,102.410004,98.080002,102.110001,102.110001,119501300.00
2023-02-08,102.040001,102.669998,98.779999,100.050003,100.050003,75878300.00
2023-02-09,101.320000,101.779999,97.570000,98.239998,98.239998,64622500.00
2023-02-10,97.559998,98.820000,96.230003,97.610001,97.610001,52740100.00
2023-02-13,97.849998,99.680000,96.910004,99.540001,99.540001,52841500.00
2023-02-14,98.410004,100.919998,97.519997,99.699997,99.699997,56202900.00
2023-02-15,99.089996,101.169998,98.449997,101.160004,101.160004,47957600.00
2023-02-16,99.209999,100.629997,98.099998,98.150002,98.150002,56339200.00
2023-02-17,97.800003,97.940002,95.650002,97.199997,97.199997,60029400.00
2023-02-21,95.339996,95.610001,94.269997,94.580002,94.580002,56580400.00
2023-02-22,95.099998,97.010002,94.800003,95.790001,95.790001,59534100.00
2023-02-23,96.120003,96.430000,93.669998,95.820000,95.820000,48467000.00
2023-02-24,93.529999,94.139999,92.320000,93.500000,93.500000,57053800.00
2023-02-27,94.279999,94.779999,93.139999,93.760002,93.760002,47470300.00
2023-02-28,93.139999,94.690002,92.919998,94.230003,94.230003,43959300.00
2023-03-01,93.870003,94.680000,91.589996,92.169998,92.169998,52299500.00
2023-03-02,91.410004,92.230003,90.389999,92.129997,92.129997,55509400.00
2023-03-03,92.739998,94.940002,92.660004,94.900002,94.900002,55759600.00
2023-03-06,95.190002,96.550003,93.739998,93.750000,93.750000,52112400.00
2023-03-07,94.059998,95.089996,92.779999,93.550003,93.550003,49100700.00
2023-03-08,93.599998,94.169998,92.180000,93.919998,93.919998,44899100.00
2023-03-09,93.680000,96.209999,92.180000,92.250000,92.250000,56218700.00
2023-03-10,92.669998,93.570000,90.250000,90.730003,90.730003,69827500.00
2023-03-13,89.970001,94.019997,88.120003,92.430000,92.430000,72397100.00
2023-03-14,93.830002,95.070000,92.709999,94.879997,94.879997,60912700.00
2023-03-15,93.220001,96.669998,93.070000,96.199997,96.199997,70731800.00
2023-03-16,95.750000,100.989998,95.610001,100.040001,100.040001,84446900.00
2023-03-17,99.790001,100.660004,97.459999,98.949997,98.949997,87300200.00
2023-03-20,98.410004,98.480003,95.699997,97.709999,97.709999,62388900.00
2023-03-21,98.139999,100.849998,98.000000,100.610001,100.610001,58597300.00
2023-03-22,100.449997,102.099998,98.610001,98.699997,98.699997,57475400.00
2023-03-23,100.430000,101.059998,97.620003,98.709999,98.709999,57559300.00
2023-03-24,98.070000,98.300003,96.400002,98.129997,98.129997,56095400.00
2023-03-27,99.070000,99.339996,97.080002,98.040001,98.040001,46721300.00
2023-03-28,98.110001,98.440002,96.290001,97.239998,97.239998,38720100.00
2023-03-29,98.690002,100.419998,98.559998,100.250000,100.250000,49783300.00
2023-03-30,101.550003,103.040001,101.010002,102.000000,102.000000,53633400.00
2023-03-31,102.160004,103.489998,101.949997,103.290001,103.290001,56750300.00
2023-04-03,102.300003,103.290001,101.430000,102.410004,102.410004,41135700.00
2023-04-04,102.750000,104.199997,102.110001,103.949997,103.949997,48662500.00
2023-04-05,103.910004,103.910004,100.750000,101.099998,101.099998,45175400.00
2023-04-06,100.750000,102.379997,99.800003,102.059998,102.059998,43808000.00
2023-04-10,100.959999,102.199997,99.570000,102.169998,102.169998,37261200.00
2023-04-11,100.800003,101.000000,99.010002,99.919998,99.919998,60417800.00
2023-04-12,100.400002,100.510002,97.709999,97.830002,97.830002,56735000.00
2023-04-13,98.949997,102.570000,98.709999,102.400002,102.400002,67925100.00
2023-04-14,102.070000,103.199997,101.110001,102.510002,102.510002,51450500.00
2023-04-17,103.160004,103.730003,101.589996,102.739998,102.739998,39919500.00
2023-04-18,103.949997,104.199997,101.519997,102.300003,102.300003,39790500.00
2023-04-19,101.580002,105.120003,101.389999,104.300003,104.300003,58398900.00
2023-04-20,103.529999,105.250000,103.209999,103.809998,103.809998,57696900.00
2023-04-21,106.099998,108.150002,105.080002,106.959999,106.959999,86774200.00
2023-04-24,107.660004,109.230003,105.070000,106.209999,106.209999,69575600.00
2023-04-25,104.910004,105.449997,102.449997,102.570000,102.570000,65026800.00
2023-04-26,105.040001,106.620003,104.099998,104.980003,104.980003,73803800.00
2023-04-27,108.160004,110.860001,106.800003,109.820000,109.820000,149961200.00
2023-04-28,107.730003,109.480003,104.330002,105.449997,105.449997,130715900.00
2023-05-01,104.949997,105.230003,101.820000,102.050003,102.050003,74728100.00
2023-05-02,101.470001,103.900002,101.150002,103.629997,103.629997,73469400.00
2023-05-03,103.739998,105.959999,103.279999,103.650002,103.650002,65051900.00
2023-05-04,104.040001,105.389999,103.309998,104.000000,104.000000,45345500.00
2023-05-05,104.269997,105.760002,103.550003,105.660004,105.660004,56951700.00
2023-05-08,105.040001,106.099998,104.699997,105.830002,105.830002,49430900.00
2023-05-09,105.480003,106.790001,105.160004,106.620003,106.620003,44089400.00
2023-05-10,108.099998,110.669998,108.050003,110.190002,110.190002,78627600.00
2023-05-11,111.029999,113.279999,110.489998,112.180000,112.180000,74924800.00
2023-05-12,112.160004,112.639999,109.320000,110.260002,110.260002,49852700.00
2023-05-15,111.150002,112.290001,109.250000,111.199997,111.199997,53011100.00
2023-05-16,111.050003,114.790001,111.050003,113.400002,113.400002,71472900.00
2023-05-17,114.889999,115.830002,114.220001,115.500000,115.500000,65655200.00
2023-05-18,116.690002,118.599998,116.339996,118.150002,118.150002,73174100.00
2023-05-19,118.160004,118.309998,115.699997,116.250000,116.250000,55056300.00
2023-05-22,116.769997,116.769997,114.250000,115.010002,115.010002,70741100.00
2023-05-23,114.269997,117.139999,113.779999,114.989998,114.989998,67576300.00
2023-05-24,115.349998,117.339996,115.019997,116.750000,116.750000,63487900.00
2023-05-25,116.629997,116.870003,114.309998,115.000000,115.000000,66496700.00
2023-05-26,116.040001,121.500000,116.019997,120.110001,120.110001,96779900.00
2023-05-30,122.370003,122.919998,119.860001,121.660004,121.660004,64314800.00
2023-05-31,121.449997,122.040001,119.169998,120.580002,120.580002,72800800.00
2023-06-01,120.690002,123.489998,119.930000,122.769997,122.769997,54375100.00
2023-06-02,124.919998,126.389999,124.019997,124.250000,124.250000,61264400.00
2023-06-05,123.360001,125.800003,123.029999,125.300003,125.300003,47950100.00
2023-06-06,125.070000,127.400002,125.000000,126.610001,126.610001,45695200.00
2023-06-07,127.010002,127.370003,120.629997,121.230003,121.230003,95663300.00
2023-06-08,123.010002,125.629997,122.260002,124.250000,124.250000,62159300.00
2023-06-09,124.080002,125.800003,123.190002,123.430000,123.430000,51396000.00
2023-06-12,124.019997,126.779999,123.529999,126.570000,126.570000,51338000.00
2023-06-13,128.119995,128.410004,125.180000,126.660004,126.660004,50564800.00
2023-06-14,126.699997,126.949997,124.120003,126.419998,126.419998,52422500.00
2023-06-15,125.209999,127.690002,124.320000,127.110001,127.110001,60458500.00
2023-06-16,127.709999,127.900002,125.300003,125.489998,125.489998,84247100.00
2023-06-20,124.970001,127.250000,124.500000,125.779999,125.779999,56930100.00
2023-06-21,125.639999,126.730003,123.849998,124.830002,124.830002,52137700.00
2023-06-22,125.309998,130.330002,125.139999,130.149994,130.149994,90354600.00
2023-06-23,129.110001,130.839996,128.279999,129.330002,129.330002,71927800.00
2023-06-26,129.330002,131.490005,127.099998,127.330002,127.330002,59989300.00
2023-06-27,128.630005,130.089996,127.550003,129.179993,129.179993,46801000.00
2023-06-28,128.940002,131.479996,128.440002,129.039993,129.039993,52149500.00
2023-06-29,128.770004,129.259995,127.260002,127.900002,127.900002,40761000.00
2023-06-30,129.470001,131.250000,128.949997,130.360001,130.360001,54350700.00
2023-07-03,130.820007,131.850006,130.070007,130.220001,130.220001,28264800.00
2023-07-05,130.240005,131.399994,129.639999,130.380005,130.380005,35895400.00
2023-07-06,128.250000,128.729996,127.370003,128.360001,128.360001,40639900.00
2023-07-07,128.589996,130.970001,128.130005,129.779999,129.779999,41992300.00
2023-07-10,129.070007,129.279999,125.919998,127.129997,127.129997,61889300.00
2023-07-11,127.750000,129.770004,127.349998,128.779999,128.779999,49951500.00
2023-07-12,130.309998,131.259995,128.830002,130.800003,130.800003,54022800.00
2023-07-13,134.039993,134.669998,132.710007,134.300003,134.300003,61170900.00
2023-07-14,134.059998,136.649994,134.059998,134.679993,134.679993,54487100.00
2023-07-17,134.559998,135.619995,133.210007,133.559998,133.559998,48450200.00
2023-07-18,132.710007,133.860001,131.350006,132.830002,132.830002,54882900.00
2023-07-19,133.389999,135.990005,132.529999,135.360001,135.360001,54531000.00
2023-07-20,134.070007,134.789993,129.330002,129.960007,129.960007,59820600.00
2023-07-21,131.339996,131.369995,128.419998,130.000000,130.000000,133307300.00
2023-07-24,130.309998,131.660004,128.350006,128.800003,128.800003,45591100.00
2023-07-25,129.309998,129.580002,128.529999,129.130005,129.130005,39236700.00
2023-07-26,126.510002,129.080002,126.110001,128.149994,128.149994,53910100.00
2023-07-27,131.000000,132.630005,127.790001,128.250000,128.250000,52610700.00
2023-07-28,129.690002,133.009995,129.330002,132.210007,132.210007,46317400.00
2023-07-31,133.199997,133.869995,132.380005,133.679993,133.679993,41901500.00
2023-08-01,133.550003,133.690002,131.619995,131.690002,131.690002,42098500.00
2023-08-02,130.149994,130.229996,126.820000,128.210007,128.210007,51027600.00
2023-08-03,127.480003,129.839996,126.410004,128.910004,128.910004,88585200.00
2023-08-04,141.059998,143.630005,139.320007,139.570007,139.570007,153128500.00
2023-08-07,140.990005,142.539993,138.949997,142.220001,142.220001,71213100.00
2023-08-08,140.619995,140.839996,138.419998,139.940002,139.940002,51710500.00
2023-08-09,139.970001,140.320007,137.100006,137.850006,137.850006,50017300.00
2023-08-10,139.070007,140.410004,137.490005,138.559998,138.559998,58928400.00
2023-08-11,137.399994,139.330002,137.000000,138.410004,138.410004,42905800.00
2023-08-14,138.300003,140.589996,137.750000,140.570007,140.570007,47148700.00
2023-08-15,140.050003,141.279999,137.229996,137.669998,137.669998,42781500.00
2023-08-16,137.190002,137.270004,135.009995,135.070007,135.070007,41675900.00
2023-08-17,135.460007,136.089996,133.529999,133.979996,133.979996,48354100.00
2023-08-18,131.619995,134.070007,131.149994,133.220001,133.220001,48497700.00
2023-08-21,133.740005,135.190002,132.710007,134.679993,134.679993,41442500.00
2023-08-22,135.080002,135.649994,133.729996,134.250000,134.250000,32905400.00
2023-08-23,134.500000,135.949997,133.220001,135.520004,135.520004,42801000.00
2023-08-24,136.399994,136.779999,131.830002,131.839996,131.839996,43646300.00
2023-08-25,132.470001,133.869995,130.580002,133.259995,133.259995,44147500.00
2023-08-28,133.779999,133.949997,131.850006,133.139999,133.139999,34108400.00
2023-08-29,133.380005,135.139999,133.250000,134.910004,134.910004,38646100.00
2023-08-30,134.929993,135.679993,133.919998,135.070007,135.070007,36137000.00
2023-08-31,135.059998,138.789993,135.000000,138.009995,138.009995,58781300.00
2023-09-01,139.460007,139.960007,136.880005,138.119995,138.119995,40991500.00
2023-09-05,137.729996,137.800003,135.820007,137.270004,137.270004,40636700.00
2023-09-06,136.320007,137.449997,134.610001,135.360001,135.360001,41785500.00
2023-09-07,133.899994,138.029999,133.160004,137.850006,137.850006,48498900.00
2023-09-08,136.860001,138.850006,136.750000,138.229996,138.229996,38348200.00
2023-09-11,138.750000,143.619995,138.639999,143.100006,143.100006,56764500.00
2023-09-12,142.320007,143.000000,140.610001,141.229996,141.229996,42668500.00
2023-09-13,140.949997,144.979996,140.869995,144.850006,144.850006,60465200.00
2023-09-14,145.080002,145.860001,142.949997,144.720001,144.720001,64033600.00
2023-09-15,142.690002,143.570007,140.089996,140.389999,140.389999,102909300.00
2023-09-18,140.479996,141.750000,139.220001,139.979996,139.979996,42823500.00
2023-09-19,138.699997,138.839996,135.559998,137.630005,137.630005,61482500.00
2023-09-20,138.550003,139.369995,135.199997,135.289993,135.289993,46263700.00
2023-09-21,131.940002,132.240005,129.309998,129.330002,129.330002,70343300.00
2023-09-22,131.110001,132.029999,128.520004,129.119995,129.119995,59904300.00
2023-09-25,129.360001,131.779999,128.770004,131.270004,131.270004,46017800.00
2023-09-26,130.119995,130.389999,125.279999,125.980003,125.980003,73048200.00
2023-09-27,125.760002,127.480003,124.129997,125.980003,125.980003,66553400.00
2023-09-28,124.040001,126.580002,123.040001,125.980003,125.980003,54555000.00
2023-09-29,128.199997,129.149994,126.320000,127.120003,127.120003,62411700.00
2023-10-02,127.279999,130.470001,126.540001,129.460007,129.460007,48029700.00
2023-10-03,128.059998,128.520004,124.250000,124.720001,124.720001,51565000.00
2023-10-04,126.059998,127.360001,125.680000,127.000000,127.000000,44203900.00
2023-10-05,126.709999,126.730003,124.330002,125.959999,125.959999,39660600.00
2023-10-06,124.160004,128.449997,124.129997,127.959999,127.959999,46836700.00
2023-10-09,126.220001,128.789993,124.760002,128.259995,128.259995,38773700.00
2023-10-10,128.820007,130.740005,128.050003,129.479996,129.479996,42178600.00
2023-10-11,129.740005,132.050003,129.610001,131.830002,131.830002,40741800.00
2023-10-12,132.169998,134.479996,131.229996,132.330002,132.330002,55528600.00
2023-10-13,132.979996,133.309998,128.949997,129.789993,129.789993,45786600.00
2023-10-16,130.690002,133.070007,130.429993,132.550003,132.550003,42832900.00
2023-10-17,130.389999,132.580002,128.710007,131.470001,131.470001,49344600.00
2023-10-18,129.899994,130.669998,127.510002,128.130005,128.130005,42699500.00
2023-10-19,130.570007,132.240005,127.470001,128.399994,128.399994,60961400.00
2023-10-20,128.050003,128.169998,124.970001,125.169998,125.169998,56406400.00
2023-10-23,124.629997,127.879997,123.980003,126.559998,126.559998,48260000.00
2023-10-24,127.739998,128.800003,126.339996,128.559998,128.559998,46477400.00
2023-10-25,126.040001,126.339996,120.790001,121.389999,121.389999,74577500.00
2023-10-26,120.629997,121.639999,118.349998,119.570000,119.570000,100419500.00
2023-10-27,126.199997,130.020004,125.519997,127.739998,127.739998,125309300.00
2023-10-30,129.720001,133.000000,128.559998,132.710007,132.710007,72485500.00
2023-10-31,132.750000,133.570007,131.710007,133.089996,133.089996,51589400.00
2023-11-01,133.960007,137.350006,133.710007,137.000000,137.000000,61529400.00
2023-11-02,138.729996,138.809998,136.470001,138.070007,138.070007,52236700.00
2023-11-03,138.990005,139.490005,137.449997,138.600006,138.600006,44059800.00
2023-11-06,138.759995,140.729996,138.360001,139.740005,139.740005,44970400.00
2023-11-07,140.550003,143.369995,140.500000,142.710007,142.710007,53553500.00
2023-11-08,142.970001,143.119995,141.220001,142.080002,142.080002,44521700.00
2023-11-09,142.020004,142.649994,139.839996,140.600006,140.600006,36235400.00
2023-11-10,140.460007,143.649994,139.910004,143.559998,143.559998,49287800.00
2023-11-13,142.080002,143.229996,140.669998,142.589996,142.589996,35680600.00
2023-11-14,145.000000,147.259995,144.679993,145.800003,145.800003,56674600.00
2023-11-15,147.059998,147.289993,142.589996,143.199997,143.199997,63875700.00
2023-11-16,140.910004,143.320007,139.520004,142.830002,142.830002,49653500.00
2023-11-17,142.660004,145.229996,142.539993,145.179993,145.179993,49636700.00
2023-11-20,145.130005,146.630005,144.729996,146.130005,146.130005,41951200.00
2023-11-21,143.910004,144.050003,141.500000,143.899994,143.899994,71226000.00
2023-11-22,144.570007,147.740005,144.570007,146.710007,146.710007,45669100.00
2023-11-24,146.699997,147.199997,145.320007,146.740005,146.740005,22378400.00
2023-11-27,147.529999,149.259995,146.880005,147.729996,147.729996,53762400.00
2023-11-28,146.979996,147.600006,145.529999,147.029999,147.029999,42711700.00
2023-11-29,147.850006,148.539993,145.970001,146.320007,146.320007,40610900.00
2023-11-30,144.759995,146.929993,144.330002,146.089996,146.089996,65814000.00
2023-12-01,146.000000,147.250000,145.550003,147.029999,147.029999,39951800.00
2023-12-04,145.250000,145.350006,142.809998,144.839996,144.839996,48294200.00
2023-12-05,143.550003,148.570007,143.130005,146.880005,146.880005,46822400.00
2023-12-06,147.580002,147.850006,144.279999,144.520004,144.520004,39679000.00
2023-12-07,146.149994,147.919998,145.339996,146.880005,146.880005,52352800.00
2023-12-08,145.479996,147.839996,145.399994,147.419998,147.419998,41906000.00
2023-12-11,145.660004,146.190002,143.639999,145.889999,145.889999,50907300.00
2023-12-12,145.520004,147.500000,145.300003,147.479996,147.479996,44944300.00
2023-12-13,148.119995,149.460007,146.820007,148.839996,148.839996,52766200.00
2023-12-14,149.929993,150.539993,145.520004,147.419998,147.419998,58400800.00
2023-12-15,148.380005,150.570007,147.880005,149.970001,149.970001,110089300.00
2023-12-18,150.559998,154.850006,150.050003,154.070007,154.070007,62512800.00
2023-12-19,154.399994,155.119995,152.690002,153.789993,153.789993,43171300.00
2023-12-20,152.899994,155.630005,151.559998,152.119995,152.119995,50322100.00
2023-12-21,153.300003,153.970001,152.100006,153.839996,153.839996,36305700.00
2023-12-22,153.770004,154.350006,152.710007,153.419998,153.419998,29514100.00
2023-12-26,153.559998,153.979996,153.029999,153.410004,153.410004,25067200.00
2023-12-27,153.559998,154.779999,153.119995,153.339996,153.339996,31434700.00
2023-12-28,153.720001,154.080002,152.949997,153.380005,153.380005,27057000.00
2023-12-29,153.100006,153.889999,151.029999,151.940002,151.940002,39823200.00
2024-01-02,151.539993,152.380005,148.389999,149.929993,149.929993,47339400.00
2024-01-03,149.199997,151.050003,148.330002,148.470001,148.470001,49425500.00
2024-01-04,145.589996,147.380005,144.050003,144.570007,144.570007,56039800.00
2024-01-05,144.690002,146.589996,144.529999,145.240005,145.240005,45153100.00
2024-01-08,146.740005,149.399994,146.149994,149.100006,149.100006,46757100.00
2024-01-09,148.330002,151.710007,148.210007,151.369995,151.369995,43812600.00
2024-01-10,152.059998,154.419998,151.880005,153.729996,153.729996,44421800.00
2024-01-11,155.039993,157.169998,153.119995,155.179993,155.179993,49072700.00
2024-01-12,155.389999,156.199997,154.009995,154.619995,154.619995,40484200.00
2024-01-16,153.529999,154.990005,152.149994,153.160004,153.160004,41384600.00
2024-01-17,151.490005,152.149994,149.910004,151.710007,151.710007,34953400.00
2024-01-18,152.770004,153.779999,151.820007,153.500000,153.500000,37850200.00
2024-01-19,153.830002,155.759995,152.740005,155.339996,155.339996,51651600.00
2024-01-22,156.889999,157.050003,153.899994,154.779999,154.779999,43687500.00
2024-01-23,154.850006,156.210007,153.929993,156.020004,156.020004,37986000.00
2024-01-24,157.800003,158.509995,156.479996,156.869995,156.869995,48547300.00
2024-01-25,156.949997,158.509995,154.550003,157.750000,157.750000,43638600.00
2024-01-26,158.419998,160.720001,157.910004,159.119995,159.119995,51047400.00
2024-01-29,159.339996,161.289993,158.899994,161.259995,161.259995,45270400.00
2024-01-30,160.699997,161.729996,158.490005,159.000000,159.000000,45207400.00
2024-01-31,157.000000,159.009995,154.809998,155.199997,155.199997,50284400.00
2024-02-01,155.869995,159.759995,155.619995,159.279999,159.279999,76542400.00
2024-02-02,169.190002,172.500000,167.330002,171.809998,171.809998,117218300.00
2024-02-05,170.199997,170.550003,167.699997,170.309998,170.309998,55081300.00
2024-02-06,169.389999,170.710007,167.649994,169.149994,169.149994,42505500.00
2024-02-07,169.479996,170.880005,168.940002,170.529999,170.529999,47174100.00
2024-02-08,169.649994,171.429993,168.880005,169.839996,169.839996,42316500.00
2024-02-09,170.899994,175.000000,170.580002,174.449997,174.449997,56986000.00
2024-02-12,174.800003,175.389999,171.539993,172.339996,172.339996,51050400.00
2024-02-13,167.729996,170.949997,165.750000,168.639999,168.639999,56345100.00
2024-02-14,169.210007,171.210007,168.279999,170.979996,170.979996,42815500.00
2024-02-15,170.580002,171.169998,167.589996,169.800003,169.800003,49855200.00
2024-02-16,168.740005,170.419998,167.169998,169.509995,169.509995,48107700.00
2024-02-20,167.830002,168.710007,165.740005,167.080002,167.080002,41980300.00
2024-02-21,168.940002,170.229996,167.139999,168.589996,168.589996,44420100.00
2024-02-22,173.100006,174.800003,171.770004,174.580002,174.580002,55392400.00
2024-02-23,174.279999,175.750000,173.699997,174.990005,174.990005,59715200.00
2024-02-26,175.699997,176.369995,174.259995,174.729996,174.729996,44368600.00
2024-02-27,174.080002,174.619995,172.860001,173.539993,173.539993,31141700.00
2024-02-28,172.440002,174.050003,172.270004,173.160004,173.160004,28180500.00
2024-02-29,173.009995,177.220001,172.850006,176.759995,176.759995,53805400.00
2024-03-01,176.750000,178.729996,176.070007,178.220001,178.220001,31981200.00
2024-03-04,177.529999,180.139999,177.490005,177.580002,177.580002,37381500.00
2024-03-05,176.929993,176.929993,173.300003,174.119995,174.119995,37228300.00
2024-03-06,175.539993,176.460007,173.259995,173.509995,173.509995,32090900.00
2024-03-07,174.830002,177.990005,173.720001,176.820007,176.820007,34063300.00
2024-03-08,176.440002,178.789993,174.330002,175.350006,175.350006,37893200.00
2024-03-11,174.309998,174.470001,171.470001,171.960007,171.960007,28484800.00
2024-03-12,173.500000,176.759995,171.979996,175.389999,175.389999,36610600.00
2024-03-13,175.899994,177.619995,175.550003,176.559998,176.559998,30772600.00
2024-03-14,177.690002,179.529999,176.470001,178.750000,178.750000,43705800.00
2024-03-15,176.639999,177.929993,173.899994,174.419998,174.419998,72147400.00
2024-03-18,175.800003,176.690002,174.279999,174.479996,174.479996,31250700.00
2024-03-19,174.220001,176.089996,173.520004,175.899994,175.899994,26880900.00
2024-03-20,176.139999,178.529999,174.639999,178.149994,178.149994,29947200.00
2024-03-21,179.990005,181.419998,178.149994,178.149994,178.149994,32824300.00
2024-03-22,177.750000,179.259995,176.750000,178.869995,178.869995,27995400.00
2024-03-25,178.009995,180.990005,177.240005,179.710007,179.710007,29815500.00
2024-03-26,180.149994,180.449997,177.949997,178.300003,178.300003,29659000.00
2024-03-27,179.880005,180.000000,177.309998,179.830002,179.830002,33272600.00
2024-03-28,180.169998,181.699997,179.259995,180.380005,180.380005,38051600.00
2024-04-01,180.789993,183.000000,179.949997,180.970001,180.970001,29174500.00
2024-04-02,179.070007,180.789993,178.380005,180.690002,180.690002,32611500.00
2024-04-03,179.899994,182.869995,179.800003,182.410004,182.410004,31046600.00
2024-04-04,184.000000,185.100006,180.000000,180.000000,180.000000,41624300.00
2024-04-05,182.380005,186.270004,181.970001,185.070007,185.070007,42374000.00
2024-04-08,186.899994,187.289993,184.809998,185.190002,185.190002,39221300.00
2024-04-09,187.240005,187.339996,184.199997,185.669998,185.669998,36520100.00
2024-04-10,182.770004,186.270004,182.669998,185.949997,185.949997,35879200.00
2024-04-11,186.740005,189.770004,185.509995,189.050003,189.050003,40020700.00
2024-04-12,187.720001,188.380005,185.080002,186.130005,186.130005,38608800.00
2024-04-15,187.429993,188.690002,183.000000,183.619995,183.619995,48052400.00
2024-04-16,183.270004,184.830002,182.259995,183.320007,183.320007,32891300.00
2024-04-17,184.309998,184.570007,179.820007,181.279999,181.279999,31359700.00
2024-04-18,181.470001,182.389999,178.649994,179.220001,179.220001,30723800.00
2024-04-19,178.740005,179.000000,173.440002,174.630005,174.630005,56000700.00
2024-04-22,176.940002,178.869995,174.559998,177.229996,177.229996,37924900.00
2024-04-23,178.080002,179.929993,175.979996,179.539993,179.539993,37046500.00
2024-04-24,179.940002,180.320007,176.179993,176.589996,176.589996,34185100.00
2024-04-25,169.679993,173.919998,166.320007,173.669998,173.669998,49249400.00
2024-04-26,177.800003,180.820007,176.130005,179.619995,179.619995,43919800.00
2024-04-29,182.750000,183.529999,179.389999,180.960007,180.960007,54063900.00
2024-04-30,181.089996,182.990005,174.800003,175.000000,175.000000,94639800.00
2024-05-01,181.639999,185.149994,176.559998,179.000000,179.000000,94645100.00
2024-05-02,180.850006,185.100006,179.910004,184.720001,184.720001,54303500.00
2024-05-03,186.990005,187.869995,185.419998,186.210007,186.210007,39172000.00
2024-05-06,186.279999,188.750000,184.800003,188.699997,188.699997,34725300.00
2024-05-07,188.919998,189.940002,187.309998,188.759995,188.759995,34048900.00
2024-05-08,187.440002,188.429993,186.389999,188.000000,188.000000,26136400.00
2024-05-09,188.880005,191.699997,187.440002,189.500000,189.500000,43368400.00
2024-05-10,189.160004,189.889999,186.929993,187.479996,187.479996,34141800.00
2024-05-13,188.000000,188.309998,185.360001,186.570007,186.570007,24898600.00
2024-05-14,183.820007,187.720001,183.449997,187.070007,187.070007,38698200.00
2024-05-15,185.970001,186.720001,182.729996,185.990005,185.990005,75459900.00
2024-05-16,185.600006,187.309998,183.460007,183.630005,183.630005,38834500.00
2024-05-17,183.759995,185.300003,183.350006,184.699997,184.699997,33175700.00
2024-05-20,184.339996,186.669998,183.279999,183.539993,183.539993,30511800.00
2024-05-21,182.300003,183.259995,180.750000,183.149994,183.149994,50839100.00
2024-05-22,183.880005,185.220001,181.970001,183.130005,183.130005,28148800.00
2024-05-23,183.660004,184.759995,180.080002,181.050003,181.050003,33670200.00
2024-05-24,181.649994,182.440002,180.300003,180.750000,180.750000,27471600.00
2024-05-28,179.929993,182.240005,179.490005,182.149994,182.149994,29927000.00
2024-05-29,181.699997,184.080002,181.550003,182.020004,182.020004,32009300.00
2024-05-30,181.309998,181.339996,178.360001,179.320007,179.320007,29184700.00
2024-05-31,178.300003,179.210007,173.869995,176.440002,176.440002,58903900.00
2024-06-03,177.699997,178.699997,175.919998,178.339996,178.339996,30786600.00
2024-06-04,177.639999,179.820007,176.440002,179.339996,179.339996,27198400.00
2024-06-05,180.100006,181.500000,178.750000,181.279999,181.279999,32116400.00
2024-06-06,181.750000,185.000000,181.490005,185.000000,185.000000,31371200.00
2024-06-07,184.899994,186.289993,183.360001,184.300003,184.300003,28021500.00
2024-06-10,184.070007,187.229996,183.789993,187.059998,187.059998,34445600.00
2024-06-11,187.059998,187.770004,184.539993,187.229996,187.229996,27265100.00
2024-06-12,188.020004,188.350006,185.429993,186.889999,186.889999,33984200.00
2024-06-13,186.089996,187.669998,182.669998,183.830002,183.830002,39721500.00
2024-06-14,183.080002,183.720001,182.229996,183.660004,183.660004,25456400.00
2024-06-17,182.520004,185.000000,181.220001,184.059998,184.059998,35601900.00
2024-06-18,183.740005,184.289993,181.429993,182.809998,182.809998,36659200.00
2024-06-20,182.910004,186.509995,182.720001,186.100006,186.100006,44726800.00
2024-06-21,187.800003,189.279999,185.860001,189.080002,189.080002,70792500.00
2024-06-24,189.330002,191.000000,185.330002,185.570007,185.570007,50610400.00
2024-06-25,186.809998,188.839996,185.419998,186.339996,186.339996,45366400.00
2024-06-26,186.919998,194.800003,186.259995,193.610001,193.610001,65103900.00
2024-06-27,195.009995,199.839996,194.199997,197.850006,197.850006,74397500.00
2024-06-28,197.729996,198.850006,192.500000,193.250000,193.250000,76930200.00
2024-07-01,193.490005,198.300003,192.820007,197.199997,197.199997,41192000.00
2024-07-02,197.279999,200.429993,195.929993,200.000000,200.000000,45600000.00
2024-07-03,199.940002,200.029999,196.759995,197.589996,197.589996,31597900.00
2024-07-05,198.649994,200.550003,198.169998,200.000000,200.000000,39858900.00
2024-07-08,200.039993,201.199997,197.960007,199.289993,199.289993,34767300.00
2024-07-09,199.399994,200.570007,199.050003,199.339996,199.339996,32700100.00
2024-07-10,200.000000,200.110001,197.690002,199.789993,199.789993,32883800.00
2024-07-11,200.089996,200.270004,192.860001,195.050003,195.050003,44565000.00
2024-07-12,194.800003,196.470001,193.830002,194.490005,194.490005,30598500.00
2024-07-15,194.559998,196.190002,190.830002,192.720001,192.720001,40683200.00
2024-07-16,195.589996,196.619995,192.240005,193.020004,193.020004,33994700.00
2024-07-17,191.350006,191.580002,185.990005,187.929993,187.929993,48076100.00
2024-07-18,189.589996,189.679993,181.449997,183.750000,183.750000,51043600.00
2024-07-19,181.139999,184.929993,180.110001,183.130005,183.130005,43081800.00
2024-07-22,185.000000,185.059998,182.479996,182.550003,182.550003,39931900.00
2024-07-23,184.100006,189.389999,183.559998,186.410004,186.410004,47537700.00
2024-07-24,183.199997,185.449997,180.410004,180.830002,180.830002,41532400.00
2024-07-25,182.910004,183.899994,176.800003,179.850006,179.850006,44464200.00
2024-07-26,180.389999,183.190002,180.240005,182.500000,182.500000,29506000.00
2024-07-29,183.839996,184.750000,182.380005,183.199997,183.199997,33270100.00
2024-07-30,184.720001,185.860001,179.380005,181.710007,181.710007,39508600.00
2024-07-31,185.050003,187.940002,184.460007,186.979996,186.979996,41667300.00
2024-08-01,189.289993,190.600006,181.869995,184.070007,184.070007,70435600.00
2024-08-02,166.750000,168.770004,160.550003,167.899994,167.899994,141448400.00
2024-08-05,154.210007,162.960007,151.610001,161.020004,161.020004,83149400.00
2024-08-06,161.710007,165.080002,158.539993,161.929993,161.929993,59950800.00
2024-08-07,166.550003,167.580002,161.429993,162.770004,162.770004,48408200.00
2024-08-08,165.169998,166.690002,162.550003,165.800003,165.800003,44616200.00
2024-08-09,166.399994,168.550003,165.850006,166.940002,166.940002,36401000.00
2024-08-12,168.139999,168.550003,166.110001,166.800003,166.800003,30072800.00
2024-08-13,167.809998,171.039993,167.100006,170.229996,170.229996,39237900.00
2024-08-14,172.110001,172.279999,168.860001,170.100006,170.100006,28843800.00
2024-08-15,174.860001,177.910004,173.990005,177.589996,177.589996,51698500.00
2024-08-16,177.039993,178.339996,176.259995,177.059998,177.059998,31489200.00
2024-08-19,177.639999,178.300003,176.160004,178.220001,178.220001,31129800.00
2024-08-20,177.919998,179.009995,177.429993,178.880005,178.880005,26255200.00
2024-08-21,179.919998,182.389999,178.889999,180.110001,180.110001,35599100.00
2024-08-22,181.380005,181.470001,175.679993,176.130005,176.130005,32047500.00
2024-08-23,177.339996,178.970001,175.240005,177.039993,177.039993,29150100.00
2024-08-26,176.699997,177.470001,174.300003,175.500000,175.500000,22366200.00
2024-08-27,174.149994,174.889999,172.250000,173.119995,173.119995,29842000.00
2024-08-28,173.690002,173.690002,168.919998,170.800003,170.800003,29045000.00
2024-08-29,173.220001,174.289993,170.809998,172.119995,172.119995,26407800.00
2024-08-30,172.779999,178.899994,172.600006,178.500000,178.500000,43429400.00
2024-09-03,177.550003,178.259995,175.259995,176.250000,176.250000,37817500.00
2024-09-04,174.479996,175.979996,172.539993,173.330002,173.330002,30309200.00
2024-09-05,175.000000,179.880005,175.000000,177.889999,177.889999,40170500.00
2024-09-06,177.240005,178.380005,171.160004,171.389999,171.389999,41466500.00
2024-09-09,174.529999,175.850006,173.509995,175.399994,175.399994,29037400.00
2024-09-10,177.490005,180.500000,176.789993,179.550003,179.550003,36233800.00
2024-09-11,180.100006,184.990005,175.729996,184.520004,184.520004,42564700.00
2024-09-12,184.800003,187.410004,183.539993,187.000000,187.000000,33544200.00
2024-09-13,187.000000,188.500000,185.910004,186.490005,186.490005,26495400.00
2024-09-16,185.289993,185.809998,183.360001,184.889999,184.889999,26065500.00
2024-09-17,186.850006,189.449997,186.139999,186.880005,186.880005,26091700.00
2024-09-18,186.449997,188.800003,185.059998,186.429993,186.429993,34448100.00
2024-09-19,190.039993,190.990005,188.470001,189.869995,189.869995,39543200.00
2024-09-20,190.229996,191.839996,187.410004,191.600006,191.600006,100378600.00
2024-09-23,191.639999,194.449997,190.570007,193.880005,193.880005,36993100.00
2024-09-24,194.270004,195.369995,190.130005,193.960007,193.960007,43478900.00
2024-09-25,193.750000,193.949997,192.160004,192.529999,192.529999,26391100.00
2024-09-26,194.309998,194.529999,189.539993,191.160004,191.160004,36334900.00
2024-09-27,190.679993,190.899994,187.339996,187.970001,187.970001,36002300.00
2024-09-30,187.139999,188.490005,184.649994,186.330002,186.330002,41583900.00
2024-10-01,184.899994,186.190002,183.449997,185.130005,185.130005,36044900.00
2024-10-02,184.440002,186.600006,184.039993,184.759995,184.759995,23704100.00
2024-10-03,183.050003,183.440002,180.880005,181.960007,181.960007,30204300.00
2024-10-04,185.750000,187.600006,183.600006,186.509995,186.509995,40890300.00
2024-10-07,182.949997,183.600006,180.250000,180.800003,180.800003,42364200.00
2024-10-08,181.919998,183.089996,180.919998,182.720001,182.720001,26372100.00
2024-10-09,182.820007,185.850006,182.050003,185.169998,185.169998,26343100.00
2024-10-10,187.130005,188.130005,185.830002,186.649994,186.649994,27785000.00
2024-10-11,186.630005,189.929993,186.300003,188.820007,188.820007,25751600.00
2024-10-14,189.779999,189.830002,187.360001,187.539993,187.539993,22614400.00
2024-10-15,187.630005,188.410004,184.580002,187.690002,187.690002,32178900.00
2024-10-16,187.050003,187.779999,185.610001,186.889999,186.889999,23456800.00
2024-10-17,188.220001,188.940002,186.000000,187.529999,187.529999,25039400.00
2024-10-18,187.149994,190.740005,186.279999,188.990005,188.990005,37417700.00
2024-10-21,188.050003,189.460007,186.399994,189.070007,189.070007,24639400.00
2024-10-22,188.350006,191.520004,186.979996,189.699997,189.699997,29650600.00
2024-10-23,188.850006,189.160004,183.690002,184.710007,184.710007,31937100.00
2024-10-24,185.250000,187.110001,183.860001,186.380005,186.380005,21647400.00
2024-10-25,187.850006,190.449997,187.529999,187.830002,187.830002,29362100.00
2024-10-28,189.570007,190.210007,188.210007,188.389999,188.389999,27930800.00
2024-10-29,188.580002,191.460007,187.820007,190.830002,190.830002,35690200.00
2024-10-30,194.699997,195.610001,192.419998,192.729996,192.729996,37707600.00
2024-10-31,190.509995,190.600006,185.229996,186.399994,186.399994,75146800.00
2024-11-01,199.000000,200.500000,197.020004,197.929993,197.929993,99687800.00
2024-11-04,196.449997,197.330002,194.309998,195.779999,195.779999,38492100.00
2024-11-05,196.039993,199.820007,195.990005,199.500000,199.500000,30564800.00
2024-11-06,200.009995,207.550003,199.139999,207.089996,207.089996,72292200.00
2024-11-07,207.440002,212.250000,207.190002,210.050003,210.050003,52878400.00
2024-11-08,209.720001,209.960007,207.440002,208.179993,208.179993,36075800.00
2024-11-11,208.500000,209.649994,205.589996,206.839996,206.839996,35456000.00
2024-11-12,208.369995,209.539993,206.009995,208.910004,208.910004,38942900.00
2024-11-13,209.399994,215.089996,209.139999,214.100006,214.100006,46212900.00
2024-11-14,214.160004,215.899994,210.880005,211.479996,211.479996,42620300.00
2024-11-15,206.759995,207.339996,199.610001,202.610001,202.610001,86591100.00
2024-11-18,204.149994,204.669998,200.949997,201.699997,201.699997,36409900.00
2024-11-19,199.330002,205.300003,198.779999,204.610001,204.610001,31197900.00
2024-11-20,202.979996,203.130005,199.449997,202.880005,202.880005,32769000.00
2024-11-21,203.490005,203.490005,195.750000,198.380005,198.380005,58800000.00
2024-11-22,198.250000,199.259995,196.750000,197.119995,197.119995,31530800.00
2024-11-25,199.279999,201.949997,199.000000,201.449997,201.449997,40685700.00
2024-11-26,201.899994,208.000000,201.789993,207.860001,207.860001,41673700.00
2024-11-27,206.979996,207.639999,205.050003,205.740005,205.740005,28061600.00
2024-11-29,205.830002,208.199997,204.589996,207.889999,207.889999,24892400.00
2024-12-02,209.960007,212.990005,209.509995,210.710007,210.710007,39523200.00
2024-12-03,210.309998,214.020004,209.649994,213.440002,213.440002,32214800.00
2024-12-04,215.960007,220.000000,215.750000,218.160004,218.160004,48745700.00
2024-12-05,218.029999,222.149994,217.300003,220.550003,220.550003,41140200.00
2024-12-06,220.750000,227.149994,220.600006,227.029999,227.029999,44178100.00
2024-12-09,227.210007,230.080002,225.669998,226.089996,226.089996,46819400.00
2024-12-10,226.089996,229.059998,224.199997,225.039993,225.039993,31199900.00
2024-12-11,226.410004,231.199997,226.259995,230.259995,230.259995,35385800.00
2024-12-12,229.830002,231.089996,227.630005,228.970001,228.970001,28204100.00
2024-12-13,228.399994,230.199997,225.860001,227.460007,227.460007,28768100.00
2024-12-16,230.229996,233.000000,228.009995,232.929993,232.929993,37552100.00
2024-12-17,232.389999,232.729996,227.850006,231.149994,231.149994,35948100.00
2024-12-18,230.770004,231.399994,220.110001,220.520004,220.520004,43281400.00
2024-12-19,224.910004,226.089996,222.919998,223.289993,223.289993,39918700.00
2024-12-20,219.839996,226.210007,218.729996,224.919998,224.919998,88279200.00
2024-12-23,225.009995,226.880005,223.899994,225.059998,225.059998,28070000.00
2024-12-24,226.940002,229.139999,226.130005,229.050003,229.050003,15007500.00
2024-12-26,228.500000,228.500000,226.669998,227.050003,227.050003,16146700.00
2024-12-27,225.600006,226.029999,220.899994,223.750000,223.750000,27367100.00
2024-12-30,220.059998,223.000000,218.429993,221.300003,221.300003,28321200.00
2024-12-31,222.970001,223.229996,218.940002,219.389999,219.389999,24819700.00
2025-01-02,222.029999,225.149994,218.190002,220.220001,220.220001,33956600.00
2025-01-03,222.509995,225.360001,221.619995,224.190002,224.190002,27515600.00
2025-01-06,226.779999,228.839996,224.839996,227.610001,227.610001,31849800.00
2025-01-07,227.899994,228.380005,221.460007,222.110001,222.110001,28084200.00
2025-01-08,223.190002,223.520004,220.199997,222.130005,222.130005,25033300.00
2025-01-10,221.460007,221.710007,216.500000,218.940002,218.940002,36811500.00
2025-01-13,218.059998,219.399994,216.470001,218.460007,218.460007,27262700.00
2025-01-14,220.440002,221.820007,216.199997,217.759995,217.759995,24711700.00
2025-01-15,222.830002,223.570007,220.750000,223.350006,223.350006,31291300.00
2025-01-16,224.419998,224.649994,220.309998,220.660004,220.660004,24757300.00
2025-01-17,225.839996,226.509995,223.080002,225.940002,225.940002,42370100.00
2025-01-21,228.899994,231.779999,226.940002,230.710007,230.710007,39951500.00
2025-01-22,232.020004,235.440002,231.190002,235.009995,235.009995,41448200.00
2025-01-23,234.100006,235.520004,231.509995,235.419998,235.419998,26404400.00
2025-01-24,234.500000,236.399994,232.929993,234.850006,234.850006,25890700.00
2025-01-27,226.210007,235.610001,225.860001,235.419998,235.419998,49428300.00
2025-01-28,234.289993,241.770004,233.979996,238.149994,238.149994,41587200.00
2025-01-29,239.020004,240.389999,236.149994,237.070007,237.070007,26091700.00
2025-01-30,237.139999,237.949997,232.220001,234.639999,234.639999,32020700.00
2025-01-31,236.500000,240.289993,236.410004,237.679993,237.679993,36110200.00
2025-02-03,234.059998,239.250000,232.899994,237.419998,237.419998,37285900.00
2025-02-04,239.009995,242.520004,238.029999,242.059998,242.059998,29713800.00
2025-02-05,237.020004,238.320007,235.199997,236.169998,236.169998,38727300.00
2025-02-06,238.009995,239.660004,236.009995,238.830002,238.830002,60897100.00
2025-02-07,232.500000,234.809998,228.059998,229.149994,229.149994,77539300.00
2025-02-10,230.550003,233.919998,229.199997,233.139999,233.139999,35419900.00
2025-02-11,231.919998,233.440002,230.130005,232.759995,232.759995,23713700.00
2025-02-12,230.460007,231.179993,228.160004,228.929993,228.929993,32285200.00
2025-02-13,228.850006,230.419998,227.520004,230.369995,230.369995,31346500.00
2025-02-14,229.199997,229.889999,227.229996,228.679993,228.679993,27031100.00
2025-02-18,228.820007,229.300003,223.720001,226.649994,226.649994,42975100.00
2025-02-19,225.520004,226.830002,223.710007,226.630005,226.630005,28566700.00
2025-02-20,224.779999,225.130005,221.809998,222.880005,222.880005,30001700.00
2025-02-21,223.279999,223.309998,214.740005,216.580002,216.580002,55323900.00
2025-02-24,217.449997,217.720001,212.419998,212.710007,212.710007,42387600.00
2025-02-25,211.630005,213.339996,204.160004,212.800003,212.800003,58958000.00
2025-02-26,214.940002,218.160004,213.089996,214.350006,214.350006,39120600.00
2025-02-27,218.350006,219.970001,208.369995,208.740005,208.740005,40548600.00
2025-02-28,208.649994,212.619995,206.990005,212.279999,212.279999,51771700.00
2025-03-03,213.350006,214.009995,202.550003,205.020004,205.020004,42948400.00
2025-03-04,200.110001,206.800003,197.429993,203.800003,203.800003,60853100.00
2025-03-05,204.800003,209.979996,203.259995,208.360001,208.360001,38610100.00
2025-03-06,204.399994,205.770004,198.300003,200.699997,200.699997,49863800.00
2025-03-07,199.490005,202.270004,192.529999,199.250000,199.250000,59802800.00
2025-03-10,195.600006,196.729996,190.850006,194.539993,194.539993,62350900.00
2025-03-11,193.899994,200.179993,193.399994,196.589996,196.589996,54002900.00
2025-03-12,200.720001,201.520004,195.289993,198.889999,198.889999,43679300.00
2025-03-13,198.169998,198.880005,191.820007,193.889999,193.889999,41270800.00
2025-03-14,197.410004,198.649994,195.320007,197.949997,197.949997,38096700.00
2025-03-17,198.770004,199.000000,194.320007,195.740005,195.740005,47341800.00
2025-03-18,192.520004,194.000000,189.380005,192.820007,192.820007,40414900.00
2025-03-19,193.380005,195.970001,191.960007,195.539993,195.539993,39442900.00
2025-03-20,193.070007,199.320007,192.300003,194.949997,194.949997,38921100.00
2025-03-21,192.899994,196.990005,192.520004,196.210007,196.210007,60056900.00
2025-03-24,200.000000,203.639999,199.949997,203.259995,203.259995,41625400.00
2025-03-25,203.600006,206.210007,203.220001,205.710007,205.710007,31171200.00
2025-03-26,205.839996,206.009995,199.929993,201.130005,201.130005,32855300.00
2025-03-27,200.889999,203.789993,199.279999,201.360001,201.360001,27317700.00
2025-03-28,198.419998,199.259995,191.880005,192.720001,192.720001,52548200.00
2025-03-31,188.190002,191.330002,184.399994,190.259995,190.259995,63547600.00
2025-04-01,187.860001,193.929993,187.199997,192.169998,192.169998,41267300.00
2025-04-02,187.660004,198.339996,187.660004,196.009995,196.009995,53679200.00
2025-04-03,183.000000,184.130005,176.919998,178.410004,178.410004,95553600.00
2025-04-04,167.149994,178.139999,166.000000,171.000000,171.000000,123159400.00
2025-04-07,162.000000,183.410004,161.380005,175.259995,175.259995,109327100.00
2025-04-08,185.229996,185.899994,168.570007,170.660004,170.660004,87710400.00
2025-04-09,172.119995,192.649994,169.929993,191.100006,191.100006,116804300.00
2025-04-10,185.440002,186.869995,175.850006,181.220001,181.220001,68302000.00
2025-04-11,179.929993,185.860001,178.000000,184.869995,184.869995,50594300.00
2025-04-14,186.839996,187.440002,179.229996,182.119995,182.119995,48002500.00
2025-04-15,181.410004,182.350006,177.929993,179.589996,179.589996,43642000.00
2025-04-16,176.289993,179.100006,171.410004,174.330002,174.330002,51875300.00
2025-04-17,176.000000,176.210007,172.000000,172.610001,172.610001,44726500.00
2025-04-21,169.600006,169.600006,165.289993,167.320007,167.320007,48126100.00
2025-04-22,169.850006,176.779999,169.350006,173.179993,173.179993,56607200.00
2025-04-23,183.449997,187.380005,180.190002,180.600006,180.600006,63470100.00
2025-04-24,180.919998,186.740005,180.179993,186.539993,186.539993,43763200.00
2025-04-25,187.619995,189.940002,185.490005,188.990005,188.990005,36414300.00
2025-04-28,190.110001,190.220001,184.889999,187.699997,187.699997,33224700.00
2025-04-29,183.990005,188.020004,183.679993,187.389999,187.389999,41667300.00
2025-04-30,182.169998,185.050003,178.850006,184.419998,184.419998,55176500.00
2025-05-01,190.630005,191.809998,187.500000,190.199997,190.199997,74266000.00
2025-05-02,191.440002,192.880005,186.399994,189.979996,189.979996,77903500.00
2025-05-05,186.509995,188.179993,185.529999,186.350006,186.350006,35217500.00
2025-05-06,184.570007,187.929993,183.850006,185.009995,185.009995,29314100.00
2025-05-07,185.559998,190.990005,185.009995,188.710007,188.710007,43948600.00
2025-05-08,191.429993,194.330002,188.820007,192.080002,192.080002,41043600.00
2025-05-09,193.380005,194.690002,191.160004,193.059998,193.059998,29663100.00
2025-05-12,210.710007,211.660004,205.750000,208.639999,208.639999,75205000.00
2025-05-13,211.080002,214.839996,210.100006,211.369995,211.369995,56193700.00
2025-05-14,211.449997,211.929993,208.850006,210.250000,210.250000,38492100.00
2025-05-15,206.449997,206.880005,202.669998,205.169998,205.169998,64347300.00
2025-05-16,206.850006,206.850006,204.369995,205.589996,205.589996,43318500.00
2025-05-19,201.649994,206.619995,201.259995,206.160004,206.160004,34314800.00
2025-05-20,204.630005,205.589996,202.649994,204.070007,204.070007,29470400.00
2025-05-21,201.610001,203.460007,200.059998,201.119995,201.119995,42460900.00
2025-05-22,201.380005,205.759995,200.160004,203.100006,203.100006,38938900.00
2025-05-23,198.899994,202.369995,197.850006,200.990005,200.990005,33393500.00
2025-05-27,203.089996,206.690002,202.190002,206.020004,206.020004,34892000.00
2025-05-28,205.919998,207.660004,204.410004,204.720001,204.720001,28549800.00
2025-05-29,208.029999,208.809998,204.229996,205.699997,205.699997,34650000.00
2025-05-30,204.839996,205.990005,201.699997,205.009995,205.009995,51679400.00
2025-06-02,204.979996,207.000000,202.679993,206.649994,206.649994,29113300.00
2025-06-03,207.110001,208.949997,205.029999,205.710007,205.710007,33139100.00
2025-06-04,206.550003,208.179993,205.179993,207.229996,207.229996,29915600.00
2025-06-05,209.550003,212.809998,207.559998,207.910004,207.910004,51864200.00
2025-06-06,212.399994,213.869995,210.500000,213.570007,213.570007,39832500.00
2025-06-09,214.750000,217.850006,212.880005,216.979996,216.979996,38102500.00
2025-06-10,216.779999,217.690002,214.149994,217.610001,217.610001,31303300.00
2025-06-11,217.410004,218.399994,212.889999,213.199997,213.199997,39326000.00
2025-06-12,211.779999,213.580002,211.330002,213.240005,213.240005,27640000.00
2025-06-13,209.960007,214.050003,209.619995,212.100006,212.100006,29337800.00
2025-06-16,212.309998,217.059998,211.600006,216.100006,216.100006,33284200.00
2025-06-17,215.199997,217.410004,214.559998,214.820007,214.820007,32086300.00
2025-06-18,215.089996,217.960007,212.339996,212.520004,212.520004,44360500.00
2025-06-20,214.679993,214.889999,208.270004,209.690002,209.690002,75350700.00
2025-06-23,209.789993,210.389999,207.309998,208.470001,208.470001,37311700.00
2025-06-24,212.139999,214.339996,211.050003,212.770004,212.770004,38378800.00
2025-06-25,214.619995,216.029999,211.110001,211.990005,211.990005,31755700.00
2025-06-26,213.119995,218.039993,212.009995,217.119995,217.119995,50480800.00
2025-06-27,219.919998,223.300003,216.740005,223.300003,223.300003,119217100.00
2025-06-30,223.520004,223.820007,219.119995,219.389999,219.389999,58887800.00
2025-07-01,219.500000,221.880005,217.929993,220.460007,220.460007,39256800.00
2025-07-02,219.729996,221.600006,219.059998,219.919998,219.919998,30894200.00
2025-07-03,221.820007,224.009995,221.360001,223.410004,223.410004,29632400.00
2025-07-07,223.000000,224.289993,222.369995,223.470001,223.470001,36604100.00
2025-07-08,223.919998,224.000000,218.429993,219.360001,219.360001,45692000.00
2025-07-09,221.070007,224.289993,220.470001,222.539993,222.539993,38155100.00
2025-07-10,221.550003,222.789993,219.699997,222.259995,222.259995,30370600.00
2025-07-11,223.580002,226.679993,222.369995,225.020004,225.020004,50518300.00
2025-07-14,225.070007,226.660004,224.240005,225.690002,225.690002,35702600.00
2025-07-15,226.199997,227.270004,225.460007,226.350006,226.350006,34907300.00
2025-07-16,225.880005,226.100006,222.179993,223.190002,223.190002,39535900.00
2025-07-17,223.320007,224.500000,222.509995,223.880005,223.880005,31855800.00
2025-07-18,225.139999,226.399994,222.979996,226.130005,226.130005,37833800.00
2025-07-21,225.839996,229.690002,225.649994,229.300003,229.300003,40297600.00
2025-07-22,229.679993,230.000000,226.350006,227.470001,227.470001,37483700.00
2025-07-23,228.470001,228.789993,227.089996,228.289993,228.289993,28294900.00
2025-07-24,229.169998,236.000000,228.639999,232.229996,232.229996,42902300.00
2025-07-25,232.220001,232.479996,231.179993,231.440002,231.440002,28712100.00
2025-07-28,233.350006,234.289993,232.250000,232.789993,232.789993,26300100.00
2025-07-29,234.149994,234.720001,230.309998,231.009995,231.009995,33716200.00
2025-07-30,231.639999,231.800003,229.289993,230.190002,230.190002,32993300.00
2025-07-31,235.770004,236.529999,231.399994,234.110001,234.110001,104357300.00
2025-08-01,217.210007,220.440002,212.800003,214.750000,214.750000,122258800.00
2025-08-04,217.399994,217.440002,211.419998,211.649994,211.649994,77890100.00
2025-08-05,213.050003,216.300003,212.869995,213.750000,213.750000,51505100.00
2025-08-06,214.699997,222.649994,213.740005,222.309998,222.309998,54823000.00
2025-08-07,221.000000,226.220001,220.820007,223.130005,223.130005,40603500.00
2025-08-08,223.139999,223.800003,221.880005,222.690002,222.690002,32970500.00
2025-08-11,221.779999,223.050003,220.399994,221.300003,221.300003,31646200.00
2025-08-12,222.229996,223.500000,219.050003,221.470001,221.470001,37185800.00
2025-08-13,222.000000,224.919998,222.000000,224.559998,224.559998,36508300.00
2025-08-14,227.399994,233.110001,227.020004,230.979996,230.979996,61545800.00
2025-08-15,232.580002,234.080002,229.809998,231.029999,231.029999,39649200.00
2025-08-18,230.229996,231.910004,228.330002,231.490005,231.490005,25248900.00
2025-08-19,230.089996,230.529999,227.119995,228.009995,228.009995,29891000.00
2025-08-20,227.119995,227.270004,220.919998,223.809998,223.809998,36604300.00
2025-08-21,222.649994,222.779999,220.500000,221.949997,221.949997,32140500.00
2025-08-22,222.789993,229.139999,220.820007,228.839996,228.839996,37315300.00
2025-08-25,227.350006,229.600006,227.309998,227.940002,227.940002,22633700.00
2025-08-26,227.110001,229.000000,226.020004,228.710007,228.710007,26105400.00
2025-08-27,228.570007,229.869995,227.809998,229.119995,229.119995,21254500.00
2025-08-28,229.009995,232.710007,228.020004,231.600006,231.600006,33679600.00
2025-08-29,231.320007,231.809998,228.160004,229.000000,229.000000,26199200.00
2025-09-02,223.520004,226.169998,221.830002,225.339996,225.339996,38843900.00
2025-09-03,225.210007,227.169998,224.360001,225.990005,225.990005,29223100.00
2025-09-04,231.190002,235.770004,230.779999,235.679993,235.679993,59391800.00
2025-09-05,235.190002,236.000000,231.929993,232.330002,232.330002,36721800.00
2025-09-08,234.940002,237.600006,233.750000,235.839996,235.839996,33947100.00
2025-09-09,236.360001,238.850006,235.080002,238.240005,238.240005,27033800.00
2025-09-10,237.520004,237.679993,229.100006,230.330002,230.330002,60907700.00
2025-09-11,231.490005,231.529999,229.339996,229.949997,229.949997,37485600.00
2025-09-12,230.350006,230.789993,226.289993,228.149994,228.149994,38496200.00
2025-09-15,230.630005,233.729996,230.320007,231.429993,231.429993,33243300.00
2025-09-16,232.940002,235.899994,232.229996,234.050003,234.050003,38203900.00
2025-09-17,233.770004,234.300003,228.710007,231.619995,231.619995,42815200.00
2025-09-18,232.500000,233.479996,228.789993,231.229996,231.229996,37931700.00
2025-09-19,232.369995,234.160004,229.699997,231.479996,231.479996,97943200.00
2025-09-22,230.559998,230.570007,227.509995,227.630005,227.630005,45914500.00
2025-09-23,227.830002,227.860001,220.070007,220.710007,220.710007,70956200.00
2025-09-24,224.149994,224.559998,219.449997,220.210007,220.210007,49509000.00
2025-09-25,220.059998,220.669998,216.470001,218.149994,218.149994,52226300.00
2025-09-26,219.080002,221.050003,218.020004,219.779999,219.779999,41650100.00
2025-09-29,220.080002,222.600006,219.300003,222.169998,222.169998,44259200.00
2025-09-30,222.029999,222.240005,217.889999,219.570007,219.570007,48396400.00
2025-10-01,217.360001,222.149994,216.610001,220.630005,220.630005,43933800.00
2025-10-02,221.009995,222.809998,218.949997,222.410004,222.410004,41258600.00
2025-10-03,223.440002,224.199997,219.339996,219.509995,219.509995,43639000.00
2025-10-06,221.000000,221.729996,216.029999,220.899994,220.899994,43690900.00
2025-10-07,220.880005,222.889999,220.169998,221.779999,221.779999,31194700.00
2025-10-08,222.919998,226.729996,221.190002,225.220001,225.220001,46686000.00
2025-10-09,225.000000,228.210007,221.750000,227.740005,227.740005,46412100.00
2025-10-10,226.210007,228.250000,216.000000,216.369995,216.369995,72367500.00
2025-10-13,217.699997,220.679993,217.039993,220.070007,220.070007,37809700.00
2025-10-14,215.559998,219.320007,212.600006,216.389999,216.389999,45665600.00
2025-10-15,216.619995,217.710007,212.660004,215.570007,215.570007,45909500.00
2025-10-16,215.669998,218.589996,212.809998,214.470001,214.470001,42414600.00
2025-10-17,214.559998,214.800003,211.029999,213.039993,213.039993,45986900.00
2025-10-20,213.880005,216.690002,213.589996,216.479996,216.479996,38882800.00
2025-10-21,218.429993,223.320007,217.990005,222.029999,222.029999,50494600.00
2025-10-22,219.300003,220.009995,216.520004,217.949997,217.949997,44308500.00
2025-10-23,219.000000,221.300003,218.179993,221.089996,221.089996,31540000.00
2025-10-24,221.970001,225.399994,221.899994,224.210007,224.210007,38685100.00
2025-10-27,227.660004,228.399994,225.539993,226.970001,226.970001,38267000.00
2025-10-28,228.220001,231.490005,226.210007,229.250000,229.250000,47100000.00
2025-10-29,231.669998,232.820007,227.759995,230.300003,230.300003,52036200.00
2025-10-30,227.059998,228.440002,222.750000,222.860001,222.860001,102252900.00
2025-10-31,250.100006,250.500000,243.979996,244.220001,244.220001,166340800.00
2025-11-03,255.360001,258.600006,252.899994,254.000000,254.000000,95997800.00
2025-11-04,250.380005,257.010010,248.660004,249.320007,249.320007,51546300.00
2025-11-05,249.029999,251.000000,246.160004,250.199997,250.199997,40610700.00
2025-11-06,249.160004,250.380005,242.169998,243.039993,243.039993,46004200.00
2025-11-07,242.899994,244.899994,238.490005,244.410004,244.410004,46374300.00
2025-11-10,248.339996,251.750000,245.589996,248.399994,248.399994,36476500.00
2025-11-11,248.410004,249.750000,247.229996,249.100006,249.100006,23564100.00
2025-11-12,250.240005,250.369995,243.750000,244.199997,244.199997,31190100.00
2025-11-13,243.050003,243.750000,236.500000,237.580002,237.580002,41401700.00
2025-11-14,235.059998,238.729996,232.889999,234.690002,234.690002,38956700.00
2025-11-17,233.250000,234.600006,229.190002,232.869995,232.869995,59919000.00
2025-11-18,228.100006,230.199997,222.419998,222.550003,222.550003,60608400.00
2025-11-19,223.740005,223.740005,218.520004,222.690002,222.690002,58335600.00
2025-11-20,227.050003,227.410004,216.740005,217.139999,217.139999,50309000.00
2025-11-21,216.350006,222.210007,215.179993,220.690002,220.690002,68490500.00
2025-11-24,222.559998,227.330002,222.270004,226.279999,226.279999,54318400.00
2025-11-25,226.380005,230.520004,223.800003,229.669998,229.669998,39379300.00
2025-11-26,230.740005,231.750000,228.770004,229.160004,229.160004,38497900.00
2025-11-28,231.240005,233.289993,230.220001,233.220001,233.220001,20292300.00
2025-12-01,233.220001,235.800003,232.250000,233.880005,233.880005,42904000.00
2025-12-02,235.009995,238.970001,233.550003,234.419998,234.419998,45785400.00
2025-12-03,233.350006,233.380005,230.610001,232.380005,232.380005,35495100.00
2025-12-04,232.770004,233.500000,226.800003,229.110001,229.110001,45683200.00
2025-12-05,230.320007,231.240005,228.550003,229.529999,229.529999,33117400.00
2025-12-08,229.589996,230.830002,226.270004,226.889999,226.889999,35019200.00
2025-12-09,226.839996,228.570007,225.110001,227.919998,227.919998,25841700.00
2025-12-10,228.809998,232.419998,228.460007,231.779999,231.779999,38790700.00
2025-12-11,230.710007,232.110001,228.690002,230.279999,230.279999,28249600.00
2025-12-12,229.869995,230.080002,225.119995,226.190002,226.190002,35639100.00
2025-12-15,227.929993,227.929993,221.500000,222.539993,222.539993,47286100.00
2025-12-16,223.039993,223.660004,221.130005,222.559998,222.559998,39298900.00
2025-12-17,224.660004,225.190002,220.990005,221.270004,221.270004,44034400.00
2025-12-18,225.710007,229.229996,224.410004,226.759995,226.759995,50272400.00
2025-12-19,226.759995,229.130005,225.580002,227.350006,227.350006,85544400.00
2025-12-22,228.610001,229.479996,226.710007,228.429993,228.429993,32261300.00
2025-12-23,229.059998,232.449997,228.729996,232.139999,232.139999,29230200.00
2025-12-24,232.130005,232.949997,231.330002,232.380005,232.380005,11420500.00
2025-12-26,232.039993,232.990005,231.179993,232.520004,232.520004,15994700.00
2025-12-29,231.940002,232.600006,230.770004,232.070007,232.070007,19797900.00
2025-12-30,231.210007,232.770004,230.199997,232.529999,232.529999,21910500.00
2025-12-31,232.910004,232.990005,230.119995,230.820007,230.820007,24383700.00
2026-01-02,231.339996,235.460007,224.699997,226.500000,226.500000,51456200.00
2026-01-05,228.839996,234.000000,227.179993,233.059998,233.059998,49733300.00
2026-01-06,232.100006,243.179993,232.070007,240.929993,240.929993,53764700.00
2026-01-07,239.610001,245.289993,239.520004,241.559998,241.559998,42236500.00
2026-01-08,243.059998,246.410004,241.880005,246.289993,246.289993,39509800.00
2026-01-09,244.570007,247.860001,242.240005,247.380005,247.380005,34560000.00
2026-01-12,246.729996,248.940002,245.960007,246.470001,246.470001,35867800.00
2026-01-13,246.529999,247.660004,240.250000,242.600006,242.600006,38371800.00
2026-01-14,241.149994,241.279999,236.220001,236.649994,236.649994,41410600.00
2026-01-15,239.309998,240.649994,236.630005,238.179993,238.179993,43003600.00
2026-01-16,239.089996,239.570007,236.410004,239.119995,239.119995,45888300.00
2026-01-20,233.759995,235.089996,229.339996,231.000000,231.000000,47737900.00
2026-01-21,231.089996,232.300003,226.880005,231.309998,231.309998,47276100.00
2026-01-22,234.050003,235.720001,230.899994,234.339996,234.339996,31913300.00
2026-01-23,234.960007,240.449997,234.570007,239.160004,239.160004,33778500.00
2026-01-26,239.979996,240.949997,237.539993,238.419998,238.419998,32825500.00
2026-01-27,239.690002,244.880005,238.080002,244.679993,244.679993,38029200.00
2026-01-28,246.369995,247.779999,241.529999,243.009995,243.009995,40882700.00
2026-01-29,242.820007,243.000000,236.740005,241.729996,241.729996,47229600.00
2026-01-30,239.889999,243.320007,237.639999,239.300003,239.300003,46585000.00
2026-02-02,238.309998,245.630005,238.169998,242.960007,242.960007,37546100.00
2026-02-03,244.979996,246.350006,235.449997,238.619995,238.619995,53831300.00
2026-02-04,238.860001,238.860001,231.820007,232.990005,232.990005,51299900.00
2026-02-05,224.910004,226.309998,220.380005,222.690002,222.690002,103509200.00
2026-02-06,202.699997,211.440002,200.309998,210.320007,210.320007,179210900.00
2026-02-09,208.970001,212.809998,203.350006,208.720001,208.720001,91178400.00
2026-02-10,208.800003,212.649994,206.410004,206.960007,206.960007,67175000.00
2026-02-11,208.059998,208.570007,202.490005,204.080002,204.080002,65545500.00
2026-02-12,203.960007,203.960007,197.559998,199.600006,199.600006,83975400.00
2026-02-13,198.880005,201.160004,197.279999,198.789993,198.789993,66321600.00
2026-02-17,198.130005,201.740005,196.000000,201.149994,201.149994,69879200.00
2026-02-18,202.070007,206.860001,201.509995,204.789993,204.789993,51003300.00
2026-02-19,203.800003,205.639999,202.809998,204.860001,204.860001,35669600.00
2026-02-20,204.759995,211.169998,203.750000,210.110001,210.110001,65881600.00
2026-02-23,208.100006,208.429993,203.110001,205.270004,205.270004,53581500.00
2026-02-24,205.470001,210.360001,203.250000,208.559998,208.559998,41137200.00
2026-02-25,210.460007,211.589996,208.929993,210.639999,210.639999,41346400.00
2026-02-26,210.729996,211.050003,205.350006,207.919998,207.919998,47756800.00
2026-02-27,206.830002,210.330002,205.199997,210.000000,210.000000,57422800.00
2026-03-02,204.550003,209.729996,203.460007,208.389999,208.389999,46001000.00
2026-03-03,203.100006,209.179993,202.479996,208.729996,208.729996,43184900.00
2026-03-04,210.470001,217.539993,210.149994,216.820007,216.820007,54731100.00
2026-03-05,215.979996,220.470001,215.589996,218.940002,218.940002,60943400.00
2026-03-06,214.990005,217.320007,212.529999,213.210007,213.210007,51152700.00
2026-03-09,210.449997,213.820007,207.110001,213.490005,213.490005,54642900.00
2026-03-10,214.190002,215.649994,212.429993,214.330002,214.330002,35678800.00
2026-03-11,215.710007,217.000000,211.350006,212.649994,212.649994,34199300.00
2026-03-12,210.389999,211.710007,208.149994,209.529999,209.529999,44349500.00
2026-03-13,209.610001,210.559998,206.220001,207.669998,207.669998,35662100.00
2026-03-16,208.350006,212.720001,207.449997,211.740005,211.740005,42209300.00
2026-03-17,212.820007,215.699997,212.429993,215.199997,215.199997,44969900.00
2026-03-18,213.929993,215.139999,208.830002,209.869995,209.869995,37846600.00
2026-03-19,207.059998,209.119995,206.050003,208.759995,208.759995,36440600.00
2026-03-20,207.399994,207.539993,204.320007,205.369995,205.369995,63694600.00
2026-03-23,209.789993,212.800003,209.509995,210.139999,210.139999,44277400.00
2026-03-24,207.949997,209.350006,206.639999,207.240005,207.240005,35351400.00
2026-03-25,211.559998,213.070007,209.899994,211.710007,211.710007,36388800.00
2026-03-26,210.610001,212.889999,207.119995,207.539993,207.539993,46746000.00
2026-03-27,206.460007,206.600006,199.139999,199.339996,199.339996,56009800.00
2026-03-30,201.479996,203.800003,199.979996,200.949997,200.949997,46373800.00
2026-03-31,204.850006,210.279999,204.139999,208.270004,208.270004,58470100.00
2026-04-01,210.440002,213.580002,208.190002,210.570007,210.570007,45955400.00
2026-04-02,206.539993,212.210007,204.899994,209.770004,209.770004,31453000.00
2026-04-06,209.800003,212.949997,209.589996,212.789993,212.789993,25385500.00
2026-04-07,211.240005,213.970001,209.080002,213.770004,213.770004,28154600.00
2026-04-08,223.789993,226.100006,219.619995,221.250000,221.250000,51092700.00
2026-04-09,225.229996,233.800003,223.270004,233.649994,233.649994,65964200.00
2026-04-10,235.300003,240.429993,235.210007,238.380005,238.380005,56912800.00
2026-04-13,237.449997,240.000000,235.750000,239.889999,239.889999,42166200.00
2026-04-14,241.779999,252.179993,241.779999,249.020004,249.020004,72685000.00
2026-04-15,249.250000,250.440002,247.199997,248.500000,248.500000,43045200.00
2026-04-16,248.509995,250.000000,244.199997,249.699997,249.699997,41895700.00
2026-04-17,254.990005,256.179993,250.110001,250.559998,250.559998,52029300.00
2026-04-20,249.190002,250.179993,245.369995,248.279999,248.279999,39463100.00
2026-04-21,255.089996,255.089996,249.100006,249.910004,249.910004,42922400.00
2026-04-22,252.440002,255.940002,250.330002,255.360001,255.360001,36065100.00
2026-04-23,255.389999,258.790009,253.070007,255.080002,255.080002,39091400.00
2026-04-24,259.980011,264.500000,257.690002,263.989990,263.989990,53777400.00
2026-04-27,263.459991,264.149994,260.339996,261.119995,261.119995,44906800.00
2026-04-28,258.390015,261.029999,256.630005,259.700012,259.700012,42204400.00
2026-04-29,257.989990,265.910004,257.700012,263.040009,263.040009,72367900.00
2026-04-30,273.170013,273.880005,256.160004,265.059998,265.059998,100974900.00
2026-05-01,265.579987,273.320007,262.739990,268.260010,268.260010,50825200.00
2026-05-04,268.799988,276.100006,268.799988,272.049988,272.049988,49083700.00
2026-05-05,276.079987,278.559998,272.380005,273.549988,273.549988,41908500.00
2026-05-06,272.890015,277.799988,272.209991,274.989990,274.989990,44552000.00
2026-05-07,275.019989,276.630005,270.489990,271.170013,271.170013,35892900.00
2026-05-08,271.630005,274.000000,269.950012,272.679993,272.679993,34732700.00
2026-05-11,269.839996,273.630005,268.480011,268.989990,268.989990,38176700.00
2026-05-12,266.709991,267.649994,262.630005,265.820007,265.820007,36776200.00
2026-05-13,264.429993,270.720001,263.200012,270.130005,270.130005,39670900.00
2026-05-14,269.149994,270.779999,266.630005,267.220001,267.220001,31338400.00
2026-05-15,262.500000,264.359985,260.890015,264.140015,264.140015,40770300.00
2026-05-18,263.869995,268.850006,262.529999,264.859985,264.859985,33690800.00
2026-05-19,262.040009,262.250000,255.190002,259.339996,259.339996,40340700.00
2026-05-20,260.049988,265.579987,259.529999,265.010010,265.010010,34933200.00
2026-05-21,263.500000,269.489990,261.369995,268.459991,268.459991,36591700.00
2026-05-22,268.660004,269.790009,266.239990,266.320007,266.320007,27535500.00
2026-05-26,267.940002,269.299988,262.070007,265.290009,265.290009,38028100.00
2026-05-27,266.149994,272.410004,265.700012,271.850006,271.850006,40061900.00
2026-05-28,272.269989,274.500000,267.440002,274.000000,274.000000,40630400.00
2026-05-29,271.290009,274.750000,269.640015,270.640015,270.640015,54749600.00
2026-06-01,266.290009,266.630005,260.700012,261.260010,261.260010,53604400.00
2026-06-02,257.160004,261.200012,254.369995,256.519989,256.519989,41811000.00
2026-06-03,254.699997,257.089996,247.710007,250.020004,250.020004,51394200.00
2026-06-04,253.119995,255.830002,251.750000,253.789993,253.789993,35609800.00
2026-06-05,254.259995,256.380005,245.779999,246.029999,246.029999,55607800.00
2026-06-08,246.679993,249.419998,243.360001,245.220001,245.220001,33899500.00
2026-06-09,247.729996,250.429993,240.399994,244.190002,244.190002,44425400.00
2026-06-10,243.610001,244.070007,237.449997,238.000000,238.000000,38590200.00
2026-06-11,237.929993,242.139999,235.179993,241.509995,241.509995,41335400.00
2026-06-12,243.210007,243.360001,233.589996,238.550003,238.550003,51186600.00
2026-06-15,245.020004,247.809998,244.729996,246.020004,246.020004,41711600.00
2026-06-16,248.000000,249.509995,245.449997,246.000000,246.000000,35187400.00
2026-06-17,244.899994,245.910004,236.000000,237.500000,237.500000,44780800.00
2026-06-18,240.119995,245.729996,236.020004,244.389999,244.389999,75624400.00
2026-06-22,240.080002,242.000000,232.240005,232.789993,232.789993,68388500.00
2026-06-23,232.550003,236.869995,232.000000,234.110001,234.110001,60492600.00
2026-06-24,233.850006,242.419998,232.949997,234.270004,234.270004,70282600.00
2026-06-25,232.020004,232.320007,225.550003,227.009995,227.009995,77674100.00
2026-06-26,227.210007,233.899994,226.130005,232.690002,232.690002,248372100.00
2026-06-29,234.220001,249.710007,233.800003,240.139999,240.139999,77619200.00
2026-06-30,237.350006,241.539993,237.169998,238.339996,238.339996,66228300.00
2026-07-01,239.750000,244.899994,234.899994,241.699997,241.699997,53829900.00
2026-07-02,241.610001,246.720001,241.080002,242.669998,242.669998,48246400.00
2026-07-06,243.800003,246.039993,240.880005,244.160004,244.160004,40044000.00
2026-07-07,246.979996,248.929993,242.699997,245.979996,245.979996,40579600.00
2026-07-08,244.270004,244.800003,240.520004,243.619995,243.619995,29653000.00
2026-07-09,239.820007,247.500000,238.250000,247.039993,247.039993,38091700.00
2026-07-10,249.550003,251.029999,244.410004,245.339996,245.339996,31654000.00
2026-07-13,244.679993,249.649994,244.179993,247.309998,247.309998,34636100.00
2026-07-14,245.550003,248.559998,243.800003,247.490005,247.490005,30108100.00
2026-07-15,249.750000,256.480011,249.750000,254.960007,254.960007,45240600.00
2026-07-16,255.119995,258.079987,248.000000,249.889999,249.889999,45343700.00
2026-07-17,244.460007,250.240005,243.589996,247.229996,247.229996,43572400.00
2026-07-20,248.759995,252.889999,248.000000,249.990005,249.990005,32406500.00
2026-07-21,249.110001,249.339996,246.419998,247.550003,247.550003,27732100.00
2026-07-22,248.270004,248.449997,242.449997,244.850006,244.850006,34112700.00
2026-07-23,236.259995,238.350006,232.050003,233.660004,233.660004,47465300.00
2026-07-24,234.380005,234.949997,231.339996,232.110001,232.110001,35017400.00
2026-07-27,235.669998,235.889999,230.990005,231.389999,231.389999,34999500.00
2026-07-28,232.850006,233.110001,228.100006,230.860001,230.860001,44521600.00
2026-07-29,229.320007,232.820007,226.160004,226.649994,226.649994,44957500.00
2026-07-30,233.350006,239.820007,231.059998,235.500000,235.500000,101839800.00
2026-07-31,265.000000,273.230011,262.010010,271.579987,271.579987,129054800.00
2026-08-03,278.290009,287.200012,278.000000,284.019989,284.019989,90830200.00
2026-08-04,276.059998,281.070007,275.820007,277.420013,277.420013,69748100.00
2026-08-05,281.589996,282.790009,270.730011,272.649994,272.649994,45119800.00
2026-08-06,272.769989,275.480011,271.059998,272.260010,272.260010,30672900.00
2026-08-07,272.869995,278.309998,272.750000,274.480011,274.480011,33861400.00
2026-08-10,274.010010,280.140015,273.600006,278.089996,278.089996,35731900.00
2026-08-11,278.690002,278.839996,271.359985,272.269989,272.269989,31895700.00
2026-08-12,273.179993,273.459991,267.100006,267.279999,267.279999,29941100.00
2026-08-13,267.239990,269.579987,264.709991,265.130005,265.130005,32170200.00
2026-08-14,264.880005,265.809998,262.420013,262.649994,262.649994,27251700.00
2026-08-17,265.440002,265.750000,258.339996,261.309998,261.309998,43896500.00
2026-08-18,260.630005,262.179993,257.730011,259.450012,259.450012,33171300.00
2026-08-19,260.850006,266.399994,258.579987,265.839996,265.839996,35762400.00
2026-08-20,263.160004,263.839996,259.519989,260.109985,260.109985,28374100.00
2026-08-21,260.739990,261.089996,257.040009,258.630005,258.630005,35723000.00
2026-08-24,259.600006,263.320007,259.049988,262.070007,262.070007,28070500.00
2026-08-25,262.510010,263.890015,259.829987,261.059998,261.059998,25550200.00
2026-08-26,261.279999,262.049988,258.239990,260.279999,260.279999,21528400.00
2026-08-27,259.230011,259.660004,255.020004,256.260010,256.260010,35927800.00
2026-08-28,258.320007,267.559998,257.779999,266.429993,266.429993,49547400.00
2026-08-31,263.829987,264.359985,257.119995,259.769989,259.769989,46089400.00
2026-09-01,254.830002,255.820007,251.929993,254.919998,254.919998,31700100.00
2026-09-02,254.259995,256.239990,253.399994,254.979996,254.979996,24013300.00
2026-09-03,256.200012,259.500000,256.000000,258.899994,258.899994,26891500.00
2026-09-04,259.070007,261.119995,255.289993,258.510010,258.510010,30749900.00
2026-09-08,256.679993,257.989990,254.750000,256.970001,256.970001,29398000.00
2026-09-09,253.119995,254.690002,250.649994,252.399994,252.399994,33055500.00
2026-09-10,250.110001,253.149994,249.580002,251.889999,251.889999,25484800.00
2026-09-11,254.089996,257.589996,253.139999,256.779999,256.779999,26724100.00
2026-09-14,253.149994,255.949997,250.740005,253.539993,253.539993,34352800.00
2026-09-15,252.240005,253.270004,247.220001,248.419998,248.419998,36275400.00
2026-09-16,248.100006,249.259995,244.300003,245.960007,245.960007,33488500.00
2026-09-17,251.070007,252.729996,249.240005,251.190002,251.190002,30438800.00
2026-09-18,252.919998,255.429993,251.880005,253.710007,253.710007,52274700.00
2026-09-21,256.399994,259.489990,253.600006,258.450012,258.450012,42979400.00
2026-09-22,255.110001,259.000000,253.779999,254.979996,254.979996,41982600.00
2026-09-23,253.000000,253.990005,247.759995,249.270004,249.270004,44209200.00
2026-09-24,246.020004,250.429993,245.600006,249.380005,249.380005,33040100.00
2026-09-25,248.559998,250.880005,247.179993,249.669998,249.669998,34263900.00
2026-09-28,246.630005,247.770004,244.729996,246.149994,246.149994,32596700.00
2026-09-29,246.710007,248.839996,245.139999,246.669998,246.669998,33730400.00
2026-09-30,246.789993,252.440002,246.080002,249.149994,249.149994,41913100.00
2026-10-01,251.610001,251.830002,246.119995,248.229996,248.229996,33243900.00
2026-10-02,251.509995,253.559998,250.020004,251.520004,251.520004,33393100.00
