date,open,high,low,close,adjclose,volume
2009-01-02,7.722723,8.053554,7.645145,8.041041,7.965246,144275580.00
2009-01-05,8.033033,8.289289,7.882883,8.209459,8.132078,195364440.00
2009-01-06,8.332833,8.528529,8.167918,8.359860,8.281061,256750992.00
2009-01-07,8.216216,8.281031,7.976727,8.058308,7.982349,179600220.00
2009-01-08,7.964965,8.137888,7.941441,8.137888,8.061180,143883972.00
2009-01-09,8.195696,8.195696,7.842843,7.884635,7.810315,173446380.00
2009-01-12,7.915666,7.981732,7.763514,7.825075,7.751317,132039828.00
2009-01-13,7.802052,8.023023,7.767518,7.865866,7.791722,177122700.00
2009-01-14,7.757758,7.852853,7.451201,7.531782,7.460787,218497284.00
2009-01-15,7.446697,7.597097,7.176927,7.482232,7.411705,237142620.00
2009-01-16,7.633133,7.713964,7.399900,7.499249,7.428560,208767024.00
2009-01-20,7.485986,7.494995,7.075826,7.075826,7.009130,201726072.00
2009-01-21,7.215966,7.595095,7.215966,7.584585,7.513093,196783020.00
2009-01-22,7.458458,7.741491,7.386136,7.670170,7.597871,330349320.00
2009-01-23,7.739489,8.307307,7.613113,8.125626,8.049034,428882688.00
2009-01-26,8.129379,8.208208,8.022022,8.104855,8.028460,184243572.00
2009-01-27,8.169419,8.355105,8.114865,8.295295,8.217103,196894908.00
2009-01-28,8.457958,8.817067,8.416166,8.725475,8.643228,307348344.00
2009-01-29,8.622122,8.634885,8.511261,8.591592,8.510609,291060648.00
2009-01-30,8.625876,8.728729,8.408408,8.471722,8.391869,186693120.00
2009-02-02,8.365616,8.633634,8.308308,8.522773,8.442437,208067724.00
2009-02-03,8.572823,8.583584,8.354104,8.519770,8.439462,261997740.00
2009-02-04,8.510260,8.869870,8.487738,8.583584,8.502674,272423304.00
2009-02-05,8.531281,8.893393,8.433433,8.851852,8.768415,290285424.00
2009-02-06,8.920420,9.354605,8.894895,9.291291,9.203712,281242476.00
2009-02-09,9.291291,9.534535,9.191692,9.478729,9.389382,198892908.00
2009-02-10,9.408909,9.446947,8.956206,8.971722,8.887154,283863852.00
2009-02-11,8.982733,9.134134,8.833834,8.959960,8.875504,209054736.00
2009-02-12,8.837838,9.099600,8.795796,9.085335,8.999697,221789988.00
2009-02-13,9.063814,9.083834,8.889640,8.950951,8.866579,165702132.00
2009-02-17,8.671421,8.685936,8.500751,8.575075,8.494248,226988784.00
2009-02-18,8.689690,8.843343,8.521522,8.836587,8.753293,240739020.00
2009-02-19,8.945696,9.004004,8.543794,8.574575,8.493752,199348452.00
2009-02-20,8.459710,8.731732,8.383383,8.669920,8.588196,248435316.00
2009-02-23,8.683684,8.753754,8.246997,8.259760,8.181904,208635156.00
2009-02-24,8.283784,8.749249,8.280531,8.644895,8.563408,243592164.00
2009-02-25,8.562312,8.816316,8.481481,8.549550,8.468962,257306436.00
2009-02-26,8.657658,8.821071,8.437437,8.437938,8.358400,223999776.00
2009-02-27,8.332082,8.604104,8.286036,8.458208,8.378480,216583200.00
2009-03-02,8.341592,8.526026,8.158158,8.187187,8.110017,231308460.00
2009-03-03,8.260010,8.350601,8.066817,8.145145,8.068369,260731008.00
2009-03-04,8.087087,8.233233,7.892392,7.980981,7.905752,312423264.00
2009-03-05,7.919920,7.984985,7.573574,7.648649,7.576552,260934804.00
2009-03-06,7.688188,7.762513,7.363614,7.721972,7.649186,289078632.00
2009-03-09,7.507007,7.671922,7.243493,7.279530,7.210913,258593148.00
2009-03-10,7.463714,7.770270,7.363614,7.711962,7.639270,268938792.00
2009-03-11,7.760260,8.008008,7.650400,7.955706,7.880716,236707056.00
2009-03-12,7.946446,8.133133,7.849099,8.096346,8.020030,200763036.00
2009-03-13,8.160661,8.194695,7.983734,8.118619,8.042092,156099744.00
2009-03-16,8.157908,8.251502,7.972723,8.000250,7.924839,197674128.00
2009-03-17,8.012513,8.391892,7.985235,8.391892,8.312789,188311500.00
2009-03-18,8.378629,8.508509,8.209459,8.335836,8.257263,200287512.00
2009-03-19,8.300300,8.408408,8.192693,8.256757,8.178927,164283552.00
2009-03-20,8.265766,8.333083,8.166667,8.262262,8.184382,189326484.00
2009-03-23,8.347347,8.744995,8.334084,8.723724,8.641495,170689140.00
2009-03-24,8.671171,8.854855,8.608609,8.687938,8.606044,152647200.00
2009-03-25,8.768769,8.792292,8.414665,8.610360,8.529199,173278548.00
2009-03-26,8.837087,8.987988,8.721221,8.841091,8.757756,239891868.00
2009-03-27,8.758759,8.808809,8.645395,8.701201,8.619184,132779088.00
2009-03-30,8.572322,8.603854,8.409660,8.575826,8.494989,123640236.00
2009-03-31,8.731982,8.846597,8.663163,8.710210,8.628108,146065788.00
2009-04-01,8.603103,8.889890,8.523774,8.861111,8.777587,131915952.00
2009-04-02,9.091842,9.253253,9.017017,9.071572,8.986065,179340480.00
2009-04-03,9.121622,9.302302,8.958959,9.253754,9.166529,151440408.00
2009-04-06,9.184184,9.254755,9.044044,9.215215,9.128352,131080788.00
2009-04-07,9.074074,9.102853,8.891642,8.975225,8.890624,147056796.00
2009-04-08,9.096597,9.134134,8.914164,9.059059,8.973669,110497392.00
2009-04-09,9.246747,9.368118,9.165415,9.321822,9.233953,135168696.00
2009-04-13,9.292543,9.486987,9.266767,9.462212,9.373020,121881996.00
2009-04-14,9.432933,9.434184,9.149149,9.231982,9.144962,137006856.00
2009-04-15,9.186687,9.536036,9.113113,9.496997,9.407477,197030772.00
2009-04-16,9.547047,9.832332,9.535035,9.728228,9.636530,406996596.00
2009-04-17,9.660160,10.005506,9.629880,9.815816,9.723291,428802768.00
2009-04-20,9.663413,9.776026,9.406657,9.491992,9.402521,176978844.00
2009-04-21,9.413664,9.617117,9.411912,9.546296,9.456314,147668184.00
2009-04-22,9.553303,9.759760,9.484735,9.606106,9.515559,139931928.00
2009-04-23,9.697447,9.753504,9.537287,9.626877,9.536135,104255640.00
2009-04-24,9.660911,9.839339,9.522022,9.746997,9.655121,135280584.00
2009-04-27,9.618118,9.746997,9.578328,9.658408,9.567369,91532376.00
2009-04-28,9.603353,9.735986,9.548048,9.602352,9.511841,117626256.00
2009-04-29,9.658909,9.884134,9.655405,9.796547,9.704206,144255600.00
2009-04-30,9.903904,10.103854,9.879880,9.909159,9.815757,174053772.00
2009-05-01,9.885636,9.949700,9.798549,9.852102,9.759236,97010892.00
2009-05-04,9.964214,10.070070,9.879630,10.059560,9.964739,127991880.00
2009-05-05,10.009510,10.135135,9.941191,10.084835,9.989776,95935968.00
2009-05-06,10.179930,10.217217,10.035035,10.096847,10.001674,105210684.00
2009-05-07,10.112613,10.134885,9.822322,9.925175,9.831620,119872008.00
2009-05-08,10.081331,10.263514,9.884885,10.193443,10.097360,154449396.00
2009-05-11,10.080080,10.310310,10.040040,10.209710,10.113475,102269628.00
2009-05-12,10.260511,10.285035,9.887638,9.985235,9.891115,151480368.00
2009-05-13,9.862112,9.919670,9.718468,9.748248,9.656360,113598288.00
2009-05-14,9.729730,9.815065,9.626877,9.697197,9.605793,117362520.00
2009-05-15,9.787287,9.862613,9.736987,9.759760,9.667766,120227652.00
2009-05-18,9.878128,9.942693,9.644645,9.930931,9.837325,133933932.00
2009-05-19,9.912412,10.051051,9.834835,9.981982,9.887891,113386500.00
2009-05-20,10.062312,10.151902,9.884885,9.939439,9.845748,91268640.00
2009-05-21,9.917417,10.081081,9.855856,9.922422,9.828895,108683208.00
2009-05-22,9.926426,9.976226,9.809810,9.847347,9.754528,68675256.00
2009-05-26,9.808559,10.135135,9.759760,10.119119,10.023735,124055820.00
2009-05-27,10.151151,10.306807,10.130380,10.149149,10.053483,121250628.00
2009-05-28,10.227227,10.300801,10.125375,10.270270,10.173465,106645248.00
2009-05-29,10.313063,10.441191,10.277778,10.441191,10.342772,105822072.00
2009-06-01,10.478729,10.750751,10.473724,10.674675,10.574058,132763104.00
2009-06-02,10.666917,10.759760,10.595596,10.720721,10.619668,104839056.00
2009-06-03,10.660661,10.822322,10.610611,10.802052,10.700231,141170688.00
2009-06-04,10.893393,11.042042,10.873373,11.018018,10.914163,145378476.00
2009-06-05,11.137888,11.194695,10.997497,11.119119,11.014309,147084768.00
2009-06-08,10.998498,11.034034,10.863864,10.980230,10.876731,123824052.00
2009-06-09,10.975475,11.023524,10.804805,10.901401,10.798643,130065804.00
2009-06-10,10.916667,10.958208,10.677427,10.825826,10.723781,134221644.00
2009-06-11,10.805055,10.854104,10.719970,10.735736,10.634542,114493392.00
2009-06-12,10.682182,10.703203,10.540791,10.631632,10.531418,116619264.00
2009-06-15,10.548048,10.548048,10.360360,10.429680,10.331368,149326524.00
2009-06-16,10.493243,10.537788,10.395896,10.410410,10.312281,121866012.00
2009-06-17,10.415165,10.503504,10.299299,10.389389,10.291459,139464396.00
2009-06-18,10.402402,10.477728,10.335335,10.361862,10.264191,123284592.00
2009-06-19,10.465716,10.522022,10.374875,10.512763,10.413671,170193636.00
2009-06-22,10.434184,10.447698,10.057307,10.193944,10.097857,164811024.00
2009-06-23,10.176426,10.234985,10.073824,10.152152,10.056458,115868016.00
2009-06-24,10.228729,10.316066,10.174174,10.242492,10.145947,98213688.00
2009-06-25,10.185185,10.407908,10.172923,10.404655,10.306581,121658220.00
2009-06-26,10.352352,10.716466,10.338088,10.643644,10.543318,130137732.00
2009-06-29,10.660661,10.705706,10.566567,10.614114,10.514066,86685228.00
2009-06-30,10.610611,10.690941,10.465966,10.550300,10.450852,103652244.00
2009-07-01,10.615616,10.670671,10.464214,10.485235,10.386401,92339568.00
2009-07-02,10.395646,10.395646,10.180430,10.222472,10.126116,100603296.00
2009-07-06,10.172673,10.276276,10.051552,10.250501,10.153878,90413496.00
2009-07-07,10.216216,10.239990,9.909409,9.925676,9.832117,130241628.00
2009-07-08,10.010010,10.160160,9.961461,10.072322,9.977380,137510352.00
2009-07-09,10.163163,10.371622,10.155155,10.270020,10.173215,130892976.00
2009-07-10,10.249750,10.444695,10.227728,10.370370,10.272619,116946936.00
2009-07-13,10.414665,10.623624,10.389890,10.618118,10.518032,161666172.00
2009-07-14,10.603353,10.678929,10.532282,10.627878,10.527700,115716168.00
2009-07-15,10.752252,10.977978,10.722973,10.965215,10.861857,150928920.00
2009-07-16,10.927928,11.154905,10.863363,11.076076,10.971673,261917820.00
2009-07-17,10.835836,10.897898,10.678178,10.767017,10.665528,273889836.00
2009-07-20,10.757758,10.832082,10.666917,10.765015,10.663544,126013860.00
2009-07-21,10.784284,10.808308,10.653654,10.708208,10.607273,118609272.00
2009-07-22,10.710711,10.765766,10.598098,10.702953,10.602067,103364532.00
2009-07-23,10.727728,11.041291,10.648148,10.944444,10.841282,138988872.00
2009-07-24,10.906156,11.273524,10.885886,11.179179,11.073805,144930924.00
2009-07-27,11.162162,11.179930,10.951201,11.131131,11.026209,100075824.00
2009-07-28,11.036036,11.081331,10.913413,11.007257,10.903502,101198700.00
2009-07-29,10.941692,10.955956,10.808058,10.916917,10.814015,79400520.00
2009-07-30,11.076326,11.298048,11.076326,11.152152,11.047031,127816056.00
2009-07-31,11.260761,11.328829,11.071822,11.087337,10.982827,114301584.00
2009-08-03,11.229730,11.358859,11.202202,11.316567,11.209897,103508388.00
2009-08-04,11.245495,11.361361,11.221972,11.354605,11.247577,95496408.00
2009-08-05,11.411411,11.434184,11.208208,11.289790,11.183372,93586320.00
2009-08-06,11.368869,11.383383,11.224474,11.270270,11.164035,84351564.00
2009-08-07,11.403153,11.496997,11.386136,11.438939,11.331115,101622276.00
2009-08-10,11.389890,11.471722,11.356106,11.426677,11.318970,69610320.00
2009-08-11,11.353103,11.442192,11.320821,11.359860,11.252783,68431500.00
2009-08-12,11.396647,11.555305,11.384384,11.475976,11.367805,93562344.00
2009-08-13,11.565315,11.629630,11.484234,11.568569,11.459523,79728192.00
2009-08-14,11.581081,11.591091,11.433684,11.511512,11.403006,66936996.00
2009-08-17,11.298799,11.311061,11.089089,11.133383,11.028439,104703192.00
2009-08-18,11.138639,11.203704,11.069069,11.143143,11.038109,93949956.00
2009-08-19,11.010761,11.136136,10.974975,11.110360,11.005634,90109800.00
2009-08-20,11.311311,11.566066,11.292042,11.521772,11.413168,159796044.00
2009-08-21,11.650150,11.663914,11.577828,11.642643,11.532900,142277580.00
2009-08-24,11.695445,11.764014,11.622122,11.729980,11.619413,98037864.00
2009-08-25,11.739990,11.870621,11.729730,11.796046,11.684856,93546360.00
2009-08-26,11.830831,11.836837,11.679179,11.711712,11.601318,79432488.00
2009-08-27,11.726226,11.726226,11.529780,11.663163,11.553227,79876044.00
2009-08-28,11.743243,11.821071,11.596096,11.630380,11.520751,70793136.00
2009-08-31,11.506256,11.558058,11.461461,11.553303,11.444401,78237684.00
2009-09-01,11.503504,11.682182,11.371872,11.405405,11.297898,103692204.00
2009-09-02,11.406907,11.469720,11.326076,11.336587,11.229730,72119808.00
2009-09-03,11.406907,11.467718,11.386386,11.449449,11.341524,65782152.00
2009-09-04,11.450701,11.576577,11.405906,11.544044,11.435229,59908032.00
2009-09-08,11.618869,11.686436,11.407407,11.476977,11.368794,106161732.00
2009-09-09,11.487988,11.668418,11.481481,11.610861,11.501417,87728184.00
2009-09-10,11.677928,11.785285,11.561562,11.785285,11.674196,101282616.00
2009-09-11,11.771772,11.844344,11.702452,11.815315,11.703944,76039884.00
2009-09-14,11.774525,11.931932,11.763013,11.889890,11.777815,78948972.00
2009-09-15,11.888889,11.984735,11.829580,11.950450,11.837805,95828076.00
2009-09-16,12.007007,12.246496,11.973974,12.219469,12.104288,103308588.00
2009-09-17,12.276527,12.446697,12.190941,12.305305,12.189317,179144676.00
2009-09-18,12.431682,12.436937,12.293043,12.298799,12.182871,131208660.00
2009-09-21,12.205706,12.484985,12.167668,12.437437,12.320203,84571344.00
2009-09-22,12.535536,12.562312,12.457708,12.488989,12.371268,121526352.00
2009-09-23,12.532032,12.687688,12.455205,12.473974,12.356396,108059832.00
2009-09-24,12.524274,12.547798,12.337337,12.431682,12.314500,101002896.00
2009-09-25,12.369620,12.510761,12.312312,12.324324,12.208156,81902016.00
2009-09-28,12.383383,12.550050,12.344845,12.475726,12.358130,73498428.00
2009-09-29,12.500751,12.506256,12.337588,12.475726,12.358130,83884032.00
2009-09-30,12.512513,12.516016,12.193193,12.408659,12.291696,125542332.00
2009-10-01,12.337337,12.424174,12.187187,12.192192,12.077269,112415472.00
2009-10-02,12.105606,12.305806,12.077077,12.126627,12.012321,103927968.00
2009-10-05,12.203453,12.323073,12.095596,12.225225,12.109991,85698216.00
2009-10-06,12.304805,12.496747,12.304805,12.480981,12.363334,109182708.00
2009-10-07,12.487487,12.987738,12.457708,12.951451,12.829370,194773032.00
2009-10-08,13.002252,13.094344,12.846346,12.867367,12.746080,171979848.00
2009-10-09,12.929179,13.050801,12.875375,12.919169,12.797395,109414476.00
2009-10-12,13.098599,13.157157,12.995996,13.114114,12.990499,132755112.00
2009-10-13,13.122873,13.199700,13.047548,13.165916,13.041815,121374504.00
2009-10-14,13.324825,13.402903,13.263263,13.396396,13.270123,130205664.00
2009-10-15,13.357107,13.435936,13.194945,13.261011,13.136011,243771984.00
2009-10-16,13.696947,13.882633,13.626877,13.760010,13.630307,353322324.00
2009-10-19,13.831081,13.853854,13.731982,13.816066,13.685835,128587284.00
2009-10-20,13.804805,13.837588,13.531031,13.806807,13.676663,161586252.00
2009-10-21,13.761512,13.997748,13.738739,13.791291,13.661296,146677176.00
2009-10-22,13.763764,13.888889,13.713714,13.866116,13.735413,93366540.00
2009-10-23,13.895145,13.961211,13.793794,13.856106,13.725498,95612292.00
2009-10-26,13.907658,14.055055,13.786036,13.869119,13.738388,118697184.00
2009-10-27,13.788038,13.877878,13.617618,13.720971,13.591636,128531340.00
2009-10-28,13.710460,13.763764,13.469720,13.521021,13.393572,102609288.00
2009-10-29,13.588839,13.809560,13.538539,13.790040,13.660055,100803096.00
2009-10-30,13.763764,13.768018,13.369369,13.416416,13.289952,138601260.00
2009-11-02,13.440440,13.500000,13.219219,13.363113,13.237153,127955916.00
2009-11-03,13.263514,13.450951,13.220721,13.445696,13.318956,95112792.00
2009-11-04,13.533534,13.651151,13.423924,13.521772,13.394316,93214692.00
2009-11-05,13.600851,13.758008,13.580080,13.729980,13.600561,73834092.00
2009-11-06,13.706707,13.808308,13.651151,13.791291,13.661296,72994932.00
2009-11-09,13.900150,14.078579,13.869620,14.076827,13.944139,105890004.00
2009-11-10,14.082332,14.233734,14.064064,14.183183,14.049491,89142768.00
2009-11-11,14.276276,14.351852,14.160661,14.278278,14.143691,92695212.00
2009-11-12,14.253253,14.336837,14.151652,14.210460,14.076513,75376548.00
2009-11-13,14.246496,14.327077,14.179429,14.315566,14.180627,66605328.00
2009-11-16,14.389389,14.439189,14.333834,14.421421,14.285483,87880032.00
2009-11-17,14.386136,14.451952,14.357357,14.451702,14.315480,76591332.00
2009-11-18,14.430681,14.483984,14.316066,14.430681,14.294658,61922016.00
2009-11-19,14.358609,14.364364,14.264264,14.339089,14.203930,86633280.00
2009-11-20,14.251752,14.304304,14.249249,14.263263,14.128818,80167752.00
2009-11-23,14.426677,14.679680,14.410911,14.573323,14.435956,101798100.00
2009-11-24,14.577578,14.621872,14.427928,14.591842,14.454300,64143792.00
2009-11-25,14.674925,14.691191,14.581832,14.658158,14.519991,58389552.00
2009-11-27,14.314314,14.576076,14.288539,14.508509,14.371753,55328616.00
2009-11-30,14.530280,14.606356,14.442192,14.589590,14.452069,68934996.00
2009-12-01,14.717968,14.795295,14.589590,14.761512,14.622370,92719188.00
2009-12-02,14.789790,14.840090,14.670170,14.702452,14.563867,66461472.00
2009-12-03,14.740741,14.801051,14.639640,14.658158,14.519991,57090852.00
2009-12-04,14.840340,14.885636,14.493994,14.639890,14.501894,100443456.00
2009-12-07,14.619870,14.731982,14.539540,14.670921,14.532633,65382552.00
2009-12-08,14.602102,14.781281,14.564565,14.690941,14.552464,60899040.00
2009-12-09,14.702202,14.747998,14.604104,14.740240,14.601298,71168760.00
2009-12-10,14.775776,14.882633,14.775025,14.802302,14.662777,66665268.00
2009-12-11,14.881882,14.883634,14.707958,14.777528,14.638235,68731200.00
2009-12-14,14.898649,14.947698,14.830080,14.908158,14.767634,76459464.00
2009-12-15,14.847347,14.924424,14.789540,14.843343,14.703430,91124784.00
2009-12-16,14.979980,15.024274,14.930931,14.958959,14.817955,112263624.00
2009-12-17,14.925926,14.955956,14.858859,14.863363,14.723262,105446448.00
2009-12-18,14.915666,14.988238,14.889890,14.925425,14.784739,141118740.00
2009-12-21,14.955205,15.011011,14.906657,14.981982,14.840762,102745152.00
2009-12-22,15.048549,15.052553,14.986236,15.043043,14.901248,75156768.00
2009-12-23,15.102603,15.337087,15.086336,15.307307,15.163020,82825092.00
2009-12-24,15.338589,15.503504,15.322072,15.477477,15.331586,34313652.00
2009-12-28,15.557057,15.665415,15.477477,15.587337,15.440411,67848084.00
2009-12-29,15.634134,15.636637,15.472723,15.500501,15.354392,56935008.00
2009-12-30,15.477978,15.583834,15.465716,15.583834,15.436940,58565376.00
2009-12-31,15.634384,15.650651,15.515015,15.515015,15.368770,48743208.00
2010-01-04,15.689439,15.753504,15.621622,15.684434,15.536593,78169752.00
2010-01-05,15.695195,15.711712,15.554054,15.615365,15.468175,120067812.00
2010-01-06,15.662162,15.662162,15.174174,15.221722,15.078240,158988852.00
2010-01-07,15.250250,15.265265,14.831081,14.867367,14.727225,256315428.00
2010-01-08,14.814815,15.096346,14.742492,15.065566,14.923559,188783028.00
2010-01-11,15.126627,15.126627,14.865866,15.042793,14.901000,288227484.00
2010-01-12,14.956206,14.968969,14.714715,14.776777,14.637492,193937868.00
2010-01-13,14.426677,14.724224,14.361862,14.691942,14.553455,259604136.00
2010-01-14,14.612112,14.869870,14.584835,14.761011,14.621876,169434396.00
2010-01-15,14.848348,14.853854,14.465465,14.514515,14.377701,217162620.00
2010-01-19,14.544545,14.775275,14.421672,14.705205,14.566593,172495332.00
2010-01-20,14.664164,14.664164,14.396647,14.524775,14.387864,129897972.00
2010-01-21,14.600601,14.685185,14.320571,14.589089,14.451572,252055692.00
2010-01-22,14.126627,14.279279,13.384885,13.764014,13.634274,271743984.00
2010-01-25,13.678428,13.760761,13.401151,13.513514,13.386136,176619204.00
2010-01-26,13.462713,13.753754,13.420671,13.574074,13.446125,174045780.00
2010-01-27,13.545295,13.704955,13.396146,13.566066,13.438192,158417424.00
2010-01-28,13.625876,13.688689,13.278278,13.370621,13.244589,129034836.00
2010-01-29,13.475726,13.538288,13.153403,13.261762,13.136756,165454380.00
2010-02-01,13.378378,13.408659,13.270771,13.338839,13.213106,89941968.00
2010-02-02,13.387387,13.387387,13.203453,13.291291,13.166006,163684152.00
2010-02-03,13.229980,13.566066,13.218969,13.534034,13.406462,119844036.00
2010-02-04,13.438438,13.463463,13.152152,13.182683,13.058423,134972892.00
2010-02-05,13.223223,13.350851,13.074575,13.295546,13.170221,126113760.00
2010-02-08,13.325826,13.563564,13.301552,13.350100,13.224262,107664228.00
2010-02-09,13.502002,13.551802,13.390140,13.424424,13.297886,112671216.00
2010-02-10,13.365115,13.458208,13.205455,13.374625,13.248555,106873020.00
2010-02-11,13.346346,13.525776,13.250751,13.423423,13.296894,96303600.00
2010-02-12,13.337588,13.442192,13.275776,13.341341,13.215585,91096812.00
2010-02-16,13.435185,13.616867,13.370871,13.546046,13.418362,146029824.00
2010-02-17,13.563564,13.598599,13.453704,13.468719,13.341763,81106812.00
2010-02-18,13.451952,13.638889,13.416917,13.594094,13.465956,93382524.00
2010-02-19,13.526777,13.614364,13.506006,13.532533,13.404975,102021876.00
2010-02-22,13.697447,13.701201,13.538539,13.583584,13.455544,85698216.00
2010-02-23,13.588589,13.604354,13.320571,13.390140,13.263924,114789096.00
2010-02-24,13.362863,13.474474,13.276026,13.300050,13.174683,92970936.00
2010-02-25,13.191191,13.225475,13.013013,13.173924,13.049747,132235632.00
2010-02-26,13.198699,13.307057,13.100100,13.183183,13.058919,81890028.00
2010-03-01,13.243243,13.345596,13.206707,13.330581,13.204927,89426484.00
2010-03-02,13.400400,13.655155,13.388639,13.540040,13.412411,174097728.00
2010-03-03,13.572573,13.716717,13.494745,13.646647,13.518014,123452424.00
2010-03-04,13.676176,13.917167,13.668669,13.878629,13.747809,127224648.00
2010-03-05,14.047798,14.205956,14.011512,14.119369,13.986279,156331512.00
2010-03-08,14.133634,14.143644,14.039289,14.076076,13.943396,95360544.00
2010-03-09,14.010260,14.130631,13.926426,14.018769,13.886629,126936936.00
2010-03-10,14.108108,14.476977,14.069319,14.425676,14.289701,225969804.00
2010-03-11,14.370871,14.669920,14.369369,14.543043,14.405960,169162668.00
2010-03-12,14.718218,14.721722,14.493493,14.503003,14.366298,110025864.00
2010-03-15,14.181181,14.250501,13.913914,14.093594,13.960748,185969844.00
2010-03-16,14.059810,14.224725,14.033033,14.144144,14.010820,137122740.00
2010-03-17,14.221722,14.300551,14.120370,14.153153,14.019747,132731136.00
2010-03-18,14.132132,14.225225,14.088088,14.174174,14.040567,71016912.00
2010-03-19,14.014014,14.214214,13.945946,14.014014,13.881919,191576232.00
2010-03-22,13.916667,14.185435,13.870871,13.951451,13.819945,160031808.00
2010-03-23,13.939940,13.971722,13.563564,13.738739,13.609237,219831948.00
2010-03-24,13.651401,14.010260,13.506006,13.947197,13.815731,262345392.00
2010-03-25,13.989489,14.314314,13.980480,14.086086,13.953310,157078764.00
2010-03-26,14.145896,14.198949,14.014515,14.081331,13.948603,107740152.00
2010-03-29,14.089089,14.132132,14.028278,14.075325,13.942651,124055820.00
2010-03-30,14.084835,14.204955,14.021021,14.181932,14.048253,79036884.00
2010-03-31,14.140390,14.257758,14.084334,14.192192,14.058417,121110768.00
2010-04-01,14.298048,14.350601,14.152903,14.234234,14.100060,84023892.00
2010-04-05,14.286787,14.386386,14.239239,14.289540,14.154848,75983940.00
2010-04-06,14.250751,14.286537,14.149149,14.219720,14.085685,82321596.00
2010-04-07,14.196697,14.232983,14.060561,14.102603,13.969670,103136760.00
2010-04-08,14.097097,14.260511,14.015265,14.201451,14.067589,77822100.00
2010-04-09,14.201451,14.233483,14.114114,14.169670,14.036106,82181736.00
2010-04-12,14.197948,14.364364,14.169670,14.332583,14.197483,94001904.00
2010-04-13,14.327578,14.736737,14.292543,14.683934,14.545524,156335508.00
2010-04-14,14.766266,14.823323,14.614865,14.739740,14.600804,135971892.00
2010-04-15,14.819069,14.960961,14.721972,14.897397,14.756973,270201528.00
2010-04-16,14.089089,14.234484,13.754505,13.767518,13.637744,488930580.00
2010-04-19,13.732482,13.863614,13.638639,13.766266,13.636505,155604240.00
2010-04-20,13.868118,14.005506,13.790290,13.889890,13.758964,118976904.00
2010-04-21,13.925425,14.020270,13.817818,13.871371,13.740620,95564340.00
2010-04-22,13.813814,13.826326,13.597347,13.690190,13.561148,131096772.00
2010-04-23,13.694945,13.746747,13.570320,13.638388,13.509833,83492424.00
2010-04-26,13.637888,13.638388,13.243493,13.304304,13.178897,174577248.00
2010-04-27,13.236987,13.471722,13.193944,13.239740,13.114943,153634212.00
2010-04-28,13.315816,13.384134,13.038789,13.242993,13.118164,136107756.00
2010-04-29,13.347598,13.425926,13.179930,13.313313,13.187819,122233644.00
2010-04-30,13.291542,13.455455,13.149149,13.155656,13.031651,97318584.00
2010-05-03,13.175676,13.336336,13.140140,13.278278,13.153117,74237688.00
2010-05-04,13.176176,13.181682,12.617868,12.671922,12.552476,242808948.00
2010-05-05,12.537037,12.905906,12.524274,12.756757,12.636511,183104712.00
2010-05-06,12.731481,12.950951,11.511512,12.479229,12.361599,199803996.00
2010-05-07,12.511762,12.645646,12.045295,12.340841,12.224516,203356440.00
2010-05-10,12.862112,13.083584,12.827828,13.054304,12.931254,164954880.00
2010-05-11,12.904655,13.010010,12.718218,12.738989,12.618910,132771096.00
2010-05-12,12.813814,12.813814,12.562563,12.647397,12.528182,153917928.00
2010-05-13,12.925425,13.063063,12.772022,12.784785,12.664277,132898968.00
2010-05-14,12.757007,12.787538,12.418669,12.700951,12.581231,164475360.00
2010-05-17,12.682182,12.721722,12.471221,12.711962,12.592139,111640248.00
2010-05-18,12.762763,12.787037,12.439189,12.471722,12.354162,112906980.00
2010-05-19,12.418919,12.498498,12.205706,12.373123,12.256495,137690172.00
2010-05-20,12.138889,12.151652,11.856857,11.887137,11.775088,196335468.00
2010-05-21,11.738238,12.137137,11.621622,11.813063,11.701713,387244368.00
2010-05-24,12.030280,12.257007,11.931932,11.940941,11.828385,173650176.00
2010-05-25,11.715465,11.948198,11.611862,11.938689,11.826156,120575304.00
2010-05-26,12.063814,12.256256,11.886887,11.898649,11.786493,138884976.00
2010-05-27,12.135886,12.320070,12.038288,12.273774,12.158083,112251636.00
2010-05-28,12.330831,12.348599,12.087087,12.152903,12.038350,115676208.00
2010-06-01,12.022773,12.288789,12.015015,12.071321,11.957536,106565328.00
2010-06-02,12.179179,12.359109,12.048549,12.346597,12.230216,101530368.00
2010-06-03,12.390140,12.712713,12.379880,12.652653,12.533389,145881972.00
2010-06-04,12.505506,12.743994,12.429930,12.480480,12.362838,156655188.00
2010-06-07,12.488989,12.535285,12.090841,12.150150,12.035624,145162692.00
2010-06-08,12.208458,12.233233,11.950450,12.131632,12.017280,107296596.00
2010-06-09,12.192693,12.234234,11.811812,11.862362,11.750546,109050840.00
2010-06-10,12.021271,12.224725,11.907908,12.187437,12.072558,103012884.00
2010-06-11,12.074575,12.229980,12.052553,12.224725,12.109493,71196732.00
2010-06-14,12.374374,12.374875,12.091842,12.091842,11.977864,81534384.00
2010-06-15,12.089089,12.522523,12.066567,12.462212,12.344744,170213616.00
2010-06-16,12.416667,12.612613,12.415165,12.544294,12.426052,91480428.00
2010-06-17,12.598849,12.659409,12.429680,12.514515,12.396554,79012908.00
2010-06-18,12.575325,12.599349,12.465716,12.513263,12.395312,114801084.00
2010-06-21,12.510010,12.536787,12.134384,12.226226,12.110980,119220660.00
2010-06-22,12.259760,12.427427,12.155405,12.168418,12.053720,88699212.00
2010-06-23,12.184434,12.184434,11.965966,12.063313,11.949602,81082836.00
2010-06-24,12.003504,12.080831,11.843343,11.889389,11.777322,75668256.00
2010-06-25,11.938438,11.953203,11.775776,11.828829,11.717329,89718192.00
2010-06-28,11.826577,11.950701,11.736987,11.813814,11.702456,70421508.00
2010-06-29,11.597598,11.625375,11.289289,11.367868,11.260715,139943916.00
2010-06-30,11.385385,11.457207,11.129129,11.134885,11.029928,143983872.00
2010-07-01,11.143393,11.221221,10.851602,10.998248,10.894579,140403456.00
2010-07-02,11.051552,11.068068,10.910911,10.924675,10.821699,77362560.00
2010-07-06,11.111111,11.202953,10.851602,10.912663,10.809801,102301596.00
2010-07-07,10.968719,11.293544,10.895395,11.266266,11.160070,125062812.00
2010-07-08,11.350100,11.444695,11.252753,11.425425,11.317727,106649244.00
2010-07-09,11.810811,11.843343,11.581081,11.698949,11.588675,173086740.00
2010-07-12,11.821071,11.997998,11.788789,11.907658,11.795416,133242624.00
2010-07-13,12.068318,12.337087,12.019019,12.242242,12.126845,158892948.00
2010-07-14,12.259259,12.358108,12.173674,12.295796,12.179894,124595280.00
2010-07-15,12.305556,12.379880,12.079079,12.362863,12.246329,194133672.00
2010-07-16,11.739740,11.775776,11.499499,11.501752,11.393337,312679008.00
2010-07-19,11.536787,11.753003,11.449449,11.666166,11.556201,181829988.00
2010-07-20,11.537287,12.086837,11.526527,12.051802,11.938201,162017820.00
2010-07-21,12.112112,12.154655,11.897648,11.949449,11.836814,131052816.00
2010-07-22,12.092843,12.236737,12.074074,12.132382,12.018022,85822092.00
2010-07-23,12.031281,12.277027,12.012262,12.263764,12.148167,90485424.00
2010-07-26,12.239489,12.281031,12.134134,12.236486,12.121143,79728192.00
2010-07-27,12.276777,12.449950,12.266517,12.328078,12.211874,97949952.00
2010-07-28,12.385886,12.393644,12.078829,12.120871,12.006619,99740160.00
2010-07-29,12.160911,12.234234,11.995245,12.136887,12.022485,106912980.00
2010-07-30,12.003253,12.196196,11.990490,12.133383,12.019014,85678236.00
2010-08-02,12.236987,12.344344,12.185686,12.272523,12.156842,74273652.00
2010-08-03,12.274775,12.323824,12.181181,12.258008,12.142464,72019908.00
2010-08-04,12.316817,12.687688,12.288539,12.670671,12.551238,152347500.00
2010-08-05,12.659910,12.727728,12.601602,12.715215,12.595361,96719184.00
2010-08-06,12.647648,12.656156,12.413664,12.518018,12.400023,132647220.00
2010-08-09,12.568819,12.650150,12.546547,12.646396,12.527190,74813112.00
2010-08-10,12.571321,12.662663,12.476727,12.605355,12.486536,82877040.00
2010-08-11,12.455706,12.462462,12.299800,12.305806,12.189811,88831080.00
2010-08-12,12.110611,12.381131,12.074825,12.312563,12.196505,88095816.00
2010-08-13,12.237237,12.292042,12.162412,12.170921,12.056199,77310612.00
2010-08-16,12.104104,12.259009,12.024525,12.151902,12.037359,52147800.00
2010-08-17,12.225475,12.379880,12.162913,12.275275,12.159569,75552372.00
2010-08-18,12.273273,12.284034,12.050801,12.065816,11.952084,107348544.00
2010-08-19,12.037287,12.074825,11.692943,11.710961,11.600574,156843000.00
2010-08-20,11.710961,11.801552,11.537037,11.562062,11.453077,156547296.00
2010-08-23,11.549049,11.717968,11.454705,11.613363,11.503897,119328552.00
2010-08-24,11.453954,11.470721,11.284284,11.296046,11.189569,110397492.00
2010-08-25,11.261261,11.456707,11.261261,11.376877,11.269638,103580316.00
2010-08-26,11.412913,11.442943,11.272272,11.285786,11.179407,71008920.00
2010-08-27,11.325325,11.511261,11.202452,11.482232,11.374001,92403504.00
2010-08-30,11.490240,11.505506,11.321822,11.328579,11.221795,49206744.00
2010-08-31,11.264014,11.383133,11.211211,11.261762,11.155609,77794128.00
2010-09-01,11.385886,11.635135,11.323824,11.519770,11.411184,129002868.00
2010-09-02,11.582583,11.622372,11.519269,11.591091,11.481833,67300632.00
2010-09-03,11.774775,11.808809,11.697698,11.769269,11.658331,101514384.00
2010-09-07,11.624124,11.701451,11.587087,11.621622,11.512076,68327604.00
2010-09-08,11.641391,11.824324,11.624374,11.776276,11.665273,95975928.00
2010-09-09,11.957708,12.022022,11.776276,11.916416,11.804090,97126776.00
2010-09-10,11.987487,12.006757,11.888889,11.915415,11.803101,78893028.00
2010-09-13,12.034535,12.120871,12.000250,12.068819,11.955057,89570340.00
2010-09-14,12.062312,12.130881,12.014014,12.022773,11.909447,88571340.00
2010-09-15,12.010761,12.059309,11.974474,12.028028,11.914652,96015888.00
2010-09-16,12.010761,12.073323,11.997247,12.038539,11.925065,78701220.00
2010-09-17,12.105856,12.292292,12.041542,12.266016,12.150396,225438336.00
2010-09-20,12.324825,12.773023,12.313814,12.719720,12.599824,175963860.00
2010-09-21,12.754755,13.012513,12.735485,12.849349,12.728230,178473348.00
2010-09-22,12.834334,12.957457,12.804805,12.912913,12.791196,101382516.00
2010-09-23,12.878128,13.005255,12.795295,12.849850,12.728728,92603304.00
2010-09-24,13.056557,13.208959,12.969469,13.195445,13.071065,134141724.00
2010-09-27,13.234484,13.434685,13.234484,13.273524,13.148409,124171704.00
2010-09-28,13.350350,13.353103,12.974224,13.192442,13.068091,146041812.00
2010-09-29,13.209459,13.336837,13.130881,13.205455,13.080980,86801112.00
2010-09-30,13.242242,13.310060,12.985986,13.157908,13.033882,129634236.00
2010-10-01,13.263263,13.278779,13.088088,13.153654,13.029667,88911000.00
2010-10-04,13.136887,13.219469,12.984234,13.071822,12.948607,77542380.00
2010-10-05,13.222723,13.513514,13.176927,13.469219,13.342257,140143716.00
2010-10-06,13.494995,13.512262,13.261762,13.372122,13.246074,110381508.00
2010-10-07,13.418669,13.443443,13.241742,13.263514,13.138492,95736168.00
2010-10-08,13.332583,13.453453,13.203704,13.422172,13.295653,114253632.00
2010-10-11,13.475475,13.628629,13.442693,13.484484,13.357379,104946948.00
2010-10-12,13.516517,13.663413,13.458208,13.548298,13.420592,149993856.00
2010-10-13,13.688689,13.700951,13.571822,13.596096,13.467939,122101776.00
2010-10-14,13.618118,13.644895,13.441191,13.536787,13.409189,265098636.00
2010-10-15,14.996747,15.056056,14.804805,15.051301,14.909429,592399008.00
2010-10-18,15.028779,15.507758,15.028779,15.458208,15.312499,283644072.00
2010-10-19,15.236486,15.385886,15.086587,15.210961,15.067584,183332484.00
2010-10-20,15.218719,15.449950,15.202703,15.214715,15.071301,140862996.00
2010-10-21,15.303053,15.415415,15.165165,15.315065,15.170707,116703180.00
2010-10-22,15.313313,15.385886,15.266517,15.328579,15.184093,90153756.00
2010-10-25,15.405155,15.634134,15.389640,15.427928,15.282505,126209664.00
2010-10-26,15.342843,15.546296,15.291041,15.480480,15.334561,100415484.00
2010-10-27,15.409660,15.515516,15.323574,15.427177,15.281762,89586324.00
2010-10-28,15.516767,15.540541,15.347848,15.479980,15.334064,87284628.00
2010-10-29,15.442192,15.490490,15.340090,15.357858,15.213096,91040868.00
2010-11-01,15.408659,15.532032,15.295546,15.390390,15.245320,123360516.00
2010-11-02,15.482232,15.515516,15.379880,15.405405,15.260194,79824096.00
2010-11-03,15.452953,15.561311,15.352853,15.520020,15.373728,135084780.00
2010-11-04,15.631632,15.763764,15.568068,15.622372,15.475116,142689168.00
2010-11-05,15.595095,15.652903,15.543293,15.642643,15.495195,70557372.00
2010-11-08,15.616116,15.753003,15.593844,15.684935,15.537087,83967948.00
2010-11-09,15.765766,15.787037,15.528278,15.636136,15.488750,89398512.00
2010-11-10,15.567568,15.590591,15.453203,15.587588,15.440660,99780120.00
2010-11-11,15.508008,15.511762,15.370621,15.445195,15.299609,90373536.00
2010-11-12,15.365115,15.437938,15.045295,15.097347,14.955041,135584280.00
2010-11-15,15.092092,15.115115,14.866116,14.901652,14.761189,139016844.00
2010-11-16,14.833834,14.962212,14.600851,14.607608,14.469916,132163704.00
2010-11-17,14.639640,14.752252,14.548799,14.603353,14.465701,97602300.00
2010-11-18,14.739740,15.014515,14.728729,14.928929,14.788209,103496400.00
2010-11-19,14.939940,14.962212,14.773273,14.785536,14.646167,91808100.00
2010-11-22,14.701451,14.850851,14.583333,14.795295,14.655834,87376536.00
2010-11-23,14.689940,14.739990,14.469469,14.589840,14.452315,86417496.00
2010-11-24,14.697447,14.929930,14.690941,14.889139,14.748795,95760144.00
2010-11-26,14.776276,14.839339,14.689690,14.764765,14.625591,52391556.00
2010-11-29,14.743994,14.759760,14.513263,14.567317,14.430006,114273612.00
2010-11-30,14.372372,14.372372,13.846597,13.906657,13.775573,284411304.00
2010-12-01,14.089089,14.303554,14.074074,14.122873,13.989753,150013836.00
2010-12-02,14.230731,14.347598,14.147898,14.309810,14.174927,101814084.00
2010-12-03,14.250501,14.426426,14.214214,14.339339,14.204176,105142752.00
2010-12-06,14.528779,14.564565,14.429680,14.473473,14.337047,83668248.00
2010-12-07,14.796547,14.839840,14.664665,14.693193,14.554696,121566312.00
2010-12-08,14.814064,14.827828,14.606857,14.778278,14.638979,70205724.00
2010-12-09,14.861862,14.904404,14.739740,14.802302,14.662777,74681244.00
2010-12-10,14.843343,14.864615,14.772022,14.820070,14.680378,68119812.00
2010-12-13,14.942943,15.090090,14.867117,14.880380,14.740118,95844060.00
2010-12-14,14.942192,14.972222,14.826827,14.887638,14.747307,65666268.00
2010-12-15,14.869870,14.926176,14.743493,14.772272,14.633029,86621292.00
2010-12-16,14.836086,14.859109,14.716466,14.807558,14.667982,63812124.00
2010-12-17,14.789790,14.828829,14.706456,14.784785,14.645425,123360516.00
2010-12-20,14.881131,14.961962,14.731231,14.891391,14.751024,78853068.00
2010-12-21,14.979229,15.133133,14.955205,15.091842,14.949586,75104820.00
2010-12-22,15.115115,15.190190,15.097097,15.152402,15.009575,48251700.00
2010-12-23,15.148649,15.165165,15.065816,15.120871,14.978342,44387568.00
2010-12-27,15.083584,15.109610,15.002503,15.074575,14.932483,48275676.00
2010-12-28,15.066316,15.111862,14.965215,14.987988,14.846711,42549408.00
2010-12-29,15.065065,15.075325,14.987988,15.040040,14.898273,40727232.00
2010-12-30,14.964965,15.048298,14.949700,14.986486,14.845223,39540420.00
2010-12-31,14.933433,14.975475,14.815566,14.864114,14.724005,61510428.00
2011-01-03,14.926927,15.154905,14.926927,15.123874,14.981316,94513392.00
2011-01-04,15.155656,15.169670,15.018018,15.068068,14.926035,72907020.00
2011-01-05,15.016767,15.273524,15.016266,15.241992,15.098321,101190708.00
2011-01-06,15.282282,15.476226,15.266517,15.352853,15.208137,82229688.00
2011-01-07,15.413163,15.471722,15.268519,15.426426,15.281015,83963952.00
2011-01-10,15.385385,15.400150,15.229229,15.370621,15.225739,63104832.00
2011-01-11,15.458208,15.485485,15.377878,15.415666,15.270358,57514428.00
2011-01-12,15.499249,15.499249,15.384635,15.437187,15.291677,65242692.00
2011-01-13,15.439690,15.507257,15.369369,15.432683,15.287215,53306640.00
2011-01-14,15.450450,15.622372,15.442442,15.620120,15.472885,94529376.00
2011-01-18,15.667167,16.065817,15.647397,16.006758,15.855877,144535320.00
2011-01-19,16.069069,16.090090,15.757257,15.809560,15.660538,136107756.00
2011-01-20,15.821071,15.867868,15.597848,15.684935,15.537087,219212568.00
2011-01-21,16.005507,16.059309,15.299299,15.311061,15.166739,355819824.00
2011-01-24,15.204454,15.327578,15.045796,15.292292,15.148144,183784032.00
2011-01-25,15.220220,15.532783,15.178178,15.513263,15.367035,145726128.00
2011-01-26,15.523774,15.577828,15.397397,15.427928,15.282505,81442476.00
2011-01-27,15.462713,15.508008,15.346597,15.435185,15.289692,80687232.00
2011-01-28,15.492242,15.524525,15.009009,15.039790,14.898026,169074756.00
2011-01-31,15.105105,15.126877,14.903654,15.024024,14.882408,112083804.00
2011-02-01,15.127377,15.349099,15.092843,15.291291,15.147157,109702188.00
2011-02-02,15.290290,15.373874,15.203453,15.315315,15.170955,70357572.00
2011-02-03,15.252252,15.301552,15.168418,15.269019,15.125093,59744196.00
2011-02-04,15.269019,15.301301,15.180430,15.289790,15.145667,61969968.00
2011-02-07,15.269269,15.475225,15.245495,15.372623,15.227721,71912016.00
2011-02-08,15.388639,15.506256,15.378128,15.474975,15.329107,67728204.00
2011-02-09,15.437187,15.501752,15.323824,15.427928,15.282505,73626300.00
2011-02-10,15.362863,15.452953,15.304304,15.426426,15.281015,93282624.00
2011-02-11,15.360110,15.640641,15.340340,15.628128,15.480818,103492404.00
2011-02-14,15.599099,15.756757,15.516517,15.719469,15.571298,85034880.00
2011-02-15,15.698699,15.768018,15.593093,15.619369,15.472140,83596320.00
2011-02-16,15.656406,15.678178,15.568068,15.621121,15.473876,67292640.00
2011-02-17,15.546797,15.696947,15.522523,15.647147,15.499659,59092848.00
2011-02-18,15.665666,15.795295,15.620120,15.767768,15.619143,128587284.00
2011-02-22,15.516266,15.638889,15.209459,15.270521,15.126582,145450404.00
2011-02-23,15.273524,15.382883,15.115115,15.298298,15.154095,115468416.00
2011-02-24,15.300050,15.342593,15.048799,15.235736,15.092123,108359532.00
2011-02-25,15.311812,15.383383,15.252753,15.266266,15.122368,77218704.00
2011-02-28,15.265265,15.427678,15.215465,15.350350,15.205659,91168740.00
2011-03-01,15.459960,15.495996,14.997497,15.034034,14.892323,132795072.00
2011-03-02,15.010010,15.165165,14.894645,15.034785,14.893067,80986932.00
2011-03-03,15.174675,15.302553,15.140140,15.254254,15.110468,77734188.00
2011-03-04,15.223473,15.239740,15.020020,15.030531,14.888853,120319560.00
2011-03-07,15.028779,15.107357,14.689690,14.806306,14.666740,138369492.00
2011-03-08,14.838088,14.964464,14.769770,14.822573,14.682856,91304604.00
2011-03-09,14.789790,14.877628,14.658408,14.809059,14.669469,85953960.00
2011-03-10,14.650651,14.680180,14.500751,14.522022,14.385139,124998876.00
2011-03-11,14.469970,14.514515,14.347598,14.432182,14.296145,121158720.00
2011-03-14,14.334334,14.471722,14.214715,14.264014,14.129562,112531356.00
2011-03-15,13.951451,14.289289,13.901401,14.253253,14.118901,160063776.00
2011-03-16,14.214464,14.259009,13.795796,13.941441,13.810029,151788060.00
2011-03-17,14.126126,14.239239,14.027528,14.048048,13.915630,115856028.00
2011-03-18,14.130130,14.213964,14.007508,14.040541,13.908194,131812056.00
2011-03-21,14.269770,14.509510,14.239740,14.426927,14.290938,120715164.00
2011-03-22,14.446196,14.495245,14.327077,14.447447,14.311264,75400524.00
2011-03-23,14.394144,14.575826,14.314314,14.568569,14.431246,72575352.00
2011-03-24,14.650400,14.724474,14.484484,14.686937,14.548497,83864052.00
2011-03-25,14.686687,14.687437,14.495495,14.508008,14.371255,114221664.00
2011-03-28,14.566316,14.639389,14.382132,14.398398,14.262680,88647264.00
2011-03-29,14.414414,14.561812,14.339590,14.557808,14.420585,64127808.00
2011-03-30,14.624124,14.652152,14.529029,14.560561,14.423315,56835108.00
2011-03-31,14.589590,14.718719,14.558058,14.683684,14.545274,81094824.00
2011-04-01,14.733734,14.894645,14.733734,14.809810,14.670212,104423472.00
2011-04-04,14.839840,14.883383,14.592092,14.706707,14.568083,82097820.00
2011-04-05,14.541542,14.551802,14.156156,14.241491,14.107253,241658100.00
2011-04-06,14.318819,14.393393,14.214214,14.368869,14.233427,106625268.00
2011-04-07,14.407658,14.530531,14.369119,14.514515,14.377701,101158740.00
2011-04-08,14.636887,14.636887,14.465966,14.468468,14.332088,75995928.00
2011-04-11,14.419419,14.466967,14.339339,14.448699,14.312505,74253672.00
2011-04-12,14.389389,14.437187,14.215465,14.279530,14.144931,83340576.00
2011-04-13,14.402152,14.454454,14.308058,14.421421,14.285483,82693224.00
2011-04-14,14.394144,14.500751,14.316817,14.477227,14.340764,218033748.00
2011-04-15,13.645896,13.657407,13.264765,13.280781,13.155595,561186252.00
2011-04-18,13.173674,13.204705,12.987988,13.184184,13.059909,201390408.00
2011-04-19,13.262012,13.285285,13.035536,13.051301,12.928280,107256636.00
2011-04-20,13.160661,13.183684,13.047798,13.156406,13.032394,122277600.00
2011-04-21,13.200450,13.220220,13.072823,13.140641,13.016778,98705196.00
2011-04-25,13.144394,13.188188,13.063313,13.139389,13.015537,65166768.00
2011-04-26,13.176176,13.449449,13.143393,13.333834,13.208148,139860000.00
2011-04-27,13.463463,13.466216,13.372122,13.457457,13.330606,91844064.00
2011-04-28,13.464965,13.494745,13.365365,13.462713,13.335813,79920000.00
2011-04-29,13.513514,13.616116,13.476226,13.616116,13.487769,168970860.00
2011-05-02,13.656156,13.656907,13.441441,13.477477,13.350438,85262652.00
2011-05-03,13.441692,13.563814,13.254004,13.360611,13.234674,83176740.00
2011-05-04,13.392643,13.488488,13.338839,13.408158,13.281774,84595320.00
2011-05-05,13.359860,13.498999,13.300801,13.370120,13.244093,79832088.00
2011-05-06,13.467217,13.550050,13.392893,13.395896,13.269627,82161756.00
2011-05-09,13.388388,13.475726,13.290791,13.455455,13.328625,77870052.00
2011-05-10,13.513514,13.624374,13.451952,13.580080,13.452073,81634284.00
2011-05-11,13.517017,13.602352,13.355606,13.399650,13.273344,93458448.00
2011-05-12,13.394394,13.436937,13.286036,13.389640,13.263428,57874068.00
2011-05-13,13.378629,13.411411,13.239489,13.252002,13.127088,84263652.00
2011-05-16,13.170921,13.194945,12.922923,12.973473,12.851187,118209672.00
2011-05-17,12.898649,13.293794,12.888639,13.274775,13.149648,132011856.00
2011-05-18,13.251752,13.271522,13.155656,13.258509,13.133534,78049872.00
2011-05-19,13.331582,13.426927,13.256256,13.294545,13.169230,98649252.00
2011-05-20,13.308308,13.313063,13.091341,13.113864,12.990252,92607300.00
2011-05-23,12.927928,13.013013,12.847848,12.972723,12.850443,91908000.00
2011-05-24,13.022272,13.112112,12.966717,12.969469,12.847219,75924000.00
2011-05-25,12.946196,13.082332,12.944194,13.004755,12.882172,52011936.00
2011-05-26,12.955455,13.066066,12.887888,12.966216,12.843996,84655260.00
2011-05-27,12.974975,13.057808,12.920420,13.035536,12.912663,69762168.00
2011-05-31,13.138138,13.239489,13.100601,13.238739,13.113949,107384508.00
2011-06-01,13.214214,13.343343,13.145896,13.153153,13.029172,118117764.00
2011-06-02,13.202452,13.270771,13.075075,13.214715,13.090154,88091820.00
2011-06-03,13.063063,13.203203,13.050551,13.090090,12.966703,69870060.00
2011-06-06,13.101602,13.183684,12.994244,13.039540,12.916630,77606316.00
2011-06-07,13.085335,13.128879,12.987738,12.988739,12.866306,76227696.00
2011-06-08,12.926176,13.044044,12.907407,12.992242,12.869777,66069864.00
2011-06-09,13.013013,13.013013,12.903904,12.931181,12.809289,67496436.00
2011-06-10,12.864865,12.930180,12.744995,12.750501,12.630316,97498404.00
2011-06-13,12.762763,12.767768,12.566817,12.630881,12.511822,96994908.00
2011-06-14,12.716466,12.864865,12.687437,12.721972,12.602057,93566340.00
2011-06-15,12.638388,12.721471,12.527778,12.586336,12.467697,82849068.00
2011-06-16,12.582833,12.676927,12.429179,12.521772,12.403742,110169720.00
2011-06-17,12.667167,12.679930,12.132132,12.137638,12.023230,209606184.00
2011-06-20,12.137137,12.167918,11.992743,12.126627,12.012321,121022856.00
2011-06-21,12.191942,12.360861,12.130380,12.337337,12.221045,110505384.00
2011-06-22,12.298549,12.321071,12.180430,12.187437,12.072558,96187716.00
2011-06-23,12.065315,12.083584,11.855105,12.017518,11.904241,191875932.00
2011-06-24,12.029029,12.030781,11.837337,11.883884,11.771866,152071776.00
2011-06-27,11.861862,12.222222,11.851852,12.082082,11.968196,137650212.00
2011-06-28,12.112613,12.417668,12.112613,12.353604,12.237159,108495396.00
2011-06-29,12.425926,12.518769,12.321822,12.451702,12.334332,93626280.00
2011-06-30,12.562312,12.679429,12.550050,12.672172,12.552723,97038864.00
2011-07-01,12.681181,13.042543,12.672172,13.038789,12.915885,145322532.00
2011-07-05,13.145646,13.398398,13.145646,13.324324,13.198730,153814032.00
2011-07-06,13.350851,13.476226,13.339339,13.397397,13.271113,107716176.00
2011-07-07,13.538539,13.780781,13.410410,13.678679,13.549746,157262580.00
2011-07-08,13.337087,13.454705,13.194945,13.313063,13.187575,190617192.00
2011-07-11,13.217718,13.412913,13.150651,13.195195,13.070818,113458428.00
2011-07-12,13.217217,13.498999,13.163163,13.363614,13.237649,113534352.00
2011-07-13,13.438438,13.613614,13.425425,13.469970,13.343001,111496392.00
2011-07-14,13.491491,13.563564,13.181431,13.236737,13.111967,265714020.00
2011-07-15,14.952452,15.021271,14.718719,14.955455,14.814485,548734716.00
2011-07-18,14.827077,15.066316,14.814815,14.888388,14.748051,178553268.00
2011-07-19,14.918418,15.132132,14.903153,15.078829,14.936696,118581300.00
2011-07-20,15.069570,15.085836,14.898649,14.898649,14.758216,89022888.00
2011-07-21,14.865616,15.216717,14.865115,15.189940,15.046760,138641220.00
2011-07-22,15.149900,15.503003,15.121872,15.471221,15.325389,140986872.00
2011-07-25,15.349349,15.650901,15.340340,15.489990,15.343982,125138736.00
2011-07-26,15.466717,15.703203,15.445946,15.578579,15.431735,93622284.00
2011-07-27,15.444945,15.539289,15.133884,15.195696,15.052461,157218624.00
2011-07-28,15.144895,15.414915,15.090090,15.288789,15.144677,124211664.00
2011-07-29,15.120871,15.389389,15.107357,15.107357,14.964955,165330504.00
2011-08-01,15.295796,15.402903,14.994494,15.184434,15.041305,158485356.00
2011-08-02,15.165165,15.257007,14.804054,14.824825,14.685084,127895976.00
2011-08-03,14.871622,15.090090,14.605355,15.044294,14.902486,152874972.00
2011-08-04,14.877377,14.986236,14.451201,14.452452,14.316223,196387416.00
2011-08-05,14.578078,14.764765,14.064064,14.490490,14.353902,236926836.00
2011-08-08,14.088589,14.239239,13.622372,13.664164,13.535366,299564136.00
2011-08-09,14.039039,14.379630,13.538789,14.349600,14.214339,258529212.00
2011-08-10,14.048549,14.117117,13.706957,13.738989,13.609486,214569216.00
2011-08-11,13.859359,14.226727,13.723974,14.067317,13.934718,193030776.00
2011-08-12,14.251752,14.276777,14.024024,14.108358,13.975372,126045828.00
2011-08-15,13.849600,14.138889,13.664915,13.944695,13.813253,285510204.00
2011-08-16,13.824575,13.824825,13.270771,13.488488,13.361345,277298424.00
2011-08-17,13.514264,13.605856,13.282533,13.342092,13.216328,163000836.00
2011-08-18,13.099850,13.135385,12.524775,12.634635,12.515539,251376372.00
2011-08-19,12.495996,12.884635,12.283784,12.285285,12.169484,216183600.00
2011-08-22,12.612613,12.687688,12.375626,12.466717,12.349206,196039764.00
2011-08-23,12.600100,13.048298,12.488989,12.983483,12.861101,173698128.00
2011-08-24,12.996246,13.263263,12.943694,13.095345,12.971909,143636220.00
2011-08-25,13.272773,13.445195,12.970470,13.014014,12.891343,131588280.00
2011-08-26,13.012763,13.274525,12.841341,13.184685,13.060407,143708148.00
2011-08-29,13.377377,13.499750,13.352352,13.490490,13.363329,93338568.00
2011-08-30,13.468218,13.588338,13.283534,13.531031,13.403487,119440440.00
2011-08-31,13.632132,13.671171,13.413413,13.537538,13.409933,107624268.00
2011-09-01,13.532282,13.609359,13.293794,13.325826,13.200216,96523380.00
2011-09-02,13.124875,13.211211,13.031281,13.134134,13.010330,95951952.00
2011-09-06,12.782783,13.082082,12.775275,13.067568,12.944394,108523368.00
2011-09-07,13.274525,13.411912,13.198198,13.364114,13.238144,110121768.00
2011-09-08,13.358358,13.490991,13.310811,13.387387,13.261197,95124780.00
2011-09-09,13.298298,13.379630,13.042793,13.134384,13.010579,130621248.00
2011-09-12,12.961962,13.313063,12.950450,13.266266,13.141218,106709184.00
2011-09-13,13.313313,13.360360,13.098098,13.251251,13.126346,94073832.00
2011-09-14,13.328078,13.437187,13.158659,13.315065,13.189557,107668224.00
2011-09-15,13.400901,13.638138,13.377377,13.577578,13.449594,118313568.00
2011-09-16,13.633634,13.684685,13.592092,13.680681,13.551726,141230628.00
2011-09-19,13.522272,13.761261,13.397898,13.680430,13.551478,98637264.00
2011-09-20,13.748749,13.976977,13.580330,13.679429,13.550488,111052836.00
2011-09-21,13.705956,13.888889,13.484985,13.493493,13.366305,100471428.00
2011-09-22,13.169419,13.232733,12.862863,13.029530,12.906714,175835988.00
2011-09-23,12.926927,13.173674,12.875375,13.150901,13.026940,110980908.00
2011-09-26,13.194444,13.336587,12.844094,13.310561,13.185095,105262632.00
2011-09-27,13.468468,13.689940,13.414665,13.496997,13.369773,120315564.00
2011-09-28,13.551051,13.614114,13.205706,13.234234,13.109488,90441468.00
2011-09-29,13.414414,13.445946,12.998248,13.200701,13.076271,116147736.00
2011-09-30,13.018268,13.113113,12.872372,12.888889,12.767399,108835056.00
2011-10-03,12.759009,12.812813,12.387387,12.400400,12.283514,178797024.00
2011-10-04,12.263013,12.598599,12.027027,12.560060,12.441669,166185648.00
2011-10-05,12.421171,12.707708,12.031281,12.630130,12.511078,181182636.00
2011-10-06,12.700200,12.893644,12.577578,12.880631,12.759220,136835028.00
2011-10-07,12.933684,13.025526,12.770270,12.890891,12.769381,114121764.00
2011-10-10,13.142643,13.450200,13.093093,13.442693,13.315983,92795112.00
2011-10-11,13.349850,13.683684,13.349850,13.593093,13.464963,114021864.00
2011-10-12,13.716967,13.894645,13.629379,13.726226,13.596844,126984888.00
2011-10-13,13.764515,13.988989,13.714214,13.988739,13.856883,227276496.00
2011-10-14,15.001752,15.005005,14.703954,14.806807,14.667238,340854804.00
2011-10-17,14.607608,14.810561,14.464464,14.574825,14.437443,160167672.00
2011-10-18,14.519269,14.828829,14.449449,14.777528,14.638235,151879968.00
2011-10-19,14.698198,14.816316,14.494995,14.532032,14.395053,117142740.00
2011-10-20,14.562062,14.736987,14.502252,14.606356,14.468677,135024840.00
2011-10-21,14.752503,14.833584,14.682182,14.777027,14.637738,135504360.00
2011-10-24,14.682683,15.014264,14.677177,14.925425,14.784739,136938924.00
2011-10-25,14.842342,14.889890,14.585836,14.593594,14.456033,101518380.00
2011-10-26,14.753504,14.769269,14.335836,14.672422,14.534122,114809076.00
2011-10-27,14.975475,15.082583,14.847347,14.981732,14.840515,151060788.00
2011-10-28,14.877878,15.072573,14.871121,15.018519,14.876956,100219680.00
2011-10-31,14.892142,15.007257,14.806557,14.830831,14.691035,102209688.00
2011-11-01,14.517017,14.652402,14.433183,14.480731,14.344235,124878996.00
2011-11-02,14.637137,14.713714,14.526527,14.635135,14.497185,84751164.00
2011-11-03,14.689690,14.952452,14.607608,14.952452,14.811510,106685208.00
2011-11-04,14.852352,15.008509,14.825576,14.918418,14.777797,113278608.00
2011-11-07,14.847848,15.234735,14.820571,15.223473,15.079977,134161704.00
2011-11-08,15.240240,15.374625,15.105105,15.323824,15.179382,121054824.00
2011-11-09,15.121622,15.250000,14.981481,15.038789,14.897034,148291560.00
2011-11-10,15.163413,15.163914,14.803804,14.891892,14.751522,114621264.00
2011-11-11,15.047548,15.317568,14.979980,15.223974,15.080472,158920920.00
2011-11-14,15.215215,15.467467,15.209710,15.340340,15.195742,127420452.00
2011-11-15,15.335335,15.467467,15.277778,15.429429,15.283992,106932960.00
2011-11-16,15.317317,15.472973,15.280531,15.302052,15.157816,104235660.00
2011-11-17,15.266517,15.322573,14.934434,15.036787,14.895050,139592268.00
2011-11-18,15.065065,15.127628,14.858609,14.886887,14.746563,131376492.00
2011-11-21,14.708709,14.727227,14.316567,14.538038,14.401004,119931948.00
2011-11-22,14.514515,14.638889,14.395395,14.514515,14.377701,96115788.00
2011-11-23,14.398148,14.520771,14.267017,14.267017,14.132536,92938968.00
2011-11-25,14.143894,14.371121,14.047297,14.089089,13.956285,62433504.00
2011-11-28,14.498749,14.735235,14.426927,14.719469,14.580722,113042844.00
2011-11-29,14.711712,14.773774,14.547798,14.587838,14.450334,73198728.00
2011-11-30,14.963714,15.002753,14.817067,14.999750,14.858362,135744120.00
2011-12-01,15.015015,15.415415,14.989990,15.359610,15.214830,144679176.00
2011-12-02,15.441692,15.615616,15.421922,15.524525,15.378191,163264572.00
2011-12-05,15.706707,15.813313,15.575576,15.656907,15.509325,127772100.00
2011-12-06,15.590340,15.731231,15.521522,15.609860,15.462723,92966940.00
2011-12-07,15.557558,15.657157,15.467968,15.600350,15.453301,90201708.00
2011-12-08,15.541542,15.701952,15.397898,15.416667,15.271351,96427476.00
2011-12-09,15.465465,15.743994,15.440691,15.701201,15.553202,110537352.00
2011-12-12,15.562563,15.670170,15.522773,15.650400,15.502880,87268644.00
2011-12-13,15.734735,15.929930,15.586837,15.656406,15.508828,160966872.00
2011-12-14,15.561812,15.623624,15.327578,15.467217,15.321424,155991852.00
2011-12-15,15.578579,15.615616,15.482733,15.504004,15.357863,96247656.00
2011-12-16,15.623624,15.748749,15.552302,15.664665,15.517011,178193628.00
2011-12-19,15.715966,15.728228,15.515516,15.561311,15.414630,85654260.00
2011-12-20,15.715716,15.811812,15.715465,15.775025,15.626331,95432472.00
2011-12-21,15.766016,15.811311,15.489489,15.661161,15.513538,99816084.00
2011-12-22,15.714464,15.809059,15.690941,15.758258,15.609721,72819108.00
2011-12-23,15.815816,15.882883,15.779780,15.844344,15.694995,58089852.00
2011-12-27,15.817067,16.128378,15.815816,16.022272,15.871247,64191744.00
2011-12-28,16.084835,16.141142,15.968468,16.008509,15.857612,85002912.00
2011-12-29,16.053303,16.091091,15.895896,16.076077,15.924544,62952984.00
2011-12-30,16.066566,16.185184,16.066566,16.163664,16.011305,71220708.00
2012-01-03,16.339840,16.720470,16.325577,16.651901,16.494940,146912940.00
2012-01-04,16.642391,16.773024,16.532032,16.723724,16.566086,114445440.00
2012-01-05,16.569820,16.615866,16.422173,16.491741,16.336290,131184684.00
2012-01-06,16.495245,16.516518,16.261011,16.266768,16.113438,107608284.00
2012-01-09,16.178679,16.191191,15.546296,15.577077,15.430245,232671096.00
2012-01-10,15.759510,15.860861,15.438188,15.594094,15.447104,175648176.00
2012-01-11,15.603103,15.750501,15.543544,15.664665,15.517011,95904000.00
2012-01-12,15.796296,15.838088,15.678178,15.756757,15.608233,74932992.00
2012-01-13,15.672172,15.689439,15.542042,15.640390,15.492964,92199708.00
2012-01-17,15.815315,15.815315,15.657658,15.730230,15.581957,76295628.00
2012-01-18,15.681431,15.865866,15.568569,15.838589,15.689293,110357532.00
2012-01-19,16.040791,16.040791,15.802302,16.005255,15.854388,251959788.00
2012-01-20,14.778028,14.789790,14.557057,14.664414,14.526188,422628948.00
2012-01-23,14.664665,14.731231,14.593594,14.652653,14.514536,136379484.00
2012-01-24,14.672673,14.706707,14.464464,14.537788,14.400756,122109768.00
2012-01-25,14.452202,14.482232,14.173674,14.251502,14.117167,199308492.00
2012-01-26,14.313814,14.376376,14.127878,14.216717,14.082709,128918952.00
2012-01-27,14.283784,14.522523,14.247497,14.514014,14.377206,144555300.00
2012-01-30,14.465716,14.514515,14.349349,14.456707,14.320437,93126780.00
2012-01-31,14.589590,14.614615,14.393143,14.517267,14.380426,85610304.00
2012-02-01,14.638138,14.652152,14.492993,14.535285,14.398274,92735172.00
2012-02-02,14.636386,14.674925,14.566567,14.642392,14.504375,96491412.00
2012-02-03,14.781281,14.941692,14.715966,14.923173,14.782506,126613260.00
2012-02-06,14.890140,15.286036,14.865115,15.242492,15.098817,147036816.00
2012-02-07,15.193944,15.250000,15.109109,15.184434,15.041305,83600316.00
2012-02-08,15.231231,15.299049,15.133634,15.261512,15.117656,73382544.00
2012-02-09,15.315816,15.377878,15.240240,15.301802,15.157567,90497412.00
2012-02-10,15.212212,15.218468,15.115115,15.162913,15.019987,92914992.00
2012-02-13,15.277778,15.361361,15.265766,15.320320,15.175911,72579348.00
2012-02-14,15.303804,15.315315,15.134134,15.259259,15.115426,72075852.00
2012-02-15,15.338589,15.338589,15.079079,15.154154,15.011311,96938964.00
2012-02-16,15.085586,15.235485,14.958208,15.178178,15.035109,101134764.00
2012-02-17,15.139389,15.205956,15.075075,15.131131,14.988504,97866036.00
2012-02-21,15.111862,15.462462,15.087087,15.365365,15.220531,99132768.00
2012-02-22,15.314314,15.434935,15.182933,15.213714,15.070309,78601320.00
2012-02-23,15.190190,15.213714,15.023774,15.167918,15.024946,82117800.00
2012-02-24,15.198949,15.306557,15.152903,15.262763,15.118896,77346576.00
2012-02-27,15.179930,15.324324,15.141642,15.247998,15.104271,72483444.00
2012-02-28,15.265265,15.509760,15.207207,15.475225,15.329356,113790096.00
2012-02-29,15.480480,15.655656,15.402903,15.471722,15.325884,125350524.00
2012-03-01,15.572072,15.658158,15.469219,15.575576,15.428760,89418492.00
2012-03-02,15.565566,15.615616,15.523524,15.546797,15.400252,62869068.00
2012-03-05,15.526276,15.577828,15.299800,15.371622,15.226727,63668268.00
2012-03-06,15.216466,15.235485,14.860861,15.139139,14.996438,126849024.00
2012-03-07,15.241491,15.295045,15.161662,15.185185,15.042050,50529420.00
2012-03-08,15.266266,15.302803,15.173924,15.193694,15.050478,53766180.00
2012-03-09,15.213964,15.312813,15.015015,15.021271,14.879682,106717176.00
2012-03-12,15.015015,15.190190,14.996496,15.143894,15.001147,66693240.00
2012-03-13,15.233984,15.461712,15.153904,15.459960,15.314235,89742168.00
2012-03-14,15.390390,15.585085,15.351852,15.415165,15.269862,117358524.00
2012-03-15,15.430430,15.603103,15.386136,15.543794,15.397278,97306596.00
2012-03-16,15.537788,15.663413,15.516767,15.641642,15.494203,121897980.00
2012-03-19,15.593594,15.947698,15.546547,15.865365,15.715817,86825088.00
2012-03-20,15.788789,15.917417,15.697447,15.853103,15.703671,61558380.00
2012-03-21,15.881131,16.200951,15.828579,16.015516,15.864554,98685216.00
2012-03-22,15.978478,16.236237,15.790791,16.167418,16.015022,96311592.00
2012-03-23,16.181181,16.228729,16.038540,16.080832,15.929253,77530392.00
2012-03-26,16.141142,16.253504,16.004505,16.249498,16.096329,72695232.00
2012-03-27,16.191942,16.353853,16.136135,16.191692,16.039070,80207712.00
2012-03-28,16.317066,16.481232,16.293293,16.410410,16.255726,101454444.00
2012-03-29,16.352352,16.431181,16.123625,16.226477,16.073528,76895028.00
2012-03-30,16.310061,16.353603,16.041040,16.047047,15.895787,92335572.00
2012-04-02,16.035286,16.203705,15.886887,16.189190,16.036589,91276632.00
2012-04-03,16.151402,16.214966,15.981982,16.081581,15.929996,81714204.00
2012-04-04,15.977227,15.990991,15.793293,15.894645,15.744822,65038896.00
2012-04-05,15.821822,15.926677,15.729980,15.823824,15.674668,92655252.00
2012-04-09,15.727728,15.899149,15.647898,15.786787,15.637981,87220692.00
2012-04-10,15.853854,15.878378,15.629379,15.687187,15.539320,99180720.00
2012-04-11,15.865115,15.915916,15.798298,15.914915,15.764901,87872040.00
2012-04-12,16.074825,16.344845,16.022524,16.291542,16.137978,230033736.00
2012-04-13,16.204954,16.240992,15.604104,15.630631,15.483297,326045628.00
2012-04-16,15.590591,15.610861,15.056557,15.166917,15.023953,227456316.00
2012-04-17,15.229229,15.457708,15.190440,15.254505,15.110718,120835044.00
2012-04-18,15.216466,15.335335,15.085335,15.201451,15.058163,106673220.00
2012-04-19,15.157407,15.421922,14.989990,14.997497,14.856130,131652216.00
2012-04-20,15.121371,15.236486,14.910661,14.916416,14.775812,122213664.00
2012-04-23,14.837337,14.976226,14.769770,14.954955,14.813990,87824088.00
2012-04-24,14.970971,15.180931,14.947948,15.046797,14.904964,77086836.00
2012-04-25,15.115115,15.299049,15.087087,15.258258,15.114432,72771156.00
2012-04-26,15.288038,15.465465,15.257758,15.402152,15.256972,83616300.00
2012-04-27,15.390891,15.433934,15.280280,15.389890,15.244824,65390544.00
2012-04-30,15.340090,15.417417,15.030280,15.136386,14.993709,96195708.00
2012-05-01,15.109860,15.305305,15.019770,15.125876,14.983300,80011908.00
2012-05-02,15.045045,15.217968,15.030280,15.196697,15.053453,64395540.00
2012-05-03,15.255756,15.386136,15.238989,15.290791,15.146659,74645280.00
2012-05-04,15.163163,15.212462,14.935185,14.939189,14.798373,88207704.00
2012-05-07,14.889890,15.279530,14.889890,15.203954,15.060639,79700220.00
2012-05-08,15.153403,15.437938,15.032533,15.335085,15.190536,106984908.00
2012-05-09,15.185686,15.424925,15.060310,15.243994,15.100303,93058848.00
2012-05-10,15.339339,15.420170,15.271021,15.356857,15.212104,61374564.00
2012-05-11,15.274024,15.379129,15.134384,15.145896,15.003131,83892024.00
2012-05-14,15.034535,15.227728,15.029530,15.115115,14.972640,72903024.00
2012-05-15,15.148899,15.390390,15.108859,15.293043,15.148891,83999916.00
2012-05-16,15.464464,15.768268,15.413914,15.738989,15.590633,193210596.00
2012-05-17,15.861612,15.962212,15.546296,15.591842,15.444871,134017848.00
2012-05-18,15.643143,15.826326,14.932432,15.025025,14.883399,238701060.00
2012-05-21,15.027778,15.407658,15.015015,15.368118,15.223259,122892984.00
2012-05-22,15.351351,15.360611,14.914915,15.035035,14.893315,121953924.00
2012-05-23,15.056306,15.255255,14.942943,15.251752,15.107988,126996876.00
2012-05-24,15.244244,15.313313,14.986737,15.106607,14.964213,75576348.00
2012-05-25,15.040040,15.058308,14.721722,14.803053,14.663519,143132724.00
2012-05-29,14.910160,14.993243,14.722723,14.873373,14.733176,104123772.00
2012-05-30,14.718719,14.812312,14.602853,14.720470,14.581715,76191732.00
2012-05-31,14.732733,14.764765,14.489489,14.536036,14.399018,118613268.00
2012-06-01,14.309059,14.330581,14.222973,14.288789,14.154102,122193684.00
2012-06-04,14.269770,14.526777,14.264515,14.479229,14.342748,97210692.00
2012-06-05,14.400651,14.467718,14.175926,14.274525,14.139973,93502404.00
2012-06-06,14.426426,14.563814,14.354605,14.528779,14.391831,83748168.00
2012-06-07,14.704705,14.711962,14.445696,14.470220,14.333824,70269660.00
2012-06-08,14.410661,14.539540,14.378879,14.525776,14.388856,56359584.00
2012-06-11,14.619870,14.647648,14.181431,14.226727,14.092626,106337556.00
2012-06-12,14.258509,14.271772,13.978478,14.141642,14.008341,128839032.00
2012-06-13,14.057057,14.189189,13.980981,14.041291,13.908938,78089832.00
2012-06-14,14.046547,14.140891,13.926927,13.990240,13.858369,93702204.00
2012-06-15,14.022523,14.127127,13.941191,14.126877,13.993717,119927952.00
2012-06-18,14.079580,14.369620,13.995245,14.285536,14.150881,99776124.00
2012-06-19,14.354104,14.621622,14.342342,14.552803,14.415628,82964952.00
2012-06-20,14.509760,14.514515,14.352102,14.452202,14.315974,93774132.00
2012-06-21,14.510511,14.510511,14.107357,14.144394,14.011069,80371548.00
2012-06-22,14.214214,14.301301,14.159660,14.301301,14.166496,89026884.00
2012-06-25,14.197447,14.216466,13.947698,14.031532,13.899271,63200736.00
2012-06-26,14.083083,14.179179,14.001001,14.131131,13.997931,53953992.00
2012-06-27,14.206707,14.364114,14.164665,14.246747,14.112456,67624308.00
2012-06-28,14.161662,14.169920,13.944194,14.121872,13.988759,76759164.00
2012-06-29,14.388388,14.517768,14.319319,14.516266,14.379436,100679220.00
2012-07-02,14.560060,14.589590,14.426927,14.526276,14.389353,66153780.00
2012-07-03,14.514765,14.724975,14.464464,14.710460,14.571797,47532420.00
2012-07-05,14.733734,15.016517,14.728228,14.912913,14.772345,93742164.00
2012-07-06,14.826076,14.852853,14.585085,14.664164,14.525940,86385528.00
2012-07-09,14.638388,14.729730,14.545796,14.664915,14.526685,68535396.00
2012-07-10,14.769520,14.825576,14.482983,14.557057,14.419843,76847076.00
2012-07-11,14.421922,14.460711,14.137638,14.294044,14.159307,139832028.00
2012-07-12,14.192192,14.312563,14.066316,14.276276,14.141707,92299608.00
2012-07-13,14.318068,14.493243,14.227978,14.427427,14.291436,78960960.00
2012-07-16,14.423674,14.494244,14.308809,14.387387,14.251773,58445496.00
2012-07-17,14.475225,14.531281,14.224224,14.432683,14.296640,67136796.00
2012-07-18,14.438939,14.606857,14.417668,14.533534,14.396541,61866072.00
2012-07-19,14.668168,14.976977,14.664665,14.841341,14.701445,186801012.00
2012-07-20,15.234234,15.338839,14.969469,15.285786,15.141701,258289452.00
2012-07-23,15.027027,15.474224,14.971221,15.403153,15.257963,142325532.00
2012-07-24,15.390390,15.463714,15.123624,15.204454,15.061137,80295624.00
2012-07-25,15.223223,15.349850,15.149399,15.214965,15.071549,72847080.00
2012-07-26,15.390390,15.437187,15.266016,15.349349,15.204666,67340592.00
2012-07-27,15.487738,15.890891,15.452953,15.889890,15.740111,141846012.00
2012-07-30,15.917167,16.081081,15.753253,15.823323,15.674173,87380532.00
2012-07-31,15.722222,15.928428,15.721221,15.840090,15.690781,74549376.00
2012-08-01,15.948448,16.003754,15.800300,15.832833,15.683593,73710216.00
2012-08-02,15.653403,15.966717,15.600851,15.734484,15.586170,79028892.00
2012-08-03,16.016016,16.109110,15.919419,16.049299,15.898020,75808116.00
2012-08-06,16.006256,16.250751,15.996496,16.086588,15.934955,71224704.00
2012-08-07,16.060810,16.122623,15.927678,16.029530,15.878434,79192728.00
2012-08-08,15.992242,16.162912,15.978478,16.071821,15.920329,52835112.00
2012-08-09,16.128880,16.175425,16.054054,16.074825,15.923303,42769188.00
2012-08-10,15.980731,16.072071,15.919169,16.066067,15.914630,57326616.00
2012-08-13,16.201702,16.520269,16.183184,16.516768,16.361080,130585284.00
2012-08-14,16.497747,16.838087,16.491491,16.733232,16.575504,146321532.00
2012-08-15,16.773773,16.873123,16.619120,16.705206,16.547743,96331572.00
2012-08-16,16.704454,16.882883,16.693693,16.838589,16.679869,68639292.00
2012-08-17,16.869869,16.948198,16.809309,16.945444,16.785715,87020892.00
2012-08-20,16.904404,16.988739,16.833332,16.905405,16.746056,70253676.00
2012-08-21,16.844595,16.966967,16.570822,16.754505,16.596579,88799112.00
2012-08-22,16.701200,17.032032,16.684183,16.946445,16.786709,76291632.00
2012-08-23,16.873625,17.029030,16.791792,16.936937,16.777290,71296632.00
2012-08-24,16.906906,17.028278,16.868870,16.982733,16.822655,57006936.00
2012-08-27,16.591341,16.816816,16.497498,16.747248,16.589388,104443452.00
2012-08-28,16.641642,16.957457,16.635136,16.948198,16.788445,82261656.00
2012-08-29,16.951200,17.241993,16.920671,17.217466,17.055174,119492388.00
2012-08-30,17.123123,17.201952,17.021523,17.059059,16.898260,65010924.00
2012-08-31,17.117117,17.231731,17.018019,17.144394,16.982790,84998916.00
2012-09-04,17.130880,17.142141,16.854355,17.043043,16.882393,75508416.00
2012-09-05,17.017017,17.179680,16.995495,17.035034,16.874460,68259672.00
2012-09-06,17.166166,17.514765,17.135386,17.502502,17.337524,121618260.00
2012-09-07,17.517517,17.824074,17.459209,17.671421,17.504848,129190680.00
2012-09-10,17.761763,17.838087,17.477226,17.536787,17.371487,102297600.00
2012-09-11,17.466467,17.533785,17.292292,17.322071,17.158796,74877048.00
2012-09-12,17.252502,17.390141,17.039040,17.289289,17.126318,105586308.00
2012-09-13,17.344595,17.742743,17.280781,17.668669,17.502123,106253640.00
2012-09-14,17.757757,17.842842,17.692944,17.759760,17.592354,104635260.00
2012-09-17,17.720470,17.839840,17.642643,17.767267,17.599794,60271668.00
2012-09-18,17.712212,17.984484,17.687187,17.974976,17.805542,82589328.00
2012-09-19,17.955456,18.232231,17.928179,18.205706,18.034098,123808068.00
2012-09-20,18.129881,18.302803,18.048550,18.221222,18.049467,116179704.00
2012-09-21,18.323574,18.391392,18.271271,18.368118,18.194981,254109636.00
2012-09-24,18.293293,18.769770,18.274525,18.753254,18.576483,142409448.00
2012-09-25,18.845095,19.141392,18.710211,18.747747,18.571033,242097660.00
2012-09-26,18.765015,19.050051,18.543545,18.855354,18.677622,226689084.00
2012-09-27,19.017769,19.090090,18.810061,18.931431,18.752985,157086756.00
2012-09-28,18.872623,19.001501,18.797548,18.881380,18.703405,111228660.00
2012-10-01,18.995245,19.144144,18.924173,19.063564,18.883873,126593280.00
2012-10-02,19.149149,19.168919,18.775526,18.943693,18.765127,111496392.00
2012-10-03,18.911913,19.117117,18.823824,19.081581,18.901716,88243668.00
2012-10-04,19.087837,19.266518,19.004004,19.220470,19.039299,98069832.00
2012-10-05,19.287037,19.378880,19.144394,19.210461,19.029385,109326564.00
2012-10-08,19.044044,19.108608,18.872623,18.964966,18.786205,78265656.00
2012-10-09,19.010761,19.052052,18.581833,18.620871,18.445351,120007872.00
2012-10-10,18.565065,18.706957,18.475725,18.632633,18.457003,81514404.00
2012-10-11,18.841341,18.981482,18.776026,18.805805,18.628542,95260644.00
2012-10-12,18.815065,18.890640,18.621120,18.637386,18.461712,96071832.00
2012-10-15,18.567066,18.614365,18.285786,18.543043,18.368256,120643236.00
2012-10-16,18.521772,18.693443,18.429930,18.636135,18.460474,82245672.00
2012-10-17,18.617367,18.927427,18.525024,18.906157,18.727947,91624284.00
2012-10-18,18.907408,19.004505,16.916918,17.392391,17.228447,497198304.00
2012-10-19,17.657158,17.685184,16.816816,17.061811,16.900986,458828712.00
2012-10-22,17.042292,17.132883,16.759258,16.983734,16.823643,162061776.00
2012-10-23,16.817066,17.200451,16.816816,17.025776,16.865286,116547336.00
2012-10-24,17.187187,17.192192,16.898649,16.949450,16.789682,99760140.00
2012-10-25,17.017017,17.067066,16.854605,16.960960,16.801086,95947956.00
2012-10-26,16.929428,17.092842,16.796797,16.895645,16.736385,77953968.00
2012-10-31,17.013514,17.042042,16.891891,17.024525,16.864054,61418520.00
2012-11-01,17.004505,17.289789,16.984985,17.206957,17.044767,81921996.00
2012-11-02,17.387136,17.406157,17.201450,17.215216,17.052948,92883024.00
2012-11-05,17.129629,17.188688,16.905907,17.091091,16.929991,65370564.00
2012-11-06,17.154154,17.179680,16.955706,17.060061,16.899252,63248688.00
2012-11-07,16.891891,16.972723,16.678928,16.694695,16.537333,89202708.00
2012-11-08,16.771772,16.804054,16.297047,16.323574,16.169708,103776120.00
2012-11-09,16.382633,16.725225,16.273773,16.592342,16.435944,124439436.00
2012-11-12,16.610359,16.761763,16.538288,16.664164,16.507086,56179764.00
2012-11-13,16.591593,16.706707,16.472221,16.492743,16.337282,63704232.00
2012-11-14,16.533033,16.571072,16.278778,16.330080,16.176151,66669264.00
2012-11-15,16.266266,16.516518,16.113613,16.197699,16.045019,73882044.00
2012-11-16,16.165916,16.341843,15.915916,16.195696,16.043034,137390472.00
2012-11-19,16.408909,16.739740,16.404655,16.721972,16.564348,94633272.00
2012-11-20,16.754505,16.966967,16.630880,16.766016,16.607979,83464452.00
2012-11-21,16.741491,16.761763,16.526527,16.663412,16.506342,84403512.00
2012-11-23,16.766016,16.766768,16.669168,16.715965,16.558403,36863100.00
2012-11-26,16.677677,16.691692,16.491993,16.545296,16.389339,88095816.00
2012-11-27,16.520771,16.891891,16.466467,16.784534,16.626324,100247652.00
2012-11-28,16.716967,17.139891,16.613865,17.108858,16.947588,121558320.00
2012-11-29,17.211712,17.364864,17.067066,17.314566,17.151358,110948940.00
2012-11-30,17.300051,17.497997,17.159409,17.476727,17.311991,126417456.00
2012-12-03,17.573574,17.664915,17.370119,17.398649,17.234650,87612300.00
2012-12-04,17.392391,17.405155,17.159660,17.293043,17.130039,79588332.00
2012-12-05,17.321072,17.379881,17.075325,17.212713,17.050467,74421504.00
2012-12-06,17.206957,17.407658,17.129881,17.295546,17.132515,58433508.00
2012-12-07,17.392391,17.439440,17.077578,17.122372,16.960974,76695228.00
2012-12-10,17.151901,17.308559,17.111862,17.152653,16.990971,54613332.00
2012-12-11,17.267267,17.565565,17.210211,17.439440,17.275055,107396496.00
2012-12-12,17.498247,17.605354,17.354355,17.456455,17.291912,96942960.00
2012-12-13,17.915916,17.929680,17.506256,17.585085,17.419329,137658204.00
2012-12-14,17.496746,17.713213,17.478228,17.566566,17.400986,85118796.00
2012-12-17,17.655155,18.066067,17.618118,18.037539,17.867517,121294584.00
2012-12-18,17.932934,18.245747,17.894144,18.044794,17.874704,120075804.00
2012-12-19,18.035786,18.093094,17.934935,18.020771,17.850908,76667256.00
2012-12-20,18.099600,18.134384,17.942192,18.077078,17.906683,66213720.00
2012-12-21,17.867117,17.988487,17.780781,17.908659,17.739855,140898960.00
2012-12-24,17.880630,17.897396,17.704454,17.755255,17.587896,33602364.00
2012-12-26,17.719469,17.839840,17.577827,17.739489,17.572277,47248704.00
2012-12-27,17.696196,17.738739,17.482733,17.674925,17.508322,65830104.00
2012-12-28,17.559811,17.690439,17.517769,17.517769,17.352646,56023920.00
2012-12-31,17.517517,17.782032,17.417418,17.702202,17.535343,79816104.00
2013-01-02,18.003504,18.193193,17.931683,18.099348,17.928745,101550348.00
2013-01-03,18.141392,18.316566,18.036036,18.109859,17.939156,92635272.00
2013-01-04,18.251753,18.555305,18.210211,18.467718,18.293640,110429460.00
2013-01-07,18.404655,18.503002,18.282784,18.387136,18.213820,66161772.00
2013-01-08,18.406906,18.425926,18.128880,18.350851,18.177876,66976956.00
2013-01-09,18.325075,18.477226,18.233232,18.471472,18.297358,80907012.00
2013-01-10,18.589338,18.643644,18.355856,18.555555,18.380650,73354572.00
2013-01-11,18.568569,18.579329,18.425926,18.518269,18.343714,51356592.00
2013-01-14,18.443443,18.573574,18.076826,18.099348,17.928745,114441444.00
2013-01-15,18.001251,18.393393,17.820320,18.141392,17.970390,156950892.00
2013-01-16,18.078077,18.126627,17.859610,17.897648,17.728941,80855064.00
2013-01-17,17.960711,18.009008,17.793293,17.800800,17.633007,88371540.00
2013-01-18,17.776777,17.837088,17.550800,17.630381,17.464197,128942928.00
2013-01-22,17.634134,17.651152,17.405405,17.589338,17.423538,151544304.00
2013-01-23,18.418167,18.743744,18.413162,18.556055,18.381145,236127636.00
2013-01-24,18.549549,18.939690,18.531281,18.874125,18.696217,135172692.00
2013-01-25,18.788038,18.980982,18.775024,18.860611,18.682833,88946964.00
2013-01-28,18.812813,18.908909,18.715965,18.787037,18.609951,65018916.00
2013-01-29,18.687437,18.942694,18.682182,18.860861,18.683079,69814116.00
2013-01-30,18.862362,19.042793,18.841593,18.864614,18.686798,69250680.00
2013-01-31,18.781532,18.959459,18.775024,18.911161,18.732906,65302632.00
2013-02-01,18.973974,19.434435,18.971472,19.409409,19.226458,149694156.00
2013-02-04,19.211460,19.281031,18.975725,18.994493,18.815453,121498380.00
2013-02-05,19.047297,19.297047,19.005756,19.162663,18.982035,74753172.00
2013-02-06,18.995747,19.343344,18.981482,19.273523,19.091850,83040876.00
2013-02-07,19.261763,19.489740,19.156656,19.368118,19.185553,113494392.00
2013-02-08,19.522774,19.686436,19.508509,19.653904,19.468647,120683196.00
2013-02-11,19.479479,19.594595,19.363113,19.580080,19.395517,86625288.00
2013-02-12,19.563313,19.717216,19.503754,19.537037,19.352879,74285640.00
2013-02-13,19.522774,19.653402,19.518768,19.591091,19.406429,47880072.00
2013-02-14,19.512762,19.738237,19.463715,19.715216,19.529375,69342588.00
2013-02-15,19.704704,19.851351,19.696445,19.842093,19.655060,109082808.00
2013-02-19,19.919670,20.195194,19.901901,20.191441,20.001116,117154728.00
2013-02-20,20.152653,20.244493,19.814566,19.831331,19.644402,110457432.00
2013-02-21,19.969971,20.156406,19.800301,19.908157,19.720503,140115744.00
2013-02-22,20.001501,20.051300,19.864864,20.012762,19.824120,82073844.00
2013-02-25,20.077578,20.230480,19.782032,19.789040,19.602505,92063844.00
2013-02-26,19.894896,19.918669,19.629629,19.773024,19.586643,88011900.00
2013-02-27,19.889891,20.138889,19.797548,20.014515,19.825859,80962956.00
2013-02-28,20.047548,20.194944,20.045795,20.050051,19.861061,90541368.00
2013-03-01,19.964966,20.198700,19.923674,20.174925,19.984755,86928984.00
2013-03-04,20.152653,20.591593,20.145145,20.558058,20.364281,110912976.00
2013-03-05,20.743994,21.024775,20.743242,20.985987,20.788170,161602236.00
2013-03-06,21.046797,21.121120,20.740992,20.805305,20.609198,114805080.00
2013-03-07,20.872372,20.936436,20.760260,20.835836,20.639439,82025892.00
2013-03-08,20.883383,20.893894,20.646896,20.808809,20.612665,116359524.00
2013-03-11,20.813063,21.013514,20.808308,20.891392,20.694468,63724212.00
2013-03-12,20.788540,20.818068,20.612362,20.710960,20.515736,80251668.00
2013-03-13,20.718218,20.788038,20.578327,20.653402,20.458725,65586348.00
2013-03-14,20.695444,20.695444,20.455206,20.559059,20.365267,65981952.00
2013-03-15,20.482983,20.528028,20.353853,20.377878,20.185797,123864012.00
2013-03-18,20.145145,20.339338,20.056807,20.214966,20.024422,73458468.00
2013-03-19,20.301300,20.501753,20.181431,20.303303,20.111923,83844072.00
2013-03-20,20.441191,20.458208,20.306307,20.388138,20.195961,58493448.00
2013-03-21,20.302553,20.443443,20.266518,20.301802,20.110439,59044896.00
2013-03-22,20.388889,20.401402,20.261261,20.278028,20.086887,59468472.00
2013-03-25,20.330582,20.501251,20.190691,20.261261,20.070278,68411520.00
2013-03-26,20.357859,20.370371,20.214966,20.330832,20.139193,47628324.00
2013-03-27,20.187187,20.195194,20.053303,20.086588,19.897251,86441472.00
2013-03-28,20.119869,20.154404,19.852352,19.874624,19.687288,91420488.00
2013-04-01,19.895145,20.076326,19.851101,20.049801,19.860811,72219708.00
2013-04-02,20.133635,20.391142,20.120119,20.346346,20.154564,81578340.00
2013-04-03,20.356857,20.375376,20.036787,20.175175,19.985003,69470460.00
2013-04-04,20.126375,20.163914,19.802301,19.896646,19.709103,97806096.00
2013-04-05,19.671171,19.694445,19.429428,19.595846,19.411135,137218644.00
2013-04-08,19.488237,19.508259,19.229229,19.390640,19.207865,113170716.00
2013-04-09,19.406906,19.613363,19.347097,19.460711,19.277273,86205708.00
2013-04-10,19.592592,19.828579,19.419418,19.774275,19.587883,79064856.00
2013-04-11,19.841843,19.847347,19.621120,19.779530,19.593088,81066852.00
2013-04-12,19.819571,19.822323,19.592842,19.771021,19.584660,65402532.00
2013-04-15,19.668419,19.944944,19.444944,19.567818,19.383373,98025876.00
2013-04-16,19.684435,19.919920,19.617619,19.854103,19.666954,69610320.00
2013-04-17,19.688438,19.790791,19.471972,19.583584,19.398989,81398520.00
2013-04-18,19.653402,19.664665,19.050550,19.166918,18.986252,132767100.00
2013-04-19,19.248247,20.106106,19.175676,20.016768,19.828089,231895872.00
2013-04-22,20.035034,20.119120,19.394394,20.022774,19.834038,115220664.00
2013-04-23,20.045046,20.407907,20.029030,20.217718,20.027149,91600308.00
2013-04-24,20.222973,20.470470,20.220221,20.356607,20.164722,73090836.00
2013-04-25,20.426678,20.432182,20.210960,20.247747,20.056894,79608312.00
2013-04-26,20.210211,20.213715,19.934435,20.055555,19.866512,99408492.00
2013-04-29,20.101351,20.588087,20.095095,20.496998,20.303793,91939968.00
2013-04-30,20.495495,20.711712,20.462461,20.634886,20.440384,92175732.00
2013-05-01,20.602102,20.638639,20.429428,20.531281,20.337753,58141800.00
2013-05-02,20.523024,20.884636,20.496746,20.761011,20.565317,80651268.00
2013-05-03,20.944944,21.191191,20.920921,21.164164,20.964676,100403496.00
2013-05-06,21.227728,21.567818,21.227728,21.560310,21.357084,85566348.00
2013-05-07,21.596848,21.618368,21.288038,21.452202,21.249996,78281640.00
2013-05-08,21.446445,21.868870,21.344093,21.862614,21.656538,98633268.00
2013-05-09,21.792793,22.013514,21.727476,21.808809,21.603241,87935976.00
2013-05-10,21.904655,22.035536,21.825827,22.027779,21.820147,75832092.00
2013-05-13,21.994244,22.083834,21.856356,21.960211,21.753212,57882060.00
2013-05-14,21.959459,22.239489,21.950451,22.199699,21.990448,63108828.00
2013-05-15,22.409910,22.932432,22.372873,22.920170,22.704126,159276564.00
2013-05-16,22.997997,23.022524,22.572823,22.619370,22.406162,128255616.00
2013-05-17,22.773273,22.860109,22.535536,22.752253,22.537790,111568320.00
2013-05-20,22.647648,23.038038,22.647648,22.735987,22.521677,90817092.00
2013-05-21,22.723223,22.814314,22.462713,22.696947,22.483004,79240680.00
2013-05-22,22.586588,22.755507,22.194195,22.257757,22.047955,102321576.00
2013-05-23,21.946947,22.271271,21.871872,22.091843,21.883606,90912996.00
2013-05-24,21.903402,21.992493,21.797047,21.854855,21.648848,91780128.00
2013-05-28,22.109610,22.325827,22.032032,22.053804,21.845926,90209700.00
2013-05-29,21.914665,21.971722,21.628880,21.729479,21.524658,80455464.00
2013-05-30,21.769770,21.994493,21.681932,21.790791,21.585390,84743172.00
2013-05-31,21.724726,21.946947,21.709709,21.802301,21.596794,78697224.00
2013-06-03,21.846848,21.871120,21.396896,21.712461,21.507801,98928972.00
2013-06-04,21.717968,21.786537,21.373123,21.498999,21.296350,74669256.00
2013-06-05,21.584333,21.758007,21.449699,21.514013,21.311222,84187728.00
2013-06-06,21.629129,21.679930,21.201702,21.637638,21.433681,103060836.00
2013-06-07,21.782282,22.022022,21.654655,22.015265,21.807747,106877016.00
2013-06-10,22.074575,22.297297,22.024275,22.277779,22.067791,93418488.00
2013-06-11,22.121370,22.197197,22.010010,22.017267,21.809732,70233696.00
2013-06-12,22.158659,22.172173,21.763014,21.821321,21.615637,88103808.00
2013-06-13,21.746246,22.013514,21.659159,21.946947,21.740072,82713204.00
2013-06-14,22.024525,22.139641,21.875126,21.897898,21.691490,89710200.00
2013-06-17,22.002752,22.258007,21.978979,22.178429,21.969374,85766148.00
2013-06-18,22.238487,22.547548,22.230982,22.538038,22.325596,86589324.00
2013-06-19,22.556807,22.793795,22.459961,22.539539,22.327084,116519364.00
2013-06-20,22.372122,22.547548,22.104855,22.140640,21.931942,134745120.00
2013-06-21,22.230730,22.269270,21.848598,22.045296,21.837496,159132708.00
2013-06-24,21.818819,21.929930,21.602854,21.766518,21.561346,120555324.00
2013-06-25,21.953453,22.014013,21.634384,21.676678,21.472353,102025872.00
2013-06-26,21.865616,21.971972,21.786036,21.863113,21.657030,73182744.00
2013-06-27,21.991993,22.139389,21.938189,21.948700,21.741814,76982940.00
2013-06-28,21.894394,22.068068,21.876627,22.031281,21.823614,93878028.00
2013-07-01,22.183434,22.324324,22.147146,22.219219,22.009777,68923008.00
2013-07-02,22.277277,22.297297,21.953705,22.079830,21.871706,75584340.00
2013-07-03,22.019520,22.251501,21.984484,22.182934,21.973837,41838120.00
2013-07-05,22.272524,22.407658,22.205706,22.359610,22.148849,68007924.00
2013-07-08,22.502752,22.679428,22.449450,22.649900,22.436403,78701220.00
2013-07-09,22.797798,22.846598,22.471972,22.653654,22.440123,79096824.00
2013-07-10,22.608858,22.801300,22.532032,22.672422,22.458710,68267664.00
2013-07-11,22.847849,23.043293,22.735737,23.029030,22.811960,103264632.00
2013-07-12,23.023024,23.098099,22.903904,23.098099,22.880375,102625272.00
2013-07-15,23.130630,23.223223,22.931932,23.140390,22.922270,78341580.00
2013-07-16,23.201450,23.222471,22.870371,23.013264,22.796341,79240680.00
2013-07-17,23.048048,23.194695,22.930429,22.986736,22.770065,60183756.00
2013-07-18,22.997747,23.023024,22.602352,22.789789,22.574970,145234620.00
2013-07-19,22.187437,22.596346,21.912163,22.437437,22.225941,294077628.00
2013-07-22,22.572573,22.839590,22.447447,22.790291,22.575468,116011872.00
2013-07-23,22.790291,22.847849,22.511763,22.617619,22.404427,81746172.00
2013-07-24,22.704205,22.780279,22.540039,22.595095,22.382111,83056860.00
2013-07-25,22.369120,22.443693,22.174173,22.214714,22.005318,119923956.00
2013-07-26,22.196947,22.272022,22.072071,22.155907,21.947063,71036892.00
2013-07-29,22.144646,22.392893,22.044294,22.078829,21.870712,75600324.00
2013-07-30,22.158659,22.412663,22.043795,22.295296,22.085142,70153776.00
2013-07-31,22.347097,22.435184,22.176678,22.215965,22.006557,86853060.00
2013-08-01,22.397396,22.636387,22.397396,22.628128,22.414835,85450464.00
2013-08-02,22.608608,22.697699,22.543043,22.686937,22.473089,68487444.00
2013-08-05,22.657408,22.660662,22.502502,22.647648,22.434174,52335612.00
2013-08-06,22.639891,22.765516,22.415667,22.436687,22.225197,60183756.00
2013-08-07,22.398397,22.483734,22.249498,22.288540,22.078447,55112832.00
2013-08-08,22.409660,22.418419,22.154404,22.338839,22.128271,59460480.00
2013-08-09,22.286285,22.410410,22.272272,22.282534,22.072500,52895052.00
2013-08-12,22.194695,22.197197,22.063313,22.159910,21.951029,55024920.00
2013-08-13,22.192944,22.234735,21.926928,22.053303,21.845427,56735208.00
2013-08-14,21.981232,22.027779,21.700701,21.767017,21.561840,83204712.00
2013-08-15,21.632633,21.644646,21.471472,21.513014,21.310234,74693232.00
2013-08-16,21.553555,21.582582,21.434935,21.444195,21.242060,66936996.00
2013-08-19,21.464214,21.821821,21.457708,21.662912,21.458715,72363564.00
2013-08-20,21.730480,21.824575,21.610109,21.657158,21.453016,49270680.00
2013-08-21,21.788038,21.944695,21.684183,21.755005,21.549944,70221708.00
2013-08-22,21.839338,21.890640,21.778028,21.864614,21.658518,34761204.00
2013-08-23,21.967718,21.971972,21.765516,21.777027,21.571754,43040916.00
2013-08-26,21.771772,21.894394,21.672922,21.681431,21.477058,42057900.00
2013-08-27,21.512012,21.614864,21.218719,21.275024,21.074488,69294636.00
2013-08-28,21.277529,21.406656,21.215466,21.234985,21.034824,53142804.00
2013-08-29,21.247997,21.531031,21.235987,21.407158,21.205376,59080860.00
2013-08-30,21.415415,21.472471,21.160160,21.193693,20.993921,74389536.00
2013-09-03,21.380381,21.676426,21.370119,21.531031,21.328079,81822096.00
2013-09-04,21.530279,21.859360,21.400652,21.812563,21.606956,81566352.00
2013-09-05,21.859360,22.019018,21.812061,22.011011,21.803535,51600348.00
2013-09-06,22.083082,22.116617,21.865364,22.011513,21.804031,62401536.00
2013-09-09,22.115364,22.266016,22.082582,22.223473,22.013992,49334616.00
2013-09-10,22.272774,22.322323,22.122122,22.238989,22.029366,51452496.00
2013-09-11,22.235737,22.446697,22.174173,22.427177,22.215780,64359576.00
2013-09-12,22.457457,22.469971,22.272524,22.348848,22.138187,43776180.00
2013-09-13,22.384886,22.414413,22.143143,22.248999,22.039280,52962984.00
2013-09-16,22.427427,22.447447,22.143894,22.216215,22.006804,53406540.00
2013-09-17,22.207457,22.231981,22.047047,22.174925,21.965902,50325624.00
2013-09-18,22.180931,22.621872,22.098848,22.605606,22.392525,77310612.00
2013-09-19,22.672422,22.672422,22.407408,22.482231,22.270313,63852084.00
2013-09-20,22.482231,22.625875,22.412912,22.600349,22.387320,173638188.00
2013-09-23,22.426176,22.562311,22.152151,22.184685,21.975571,71024904.00
2013-09-24,22.184685,22.274775,22.057056,22.193193,21.983999,59412528.00
2013-09-25,22.185936,22.185936,21.911913,21.952703,21.745775,65894040.00
2013-09-26,21.979479,22.090841,21.896896,21.976227,21.769079,50345604.00
2013-09-27,21.892391,21.959961,21.804556,21.931683,21.724953,50301648.00
2013-09-30,21.748749,22.043043,21.729479,21.919670,21.713055,68827104.00
2013-10-01,22.028278,22.213964,22.023273,22.197197,21.987967,67324608.00
2013-10-02,22.090340,22.256256,21.967466,22.221972,22.012508,59752188.00
2013-10-03,22.222221,22.374874,21.824324,21.924173,21.717518,84595320.00
2013-10-04,21.896896,21.959709,21.771772,21.830582,21.624807,54265680.00
2013-10-07,21.707958,21.871622,21.624374,21.665165,21.460949,51692256.00
2013-10-08,21.654655,21.671171,21.312061,21.363113,21.161745,77670252.00
2013-10-09,21.428429,21.587837,21.095596,21.417917,21.216034,105945948.00
2013-10-10,21.617619,21.742493,21.526777,21.727728,21.522924,90121788.00
2013-10-11,21.672422,21.858858,21.654154,21.821571,21.615879,56299644.00
2013-10-14,21.688189,21.928179,21.656406,21.924675,21.718014,49694256.00
2013-10-15,21.915916,22.162912,21.871872,22.072323,21.864267,63612324.00
2013-10-16,22.168919,22.480730,22.122372,22.473223,22.261391,80223696.00
2013-10-17,22.347097,22.444944,22.165415,22.241993,22.032337,170093736.00
2013-10-18,24.438938,25.411913,24.374374,25.310560,25.071981,462193344.00
2013-10-21,25.311811,25.500502,25.013763,25.107609,24.870943,144986868.00
2013-10-22,25.150150,25.350349,24.919670,25.200199,24.962664,88255656.00
2013-10-23,25.050051,25.894646,25.040791,25.811062,25.567770,106421472.00
2013-10-24,25.822573,26.040291,25.645645,25.664413,25.422503,83600316.00
2013-10-25,25.746246,25.746246,25.293795,25.405405,25.165937,81138780.00
2013-10-28,25.405405,25.611361,25.350100,25.400400,25.160976,46301652.00
2013-10-29,25.503002,25.949450,25.362864,25.931932,25.687498,64135800.00
2013-10-30,25.961712,25.963715,25.675676,25.786285,25.543224,52911036.00
2013-10-31,25.748999,26.064064,25.624874,25.790291,25.547192,65534400.00
2013-11-01,25.820572,25.925926,25.653152,25.701702,25.459438,51280668.00
2013-11-04,25.813313,25.835085,25.576326,25.678429,25.436382,45506448.00
2013-11-05,25.534285,25.817066,25.460960,25.563564,25.322599,47208744.00
2013-11-06,25.665667,25.700701,25.409660,25.594343,25.353092,36479484.00
2013-11-07,25.590841,25.623875,25.216215,25.223974,24.986214,67116816.00
2013-11-08,25.243994,25.487988,25.237738,25.426176,25.186510,51580368.00
2013-11-11,25.263014,25.423674,25.225225,25.290039,25.051655,44459496.00
2013-11-12,25.217718,25.464464,25.150150,25.319820,25.081156,48675276.00
2013-11-13,25.193945,25.847097,25.187689,25.837587,25.594044,63112824.00
2013-11-14,25.873875,26.019770,25.784534,25.906656,25.662462,46621332.00
2013-11-15,25.897648,25.975977,25.783533,25.864864,25.621065,51000948.00
2013-11-18,25.919670,26.244745,25.756758,25.814566,25.571238,70317612.00
2013-11-19,25.818819,25.894646,25.601852,25.655657,25.413826,45218736.00
2013-11-20,25.774525,25.859859,25.534534,25.583332,25.342182,38509452.00
2013-11-21,25.700701,25.983734,25.675676,25.877628,25.633703,43628328.00
2013-11-22,25.861361,25.930180,25.756256,25.823072,25.579666,50117832.00
2013-11-25,25.954954,26.356106,25.901402,26.174423,25.927704,64455480.00
2013-11-26,26.241241,26.564064,26.099600,26.486736,26.237072,91360548.00
2013-11-27,26.577328,26.726727,26.526527,26.604355,26.353582,44899056.00
2013-11-29,26.580582,26.692192,26.512762,26.516266,26.266323,47664288.00
2013-12-02,26.614365,26.685434,26.295296,26.388388,26.139648,54873072.00
2013-12-03,26.300051,26.612614,26.251753,26.357859,26.109409,66976956.00
2013-12-04,26.310560,26.626125,26.276276,26.480982,26.231373,47616336.00
2013-12-05,26.456455,26.518019,26.303555,26.459961,26.210550,45302652.00
2013-12-06,26.771523,26.776777,26.528528,26.773523,26.521158,57094848.00
2013-12-09,26.801552,27.084835,26.727226,26.980480,26.726164,59244696.00
2013-12-10,26.930681,27.335085,26.918167,27.143644,26.887785,74081844.00
2013-12-11,27.212212,27.310310,26.906157,26.959209,26.705091,68403528.00
2013-12-12,27.016266,27.100601,26.751753,26.775776,26.523388,63796140.00
2013-12-13,26.911913,26.934183,26.473724,26.546295,26.296072,86409504.00
2013-12-16,26.626627,26.894144,26.576826,26.851351,26.598249,64015920.00
2013-12-17,26.847347,27.046045,26.736237,26.773273,26.520908,61366572.00
2013-12-18,26.823072,27.150902,26.502502,27.145897,26.890022,88323588.00
2013-12-19,27.046295,27.327078,27.004004,27.182684,26.926458,66561372.00
2013-12-20,27.234735,27.556807,27.227226,27.543043,27.283421,130333536.00
2013-12-23,27.723724,27.922922,27.655657,27.905405,27.642368,68795136.00
2013-12-24,27.902151,27.908909,27.730230,27.823824,27.561558,29338632.00
2013-12-26,27.878128,28.003002,27.744995,27.964464,27.700871,53458488.00
2013-12-27,28.028028,28.035034,27.851351,27.987988,27.724174,62725212.00
2013-12-30,28.036537,28.040541,27.753254,27.764263,27.502558,49394556.00
2013-12-31,27.833834,28.053053,27.684183,28.045795,27.781439,54261684.00
2014-01-02,27.914413,27.971722,27.734234,27.855856,27.593288,72783144.00
2014-01-03,27.902903,27.951200,27.650902,27.652653,27.391998,66601332.00
2014-01-06,27.853104,27.999498,27.688688,27.960960,27.697405,70701228.00
2014-01-07,28.153152,28.520771,28.057056,28.500000,28.231358,102001896.00
2014-01-08,28.678679,28.711712,28.360611,28.559309,28.290112,89610300.00
2014-01-09,28.614614,28.634134,28.167168,28.284285,28.017675,83296620.00
2014-01-10,28.505507,28.505507,28.084333,28.282784,28.016190,85654260.00
2014-01-13,28.189939,28.701450,27.957207,28.102604,27.837708,96659244.00
2014-01-14,28.477226,28.803804,28.230480,28.763763,28.492638,99204696.00
2014-01-15,28.853603,28.903904,28.623373,28.744244,28.473299,77929992.00
2014-01-16,28.756256,28.977226,28.728729,28.934435,28.661701,67288644.00
2014-01-17,28.950199,29.044794,28.633635,28.792042,28.520647,107943948.00
2014-01-21,29.052301,29.129129,28.811312,29.121622,28.847124,79116804.00
2014-01-22,29.194445,29.226477,29.000502,29.154655,28.879845,62793144.00
2014-01-23,29.029030,29.091341,28.888138,29.031532,28.757881,77886036.00
2014-01-24,28.804054,28.867619,28.103104,28.123875,27.858778,155544300.00
2014-01-27,28.180681,28.190691,27.083834,27.558308,27.298542,173969856.00
2014-01-28,27.785786,28.171923,27.776276,28.103354,27.838455,88319592.00
2014-01-29,28.006006,28.071821,27.513014,27.700701,27.439594,95100804.00
2014-01-30,28.653654,28.841091,28.209459,28.413162,28.145340,203452344.00
2014-01-31,29.313063,29.693193,28.807056,29.553804,29.275230,222429348.00
2014-02-03,29.509510,29.572573,28.328579,28.364115,28.096756,182581236.00
2014-02-04,28.478228,28.903904,28.453705,28.482483,28.214006,112363524.00
2014-02-05,28.613113,28.798048,28.228729,28.608608,28.338943,95684220.00
2014-02-06,28.807056,29.033033,28.717466,29.028028,28.754412,77786136.00
2014-02-07,29.219971,29.476976,29.043043,29.465466,29.187723,105342552.00
2014-02-10,29.324324,29.589590,29.254755,29.352604,29.075926,77730192.00
2014-02-11,29.533785,29.826576,29.334585,29.784285,29.503538,81949968.00
2014-02-12,29.754755,29.779779,29.564064,29.696947,29.417025,68911020.00
2014-02-13,29.548298,30.027529,29.521021,30.027529,29.744492,73382544.00
2014-02-14,29.920170,30.139891,29.849850,30.100100,29.816374,87380532.00
2014-02-18,30.065315,30.352102,30.030029,30.302301,30.016670,84271644.00
2014-02-19,30.162663,30.260761,29.967466,30.088589,29.804974,84059856.00
2014-02-20,30.108608,30.202452,30.035536,30.132883,29.848854,67963968.00
2014-02-21,30.225475,30.277027,30.101101,30.124874,29.840918,74417508.00
2014-02-24,30.164164,30.534534,30.157658,30.343094,30.057079,66905028.00
2014-02-25,30.428928,30.643143,30.290791,30.530531,30.242750,57490452.00
2014-02-26,30.630630,30.752752,30.374374,30.534784,30.246962,79208712.00
2014-02-27,30.490240,30.636387,30.455706,30.510761,30.223166,50349600.00
2014-02-28,30.539040,30.635386,30.185686,30.421673,30.134918,92451456.00
2014-03-03,30.198950,30.226227,29.833332,30.097347,29.813650,84107808.00
2014-03-04,30.405405,30.430429,30.267769,30.403152,30.116568,58649292.00
2014-03-05,30.406656,30.607609,30.315565,30.486986,30.199614,49362588.00
2014-03-06,30.587587,30.684435,30.495495,30.520771,30.233084,50673276.00
2014-03-07,30.700701,30.705456,30.316317,30.400150,30.113596,60543396.00
2014-03-10,30.422672,30.471472,30.132381,30.319571,30.033777,48535416.00
2014-03-11,30.374624,30.388388,29.945946,30.029779,29.746719,68451480.00
2014-03-12,29.939939,30.226477,29.634384,30.212713,29.927927,78493428.00
2014-03-13,30.228979,30.292793,29.648649,29.756256,29.475773,93730176.00
2014-03-14,29.579329,29.801552,29.342592,29.349348,29.072701,91664244.00
2014-03-17,29.510761,29.956707,29.482231,29.832333,29.551132,86397516.00
2014-03-18,29.896646,30.318569,29.856356,30.311811,30.026091,72527400.00
2014-03-19,30.325325,30.330080,29.890141,30.011261,29.728376,64451484.00
2014-03-20,30.028778,30.270521,29.913914,29.958960,29.676569,67320612.00
2014-03-21,30.187939,30.271021,29.590841,29.605606,29.326540,128211660.00
2014-03-24,29.634384,29.652151,28.677427,28.977226,28.704088,121362516.00
2014-03-25,29.179178,29.275274,28.703705,28.996998,28.723673,96311592.00
2014-03-26,29.079329,29.318569,28.315817,28.327578,28.060564,103096800.00
2014-03-27,28.299549,28.326826,27.580080,27.884886,27.622044,152735112.00
2014-03-28,28.003002,28.358109,27.972221,28.031782,27.767557,90265644.00
2014-03-31,28.288288,28.403402,27.849098,27.890640,27.627743,77614308.00
2014-04-01,28.034784,28.465965,27.977978,28.400652,28.132946,87152760.00
2014-04-02,28.576077,28.648649,28.128128,28.405907,28.138151,83360556.00
2014-04-03,28.669500,29.415001,28.300501,28.575001,28.305651,80366000.00
2014-04-04,28.927500,28.986000,27.224501,27.262501,27.005522,107274000.00
2014-04-07,27.239500,27.492500,26.526501,27.031500,26.776701,79232000.00
2014-04-08,27.252501,27.993999,27.235001,27.875500,27.612743,69650000.00
2014-04-09,28.292000,28.389999,27.768999,28.351999,28.084751,60632000.00
2014-04-10,28.400000,28.410500,27.275000,27.334499,27.076843,65890000.00
2014-04-11,26.896999,27.379499,26.670000,26.888000,26.634556,63494000.00
2014-04-14,27.183001,27.650999,27.025999,27.260000,27.003050,50824000.00
2014-04-15,27.549999,27.644501,26.532000,27.434999,27.176397,79956000.00
2014-04-16,27.885000,28.200001,27.655001,28.195000,27.929234,91644000.00
2014-04-17,27.816000,27.850000,26.969999,27.167000,26.910925,112294000.00
2014-04-21,27.200001,27.200001,26.700001,26.968500,26.714296,48502000.00
2014-04-22,26.799999,27.400000,26.799999,27.275000,27.017906,46622000.00
2014-04-23,27.183500,27.240000,26.406500,26.875500,26.622171,39114000.00
2014-04-24,27.084499,27.125000,26.549999,26.722000,26.470119,41348000.00
2014-04-25,26.613001,26.693001,26.125000,26.155001,25.908463,47400000.00
2014-04-28,26.290001,26.295000,25.549999,26.149000,25.902523,75056000.00
2014-04-29,26.194500,26.888000,26.150000,26.816500,26.563725,50704000.00
2014-04-30,26.756001,26.816999,26.454500,26.743999,26.491913,40770000.00
2014-05-01,26.712500,26.995501,26.643000,26.926500,26.672693,40086000.00
2014-05-02,27.072001,27.120001,26.663500,26.693501,26.441889,35616000.00
2014-05-05,26.511999,26.785999,26.379000,26.766500,26.514196,24568000.00
2014-05-06,26.670500,26.727501,26.113001,26.128500,25.882212,36700000.00
2014-05-07,26.162500,26.221500,25.554501,25.900000,25.655865,61486000.00
2014-05-08,25.785999,26.367500,25.723000,26.008499,25.763342,49040000.00
2014-05-09,25.932501,26.367500,25.714001,26.330999,26.082804,45224000.00
2014-05-12,26.591999,26.937500,26.375500,26.921499,26.667734,38968000.00
2014-05-13,26.979000,27.199499,26.895000,27.077000,26.821772,40240000.00
2014-05-14,27.091000,27.091000,26.655500,26.720501,26.468636,25618000.00
2014-05-15,26.657000,26.700001,26.265499,26.455999,26.206627,36658000.00
2014-05-16,26.480000,26.542000,26.178499,26.415001,26.166014,38154000.00
2014-05-19,26.444000,26.967501,26.283001,26.941500,26.687550,39530000.00
2014-05-20,27.000000,27.317499,26.828501,27.019501,26.764816,48506000.00
2014-05-21,27.145000,27.487499,27.105499,27.485001,27.225927,31294000.00
2014-05-22,27.610001,27.898001,27.549999,27.772499,27.510714,42994000.00
2014-05-23,27.906500,28.250000,27.708500,28.190001,27.924286,53450000.00
2014-05-27,28.389000,28.743500,28.207500,28.743500,28.472567,43716000.00
2014-05-28,28.728500,28.882999,28.497499,28.522499,28.253647,31632000.00
2014-05-29,28.669500,28.674000,28.422501,28.528000,28.259094,28222000.00
2014-05-30,28.582001,28.629000,28.289499,28.582500,28.313082,37434000.00
2014-06-02,28.487499,28.520500,27.834999,28.216999,27.951027,33210000.00
2014-06-03,28.045000,28.120001,27.626499,27.725500,27.464161,40626000.00
2014-06-04,27.576000,27.929001,27.427999,27.688000,27.427015,34582000.00
2014-06-05,27.855499,28.250000,27.752501,28.246500,27.980247,35868000.00
2014-06-06,28.408001,28.440001,27.979000,28.301500,28.034733,34804000.00
2014-06-09,28.337500,28.600000,28.261000,28.536501,28.267515,30594000.00
2014-06-10,28.438999,28.600000,28.306499,28.415001,28.147163,29676000.00
2014-06-11,28.296000,28.448500,28.184000,28.375000,28.107540,22580000.00
2014-06-12,28.350000,28.350000,27.857500,27.975000,27.711308,30930000.00
2014-06-13,28.004000,28.032499,27.686001,28.017500,27.753405,27066000.00
2014-06-16,27.862499,27.899500,27.500000,27.615000,27.354700,39436000.00
2014-06-17,27.618000,27.687000,27.373501,27.531000,27.271490,29552000.00
2014-06-18,27.639999,28.070000,27.579000,28.033001,27.768761,41212000.00
2014-06-19,28.057501,28.250000,27.833500,28.249500,27.983221,52548000.00
2014-06-20,28.322500,28.338499,27.968500,28.326000,28.058998,63212000.00
2014-06-23,28.217501,28.722000,28.174999,28.714500,28.443838,34456000.00
2014-06-24,28.711000,29.112499,28.458000,28.627001,28.357162,56886000.00
2014-06-25,28.677500,29.365000,28.663000,29.296499,29.020353,42294000.00
2014-06-26,29.465000,29.480000,28.980000,29.238501,28.962898,40248000.00
2014-06-27,29.272499,29.393999,29.131001,29.284500,29.008465,40426000.00
2014-06-30,29.337999,29.385500,29.164499,29.233500,28.957945,29578000.00
2014-07-01,29.382500,29.683001,29.314501,29.574499,29.295732,32864000.00
2014-07-02,29.613001,29.707500,29.455500,29.539000,29.260569,23916000.00
2014-07-03,29.584999,29.712500,29.450001,29.653999,29.374481,17978000.00
2014-07-07,29.675501,29.782499,29.396999,29.538000,29.259575,26734000.00
2014-07-08,29.318501,29.398500,28.700001,28.920000,28.647400,42504000.00
2014-07-09,28.947500,29.205000,28.850000,29.167999,28.893063,27456000.00
2014-07-10,28.650000,29.262501,28.605000,29.002001,28.728626,28724000.00
2014-07-11,29.049999,29.411501,29.028999,29.332500,29.056011,30232000.00
2014-07-14,29.530001,29.743000,29.334499,29.712999,29.432922,39032000.00
2014-07-15,29.757500,29.764999,29.265499,29.653000,29.373489,33476000.00
2014-07-16,29.844500,29.850000,29.512501,29.531000,29.252640,28816000.00
2014-07-17,29.448500,29.475000,28.842501,29.041000,28.767262,58706000.00
2014-07-18,30.150499,30.334999,29.546000,30.255501,29.970310,97432000.00
2014-07-21,30.067499,30.208000,29.722500,29.922001,29.639954,44758000.00
2014-07-22,29.985001,30.444500,29.962999,30.178499,29.894037,37632000.00
2014-07-23,30.102501,30.352501,30.067499,30.259501,29.974272,22120000.00
2014-07-24,30.276501,30.445499,30.049999,30.150499,29.866299,27100000.00
2014-07-25,29.962500,30.049999,29.787500,29.903999,29.622122,27200000.00
2014-07-28,29.887501,30.055000,29.629499,29.951000,29.668682,27162000.00
2014-07-29,29.885000,29.924500,29.608500,29.697500,29.417574,27332000.00
2014-07-30,29.790501,29.922501,29.635000,29.771999,29.491369,24302000.00
2014-07-31,29.448000,29.599501,28.884001,28.977501,28.704357,46190000.00
2014-08-01,28.927500,29.171499,28.514999,28.680000,28.409664,44266000.00
2014-08-04,28.825500,29.191000,28.613001,29.113501,28.839075,30388000.00
2014-08-05,28.969000,29.010000,28.515499,28.657000,28.386875,32876000.00
2014-08-06,28.475000,28.931999,28.372499,28.724501,28.453741,26456000.00
2014-08-07,28.802500,28.915501,28.471500,28.590500,28.321005,23260000.00
2014-08-08,28.601000,28.978001,28.451000,28.896999,28.624615,29866000.00
2014-08-11,28.950001,28.984501,28.764999,28.862499,28.590441,24068000.00
2014-08-12,28.750000,28.795000,28.495501,28.606001,28.336363,27890000.00
2014-08-13,28.822500,29.306499,28.760000,29.228001,28.952501,37988000.00
2014-08-14,29.334499,29.389999,29.046000,29.232500,28.956953,25458000.00
2014-08-15,29.375000,29.473499,29.038000,29.185499,28.910393,34468000.00
2014-08-18,29.355000,29.752501,29.327499,29.635000,29.355659,29320000.00
2014-08-19,29.779499,29.890499,29.722000,29.855499,29.574081,20864000.00
2014-08-20,29.847500,29.849501,29.650000,29.770500,29.489883,19346000.00
2014-08-21,29.745001,29.762501,29.555000,29.621000,29.341793,22640000.00
2014-08-22,29.663500,29.749500,29.490000,29.627001,29.347738,17544000.00
2014-08-25,29.738501,29.778999,29.462999,29.528500,29.250160,25912000.00
2014-08-26,29.600000,29.602501,29.372499,29.406000,29.128819,29434000.00
2014-08-27,29.390499,29.468500,29.045000,29.150000,28.875233,27292000.00
2014-08-28,29.000999,29.235500,28.893999,29.016001,28.742498,28116000.00
2014-08-29,29.117500,29.145000,28.912001,29.118000,28.843533,24122000.00
2014-09-02,29.147499,29.465000,29.120001,29.431499,29.154079,31660000.00
2014-09-03,29.586500,29.724501,29.325001,29.476000,29.198160,31580000.00
2014-09-04,29.606501,29.900000,29.530001,29.657000,29.377453,32616000.00
2014-09-05,29.756500,29.924999,29.677500,29.889000,29.607264,35982000.00
2014-09-08,29.957001,30.176001,29.900999,30.081499,29.797949,31984000.00
2014-09-09,30.013500,30.030001,29.524000,29.598499,29.319502,31424000.00
2014-09-10,29.587000,29.686001,29.357000,29.671000,29.391321,23202000.00
2014-09-11,29.500000,29.597500,29.302000,29.555500,29.276909,30028000.00
2014-09-12,29.519501,29.573999,29.164000,29.245001,28.969337,37030000.00
2014-09-15,29.112000,29.195999,28.850500,29.082001,28.807873,30908000.00
2014-09-16,29.047501,29.507500,29.047501,29.438999,29.161509,31592000.00
2014-09-17,29.475500,29.803499,29.356001,29.664499,29.384884,34390000.00
2014-09-18,29.752501,29.878000,29.650999,29.863501,29.582006,29890000.00
2014-09-19,29.974501,30.270000,29.888000,30.270000,29.984676,83832000.00
2014-09-22,30.125000,30.190001,29.656000,29.863501,29.582006,35644000.00
2014-09-23,29.750000,29.832500,29.511999,29.559000,29.280378,28074000.00
2014-09-24,29.578501,30.005501,29.514999,29.921000,29.638966,35160000.00
2014-09-25,29.849501,29.903500,29.237000,29.262501,28.986673,33420000.00
2014-09-26,29.296499,29.478500,29.250000,29.395000,29.117924,25782000.00
2014-09-29,29.091499,29.465500,29.078501,29.390499,29.113464,22874000.00
2014-09-30,29.374500,29.549999,29.225000,29.420500,29.143185,31430000.00
2014-10-01,29.340000,29.436001,28.900999,28.981501,28.708323,28954000.00
2014-10-02,28.900000,29.162001,28.702499,29.044001,28.770227,30726000.00
2014-10-03,29.205000,29.414499,29.174999,29.312500,29.036198,24290000.00
2014-10-06,29.497499,29.620001,29.270000,29.389000,29.111980,25722000.00
2014-10-07,29.245001,29.292500,28.705000,28.705000,28.434429,30914000.00
2014-10-08,28.739500,29.234501,28.382000,29.187000,28.911880,44158000.00
2014-10-09,29.080500,29.126499,28.451500,28.540501,28.271479,48234000.00
2014-10-10,28.373501,28.761499,27.750500,27.759501,27.497839,59574000.00
2014-10-13,27.756500,28.044001,27.221500,27.237499,26.980757,55116000.00
2014-10-14,27.507000,27.931499,27.225000,27.434500,27.175903,52198000.00
2014-10-15,27.104000,27.195999,26.421000,27.036501,26.781654,76720000.00
2014-10-16,26.350000,27.049500,26.247499,26.846001,26.592953,76100000.00
2014-10-17,27.022499,27.172501,25.920500,26.148500,25.902025,119930000.00
2014-10-20,26.022499,26.658001,25.957001,26.618999,26.368090,54964000.00
2014-10-21,26.863501,26.938499,26.510000,26.901501,26.647926,49190000.00
2014-10-22,27.052500,27.538000,27.011499,27.134501,26.878729,59474000.00
2014-10-23,27.414000,27.870001,27.275000,27.682501,27.421562,43026000.00
2014-10-24,27.749001,27.750000,27.257999,27.445000,27.186304,43508000.00
2014-10-27,27.388000,27.700001,27.360001,27.493999,27.234838,31934000.00
2014-10-28,27.585501,27.959999,27.521500,27.947001,27.683571,34774000.00
2014-10-29,28.042500,28.248501,27.799000,27.922501,27.659304,41066000.00
2014-10-30,27.912500,28.125000,27.606501,28.013500,27.749447,32250000.00
2014-10-31,28.415001,28.436501,28.240499,28.393499,28.125864,46810000.00
2014-11-03,28.176500,28.357500,28.081499,28.188499,27.922794,30834000.00
2014-11-04,28.058001,28.239500,27.915001,28.209499,27.943594,27726000.00
2014-11-05,28.339500,28.344999,27.707500,27.797501,27.535480,32906000.00
2014-11-06,27.775000,27.840000,27.528999,27.584499,27.324486,33014000.00
2014-11-07,27.780001,27.780001,27.467501,27.591000,27.330925,31782000.00
2014-11-10,27.620001,28.031500,27.580999,27.911501,27.648407,26090000.00
2014-11-11,27.926001,28.125000,27.812000,28.064501,27.799965,21966000.00
2014-11-12,28.057501,28.062500,27.775000,27.912500,27.649397,21882000.00
2014-11-13,28.040501,28.041000,27.704500,27.822001,27.559752,30220000.00
2014-11-14,27.900000,27.900000,27.625500,27.759501,27.497839,28502000.00
2014-11-17,27.759501,27.759501,27.222000,27.332001,27.074369,33612000.00
2014-11-18,27.396500,27.639500,27.190001,27.225500,26.968876,36440000.00
2014-11-19,27.237499,27.410999,26.959499,27.360001,27.102106,30346000.00
2014-11-20,27.104500,27.268999,27.075001,27.188000,26.931723,35016000.00
2014-11-21,27.552000,27.552000,27.250000,27.294500,27.037220,50120000.00
2014-11-24,27.328501,27.559500,27.207500,27.374001,27.115971,33076000.00
2014-11-25,27.360500,27.625000,27.345501,27.461500,27.202652,38072000.00
2014-11-26,27.461500,27.493999,27.261499,27.386499,27.128355,29604000.00
2014-11-28,27.350000,27.480000,27.224001,27.454000,27.195219,24202000.00
2014-12-01,27.254499,27.439501,26.931000,26.982500,26.728161,39888000.00
2014-12-02,26.972500,27.092501,26.733000,26.929501,26.675663,41480000.00
2014-12-03,26.875000,27.070499,26.760500,26.848499,26.595427,32476000.00
2014-12-04,26.882000,27.134501,26.744499,27.129000,26.873283,32598000.00
2014-12-05,26.834999,26.910000,26.363001,26.403999,26.155117,61402000.00
2014-12-08,26.461000,26.691000,26.350000,26.536501,26.286367,64566000.00
2014-12-09,26.294001,26.832500,26.170500,26.805500,26.552832,43322000.00
2014-12-10,26.795000,26.968000,26.374500,26.402000,26.153135,46222000.00
2014-12-11,26.500500,26.851999,26.458000,26.605499,26.354719,41426000.00
2014-12-12,26.372000,26.612000,26.073000,26.075500,25.829714,47314000.00
2014-12-15,26.188000,26.268499,25.770000,25.792000,25.548883,52352000.00
2014-12-16,25.680000,25.778999,24.859501,24.908001,24.673222,86998000.00
2014-12-17,24.993000,25.453501,24.955500,25.322500,25.083809,72788000.00
2014-12-18,25.799500,25.812500,25.327999,25.731001,25.488462,77534000.00
2014-12-19,25.849501,26.040501,25.443001,26.002001,25.756905,97442000.00
2014-12-22,26.030500,26.648500,26.029499,26.615000,26.364128,66390000.00
2014-12-23,26.725500,27.115000,26.686001,26.938499,26.684578,57544000.00
2014-12-24,26.941000,27.014500,26.754999,26.846500,26.593445,14754000.00
2014-12-26,26.846500,27.162500,26.774500,27.076000,26.820782,22270000.00
2014-12-29,27.025000,27.196501,26.858000,26.865499,26.612265,44300000.00
2014-12-30,26.747999,26.892000,26.680500,26.764000,26.511724,20972000.00
2014-12-31,26.886999,26.920000,26.510000,26.533001,26.282902,24648000.00
2015-01-02,26.629999,26.790001,26.393999,26.477501,26.227924,26480000.00
2015-01-05,26.357500,26.399500,25.887501,25.973000,25.728178,41182000.00
2015-01-06,26.025000,26.060499,25.277500,25.332001,25.093220,54456000.00
2015-01-07,25.547501,25.574499,25.182501,25.257500,25.019424,46918000.00
2015-01-08,25.075500,25.375000,24.750999,25.345501,25.106594,73054000.00
2015-01-09,25.409000,25.430000,24.932501,25.035999,24.800011,42000000.00
2015-01-12,24.962000,25.014000,24.545500,24.853001,24.618734,57138000.00
2015-01-13,25.128500,25.430000,24.863001,25.090000,24.853500,60958000.00
2015-01-14,25.021000,25.413000,24.908001,25.296499,25.058052,52800000.00
2015-01-15,25.444500,25.487499,25.100500,25.200500,24.962963,51068000.00
2015-01-16,25.157499,25.542500,25.154499,25.523001,25.282421,49658000.00
2015-01-20,25.638500,25.780500,25.468500,25.497000,25.256666,46796000.00
2015-01-21,25.542000,26.092501,25.479500,26.019501,25.774239,46356000.00
2015-01-22,26.150000,26.941999,26.095501,26.865000,26.611771,56068000.00
2015-01-23,26.901501,27.270500,26.787500,27.097500,26.842077,45966000.00
2015-01-26,27.075001,27.075001,26.603500,26.836000,26.583044,30932000.00
2015-01-27,26.570000,26.639000,26.042999,26.059500,25.813864,39148000.00
2015-01-28,26.250000,26.284500,25.617500,25.621500,25.379992,35822000.00
2015-01-29,25.645000,25.759501,25.174000,25.661501,25.419615,79018000.00
2015-01-30,25.950001,27.155001,25.909000,26.877501,26.624153,121108000.00
2015-02-02,26.716000,26.825001,26.086000,26.610001,26.359175,75378000.00
2015-02-03,26.497000,26.872499,26.340500,26.665001,26.413656,47062000.00
2015-02-04,26.657000,26.837500,26.251499,26.305000,26.057049,33896000.00
2015-02-05,26.396500,26.534500,26.282000,26.491501,26.241793,33176000.00
2015-02-06,26.550501,27.011000,26.432501,26.694000,26.442385,42938000.00
2015-02-09,26.552999,26.694000,26.377501,26.464001,26.214552,30314000.00
2015-02-10,26.607500,27.049999,26.458500,27.007999,26.753422,47430000.00
2015-02-11,26.986500,27.097500,26.799999,26.900000,26.646439,38306000.00
2015-02-12,26.983000,27.417000,26.850000,27.300501,27.043169,48590000.00
2015-02-13,27.375500,27.627001,27.330000,27.558001,27.298239,47382000.00
2015-02-17,27.558001,27.650000,27.163000,27.250500,26.993639,39174000.00
2015-02-18,27.191000,27.377501,26.977501,27.132500,26.876747,31164000.00
2015-02-19,27.123501,27.343000,27.037500,27.322500,27.064957,30834000.00
2015-02-20,27.379000,27.379000,26.905001,27.090000,26.834650,38234000.00
2015-02-23,26.950001,26.965000,26.600000,26.750000,26.497854,32906000.00
2015-02-24,26.577499,26.969999,26.549999,26.932501,26.678633,28406000.00
2015-02-25,26.922001,27.478500,26.900499,27.366501,27.108541,40836000.00
2015-02-26,27.287001,28.006500,27.254499,27.964500,27.700911,54032000.00
2015-02-27,27.907499,28.471001,27.851500,28.131500,27.866335,68328000.00
2015-03-02,28.350000,28.799500,28.157499,28.750999,28.479990,50406000.00
2015-03-03,28.817499,29.042500,28.525000,28.939501,28.666716,50526000.00
2015-03-04,28.848499,29.081499,28.625999,28.916500,28.643934,37964000.00
2015-03-05,28.981001,29.160000,28.911501,29.071501,28.797474,35918000.00
2015-03-06,29.100000,29.139000,28.603001,28.645000,28.374998,37592000.00
2015-03-09,28.546000,28.772499,28.452499,28.705000,28.434429,23478000.00
2015-03-10,28.424000,28.488001,27.990999,27.992500,27.728643,40080000.00
2015-03-11,27.990000,28.209000,27.770500,27.784500,27.522606,40524000.00
2015-03-12,27.924000,28.091999,27.776501,28.058500,27.794020,35602000.00
2015-03-13,27.961500,28.218000,27.516500,27.650000,27.389374,35428000.00
2015-03-16,27.846500,28.187500,27.566000,28.082001,27.817297,36856000.00
2015-03-17,27.914499,28.032000,27.720501,27.880501,27.617699,28892000.00
2015-03-18,27.886499,28.325500,27.674999,28.308001,28.041168,35324000.00
2015-03-19,28.226000,28.348000,28.106001,28.183500,27.917845,24660000.00
2015-03-20,28.335501,28.355000,28.224001,28.247499,27.981237,44320000.00
2015-03-23,28.299999,28.482000,28.153000,28.268499,28.002043,30234000.00
2015-03-24,28.427000,29.094000,28.404499,28.877001,28.604805,79156000.00
2015-03-25,28.878500,29.003500,28.350000,28.350000,28.082773,53070000.00
2015-03-26,28.232500,28.359501,27.915501,28.181999,27.916359,49842000.00
2015-03-27,28.091499,28.203501,27.846500,27.877501,27.614729,34552000.00
2015-03-30,28.012501,28.108000,27.839500,28.056999,27.792534,24788000.00
2015-03-31,27.896999,28.122499,27.733500,27.735001,27.473572,34932000.00
2015-04-01,27.741501,27.924999,27.301500,27.474501,27.215528,38902000.00
2015-04-02,27.370501,27.400000,27.021999,27.065500,26.810379,47760000.00
2015-04-06,26.941999,27.277000,26.785000,27.197500,26.941133,33718000.00
2015-04-07,27.249500,27.507999,27.179501,27.243000,26.986206,27318000.00
2015-04-08,27.299999,27.575001,27.299999,27.441999,27.183331,28386000.00
2015-04-09,27.460501,27.468500,27.097500,27.400999,27.142717,32366000.00
2015-04-10,27.478500,27.492500,27.249001,27.427000,27.168472,26104000.00
2015-04-13,27.352501,27.663500,27.315001,27.431999,27.173426,29326000.00
2015-04-14,27.328501,27.328501,26.787001,26.989000,26.734604,47206000.00
2015-04-15,26.898001,27.159500,26.618500,27.052000,26.797009,46962000.00
2015-04-16,26.917500,27.261499,26.905001,27.176001,26.919838,31722000.00
2015-04-17,26.865499,26.990000,26.450001,26.636999,26.385921,49234000.00
2015-04-20,26.687500,27.290001,26.667500,27.226500,26.969860,38508000.00
2015-04-21,27.315500,27.388500,27.110500,27.146000,26.890121,29128000.00
2015-04-22,27.153000,27.549999,27.066000,27.459000,27.200172,31806000.00
2015-04-23,27.520500,28.058500,27.504000,27.872999,27.610268,78184000.00
2015-04-24,29.002501,29.235001,28.417500,28.683001,28.412636,92168000.00
2015-04-27,28.638500,28.775999,28.115000,28.306000,28.039188,48062000.00
2015-04-28,28.216000,28.391500,28.048000,28.218500,27.952513,37178000.00
2015-04-29,28.025499,28.292000,27.950001,28.069500,27.804916,33622000.00
2015-04-30,27.927999,28.055500,27.336000,27.438499,27.179861,47240000.00
2015-05-01,27.525499,27.561001,27.192499,27.558001,27.298239,36572000.00
2015-05-04,27.549500,27.834499,27.369499,27.642000,27.381447,35260000.00
2015-05-05,27.507999,27.630501,27.118500,27.152000,26.896067,28528000.00
2015-05-06,27.132000,27.196501,26.612000,26.754000,26.501818,39034000.00
2015-05-07,26.795000,27.260000,26.672501,27.101999,26.846539,31844000.00
2015-05-08,27.443501,27.639999,27.401501,27.447500,27.188780,28226000.00
2015-05-11,27.424500,27.668501,27.280001,27.289000,27.031773,21858000.00
2015-05-12,27.140499,27.148001,26.750000,26.936501,26.682596,35282000.00
2015-05-13,27.023500,27.191999,26.948999,26.974501,26.720240,24238000.00
2015-05-14,27.198500,27.484501,27.125000,27.459999,27.201160,31736000.00
2015-05-15,27.519501,27.530001,27.125000,27.324499,27.066936,33440000.00
2015-05-18,27.191000,27.417000,27.112499,27.333500,27.075855,26706000.00
2015-05-19,27.400000,27.670000,27.356001,27.464001,27.205122,47126000.00
2015-05-20,27.546000,27.803499,27.254999,27.625500,27.365101,30840000.00
2015-05-21,27.510000,27.880501,27.465000,27.840500,27.578075,34170000.00
2015-05-22,27.723000,27.912001,27.681000,27.726000,27.464653,24266000.00
2015-05-26,27.629000,27.666500,27.148500,27.359501,27.101612,37474000.00
2015-05-27,27.434000,27.764500,27.329000,27.712500,27.451281,34844000.00
2015-05-28,27.689501,27.788000,27.540001,27.709000,27.447813,23544000.00
2015-05-29,27.660000,27.697001,27.252001,27.266001,27.008991,43446000.00
2015-06-01,27.436501,27.528500,27.179001,27.460501,27.201658,33210000.00
2015-06-02,27.371500,27.939501,27.327499,27.697500,27.436424,31842000.00
2015-06-03,27.754999,27.899500,27.607500,27.764500,27.502790,26710000.00
2015-06-04,27.608999,27.798000,27.455999,27.584499,27.324486,26866000.00
2015-06-05,27.600000,27.666500,27.368999,27.476500,27.217510,24396000.00
2015-06-08,27.480499,27.493500,27.147499,27.174000,26.917858,27336000.00
2015-06-09,27.171000,27.242001,26.942499,27.108000,26.852478,30016000.00
2015-06-10,27.285000,27.739000,27.255501,27.629999,27.369560,30316000.00
2015-06-11,27.724501,27.741501,27.458500,27.502001,27.242767,25872000.00
2015-06-12,27.357500,27.442499,27.281500,27.373501,27.115479,25468000.00
2015-06-15,27.136499,27.202499,26.960501,27.150000,26.894083,27150000.00
2015-06-16,27.224001,27.334499,27.078501,27.243500,26.986704,32526000.00
2015-06-17,27.271000,27.417999,27.090500,27.330000,27.072388,24440000.00
2015-06-18,27.400000,27.862499,27.400000,27.809000,27.546871,41192000.00
2015-06-19,27.826000,27.895500,27.613001,27.875999,27.613239,59290000.00
2015-06-22,27.970501,28.280500,27.945499,27.983999,27.720222,34752000.00
2015-06-23,27.989500,28.245001,27.857500,28.169500,27.903975,31396000.00
2015-06-24,28.124001,28.132000,27.840500,27.928499,27.665245,28924000.00
2015-06-25,28.014999,28.157000,27.872999,27.897499,27.634539,26684000.00
2015-06-26,27.985500,28.000000,27.592501,27.653000,27.392344,43676000.00
2015-06-29,27.337500,27.545000,27.011999,27.062500,26.807407,37756000.00
2015-06-30,27.254499,27.295000,26.976999,27.002001,26.747480,34510000.00
2015-07-01,27.183001,27.290501,26.988001,27.165001,26.908945,30760000.00
2015-07-02,27.237000,27.400000,27.178499,27.367001,27.109039,28124000.00
2015-07-06,27.112499,27.429001,27.105000,27.281000,27.023848,25614000.00
2015-07-07,27.371500,27.549999,26.992500,27.501499,27.242271,33578000.00
2015-07-08,27.280001,27.414000,27.059999,27.084999,26.829693,27662000.00
2015-07-09,27.432501,27.444000,27.231001,27.232500,26.975801,29766000.00
2015-07-10,27.685499,27.964500,27.600000,27.805500,27.543404,43436000.00
2015-07-13,27.975500,28.642500,27.934999,28.586500,28.317043,41792000.00
2015-07-14,28.725000,29.485500,28.708500,29.209000,28.933676,74832000.00
2015-07-15,29.187000,29.434500,29.010500,29.198000,28.922783,41466000.00
2015-07-16,29.475000,30.225000,29.396000,30.089001,29.805384,112642000.00
2015-07-17,34.000000,35.150002,33.900002,34.980999,34.651264,257162000.00
2015-07-20,34.449001,34.889999,34.088501,34.641998,34.315464,102436000.00
2015-07-21,34.243999,35.279999,34.207500,34.767502,34.439781,75604000.00
2015-07-22,34.701000,35.666500,34.581001,34.755001,34.427399,83100000.00
2015-07-23,34.592499,34.803501,33.579498,33.736500,33.418499,76232000.00
2015-07-24,33.838501,33.889500,32.659000,32.738499,32.429905,82622000.00
2015-07-27,32.578499,33.353500,32.577499,32.913502,32.603264,58382000.00
2015-07-28,33.088001,33.205002,32.670502,32.983002,32.672104,34364000.00
2015-07-29,33.112999,33.166500,32.641998,33.071499,32.759766,36756000.00
2015-07-30,32.872002,33.402500,32.584499,33.228001,32.914791,39606000.00
2015-07-31,33.235001,33.250000,32.860001,32.875000,32.565117,34922000.00
2015-08-03,32.882999,33.333500,32.882999,33.236000,32.922714,31348000.00
2015-08-04,33.216999,33.400002,33.025501,33.063999,32.752346,26188000.00
2015-08-05,33.287498,33.995499,33.278999,33.664501,33.347183,36448000.00
2015-08-06,33.699501,33.737499,33.036499,33.507500,33.191654,40660000.00
2015-08-07,33.389000,33.439999,32.943501,33.219501,32.906372,27544000.00
2015-08-10,33.354500,33.581001,33.011501,33.157001,32.844463,34458000.00
2015-08-11,34.979000,35.200001,34.216000,34.514999,34.189659,109880000.00
2015-08-12,34.724499,34.799999,34.025501,34.573502,34.247612,58498000.00
2015-08-13,34.459999,34.701500,34.109001,34.325500,34.001942,36354000.00
2015-08-14,34.202000,34.612999,34.145000,34.468498,34.143604,27598000.00
2015-08-17,34.402000,34.737000,34.153000,34.705502,34.378365,24680000.00
2015-08-18,34.553501,34.787998,34.265999,34.436501,34.111904,27710000.00
2015-08-19,34.505501,35.009998,34.340000,34.702000,34.374905,50194000.00
2015-08-20,34.455002,34.807999,33.764000,33.973999,33.653763,57798000.00
2015-08-21,33.551998,33.644501,32.154999,32.201500,31.897974,91880000.00
2015-08-24,30.030001,31.384001,29.654499,30.905500,30.614185,129788000.00
2015-08-25,32.323502,32.349998,30.583500,30.623501,30.334843,71430000.00
2015-08-26,32.154999,33.124001,31.518499,32.987000,32.676067,87740000.00
2015-08-27,33.599499,33.699001,32.555000,33.397999,33.083191,58974000.00
2015-08-28,33.287998,33.349998,32.687500,32.984501,32.673592,38836000.00
2015-08-31,32.716999,33.220501,32.317501,32.390999,32.085686,38936000.00
2015-09-01,31.690500,32.222000,31.253000,31.478001,31.181290,51458000.00
2015-09-02,31.900000,32.252998,31.532000,32.245499,31.941557,37630000.00
2015-09-03,32.396500,32.562500,31.690500,31.852501,31.552258,34572000.00
2015-09-04,31.485001,31.725000,31.325001,31.448000,31.151571,40478000.00
2015-09-08,32.049999,32.251999,31.645000,32.194000,31.890539,39092000.00
2015-09-09,32.594002,32.868000,32.044998,32.170502,31.867266,40978000.00
2015-09-10,32.195000,32.744999,32.084999,32.554001,32.247150,27850000.00
2015-09-11,32.510502,32.765499,32.370499,32.764999,32.456154,34892000.00
2015-09-14,32.781502,32.796001,32.474998,32.623501,32.315987,29942000.00
2015-09-15,32.835499,33.442501,32.667000,33.253502,32.940052,35546000.00
2015-09-16,33.277500,33.403500,33.110001,33.276001,32.962345,26252000.00
2015-09-17,33.374500,34.099499,33.250000,33.583500,33.266941,47752000.00
2015-09-18,33.252998,33.492001,33.001499,33.046001,32.734505,72544000.00
2015-09-21,33.275501,33.450001,32.900002,33.348999,33.034653,39094000.00
2015-09-22,32.873501,32.941002,32.251499,32.660000,32.352146,54362000.00
2015-09-23,32.645000,33.014000,32.536499,32.664501,32.356606,29160000.00
2015-09-24,32.448502,32.838501,32.108501,32.745499,32.436840,38692000.00
2015-09-25,32.929001,32.929001,31.983000,32.007500,31.705795,48480000.00
2015-09-28,31.952499,32.142502,30.892000,31.212500,30.918291,47646000.00
2015-09-29,31.275000,31.733999,30.901501,31.130501,30.837065,42130000.00
2015-09-30,31.591499,31.965500,31.457500,31.918501,31.617640,52954000.00
2015-10-01,31.896999,32.192001,31.556000,32.099998,31.797424,42506000.00
2015-10-02,31.900499,32.849998,31.674999,32.849499,32.539864,48788000.00
2015-10-05,33.080002,33.651501,32.793499,33.584000,33.267437,37960000.00
2015-10-06,33.467499,33.939999,33.153999,33.582001,33.265461,42774000.00
2015-10-07,33.869999,33.937000,32.905499,33.500000,33.184235,44354000.00
2015-10-08,33.472500,33.594501,32.724499,33.349998,33.035641,39308000.00
2015-10-09,33.374500,33.704498,33.118000,33.562000,33.245644,32124000.00
2015-10-12,33.459499,33.898998,33.362000,33.821499,33.502701,26684000.00
2015-10-13,33.713001,34.423000,33.655499,34.158501,33.836514,42446000.00
2015-10-14,34.186501,34.501999,33.945000,34.020500,33.699829,31292000.00
2015-10-15,34.262501,34.708000,34.219501,34.651001,34.324375,47156000.00
2015-10-16,34.770000,34.811001,34.455002,34.765999,34.438301,36316000.00
2015-10-19,34.700001,35.012001,34.610500,34.997501,34.667614,30172000.00
2015-10-20,34.894501,34.900002,33.683998,34.000000,33.679512,52434000.00
2015-10-21,34.160500,34.244999,33.535000,33.590000,33.273380,31952000.00
2015-10-22,33.771999,34.402500,33.584999,34.056999,33.735973,88632000.00
2015-10-23,37.502998,37.625000,35.896999,35.966499,35.627483,126726000.00
2015-10-26,36.000999,36.747501,36.000999,36.556000,36.211422,48776000.00
2015-10-27,36.328499,36.798000,36.207001,36.640999,36.295616,38778000.00
2015-10-28,36.650002,36.868500,36.363499,36.846001,36.498688,39604000.00
2015-10-29,36.831501,37.339500,36.757999,37.242500,36.891457,36520000.00
2015-10-30,37.278000,37.315498,36.826500,36.869499,36.521969,39984000.00
2015-11-02,36.726501,37.409000,36.572498,37.387001,37.034588,39914000.00
2015-11-03,37.271500,37.584999,37.057999,37.441002,37.088085,36306000.00
2015-11-04,37.494999,37.994999,37.459999,37.765499,37.409523,41840000.00
2015-11-05,37.940498,38.317501,37.873501,38.033501,37.674999,45486000.00
2015-11-06,37.969501,38.151001,37.751499,38.080002,37.721058,33544000.00
2015-11-09,37.925999,38.165001,37.455502,37.738499,37.382774,35538000.00
2015-11-10,37.674000,38.029999,37.420502,37.912998,37.555634,29798000.00
2015-11-11,38.118999,38.453999,37.987499,38.262501,37.901844,41866000.00
2015-11-12,38.008999,38.290001,37.792999,37.826500,37.469952,35452000.00
2015-11-13,37.702000,37.766499,36.973499,37.003502,36.654705,48188000.00
2015-11-16,37.010502,37.585499,36.716499,37.521000,37.167324,50704000.00
2015-11-17,37.623501,37.747501,37.202499,37.299000,36.947418,38864000.00
2015-11-18,37.478500,38.055000,37.369499,38.000500,37.642307,36266000.00
2015-11-19,37.988998,38.161499,37.861500,37.997002,37.638840,28078000.00
2015-11-20,38.465000,38.966000,38.205002,38.849998,38.483799,55478000.00
2015-11-23,38.873501,39.145000,38.675499,38.834999,38.468941,34648000.00
2015-11-24,38.647999,38.799500,37.905499,38.481499,38.118774,47880000.00
2015-11-25,38.584499,38.650002,38.326500,38.463001,38.100445,23612000.00
2015-11-27,38.458000,38.700001,38.349998,38.598499,38.234673,14434000.00
2015-11-30,38.593498,38.751499,38.056000,38.142502,37.782974,33586000.00
2015-12-01,38.347000,39.250000,38.297501,39.189499,38.820099,40398000.00
2015-12-02,39.262501,39.652500,38.821499,38.892502,38.525898,46876000.00
2015-12-03,39.028000,39.223999,38.122501,38.410000,38.047947,41950000.00
2015-12-04,38.485500,39.120998,38.275501,38.960499,38.593250,49800000.00
2015-12-07,39.002998,39.049999,38.335999,38.649502,38.285194,36626000.00
2015-12-08,38.224998,38.932499,38.125999,38.757000,38.391674,31082000.00
2015-12-09,38.555000,38.804501,37.600498,38.127499,37.768108,46550000.00
2015-12-10,38.179501,38.303501,37.750000,38.001999,37.643787,32458000.00
2015-12-11,37.450001,37.872002,37.432499,37.521000,37.167324,43184000.00
2015-12-14,37.563000,38.207500,36.813000,38.126999,37.767616,53864000.00
2015-12-15,38.389500,38.737499,37.900002,38.004501,37.646271,49386000.00
2015-12-16,38.328499,39.075001,37.852501,38.829498,38.463490,53120000.00
2015-12-17,39.057999,39.079498,38.465000,38.491501,38.128681,36510000.00
2015-12-18,38.361500,38.707001,37.829498,37.842499,37.485794,67794000.00
2015-12-21,38.152500,38.317501,37.707500,38.040001,37.681438,34848000.00
2015-12-22,38.213501,38.516998,38.060001,38.356499,37.994946,36338000.00
2015-12-23,38.534500,38.595001,37.882500,38.425499,38.063301,30594000.00
2015-12-24,38.425999,38.459999,38.219501,38.292000,37.931057,10412000.00
2015-12-28,38.500000,39.140999,38.386501,39.112000,38.743328,31156000.00
2015-12-29,39.349499,39.934502,39.310001,39.698002,39.323807,38430000.00
2015-12-30,39.698002,39.823002,39.360001,39.514999,39.142525,28566000.00
2015-12-31,39.390999,39.416500,38.866001,38.900501,38.533821,32752000.00
2016-01-04,38.110001,38.110001,37.376999,37.972000,37.614071,67382000.00
2016-01-05,38.205002,38.459999,37.782501,38.076500,37.717594,45216000.00
2016-01-06,37.518501,38.286499,37.400002,37.966499,37.608624,48206000.00
2016-01-07,37.324501,37.765499,36.764000,37.049999,36.700771,63132000.00
2016-01-08,37.389999,37.506001,36.445999,36.545502,36.201027,47506000.00
2016-01-11,36.597500,36.754002,35.978001,36.653500,36.308002,50896000.00
2016-01-12,37.037498,37.417000,36.821499,37.266998,36.915718,46816000.00
2016-01-13,37.466999,37.650002,35.839001,35.978500,35.639366,51728000.00
2016-01-14,36.222000,36.994499,35.250000,36.569500,36.224792,55558000.00
2016-01-15,35.499500,36.208000,35.075500,35.524502,35.189651,76676000.00
2016-01-19,36.007500,36.267502,35.492500,35.953999,35.615089,48724000.00
2016-01-20,35.294998,36.347500,34.389000,35.928001,35.589340,82440000.00
2016-01-21,36.008499,36.883499,35.555500,36.333500,35.991028,51938000.00
2016-01-22,37.099998,37.428001,37.025002,37.272999,36.921665,47146000.00
2016-01-25,37.192001,37.623001,36.625000,36.681000,36.335243,45340000.00
2016-01-26,36.760502,36.973000,36.348499,36.689499,36.343662,30940000.00
2016-01-27,36.794498,36.794498,35.672501,35.879002,35.540806,42428000.00
2016-01-28,36.909500,37.557999,36.529999,37.415001,37.062332,62104000.00
2016-01-29,37.448002,38.255501,37.209999,38.067501,37.708679,75808000.00
2016-02-01,38.563000,38.879501,38.069000,38.538502,38.175240,111522000.00
2016-02-02,40.025002,40.517502,39.029999,39.045502,38.677460,135846000.00
2016-02-03,39.313999,39.571499,36.813000,37.469002,37.115814,131114000.00
2016-02-04,37.229500,37.262001,36.130001,36.501499,36.157433,104922000.00
2016-02-05,36.275002,36.335999,35.007000,35.188000,34.856312,109556000.00
2016-02-08,34.383999,35.226002,34.100498,35.208000,34.876133,89410000.00
2016-02-09,34.647499,36.048000,34.424999,35.050999,34.720612,84300000.00
2016-02-10,35.589500,36.160999,35.269501,35.342499,35.009357,60314000.00
2016-02-11,34.817001,35.616001,34.559502,35.318001,34.985088,65004000.00
2016-02-12,35.610500,35.799999,35.078999,35.344501,35.011345,46538000.00
2016-02-16,35.932499,36.144001,35.508999,35.882000,35.543777,43444000.00
2016-02-17,36.349998,36.688000,35.830502,36.598499,36.253525,49154000.00
2016-02-18,36.698002,36.799999,35.777500,35.875500,35.537338,47276000.00
2016-02-19,35.794998,36.201500,35.655998,36.105499,35.765171,34918000.00
2016-02-22,36.475498,36.742500,36.172501,36.452499,36.108894,37516000.00
2016-02-23,36.305000,36.544998,35.783501,35.864498,35.526440,41332000.00
2016-02-24,35.530499,36.061001,35.101002,36.044998,35.705238,37092000.00
2016-02-25,36.146500,36.475498,35.661499,36.456001,36.112370,36146000.00
2016-02-26,36.680000,36.807999,36.097000,36.243000,35.901371,42474000.00
2016-02-29,36.049999,36.529999,35.841999,35.861000,35.522972,45068000.00
2016-03-01,36.064999,37.116501,35.931999,37.108501,36.758713,60112000.00
2016-03-02,37.143501,37.155998,36.662498,36.973999,36.625481,36292000.00
2016-03-03,36.973999,37.049999,36.481499,36.579498,36.234699,40534000.00
2016-03-04,36.740002,36.750000,36.280998,36.511002,36.166843,48516000.00
2016-03-07,36.257500,36.360500,35.257000,35.639999,35.304058,61690000.00
2016-03-08,35.419498,36.112499,35.200001,35.676498,35.340214,52530000.00
2016-03-09,35.758499,36.312000,35.632999,36.270500,35.928612,39544000.00
2016-03-10,36.389500,36.827000,36.164501,36.608501,36.263432,44616000.00
2016-03-11,36.997501,37.244999,36.834999,37.243500,36.892437,35380000.00
2016-03-14,37.248501,37.713001,37.182999,37.512001,37.158413,32824000.00
2016-03-15,37.300999,37.650501,37.141998,37.528500,37.174759,29832000.00
2016-03-16,37.452499,37.950001,37.325001,37.868000,37.511051,29306000.00
2016-03-17,37.882500,38.266998,37.868000,37.924000,37.566532,44564000.00
2016-03-18,38.081501,38.106998,37.591000,37.770500,37.414471,56222000.00
2016-03-21,37.695499,38.167000,37.563499,38.108002,37.748795,28774000.00
2016-03-22,37.922001,38.250000,37.894001,38.002499,37.644287,22096000.00
2016-03-23,38.167500,38.269501,37.801498,37.877998,37.520958,24678000.00
2016-03-24,37.560001,37.877998,37.525002,37.742001,37.386253,31116000.00
2016-03-28,37.808498,37.915001,37.602001,37.664001,37.308979,21676000.00
2016-03-29,37.683998,38.359001,37.414501,38.294498,37.933533,40062000.00
2016-03-30,38.410500,38.865501,38.379002,38.417000,38.054882,40396000.00
2016-03-31,38.417000,38.453999,37.912498,38.145000,37.785446,32554000.00
2016-04-01,37.858002,38.501999,37.759998,38.483501,38.120758,31674000.00
2016-04-04,38.475498,38.622002,38.089500,38.256001,37.895405,26924000.00
2016-04-05,37.906502,38.143501,37.779999,37.928501,37.570988,24478000.00
2016-04-06,37.891998,38.421001,37.814999,38.403500,38.041508,25312000.00
2016-04-07,38.265999,38.467999,37.875000,38.006001,37.647758,25498000.00
2016-04-08,38.293499,38.356499,37.788502,37.973499,37.615559,23434000.00
2016-04-11,38.272499,38.361000,37.867001,37.876999,37.519970,31774000.00
2016-04-12,37.921501,38.245998,37.578499,38.216000,37.855782,27388000.00
2016-04-13,38.515499,38.787498,38.229500,38.595501,38.231693,35426000.00
2016-04-14,38.768002,38.980499,38.660999,38.769501,38.404053,26992000.00
2016-04-15,38.775002,39.046501,38.746498,39.000000,38.632385,31712000.00
2016-04-18,39.009499,39.427502,38.880501,39.383999,39.012764,33540000.00
2016-04-19,39.525002,39.547501,38.513500,38.812500,38.446659,43952000.00
2016-04-20,38.958000,38.983002,38.563499,38.745998,38.380775,34262000.00
2016-04-21,38.865501,39.084000,38.577499,39.000000,38.632385,77628000.00
2016-04-22,37.195499,37.695999,36.518501,36.888500,36.540794,140798000.00
2016-04-25,36.767502,37.243999,36.755001,37.110500,36.760700,49442000.00
2016-04-26,37.221001,37.279499,36.015999,36.268501,35.926632,55864000.00
2016-04-27,36.265999,36.357498,35.453999,36.073002,35.732983,66262000.00
2016-04-28,36.164501,36.463001,35.160000,35.252998,34.920704,62590000.00
2016-04-29,35.206001,35.605499,35.188999,35.394001,35.060375,58278000.00
2016-05-02,35.596001,35.770500,35.318001,35.720501,35.383797,33476000.00
2016-05-03,35.625000,35.668499,35.366501,35.422001,35.088112,38620000.00
2016-05-04,35.338501,35.752499,35.202499,35.568501,35.233238,34172000.00
2016-05-05,35.750000,35.877499,35.472500,35.735500,35.398666,29668000.00
2016-05-06,35.610001,36.299500,35.597500,36.258999,35.917213,39952000.00
2016-05-09,36.334999,36.714500,36.174999,36.456501,36.112865,38074000.00
2016-05-10,36.748001,37.000000,36.580502,36.969002,36.620533,32634000.00
2016-05-11,37.026001,37.040001,36.395000,36.527500,36.183189,29834000.00
2016-05-12,36.599998,36.768501,36.213501,36.403500,36.060360,27094000.00
2016-05-13,36.331001,36.564499,36.175499,36.241501,35.899887,25244000.00
2016-05-16,36.216000,36.633999,36.000000,36.514999,36.170811,22538000.00
2016-05-17,36.553001,36.792500,35.900002,36.009499,35.670074,33404000.00
2016-05-18,35.924999,36.278500,35.750999,36.089001,35.748825,32536000.00
2016-05-19,35.915001,36.025002,35.515499,35.765499,35.428375,30598000.00
2016-05-20,35.823002,36.384998,35.750500,36.085499,35.745358,34798000.00
2016-05-23,35.999001,36.174999,35.847000,35.862499,35.524460,24816000.00
2016-05-24,35.992500,36.709999,35.982498,36.651501,36.306023,37884000.00
2016-05-25,36.750000,36.994499,36.630001,36.904999,36.557133,32216000.00
2016-05-26,36.799999,37.055000,36.650002,36.846500,36.499184,27202000.00
2016-05-27,36.875500,37.395500,36.850498,37.380001,37.027653,34802000.00
2016-05-31,37.438000,37.674000,37.278500,37.442501,37.089565,42484000.00
2016-06-01,37.423500,37.568501,37.216999,37.423000,37.070251,20788000.00
2016-06-02,37.305000,37.365002,36.849998,37.213501,36.862728,33916000.00
2016-06-03,37.074501,37.074501,36.695499,36.792999,36.446190,24608000.00
2016-06-06,36.924999,36.924999,36.414501,36.502998,36.158924,29992000.00
2016-06-07,36.663502,36.835499,36.540001,36.554501,36.209942,24314000.00
2016-06-08,36.974998,37.190498,36.788502,37.146500,36.796364,32314000.00
2016-06-09,36.853500,37.196499,36.825001,37.125999,36.776054,19180000.00
2016-06-10,36.797501,36.981998,36.525501,36.659500,36.313946,29050000.00
2016-06-13,36.491001,36.950001,36.491001,36.594002,36.249062,23354000.00
2016-06-14,36.465500,36.799999,36.325001,36.662498,36.316921,26584000.00
2016-06-15,36.745998,36.857498,36.565498,36.609501,36.264420,23234000.00
2016-06-16,36.397999,36.519501,35.777000,36.212502,35.871162,45002000.00
2016-06-17,36.069500,36.069500,35.056000,35.212502,34.880592,82262000.00
2016-06-20,35.515499,35.793499,35.270500,35.306499,34.973705,45654000.00
2016-06-21,35.502499,35.769001,35.233002,35.444000,35.109901,30318000.00
2016-06-22,35.702499,35.710499,35.293999,35.523499,35.188656,29058000.00
2016-06-23,35.527500,35.743999,35.012501,35.743500,35.406578,42500000.00
2016-06-24,34.508499,35.250000,34.245499,34.259998,33.937065,95436000.00
2016-06-27,34.124500,34.166500,33.632999,34.056999,33.735973,58146000.00
2016-06-28,34.568501,34.637001,34.242500,34.563000,34.237206,38246000.00
2016-06-29,34.713001,34.974998,34.633999,34.759499,34.431858,43124000.00
2016-06-30,34.882500,35.188499,34.744999,35.176498,34.844921,42250000.00
2016-07-01,35.255001,35.626499,35.186501,35.512501,35.177765,30984000.00
2016-07-05,35.250500,35.405998,34.956501,35.244499,34.912281,28440000.00
2016-07-06,34.992001,35.650002,34.950001,35.448502,35.114368,28902000.00
2016-07-07,35.505501,35.508499,35.033501,35.362999,35.029667,21174000.00
2016-07-08,35.528000,35.895000,35.405499,35.889000,35.550709,29946000.00
2016-07-11,35.971001,36.446499,35.943501,36.360001,36.017269,28822000.00
2016-07-12,36.596001,36.779999,36.375000,36.625500,36.280273,26468000.00
2016-07-13,36.776001,36.776001,36.451000,36.473999,36.130192,20436000.00
2016-07-14,36.696999,36.806999,36.529499,36.790001,36.443222,21408000.00
2016-07-15,37.049999,37.049999,36.731998,36.781502,36.434799,32342000.00
2016-07-18,36.895500,37.757000,36.825500,37.660000,37.305019,38698000.00
2016-07-19,37.493500,37.829498,37.424500,37.670502,37.315418,30436000.00
2016-07-20,37.702499,38.032001,37.702499,37.854000,37.497185,22502000.00
2016-07-21,37.849998,37.907501,37.576000,37.720501,37.364941,19062000.00
2016-07-22,37.866001,37.972500,37.632999,37.964001,37.606152,20920000.00
2016-07-25,37.883999,37.991001,37.703499,37.875999,37.518982,21466000.00
2016-07-26,37.875999,37.963001,37.637501,37.882500,37.525421,23792000.00
2016-07-27,37.948502,38.222500,37.796501,38.098499,37.739380,32172000.00
2016-07-28,38.442001,38.448502,37.954498,38.292000,37.931057,73464000.00
2016-07-29,39.885502,40.196999,39.500000,39.567001,39.194046,101810000.00
2016-08-01,39.333500,40.374500,39.251999,40.047001,39.669514,60594000.00
2016-08-02,39.866501,40.116001,39.726501,40.006001,39.628906,39928000.00
2016-08-03,39.823502,39.977001,39.651001,39.945999,39.569469,29206000.00
2016-08-04,39.911999,40.009998,39.695999,39.862499,39.486752,21520000.00
2016-08-05,40.005501,40.361000,39.890499,40.346500,39.966194,36146000.00
2016-08-08,40.299999,40.380001,40.084499,40.261501,39.881992,24426000.00
2016-08-09,40.224499,40.666500,40.202999,40.374001,39.993435,32154000.00
2016-08-10,40.352501,40.543999,40.324501,40.424500,40.043457,18370000.00
2016-08-11,40.523499,40.694000,40.299999,40.410000,40.029099,25646000.00
2016-08-12,40.254501,40.359501,40.181999,40.352501,39.972137,17946000.00
2016-08-15,40.360500,40.568001,40.201500,40.298000,39.918144,18596000.00
2016-08-16,40.174999,40.213001,39.849998,40.059502,39.681900,21158000.00
2016-08-17,40.000000,40.281502,39.814999,40.271000,39.891403,21322000.00
2016-08-18,40.268002,40.400002,40.081501,40.137501,39.759159,17292000.00
2016-08-19,39.989498,40.061501,39.844002,39.982498,39.605625,22416000.00
2016-08-22,39.925499,39.965000,39.716499,39.847500,39.471901,17056000.00
2016-08-23,40.023998,40.049999,39.799500,39.829498,39.454063,18350000.00
2016-08-24,39.842999,39.923000,39.537998,39.680000,39.305977,25672000.00
2016-08-25,39.599998,39.736000,39.361500,39.564999,39.192055,24054000.00
2016-08-26,39.624500,39.970001,39.470501,39.660999,39.287148,24978000.00
2016-08-29,39.652500,39.925999,39.515999,39.791000,39.415932,15474000.00
2016-08-30,39.644001,39.900002,39.473499,39.596001,39.222767,23348000.00
2016-08-31,39.480000,39.578499,39.360001,39.492500,39.120243,21428000.00
2016-09-01,39.598999,39.644501,39.316502,39.570000,39.197014,26070000.00
2016-09-02,39.763500,39.855000,39.662998,39.843498,39.467926,26998000.00
2016-09-06,39.919498,40.544498,39.771500,40.401001,40.020180,39790000.00
2016-09-07,40.396500,40.529999,40.186001,40.399502,40.018696,22906000.00
2016-09-08,40.261002,40.421001,40.050499,40.141998,39.763626,23554000.00
2016-09-09,39.938499,40.087502,39.402500,39.424000,39.052387,37752000.00
2016-09-12,39.226002,40.008499,39.174999,39.941002,39.564518,37274000.00
2016-09-13,39.700500,39.789501,39.216499,39.436001,39.064281,36180000.00
2016-09-14,39.376499,39.816502,39.376499,39.522999,39.150455,25842000.00
2016-09-15,39.500500,40.182499,39.432999,40.061501,39.683884,31144000.00
2016-09-16,39.951000,39.951000,39.681000,39.898499,39.522419,42612000.00
2016-09-19,40.055500,40.199501,39.678001,39.769501,39.394638,22990000.00
2016-09-20,40.000000,40.137501,39.912998,39.988998,39.612068,20984000.00
2016-09-21,40.063000,40.295502,39.801498,40.251499,39.872089,26970000.00
2016-09-22,40.500000,40.952999,40.385502,40.797501,40.412945,35186000.00
2016-09-23,40.757000,40.849998,40.636501,40.748001,40.363911,28234000.00
2016-09-26,40.491001,40.504002,40.022499,40.132500,39.754211,29454000.00
2016-09-27,40.091499,40.674500,40.091499,40.536499,40.154396,27346000.00
2016-09-28,40.203999,40.512501,40.139000,40.502998,40.121220,29406000.00
2016-09-29,40.361500,40.695499,40.042999,40.132000,39.753716,27000000.00
2016-09-30,40.180000,40.404499,40.075001,40.202999,39.824047,33204000.00
2016-10-03,40.127499,40.176998,39.811501,40.019001,39.641788,29784000.00
2016-10-04,40.250000,40.325001,39.983501,40.139500,39.761147,25174000.00
2016-10-05,40.299999,40.424999,40.035500,40.061501,39.683884,24276000.00
2016-10-06,40.203999,40.347500,40.025501,40.153999,39.775501,21998000.00
2016-10-07,40.296501,40.297001,39.841000,40.035500,39.658134,23262000.00
2016-10-10,40.196499,40.868999,40.112000,40.708500,40.324783,29922000.00
2016-10-11,40.708500,40.993000,40.368500,40.478500,40.096947,34432000.00
2016-10-12,40.598000,40.724998,40.427502,40.588501,40.205914,18158000.00
2016-10-13,40.303501,40.327999,39.931000,40.203999,39.825031,27380000.00
2016-10-14,40.372501,40.504501,40.116001,40.230000,39.850796,22238000.00
2016-10-17,40.299500,40.674500,40.191502,40.341999,39.961727,21128000.00
2016-10-18,40.710499,41.440498,40.666500,41.074501,40.687336,45786000.00
2016-10-19,41.144001,41.490002,41.144001,41.341999,40.952312,30002000.00
2016-10-20,41.377998,41.423500,41.027500,41.081501,40.694263,27878000.00
2016-10-21,41.000000,41.214500,40.915501,41.202999,40.814621,32316000.00
2016-10-24,41.504501,41.896999,41.452000,41.786999,41.393112,28952000.00
2016-10-25,41.924999,41.924999,41.264999,41.427502,41.037003,37814000.00
2016-10-26,41.355999,41.385502,40.817501,41.105000,40.717545,35898000.00
2016-10-27,41.150501,41.328999,40.730499,40.867500,40.482285,59470000.00
2016-10-28,41.497002,41.950001,40.849998,40.978001,40.591743,87098000.00
2016-10-31,41.121498,41.131500,40.400002,40.494999,40.113293,44854000.00
2016-11-01,40.543499,40.698002,39.912998,40.273998,39.894375,47118000.00
2016-11-02,40.338001,40.338001,39.250000,39.421001,39.049419,47014000.00
2016-11-03,39.224998,39.500000,38.931499,39.109501,38.740856,43504000.00
2016-11-04,38.564999,39.424000,38.549999,39.055000,38.686867,39412000.00
2016-11-07,39.747501,40.250000,39.645000,40.101501,39.723503,39852000.00
2016-11-08,40.101501,40.801998,39.980999,40.598999,40.216309,35382000.00
2016-11-09,40.091499,40.585499,39.602001,40.279499,39.899822,61970000.00
2016-11-10,40.500000,40.502998,38.411499,39.014500,38.646748,118192000.00
2016-11-11,38.840500,38.864498,38.277000,38.587502,38.223774,71852000.00
2016-11-14,38.588001,38.589001,37.179501,37.660999,37.306007,73766000.00
2016-11-15,38.273499,39.012001,38.261002,38.757999,38.392670,58878000.00
2016-11-16,38.521000,39.174999,38.316502,38.999001,38.631393,35968000.00
2016-11-17,39.125000,39.445000,38.992500,39.307999,38.937477,30674000.00
2016-11-18,39.358501,39.564499,38.767502,38.798500,38.432789,36126000.00
2016-11-21,38.904999,39.327499,38.814999,39.240002,38.870121,32616000.00
2016-11-22,39.449501,39.688499,39.187000,39.250000,38.880032,27884000.00
2016-11-23,39.476002,39.476002,38.632500,38.950001,38.582855,26260000.00
2016-11-25,39.130501,39.145000,38.909500,39.011501,38.643780,12270000.00
2016-11-28,38.917500,39.987000,38.904999,39.289501,38.919159,51508000.00
2016-11-29,39.418999,39.821999,39.266998,39.472000,39.099941,31240000.00
2016-11-30,39.455002,39.575500,38.657501,38.793999,38.428322,45582000.00
2016-12-01,38.927502,38.930000,37.667999,38.216499,37.856266,57342000.00
2016-12-02,38.095001,38.525002,37.950001,38.223000,37.862705,34376000.00
2016-12-05,38.500000,39.000000,38.348499,38.910999,38.544220,33770000.00
2016-12-06,39.009499,39.264000,38.666000,38.808998,38.443188,34682000.00
2016-12-07,38.997501,39.599998,38.676498,39.573502,39.200485,40588000.00
2016-12-08,39.647499,39.950001,39.395500,39.758499,39.383736,32250000.00
2016-12-09,39.965000,40.497501,39.902500,40.472500,40.091000,38090000.00
2016-12-12,40.241001,40.567501,40.226501,40.395000,40.014233,32572000.00
2016-12-13,40.619499,41.215000,40.597000,40.766998,40.382725,42564000.00
2016-12-14,40.796001,41.213001,40.639000,40.894501,40.509033,35994000.00
2016-12-15,40.868000,41.150002,40.599998,40.782501,40.398079,35394000.00
2016-12-16,40.915501,40.959999,40.405998,40.492001,40.110321,51978000.00
2016-12-19,40.464001,40.811001,40.224998,40.625000,40.242069,25272000.00
2016-12-20,40.668499,40.824501,40.549999,40.759998,40.375793,25438000.00
2016-12-21,40.785999,40.785999,40.255001,40.610001,40.227215,29192000.00
2016-12-22,40.455002,40.553501,40.301498,40.484001,40.102398,22632000.00
2016-12-23,40.400501,40.548500,40.255501,40.389999,40.009281,15310000.00
2016-12-27,40.433998,40.799999,40.290001,40.496498,40.114777,19520000.00
2016-12-28,40.666500,40.666500,40.122002,40.228500,39.849308,24296000.00
2016-12-29,40.116501,40.287498,39.907001,40.144001,39.765598,21148000.00
2016-12-30,40.160500,40.164501,39.480999,39.622501,39.249020,34718000.00
2017-01-03,40.030998,40.571999,39.844501,40.400501,40.019684,39180000.00
2017-01-04,40.494499,40.671501,40.205502,40.388500,40.007793,30306000.00
2017-01-05,40.375000,40.687000,40.296001,40.651001,40.267822,26810000.00
2017-01-06,40.749500,41.448002,40.575001,41.260502,40.871578,40342000.00
2017-01-09,41.318501,41.521500,41.081001,41.359001,40.969147,28178000.00
2017-01-10,41.353500,41.470501,41.157001,41.300499,40.911201,23948000.00
2017-01-11,41.331001,41.494999,41.073502,41.493000,41.101883,26508000.00
2017-01-12,41.418999,41.519001,41.050499,41.476501,41.085541,26990000.00
2017-01-13,41.549999,41.732498,41.476002,41.547001,41.155376,25804000.00
2017-01-17,41.500000,41.508999,41.160000,41.373001,40.983025,28818000.00
2017-01-18,41.490002,41.490501,41.203999,41.451000,41.060276,20554000.00
2017-01-19,41.450001,41.650002,41.198002,41.218498,40.829975,21410000.00
2017-01-20,41.454498,41.462002,41.230000,41.408501,41.018188,26124000.00
2017-01-23,41.580502,42.277000,41.435001,42.221500,41.823517,49148000.00
2017-01-24,42.348999,42.576000,42.113998,42.476501,42.076115,33768000.00
2017-01-25,42.677502,42.939499,42.487000,42.922501,42.517906,33108000.00
2017-01-26,42.952499,43.049999,42.526001,42.848999,42.445103,69866000.00
2017-01-27,42.950001,43.349998,42.095001,42.251499,41.853241,75050000.00
2017-01-30,41.853001,41.861500,41.051498,41.191502,40.803234,70338000.00
2017-01-31,40.974998,41.153500,40.669998,41.009499,40.622944,40404000.00
2017-02-01,41.200001,41.200001,40.612499,40.762001,40.377785,45020000.00
2017-02-02,40.750000,41.228001,40.602501,40.912998,40.527351,33784000.00
2017-02-03,41.156502,41.306499,40.967499,41.006500,40.619968,30562000.00
2017-02-06,41.046001,41.119499,40.714500,41.081001,40.693768,27018000.00
2017-02-07,41.275002,41.596001,41.164501,41.461498,41.070683,33332000.00
2017-02-08,41.526501,41.712502,41.255501,41.493999,41.102879,26044000.00
2017-02-09,41.586498,41.598999,41.325001,41.502998,41.111794,23884000.00
2017-02-10,41.647499,41.857498,41.525501,41.742500,41.349037,28302000.00
2017-02-13,41.884998,42.087002,41.812500,41.948002,41.552605,25914000.00
2017-02-14,41.988499,42.099998,41.791500,42.001499,41.605595,27266000.00
2017-02-15,41.940498,42.088501,41.811001,41.866001,41.471375,27144000.00
2017-02-16,41.924999,42.134499,41.862999,42.108501,41.711586,20102000.00
2017-02-17,42.065498,42.347000,41.988998,42.327499,41.928524,29224000.00
2017-02-21,42.399502,42.610001,42.327499,42.463501,42.063240,25206000.00
2017-02-22,42.400002,42.689499,42.335499,42.568001,42.166756,24488000.00
2017-02-23,42.554001,42.631001,42.125000,42.549999,42.148922,27734000.00
2017-02-24,42.382500,42.417999,42.147999,42.390499,41.990925,26924000.00
2017-02-27,42.247501,42.533501,42.150501,42.483501,42.083050,20206000.00
2017-02-28,42.367500,42.441502,42.071999,42.246498,41.848286,27662000.00
2017-03-01,42.569000,42.900002,42.451000,42.837502,42.433716,36374000.00
2017-03-02,42.815498,42.824501,42.436001,42.492500,42.091972,25018000.00
2017-03-03,42.446999,42.541000,42.235500,42.453999,42.053833,20100000.00
2017-03-06,42.342999,42.446999,42.058498,42.363499,41.964180,20958000.00
2017-03-07,42.362999,42.666500,42.276001,42.557499,42.156357,20774000.00
2017-03-08,42.655998,42.846500,42.562500,42.681999,42.279678,20576000.00
2017-03-09,42.684502,43.035500,42.633499,42.891998,42.487698,26954000.00
2017-03-10,43.134998,43.211498,42.880501,43.070499,42.664516,26732000.00
2017-03-13,43.041500,43.356499,43.041000,43.229000,42.821522,23332000.00
2017-03-14,43.187500,43.379002,43.006500,43.295502,42.887394,21234000.00
2017-03-15,43.396999,43.493999,43.064999,43.419498,43.010227,26658000.00
2017-03-16,43.526501,43.635502,43.375999,43.500000,43.089973,22090000.00
2017-03-17,43.683998,43.721001,43.418499,43.618500,43.207352,37366000.00
2017-03-20,43.473999,43.516998,43.233501,43.395500,42.986450,30844000.00
2017-03-21,43.502998,43.673500,42.384499,42.507000,42.106331,50760000.00
2017-03-22,42.473999,42.767502,42.349998,42.490002,42.089485,27334000.00
2017-03-23,42.069500,42.084499,41.650002,41.982498,41.586773,65754000.00
2017-03-24,42.099998,42.200001,41.455002,41.757000,41.363392,42114000.00
2017-03-27,41.404499,42.069000,41.215000,41.925499,41.530308,38692000.00
2017-03-28,41.984501,42.270000,41.613499,42.031502,41.635311,30384000.00
2017-03-29,42.137501,42.579498,42.069000,42.493500,42.092953,29146000.00
2017-03-30,42.598999,42.599998,42.338501,42.473999,42.073639,18988000.00
2017-03-31,42.341499,42.478001,42.262001,42.389999,41.990429,28820000.00
2017-04-03,42.437500,42.950001,42.376499,42.837502,42.433716,39388000.00
2017-04-04,42.400002,42.650002,42.375500,42.628502,42.226685,26970000.00
2017-04-05,42.735500,43.029499,42.375999,42.445499,42.045410,37104000.00
2017-04-06,42.474998,42.679501,42.200001,42.255001,41.856705,30672000.00
2017-04-07,42.250000,42.293999,41.865002,42.105000,41.708118,22232000.00
2017-04-10,42.077000,42.337002,42.039501,42.084999,41.688309,20924000.00
2017-04-11,42.084999,42.231499,41.730000,41.993999,41.598160,19486000.00
2017-04-12,41.923000,42.186001,41.879501,42.073002,41.676418,22716000.00
2017-04-13,42.051998,42.186501,41.892502,42.008999,41.613022,21474000.00
2017-04-17,42.069000,42.782001,42.051498,42.756500,42.353477,20982000.00
2017-04-18,42.626999,42.869499,42.562500,42.699501,42.297016,18724000.00
2017-04-19,42.869499,43.009998,42.676498,42.825500,42.421822,21606000.00
2017-04-20,42.987000,43.196499,42.875000,43.004002,42.598644,23776000.00
2017-04-21,43.030998,43.122002,42.886501,42.947498,42.542679,23458000.00
2017-04-24,43.422001,43.998001,43.305500,43.946499,43.532261,33930000.00
2017-04-25,44.112999,44.612499,43.964001,44.442001,44.023090,40760000.00
2017-04-26,44.569500,44.649502,44.257500,44.457001,44.037952,26466000.00
2017-04-27,44.500000,44.668999,44.359001,44.571999,44.151855,46846000.00
2017-04-28,46.450001,46.794998,46.160999,46.226002,45.790279,76918000.00
2017-05-01,46.207500,46.791000,46.040001,46.640999,46.201359,46556000.00
2017-05-02,46.663502,47.149502,46.549999,46.854500,46.412846,35026000.00
2017-05-03,46.802502,47.509998,46.760502,47.422501,46.975498,36496000.00
2017-05-04,47.514500,47.957001,47.368500,47.736000,47.286045,38752000.00
2017-05-05,47.835999,47.922001,47.404999,47.514000,47.066132,32310000.00
2017-05-08,47.372501,48.049500,47.369999,47.934502,47.482670,37534000.00
2017-05-09,48.066502,48.110001,47.720001,47.835499,47.384602,33758000.00
2017-05-10,47.811001,47.835499,47.492001,47.742001,47.291985,22920000.00
2017-05-11,47.564499,47.899502,47.430500,47.794498,47.343983,20622000.00
2017-05-12,47.892502,47.898998,47.603001,47.757000,47.306843,24298000.00
2017-05-15,47.764500,48.134998,47.640999,47.960999,47.508915,26754000.00
2017-05-16,48.177502,48.294998,48.017502,48.230499,47.775875,22030000.00
2017-05-17,47.985001,48.049500,47.002998,47.108501,46.664455,48982000.00
2017-05-18,47.160000,47.709000,47.063499,47.525002,47.077030,36010000.00
2017-05-19,47.640999,47.978001,47.599998,47.732498,47.282581,27206000.00
2017-05-22,47.849998,48.241001,47.827999,48.203499,47.749134,27748000.00
2017-05-23,48.498001,48.725498,48.224998,48.527500,48.070076,30908000.00
2017-05-24,48.763000,48.905998,48.581501,48.880501,48.419754,22660000.00
2017-05-25,48.950001,49.789001,48.890999,49.592999,49.125534,39082000.00
2017-05-26,49.599998,49.819500,49.368000,49.663502,49.195370,32728000.00
2017-05-30,49.625000,49.881001,49.568001,49.808498,49.339005,30324000.00
2017-05-31,49.810501,49.980000,49.084000,49.354500,48.889278,34482000.00
2017-06-01,49.548000,49.657001,49.064499,49.414501,48.948715,26128000.00
2017-06-02,49.429501,49.824001,49.353500,49.806000,49.336529,34710000.00
2017-06-05,49.894501,50.369999,49.772499,50.194000,49.720875,27578000.00
2017-06-06,50.165501,50.430500,49.740002,49.834000,49.364258,31042000.00
2017-06-07,49.954498,50.195499,49.793499,50.075001,49.602993,27482000.00
2017-06-08,50.211498,50.279999,49.831001,50.214001,49.740685,33758000.00
2017-06-09,50.274502,50.275002,47.668499,48.506001,48.048782,72958000.00
2017-06-12,47.936001,48.400002,46.840000,48.090500,47.637199,84042000.00
2017-06-13,48.602001,48.895500,48.100498,48.525002,48.067612,40108000.00
2017-06-14,48.775002,48.985001,47.975498,48.396500,47.940315,30110000.00
2017-06-15,47.401001,48.034000,47.018501,48.008999,47.556469,48552000.00
2017-06-16,47.895500,47.997501,47.435001,47.931000,47.479202,51184000.00
2017-06-19,48.482498,48.965000,48.410000,48.761002,48.301380,29376000.00
2017-06-20,48.765499,49.039501,48.410000,48.449501,47.992817,25946000.00
2017-06-21,48.539501,48.977501,48.472500,48.929501,48.468292,23232000.00
2017-06-22,48.843498,49.025002,48.665501,48.831001,48.370712,20190000.00
2017-06-23,48.775002,49.331001,48.723000,49.304501,48.839756,31280000.00
2017-06-26,49.500000,49.699501,48.516499,48.604500,48.146355,30358000.00
2017-06-27,48.080002,48.361000,47.354500,47.404499,46.957661,48872000.00
2017-06-28,47.533001,48.161999,46.807999,48.050499,47.597569,54912000.00
2017-06-29,47.567501,47.583000,46.480000,46.890999,46.449001,64134000.00
2017-06-30,47.199501,47.250000,46.480499,46.484001,46.045837,45754000.00
2017-07-03,46.660999,46.712002,45.765499,45.973000,45.539658,33896000.00
2017-07-05,46.209999,46.814499,45.931499,46.612999,46.173626,41882000.00
2017-07-06,46.250000,46.806999,45.992500,46.384499,45.947273,40298000.00
2017-07-07,46.549500,47.233002,46.489498,47.040501,46.597095,33266000.00
2017-07-10,47.097500,47.656502,47.097500,47.549999,47.101795,29030000.00
2017-07-11,47.526001,47.744499,47.256001,47.676498,47.227104,29224000.00
2017-07-12,48.042999,48.481499,47.852001,48.382999,47.926949,32042000.00
2017-07-13,48.540001,48.935001,48.240002,48.442501,47.985886,30492000.00
2017-07-14,48.700001,48.876999,48.507500,48.845501,48.385082,21592000.00
2017-07-17,48.816002,49.167500,48.540001,48.798000,48.338028,33210000.00
2017-07-18,48.667999,49.542500,48.602001,49.347500,48.882347,28266000.00
2017-07-19,49.500500,49.779999,49.350498,49.638500,49.170609,28242000.00
2017-07-20,49.849998,49.933998,49.230999,49.609501,49.141884,28368000.00
2017-07-21,49.450001,49.755501,49.208500,49.692001,49.223610,29266000.00
2017-07-24,49.705002,50.309502,49.513500,49.915501,49.444996,79690000.00
2017-07-25,48.535000,48.836498,48.189999,48.451500,47.994797,118672000.00
2017-07-26,48.639000,48.697498,48.011501,48.265499,47.810547,44432000.00
2017-07-27,48.459000,48.476002,46.853001,47.625500,47.176582,74358000.00
2017-07-28,47.399502,48.089500,47.265499,47.916500,47.464840,36276000.00
2017-07-31,48.000000,48.059502,47.086498,47.275002,46.829388,45670000.00
2017-08-01,47.390499,47.724499,47.248001,47.327999,46.881889,28052000.00
2017-08-02,47.418499,47.455002,46.625999,47.382000,46.935375,40788000.00
2017-08-03,47.455002,47.500000,46.972000,47.014999,46.571838,22478000.00
2017-08-04,47.197498,47.376999,46.990002,47.289501,46.843750,25092000.00
2017-08-07,47.375999,47.448002,47.174999,47.287498,46.841763,28916000.00
2017-08-08,47.214500,47.624500,47.124001,47.209499,46.764503,30102000.00
2017-08-09,46.922501,47.188000,46.695999,47.004002,46.560940,28018000.00
2017-08-10,46.750000,46.814999,46.089001,46.179501,45.744209,54148000.00
2017-08-11,46.185501,46.667999,46.061001,46.504501,46.066147,32334000.00
2017-08-14,46.953499,47.051998,46.724499,46.946499,46.503983,23012000.00
2017-08-15,47.051498,47.153500,46.832001,46.903999,46.461884,22130000.00
2017-08-16,47.062500,47.494999,47.001999,47.213501,46.768471,26906000.00
2017-08-17,47.147499,47.190498,46.382000,46.382999,45.945797,33914000.00
2017-08-18,46.348999,46.550999,46.172501,46.308998,45.872490,26748000.00
2017-08-21,46.288502,46.412498,45.930000,46.043499,45.609497,26024000.00
2017-08-22,46.348000,47.098000,46.308498,47.020000,46.576797,35502000.00
2017-08-23,46.849998,47.271500,46.762001,47.129002,46.684769,22690000.00
2017-08-24,47.185501,47.315498,46.536999,46.844501,46.402943,25892000.00
2017-08-25,46.960499,47.036499,46.505001,46.525002,46.086456,23746000.00
2017-08-28,46.594002,46.742500,46.305500,46.406502,45.969070,20988000.00
2017-08-29,45.997501,46.909500,45.965500,46.787498,46.346481,23172000.00
2017-08-30,46.783501,47.292999,46.702499,47.181499,46.736774,22406000.00
2017-08-31,47.314999,47.860001,47.312500,47.762001,47.311798,33866000.00
2017-09-01,47.873501,47.916500,47.514000,47.599499,47.150829,20858000.00
2017-09-05,47.342999,47.569500,46.779999,47.074001,46.630283,29148000.00
2017-09-06,47.193501,47.224998,46.633999,47.101002,46.657032,27830000.00
2017-09-07,47.212502,47.525002,46.876499,47.494499,47.046810,22332000.00
2017-09-08,47.485001,47.535000,47.000500,47.070499,46.626808,19998000.00
2017-09-11,47.360001,47.633999,47.049999,47.164501,46.719929,26748000.00
2017-09-12,47.346001,47.404499,46.875000,47.332500,46.886349,25696000.00
2017-09-13,47.275002,47.642502,47.237000,47.521999,47.074062,21908000.00
2017-09-14,47.299999,47.401501,46.917999,47.006500,46.563416,28548000.00
2017-09-15,47.004501,47.087502,46.562500,46.764500,46.323696,39886000.00
2017-09-18,46.750500,46.842999,46.270000,46.487499,46.049309,29474000.00
2017-09-19,46.670502,46.896999,46.333000,46.842999,46.401455,24854000.00
2017-09-20,46.886501,47.500000,46.875000,47.376999,46.930416,40080000.00
2017-09-21,47.406502,47.639999,46.969002,47.377499,46.930916,27414000.00
2017-09-22,47.138500,47.500000,47.042000,47.162998,46.718437,21496000.00
2017-09-25,46.972500,46.987499,46.225498,46.714001,46.273674,37468000.00
2017-09-26,46.834499,47.203999,46.756001,46.871498,46.429684,33454000.00
2017-09-27,47.137001,48.271500,47.097500,47.994999,47.542599,46692000.00
2017-09-28,47.812500,48.308998,47.777500,48.240501,47.785789,28018000.00
2017-09-29,48.299999,48.790501,48.299999,48.686001,48.227089,40622000.00
2017-10-02,48.782501,48.887001,48.097500,48.373501,47.917530,30782000.00
2017-10-03,48.377998,48.622002,48.135502,48.604000,48.145855,21666000.00
2017-10-04,48.588001,48.720001,48.280499,48.339001,47.883358,21156000.00
2017-10-05,48.639500,49.325500,48.513500,49.259499,48.795177,35618000.00
2017-10-06,49.000000,49.713001,48.925499,49.681999,49.213696,31060000.00
2017-10-09,49.750000,50.022999,49.575001,49.615501,49.147827,25910000.00
2017-10-10,49.764999,49.873501,49.055500,49.389999,48.924450,23268000.00
2017-10-11,49.452000,50.378502,49.396999,50.282501,49.808537,36300000.00
2017-10-12,50.192001,50.577000,50.055000,50.282501,49.808537,30614000.00
2017-10-13,50.455502,50.737999,50.353001,50.393501,49.918488,26552000.00
2017-10-16,50.481499,50.599998,50.076000,50.467499,49.991791,21420000.00
2017-10-17,50.372002,50.728001,50.302502,50.549999,50.073513,20260000.00
2017-10-18,50.552502,50.815498,50.265999,50.637001,50.159698,25596000.00
2017-10-19,50.237499,50.366001,49.865002,50.091999,49.619831,34284000.00
2017-10-20,50.352501,50.432499,50.113499,50.253502,49.779816,32120000.00
2017-10-23,50.258999,50.289501,49.154999,49.277000,48.812511,32786000.00
2017-10-24,49.325001,49.463001,48.854000,49.424500,48.958626,28902000.00
2017-10-25,49.313499,49.721500,48.886002,49.573002,49.105724,30574000.00
2017-10-26,49.923500,50.325500,49.523499,49.570999,49.103745,47396000.00
2017-10-27,51.549500,53.181000,51.342499,51.683498,51.196327,103682000.00
2017-10-30,51.458000,51.991501,51.116501,51.656502,51.169582,46804000.00
2017-10-31,51.650002,52.049999,51.314999,51.652000,51.165131,30326000.00
2017-11-01,51.816002,52.393002,51.700001,52.130001,51.638626,43262000.00
2017-11-02,51.999500,52.276001,51.432999,52.148499,51.656948,26694000.00
2017-11-03,52.137501,52.533001,51.882500,52.499500,52.004639,27770000.00
2017-11-06,52.455002,52.629501,52.099998,52.133999,51.642582,18294000.00
2017-11-07,52.482498,52.670502,52.150002,52.619499,52.123505,26104000.00
2017-11-08,52.502499,53.134499,52.352501,52.914501,52.415730,24276000.00
2017-11-09,52.400002,52.543999,51.792500,52.386002,51.892204,35892000.00
2017-11-10,52.193501,52.331501,52.061001,52.207500,51.715397,19442000.00
2017-11-13,52.040001,52.437000,51.963001,52.060001,51.569283,18814000.00
2017-11-14,51.886002,52.115002,51.466499,52.082001,51.591072,21012000.00
2017-11-15,51.750000,51.981499,51.537998,51.820499,51.332035,18106000.00
2017-11-16,51.937500,52.588001,51.900002,52.423500,51.929359,23768000.00
2017-11-17,52.490002,52.549999,51.686501,51.794498,51.306282,26712000.00
2017-11-20,51.799999,51.935001,51.633999,51.733002,51.245369,17526000.00
2017-11-21,52.001999,52.519501,51.957001,52.514999,52.019997,22206000.00
2017-11-22,52.557999,52.771500,52.362499,52.596001,52.100227,14538000.00
2017-11-24,52.719501,53.003502,52.596001,52.826000,52.328056,16492000.00
2017-11-27,52.928501,53.652000,52.738499,53.600498,53.095261,35430000.00
2017-11-28,53.699501,54.000000,52.727001,53.164501,52.663376,36424000.00
2017-11-29,52.808998,52.938499,51.482498,51.868999,51.380085,55866000.00
2017-11-30,51.997002,52.207001,51.503502,51.808498,51.320156,45092000.00
2017-12-01,51.520500,51.862000,50.845001,51.253502,50.770386,37762000.00
2017-12-04,51.389999,51.567001,50.460999,50.593498,50.116604,38778000.00
2017-12-05,50.549500,51.834000,50.116001,50.980000,50.499458,38998000.00
2017-12-06,50.826000,51.979000,50.765499,51.636002,51.149281,28710000.00
2017-12-07,51.803501,52.445999,51.768002,52.228500,51.736191,30866000.00
2017-12-08,52.590500,52.820999,52.292999,52.469002,51.974422,31170000.00
2017-12-11,52.555500,52.799999,52.206001,52.598499,52.102711,23254000.00
2017-12-12,52.500000,53.125000,52.243500,52.438499,51.944218,33882000.00
2017-12-13,52.604000,52.773998,52.328999,52.569500,52.073975,27680000.00
2017-12-14,52.774502,53.354000,52.680000,52.873501,52.375114,30962000.00
2017-12-15,53.188999,53.762501,53.004501,53.599998,53.094761,63760000.00
2017-12-18,53.822498,54.324501,53.518501,54.254501,53.743099,30292000.00
2017-12-19,54.151001,54.248501,53.613499,53.988998,53.480099,26350000.00
2017-12-20,54.046001,54.061501,53.430000,53.678001,53.172035,28728000.00
2017-12-21,53.769501,53.875999,53.450001,53.542500,53.037811,25640000.00
2017-12-22,53.500000,53.585999,53.382000,53.443001,52.939243,17788000.00
2017-12-26,53.431999,53.443001,52.931999,53.292500,52.790161,18376000.00
2017-12-27,53.330002,53.413502,52.918999,53.009998,52.510334,22324000.00
2017-12-28,53.112499,53.242001,52.668999,52.797501,52.299831,19884000.00
2017-12-29,52.774502,52.902500,52.634998,52.669998,52.173531,23606000.00
2018-01-02,52.651001,53.799000,52.651001,53.660500,53.154697,31766000.00
2018-01-03,53.696499,54.805000,53.671501,54.576000,54.061569,31318000.00
2018-01-04,54.854500,55.203999,54.713001,54.787998,54.271564,26052000.00
2018-01-05,55.172501,55.679001,55.090000,55.514500,54.991222,30250000.00
2018-01-08,55.549999,55.958000,55.500000,55.710499,55.185379,24644000.00
2018-01-09,55.922001,55.922001,55.410000,55.639500,55.115040,26808000.00
2018-01-10,55.349998,55.639000,55.199001,55.507000,54.983784,20734000.00
2018-01-11,55.615501,55.742500,55.324001,55.602501,55.078392,22424000.00
2018-01-12,55.505001,56.564999,55.400501,56.532501,55.999626,38586000.00
2018-01-16,57.015499,57.444000,56.333000,56.535000,56.002098,36462000.00
2018-01-17,56.818001,56.966000,56.174500,56.955002,56.418148,27830000.00
2018-01-18,56.967499,57.029499,56.223000,56.798500,56.263115,27498000.00
2018-01-19,56.901501,57.188999,56.625000,57.174999,56.636066,30552000.00
2018-01-22,57.191002,58.344002,57.091000,58.208000,57.659328,29550000.00
2018-01-23,58.530998,58.925499,58.362499,58.808498,58.254169,39138000.00
2018-01-24,59.249001,59.352501,58.369999,58.564499,58.012463,37128000.00
2018-01-25,59.035500,59.250000,58.591999,59.106998,58.549850,29984000.00
2018-01-26,59.376499,59.377998,58.401501,59.377998,58.818306,42170000.00
2018-01-29,59.400002,59.900002,59.202999,59.324001,58.764812,31494000.00
2018-01-30,58.886002,59.396500,58.725498,58.868500,58.313606,37338000.00
2018-01-31,59.190498,59.316002,58.605000,59.111000,58.553818,36022000.00
2018-02-01,58.799500,59.372501,58.467999,59.079498,58.522614,73514000.00
2018-02-02,56.370998,56.564999,55.558498,55.959999,55.432518,117842000.00
2018-02-05,55.030499,55.749500,52.837002,53.119499,52.618790,83550000.00
2018-02-06,51.699001,54.368999,51.500500,54.221500,53.710403,76630000.00
2018-02-07,54.248501,54.326500,52.730999,52.770500,52.273090,51942000.00
2018-02-08,52.993500,53.196499,50.235001,50.385502,49.910572,66792000.00
2018-02-09,51.293999,52.585999,49.849998,52.313499,51.820389,98360000.00
2018-02-12,52.833500,53.278500,52.274502,52.728001,52.230995,56240000.00
2018-02-13,52.500000,53.061001,52.346001,52.707001,52.210182,31586000.00
2018-02-14,52.716000,53.773499,52.490002,53.634998,53.129440,41304000.00
2018-02-15,54.172501,54.705002,53.361500,54.568001,54.053635,37396000.00
2018-02-16,54.668999,55.415501,54.577499,54.775002,54.258690,39948000.00
2018-02-20,54.638000,55.814499,54.500000,55.179501,54.659378,33754000.00
2018-02-21,55.455002,56.810001,55.375500,55.687500,55.162594,41486000.00
2018-02-22,55.958500,56.272999,55.257500,55.494999,54.971893,28010000.00
2018-02-23,55.932999,56.450001,55.422001,56.404499,55.872826,25292000.00
2018-02-26,56.592999,57.209999,56.466999,57.185001,56.645973,30912000.00
2018-02-27,57.185001,57.212502,55.839500,55.875500,55.348816,42964000.00
2018-02-28,56.099998,56.382500,55.150002,55.195999,54.675720,49292000.00
2018-03-01,55.477001,55.563499,53.364498,53.570499,53.065548,55338000.00
2018-03-02,52.898998,54.344501,52.505501,54.207001,53.696049,50162000.00
2018-03-05,53.906502,55.058998,53.613499,54.737999,54.222046,28648000.00
2018-03-06,55.105000,55.281502,54.724998,55.044998,54.526134,23382000.00
2018-03-07,54.640999,55.810001,54.495499,55.751999,55.226479,30748000.00
2018-03-08,55.860001,56.571999,55.860001,56.469002,55.936722,33862000.00
2018-03-09,56.974998,58.049999,56.714500,58.042000,57.494896,42662000.00
2018-03-12,58.252499,58.908001,57.959999,58.296501,57.746998,44306000.00
2018-03-13,58.591499,58.900002,56.728500,56.995499,56.458260,43140000.00
2018-03-14,57.290001,57.987999,57.117500,57.444500,56.903027,41870000.00
2018-03-15,57.478500,58.125000,56.783001,57.530499,56.988216,33382000.00
2018-03-16,57.767502,57.840500,56.568001,56.721001,56.186352,58656000.00
2018-03-19,55.888000,55.968498,54.445999,55.003502,54.485043,63656000.00
2018-03-20,54.919998,55.277500,54.120998,54.790001,54.273552,54598000.00
2018-03-21,54.628502,55.435001,54.360500,54.700001,54.184402,44898000.00
2018-03-22,54.000500,54.195999,52.481998,52.657501,52.161152,69312000.00
2018-03-23,52.568501,53.339001,51.243500,51.327499,50.843689,49880000.00
2018-03-26,52.529999,52.963501,50.528999,52.704498,52.207706,65984000.00
2018-03-27,53.195000,53.227001,49.881001,50.347000,49.872429,60816000.00
2018-03-28,50.095501,51.249500,49.200001,50.258999,49.785259,77698000.00
2018-03-29,50.560501,52.402500,50.202000,51.856998,51.368198,69338000.00
2018-04-02,51.381001,51.976501,49.712502,50.631500,50.154247,65068000.00
2018-04-03,50.807499,51.250000,49.862499,50.933998,50.453896,51322000.00
2018-04-04,49.911499,51.637001,49.825500,51.485500,51.000198,50724000.00
2018-04-05,52.319500,52.335499,51.200001,51.632000,51.145317,35836000.00
2018-04-06,51.154999,51.799999,50.312500,50.497501,50.021511,40134000.00
2018-04-09,51.001999,52.229500,50.959999,51.004501,50.523735,33220000.00
2018-04-10,51.513000,52.060501,50.770500,51.825001,51.336498,36620000.00
2018-04-11,51.599998,51.793499,50.959999,51.252998,50.769894,34060000.00
2018-04-12,51.573502,52.232498,51.302502,51.864498,51.375618,32896000.00
2018-04-13,52.344501,52.648998,51.507500,51.801998,51.313713,25410000.00
2018-04-16,52.277500,52.571499,51.695999,52.305000,51.811974,29776000.00
2018-04-17,53.060001,54.250000,52.854500,53.967999,53.459293,54584000.00
2018-04-18,53.950500,54.099998,53.526001,53.769501,53.262672,31126000.00
2018-04-19,53.451000,54.875500,53.451000,54.472500,53.959045,39884000.00
2018-04-20,54.213501,54.737499,53.605000,53.866001,53.358265,42434000.00
2018-04-23,54.148998,54.400002,53.334000,53.690498,53.184406,69590000.00
2018-04-24,52.959999,53.224499,50.643002,51.132000,50.650028,128220000.00
2018-04-25,51.487499,51.803501,50.850498,51.149502,50.667366,57860000.00
2018-04-26,51.660999,52.601002,51.022499,52.165501,51.673786,50926000.00
2018-04-27,52.277000,52.584999,51.379501,51.572498,51.086372,40746000.00
2018-04-30,51.721001,51.918499,50.915001,50.929001,50.448948,34492000.00
2018-05-01,50.814999,52.086498,50.530499,52.037498,51.546997,35326000.00
2018-05-02,51.700001,52.199001,51.158001,51.302502,50.818916,34698000.00
2018-05-03,51.268501,51.534500,50.394501,51.314999,50.831303,39282000.00
2018-05-04,50.980499,52.594002,50.902500,52.549999,52.054657,36892000.00
2018-05-07,52.694500,53.250000,52.513500,52.973000,52.473675,34400000.00
2018-05-08,53.230999,53.261501,52.582001,52.929501,52.430588,26030000.00
2018-05-09,53.205002,54.700001,53.105499,54.447498,53.934277,47160000.00
2018-05-10,54.750000,55.470501,54.694000,55.273499,54.752491,36414000.00
2018-05-11,55.020500,55.450500,54.861000,55.168999,54.648972,30504000.00
2018-05-14,55.278500,55.907501,55.240002,55.330002,54.808468,39338000.00
2018-05-15,54.845001,54.956001,53.938999,54.243500,53.732201,35738000.00
2018-05-16,54.254501,54.719002,54.081501,54.204498,53.693565,25628000.00
2018-05-17,54.073002,54.549999,53.820999,54.063000,53.553402,25738000.00
2018-05-18,53.299999,53.686501,53.234001,53.481998,52.977879,35482000.00
2018-05-21,53.950001,54.665001,53.900002,54.200500,53.689613,25180000.00
2018-05-22,54.490002,54.590000,53.612999,53.765499,53.258705,22226000.00
2018-05-23,53.500000,54.400002,53.348000,54.298000,53.786186,23740000.00
2018-05-24,54.345001,54.355999,53.615002,54.272499,53.760925,20604000.00
2018-05-25,54.327499,54.478500,54.130001,54.203999,53.693077,22224000.00
2018-05-29,53.799999,54.067001,53.153999,53.403500,52.900120,36076000.00
2018-05-30,53.674000,53.949501,53.327499,53.873501,53.365688,28686000.00
2018-05-31,54.099998,55.500000,53.900002,55.000000,54.481575,79368000.00
2018-06-01,55.643501,56.908001,55.600498,56.750000,56.215080,63202000.00
2018-06-04,56.924999,57.893002,56.849998,57.652000,57.108570,44754000.00
2018-06-05,57.733002,58.055000,57.373001,57.550999,57.008522,32964000.00
2018-06-06,57.638500,57.735500,56.816002,57.347500,56.806938,34934000.00
2018-06-07,57.229000,57.293499,56.306000,56.721001,56.186352,36108000.00
2018-06-08,56.560501,56.938999,56.161499,56.635502,56.101654,27284000.00
2018-06-11,56.646999,57.387001,56.570000,57.044998,56.507294,24796000.00
2018-06-12,57.050999,57.437500,57.050999,57.409500,56.868359,26092000.00
2018-06-13,57.613998,57.782001,57.168999,57.211498,56.672226,34302000.00
2018-06-14,57.610500,58.299500,57.529999,58.005501,57.458748,35422000.00
2018-06-15,57.995998,58.195499,57.684502,57.963501,57.417137,44438000.00
2018-06-18,57.634499,59.206501,57.549999,59.179001,58.621189,33038000.00
2018-06-19,58.505501,59.140499,58.080502,58.934502,58.378986,47282000.00
2018-06-20,59.165001,60.074501,59.101501,59.203499,58.645443,51686000.00
2018-06-21,59.275501,59.516499,58.174000,58.472000,57.920841,44966000.00
2018-06-22,58.574501,58.750000,57.982498,58.464500,57.913410,34220000.00
2018-06-25,57.750000,57.799500,55.994999,56.964001,56.427059,57682000.00
2018-06-26,57.207001,57.343498,56.450001,56.631001,56.097195,34688000.00
2018-06-27,56.799999,57.310501,55.834999,55.847000,55.320591,34538000.00
2018-06-28,55.619499,56.700001,55.303501,56.339001,55.807949,29726000.00
2018-06-29,56.615501,57.068001,56.351002,56.459499,55.927311,31562000.00
2018-07-02,55.767502,57.149502,55.330002,57.105499,56.567230,23216000.00
2018-07-03,57.471001,57.495499,55.721500,55.813999,55.287903,16448000.00
2018-07-05,56.230000,57.207001,56.155998,57.064499,56.526608,28594000.00
2018-07-06,57.088501,57.810001,56.862000,57.754002,57.209610,21820000.00
2018-07-09,58.000000,58.396500,57.861500,58.363998,57.813858,21584000.00
2018-07-10,58.499500,58.674999,58.127998,58.356998,57.806927,21334000.00
2018-07-11,57.780998,59.021999,57.768501,58.573002,58.020889,33252000.00
2018-07-12,58.743000,60.099499,58.654999,60.063000,59.496845,44148000.00
2018-07-13,60.139999,60.521999,59.764500,60.221001,59.653358,32612000.00
2018-07-16,60.190498,60.435501,59.669998,59.825500,59.261589,26784000.00
2018-07-17,59.137001,60.938000,59.099998,60.653999,60.082279,40162000.00
2018-07-18,60.426498,61.079498,60.228001,60.645500,60.073856,38948000.00
2018-07-19,60.332500,60.824001,59.886501,59.955002,59.389866,38338000.00
2018-07-20,59.962002,60.538502,59.829498,59.894001,59.329441,37938000.00
2018-07-23,59.783001,60.755001,59.600498,60.549999,59.979256,65446000.00
2018-07-24,63.549999,63.750000,62.207001,62.907501,62.314533,107600000.00
2018-07-25,62.631001,63.911999,62.452499,63.797001,63.195648,51104000.00
2018-07-26,63.359001,64.370003,63.150002,64.275002,63.669147,54686000.00
2018-07-27,64.456001,64.571999,62.224499,62.644501,62.054012,48362000.00
2018-07-30,62.252499,62.644501,61.208500,61.501999,60.922283,43896000.00
2018-07-31,61.585499,62.060501,60.809502,61.361000,60.782616,39382000.00
2018-08-01,61.955502,62.294998,61.247002,61.649502,61.068390,36994000.00
2018-08-02,60.924999,62.220501,60.903000,62.056499,61.471554,34704000.00
2018-08-03,62.258999,62.326000,61.471001,61.908001,61.324463,21264000.00
2018-08-06,62.080502,62.123001,61.526501,61.883499,61.300182,22114000.00
2018-08-07,62.600498,63.304001,62.590000,62.792000,62.200123,42506000.00
2018-08-08,62.835999,63.585999,62.605999,63.066502,62.472034,34344000.00
2018-08-09,63.136501,63.598000,63.005001,63.223000,62.627056,27326000.00
2018-08-10,62.959000,63.060001,62.358002,62.625500,62.035191,26602000.00
2018-08-13,62.560001,63.298500,62.351501,62.431999,61.843513,27500000.00
2018-08-14,62.625000,63.029499,61.977001,62.907001,62.314041,28080000.00
2018-08-15,62.214001,62.598999,61.312000,61.611000,61.030254,37052000.00
2018-08-16,62.099499,62.185001,60.981499,61.202999,60.626099,32176000.00
2018-08-17,61.102001,61.347500,60.200001,60.792500,60.219471,33092000.00
2018-08-20,61.033001,61.295502,60.435001,61.097500,60.521595,22218000.00
2018-08-21,61.151001,61.638000,60.751499,60.870499,60.296734,23082000.00
2018-08-22,60.710999,61.326500,60.660999,61.087502,60.511688,22296000.00
2018-08-23,60.993999,61.758499,60.967499,61.057999,60.482468,24666000.00
2018-08-24,61.299999,61.869999,61.070999,61.837502,61.254627,24454000.00
2018-08-27,62.207001,62.893501,62.034000,62.813499,62.221420,28580000.00
2018-08-28,62.794998,62.827999,62.148499,62.292999,61.705830,27330000.00
2018-08-29,62.750000,63.358501,62.639999,63.232498,62.636471,36926000.00
2018-08-30,63.169998,63.474499,62.360500,62.722000,62.130791,30104000.00
2018-08-31,62.610500,62.627499,61.287498,61.590000,61.009457,42308000.00
2018-09-04,61.125999,61.393501,60.327999,60.565498,59.994614,41458000.00
2018-09-05,60.460999,60.743500,58.766998,59.955002,59.389866,53988000.00
2018-09-06,59.928501,59.949501,58.180500,59.199501,58.641487,46854000.00
2018-09-07,58.599998,59.427502,58.463501,58.879501,58.324505,32658000.00
2018-09-10,59.209999,59.333000,58.530499,58.752998,58.199188,27670000.00
2018-09-11,58.555000,59.547001,58.297501,59.499500,58.938660,29254000.00
2018-09-12,59.099998,59.534500,58.307999,58.580002,58.027832,35716000.00
2018-09-13,58.985001,59.393002,58.460999,59.106998,58.549850,40068000.00
2018-09-14,59.400002,59.400002,58.675999,58.898998,58.343815,24176000.00
2018-09-17,58.888500,59.091000,57.923000,57.991501,57.444874,34096000.00
2018-09-18,58.132999,59.066502,58.071499,58.355499,57.805439,32314000.00
2018-09-19,58.448002,58.813499,57.931000,58.713501,58.160072,25962000.00
2018-09-20,59.033501,59.700001,58.812500,59.578499,59.016911,29244000.00
2018-09-21,59.745998,59.828999,58.603001,58.605999,58.053581,91222000.00
2018-09-24,57.970501,59.259499,57.575001,58.978001,58.422073,31150000.00
2018-09-25,59.212502,59.842999,58.704498,59.694500,59.131821,33152000.00
2018-09-26,59.684502,60.362000,59.270000,59.702999,59.140244,37650000.00
2018-09-27,60.000000,60.842999,59.902500,60.368000,59.798973,36274000.00
2018-09-28,60.204498,60.422501,59.891499,60.354000,59.785103,35612000.00
2018-10-01,60.650002,61.209999,60.159500,60.426498,59.856922,33164000.00
2018-10-02,60.333500,61.226002,59.983002,60.382000,59.812836,40180000.00
2018-10-03,60.599998,60.709000,60.107498,60.576500,60.005508,26246000.00
2018-10-04,60.251499,60.294998,58.192501,58.853500,58.298748,46576000.00
2018-10-05,58.799999,59.099998,57.716000,58.391499,57.841103,31852000.00
2018-10-08,58.000000,58.792999,56.770000,57.796001,57.251217,46190000.00
2018-10-09,57.565498,58.077499,57.208500,57.258499,56.718784,33690000.00
2018-10-10,56.820000,56.851002,54.575500,54.608002,54.093269,58980000.00
2018-10-11,53.952000,55.803001,53.794498,54.536999,54.022934,67696000.00
2018-10-12,55.981998,56.291500,54.751499,56.027000,55.498894,49370000.00
2018-10-15,55.900002,56.090000,54.910999,55.122002,54.602417,30074000.00
2018-10-16,55.674000,56.818501,55.587502,56.653999,56.119976,38378000.00
2018-10-17,57.000000,57.349998,55.700001,56.379501,55.848072,35652000.00
2018-10-18,56.500000,56.617500,54.317001,54.895500,54.378059,46152000.00
2018-10-19,55.185501,56.047501,54.851501,55.258999,54.738125,41286000.00
2018-10-22,55.625500,56.084499,55.000000,55.568501,55.044712,27116000.00
2018-10-23,54.564499,55.900002,53.950500,55.745499,55.220043,37686000.00
2018-10-24,55.750000,55.831001,52.752998,52.855999,52.357773,49286000.00
2018-10-25,54.014999,55.890999,53.777500,55.179501,54.659378,72956000.00
2018-10-26,52.416500,55.849998,52.111500,54.187500,53.676727,106438000.00
2018-10-29,54.827000,55.441502,50.360001,51.736500,51.248829,81290000.00
2018-10-30,51.000500,52.544998,50.698502,52.475498,51.980858,59768000.00
2018-10-31,53.410000,55.400002,53.410000,54.528999,54.015007,70916000.00
2018-11-01,54.570000,54.994999,53.890999,54.299000,53.787174,40132000.00
2018-11-02,54.450001,54.900002,53.382999,53.574501,53.069511,43438000.00
2018-11-05,53.626499,53.667500,51.700001,52.786499,52.288929,45358000.00
2018-11-06,52.750999,53.991001,52.680500,53.478500,52.974407,28660000.00
2018-11-07,54.174500,55.496498,54.029499,55.411999,54.889687,43388000.00
2018-11-08,55.365002,55.410999,54.217999,54.731499,54.215603,33694000.00
2018-11-09,54.201000,54.417500,53.213001,53.851002,53.343407,34860000.00
2018-11-12,53.656502,53.705002,52.017502,52.467999,51.973431,34002000.00
2018-11-13,52.740501,53.333500,52.020000,52.398499,51.904587,25750000.00
2018-11-14,53.000000,53.289501,52.055500,52.729000,52.231976,34666000.00
2018-11-15,52.573002,53.943501,52.064499,53.552502,53.047714,41584000.00
2018-11-16,53.261501,53.622002,52.744999,53.413502,52.910023,35366000.00
2018-11-19,53.169498,53.400002,51.143501,51.370998,50.886780,45684000.00
2018-11-20,50.364498,51.867500,50.110500,51.522499,51.036846,54458000.00
2018-11-21,52.265499,52.735500,51.973000,52.171501,51.679729,29698000.00
2018-11-23,51.674999,52.150002,51.425999,51.505001,51.019516,14178000.00
2018-11-26,52.200001,52.849998,51.988499,52.797001,52.299332,31558000.00
2018-11-27,52.567001,53.338001,52.275002,52.613998,52.118057,33048000.00
2018-11-28,52.873001,54.643002,52.147499,54.589500,54.074936,46042000.00
2018-11-29,54.176498,55.007500,54.099998,54.729000,54.213123,31004000.00
2018-11-30,54.781502,55.482498,54.159000,55.482498,54.959522,59668000.00
2018-12-03,56.608002,56.750000,55.586498,55.818001,55.291862,57532000.00
2018-12-04,55.649502,55.712002,53.039001,53.123501,52.622765,45630000.00
2018-12-06,52.250000,53.971001,52.124001,53.903999,53.395901,47436000.00
2018-12-07,53.611500,54.251499,51.968498,52.328999,51.835747,42682000.00
2018-12-10,52.146999,52.980000,51.650002,52.659000,52.162636,33652000.00
2018-12-11,53.347000,53.520000,52.505001,53.082500,52.582150,33852000.00
2018-12-12,53.854000,54.586498,53.598499,53.686501,53.180458,28960000.00
2018-12-13,53.783501,54.421001,53.249500,53.676998,53.171040,24986000.00
2018-12-14,53.000999,53.585999,52.468498,52.585499,52.089828,36358000.00
2018-12-17,52.350498,53.118999,50.831501,51.282501,50.799114,49932000.00
2018-12-18,51.700001,52.984501,51.523998,52.170502,51.678745,43640000.00
2018-12-19,52.364498,53.785500,50.971500,51.772999,51.284985,58264000.00
2018-12-20,51.299999,52.372002,50.393002,51.179001,50.696587,53674000.00
2018-12-21,51.602001,51.883499,49.059502,49.562500,49.095325,104656000.00
2018-12-24,49.216000,50.605999,48.882999,49.233501,48.769424,36360000.00
2018-12-26,49.899502,52.422501,49.632500,52.392502,51.898647,46318000.00
2018-12-27,51.310001,52.667000,50.349998,52.645000,52.148769,45996000.00
2018-12-28,52.974998,53.211498,52.099998,52.334000,51.840698,34398000.00
2018-12-31,52.891499,53.149502,51.652000,52.248001,51.755512,33110000.00
2019-01-02,51.360001,53.039501,51.264000,52.734001,52.236931,31868000.00
2019-01-03,52.533501,53.313000,51.118500,51.273499,50.790195,41960000.00
2019-01-04,52.127998,54.000000,51.842999,53.903500,53.395405,46022000.00
2019-01-07,54.048500,54.134998,53.132000,53.796001,53.288929,47446000.00
2019-01-08,54.299999,54.667500,53.417500,54.268501,53.756969,35414000.00
2019-01-09,54.399502,54.582001,53.718498,54.082500,53.572720,26998000.00
2019-01-10,53.747002,53.990501,53.234001,53.941502,53.433056,26598000.00
2019-01-11,53.494999,53.668499,52.821499,53.223499,52.721817,30864000.00
2019-01-14,52.667000,52.922501,52.427502,52.575500,52.079922,28490000.00
2019-01-15,52.900501,54.413502,52.722000,54.325500,53.813423,37518000.00
2019-01-16,54.500000,55.118000,54.400501,54.475498,53.962013,38280000.00
2019-01-17,54.399502,55.035000,54.162998,54.956001,54.437988,24896000.00
2019-01-18,55.429501,55.900002,54.964001,55.365002,54.843136,44892000.00
2019-01-22,54.799999,54.948502,53.544498,53.931499,53.423141,39632000.00
2019-01-23,54.342999,54.647499,53.378502,54.220501,53.709415,25194000.00
2019-01-24,54.125500,54.400002,53.500999,54.200001,53.689114,29114000.00
2019-01-25,54.711498,55.167999,54.590000,55.075500,54.556362,23260000.00
2019-01-28,54.503502,54.668499,53.730499,53.993000,53.484062,29334000.00
2019-01-29,54.051998,54.236500,53.300999,53.502998,52.998676,19704000.00
2019-01-30,53.868000,54.976002,53.832001,54.899502,54.382023,29452000.00
2019-01-31,55.612000,56.383499,55.262501,56.294498,55.763870,40232000.00
2019-02-01,56.114498,56.720001,55.712502,55.931000,55.403793,33116000.00
2019-02-04,55.950500,57.117001,55.875500,57.070999,56.533051,78408000.00
2019-02-05,56.481499,57.638500,56.180000,57.593498,57.050621,82296000.00
2019-02-06,57.463501,57.700001,55.917999,56.144501,55.615284,48256000.00
2019-02-07,55.591000,55.599499,54.679501,55.295502,54.774288,38298000.00
2019-02-08,54.743999,55.255001,54.712002,55.118999,54.599445,21766000.00
2019-02-11,55.187500,55.671501,55.000000,55.105999,54.586567,18498000.00
2019-02-12,55.550499,56.643002,55.550499,56.379002,55.847576,35036000.00
2019-02-13,56.652000,57.142502,56.299999,56.431499,55.899578,28042000.00
2019-02-14,56.250000,56.806499,55.854500,56.459999,55.927807,21106000.00
2019-02-15,56.965000,56.965000,55.835999,55.981499,55.453815,27826000.00
2019-02-19,55.832001,56.481998,55.832001,56.325500,55.794579,21980000.00
2019-02-20,56.444000,56.546501,55.587502,56.029499,55.501362,24090000.00
2019-02-21,55.938999,55.957500,54.898998,55.210499,54.690086,33272000.00
2019-02-22,55.485001,55.862499,55.025002,55.827999,55.301769,29436000.00
2019-02-25,56.096500,56.270000,55.705502,55.866501,55.339905,26208000.00
2019-02-26,55.718498,56.321999,55.334999,56.100498,55.571693,35026000.00
2019-02-27,55.700500,56.286499,55.428001,56.144501,55.615284,22092000.00
2019-02-28,55.950001,56.699501,55.920502,56.327499,55.796555,27422000.00
2019-03-01,56.549999,57.500000,56.549999,57.425999,56.884701,34086000.00
2019-03-04,57.728001,58.276001,56.912498,57.671001,57.127392,35490000.00
2019-03-05,57.799999,58.824501,57.651001,58.459499,57.908463,40094000.00
2019-03-06,58.588001,58.737000,58.152500,58.247002,57.697968,23602000.00
2019-03-07,58.025002,58.179001,57.085499,57.542500,57.000107,30086000.00
2019-03-08,56.695000,57.672501,56.509998,57.498501,56.956516,23694000.00
2019-03-11,57.599998,58.995499,57.578499,58.963001,58.407215,30032000.00
2019-03-12,59.115002,60.285500,59.115002,59.862499,59.298225,42220000.00
2019-03-13,60.296501,60.355999,59.895500,59.952999,59.387882,25888000.00
2019-03-14,59.951000,60.235001,59.561501,59.626499,59.064461,27302000.00
2019-03-15,59.900002,60.085999,59.350498,59.514999,58.954006,51886000.00
2019-03-18,59.484501,59.747501,59.074001,59.427502,58.867340,24442000.00
2019-03-19,59.585999,60.170502,59.473000,60.123001,59.556282,29788000.00
2019-03-20,60.070000,61.499500,59.979500,61.321499,60.743484,41508000.00
2019-03-21,61.000000,61.821999,60.828999,61.806499,61.223911,28150000.00
2019-03-22,61.442501,61.681499,60.299999,60.382500,59.813339,34422000.00
2019-03-25,59.978001,60.472000,59.500000,59.868999,59.304668,27576000.00
2019-03-26,60.259499,60.382500,59.088001,59.492001,58.931221,30752000.00
2019-03-27,59.596001,59.596001,58.211498,58.900501,58.345306,29428000.00
2019-03-28,58.775002,58.862499,58.171501,58.613499,58.061008,22402000.00
2019-03-29,59.008999,59.198502,58.319000,58.844501,58.289833,30890000.00
2019-04-01,59.376999,60.009998,59.318001,59.949001,59.383915,27706000.00
2019-04-02,60.002499,60.290501,59.562000,60.277000,59.708828,18288000.00
2019-04-03,60.634998,61.029999,60.254002,60.540501,59.969845,22180000.00
2019-04-04,60.564499,61.027500,60.452000,60.972500,60.397770,21022000.00
2019-04-05,60.965000,61.019501,60.501499,60.572498,60.001545,20012000.00
2019-04-08,60.555500,60.697498,60.235001,60.414001,59.844536,21750000.00
2019-04-09,60.094501,60.357498,59.918999,60.134499,59.567669,19668000.00
2019-04-10,60.254501,60.446999,60.033001,60.322498,59.753902,15510000.00
2019-04-11,60.445000,60.637001,60.227001,60.479500,59.909420,16998000.00
2019-04-12,60.780998,61.152500,60.664501,61.136501,60.560234,24312000.00
2019-04-15,61.204498,61.465000,60.728001,61.326500,60.748440,23796000.00
2019-04-16,61.500000,61.799000,61.251999,61.595501,61.014900,22622000.00
2019-04-17,61.849998,62.255001,61.645000,62.007000,61.422520,30366000.00
2019-04-18,62.250000,62.297001,61.970501,62.073502,61.488392,24750000.00
2019-04-22,61.833500,62.716999,61.668499,62.688000,62.097103,19084000.00
2019-04-23,62.832001,63.721500,62.598499,63.529499,62.930668,31868000.00
2019-04-24,63.529499,63.700001,62.990501,63.002499,62.408638,23396000.00
2019-04-25,63.514999,63.639999,62.900002,63.367001,62.769703,31344000.00
2019-04-26,63.668999,63.945499,63.250000,63.870998,63.268951,27228000.00
2019-04-29,64.025497,64.848503,63.585499,64.809998,64.199104,72368000.00
2019-04-30,59.531502,60.049000,59.150002,59.948002,59.382938,133178000.00
2019-05-01,59.875000,59.962502,58.584000,58.666000,58.113018,74340000.00
2019-05-02,58.630001,58.969002,57.916500,58.325500,57.775726,45098000.00
2019-05-03,58.870499,59.570000,58.677502,59.477501,58.916870,41588000.00
2019-05-06,58.599998,59.771500,58.557999,59.673000,59.110523,31774000.00
2019-05-07,59.290501,59.738499,58.250000,58.943001,58.387413,36604000.00
2019-05-08,58.864498,59.213501,58.381500,58.539001,57.987213,25520000.00
2019-05-09,58.130001,58.703499,57.731998,58.398499,57.848038,29556000.00
2019-05-10,58.442001,58.813999,57.318501,58.382000,57.831692,31650000.00
2019-05-13,57.262001,57.598499,56.275002,56.829498,56.293827,45626000.00
2019-05-14,57.116001,57.243500,56.176498,56.243000,55.712849,40392000.00
2019-05-15,56.127499,58.915001,56.070000,58.540001,57.988197,59302000.00
2019-05-16,58.591999,59.708000,58.422501,59.224998,58.666744,35308000.00
2019-05-17,58.791500,59.314499,58.320999,58.438999,57.888157,25362000.00
2019-05-20,57.650002,57.650002,56.907001,57.233002,56.693527,30602000.00
2019-05-21,57.723999,57.900002,57.165501,57.722000,57.177914,20562000.00
2019-05-22,57.562500,58.188999,57.549999,57.792500,57.247746,18826000.00
2019-05-23,57.303501,57.502499,56.658001,57.266998,56.727203,25214000.00
2019-05-24,57.599998,57.717999,56.835499,56.930500,56.393871,18554000.00
2019-05-28,57.074001,57.824501,56.933498,56.978001,56.440929,20948000.00
2019-05-29,56.634998,56.750000,55.597500,55.997002,55.469177,36230000.00
2019-05-30,56.007500,56.340000,55.794998,56.070499,55.541973,18088000.00
2019-05-31,55.282001,55.669998,55.167500,55.325001,54.803509,31582000.00
2019-06-03,53.346500,53.349998,51.351501,51.937000,51.447449,96890000.00
2019-06-04,52.224499,52.922001,51.801498,52.724499,52.227516,60512000.00
2019-06-05,52.750000,52.840500,51.650002,52.231998,51.739670,46988000.00
2019-06-06,52.310501,52.500000,51.775501,52.388000,51.894192,29020000.00
2019-06-07,52.714001,53.671501,52.557499,53.418499,52.914978,43828000.00
2019-06-10,53.849998,54.742001,53.764000,54.138000,53.627697,28510000.00
2019-06-11,54.849499,55.200500,53.978500,54.051998,53.542503,33508000.00
2019-06-12,53.997501,54.125999,53.480000,53.955002,53.446423,23670000.00
2019-06-13,54.235500,54.829498,54.128502,54.550499,54.036304,20814000.00
2019-06-14,54.487000,54.737999,54.074001,54.314999,53.803028,24582000.00
2019-06-17,54.455002,55.063999,54.400002,54.694500,54.178951,19770000.00
2019-06-18,55.575001,55.938999,55.039501,55.262001,54.741104,34526000.00
2019-06-19,55.362000,55.471500,54.801498,55.225498,54.704941,26714000.00
2019-06-20,56.084999,56.136002,55.349998,55.660000,55.135349,24018000.00
2019-06-21,55.493000,56.328499,55.486000,56.268501,55.738117,50774000.00
2019-06-24,56.000000,56.178501,55.665501,55.834999,55.308701,24236000.00
2019-06-25,55.754002,55.785000,54.230000,54.379002,53.866428,31644000.00
2019-06-26,54.549999,54.756001,53.684502,54.015999,53.506844,34698000.00
2019-06-27,54.337502,54.423000,53.792500,53.831501,53.324089,24078000.00
2019-06-28,53.861500,54.139999,53.689999,54.139999,53.629677,33672000.00
2019-07-01,55.051998,55.429501,54.766499,55.000000,54.481575,29196000.00
2019-07-02,55.241501,55.644501,54.983501,55.630001,55.105637,20630000.00
2019-07-03,55.924999,56.399502,55.742500,56.149502,55.620235,20154000.00
2019-07-05,55.968498,56.732498,55.875000,56.633499,56.099674,29794000.00
2019-07-08,56.293499,56.360500,55.588001,55.839500,55.313164,29888000.00
2019-07-09,55.515999,56.393002,55.357498,56.214500,55.684624,29472000.00
2019-07-10,56.616001,57.117001,56.533001,57.045502,56.507797,30710000.00
2019-07-11,57.307999,57.661999,56.976501,57.203999,56.664799,26004000.00
2019-07-12,57.146500,57.375000,56.928001,57.266998,56.727203,21878000.00
2019-07-15,57.266998,57.534000,57.000000,57.525501,56.983269,21164000.00
2019-07-16,57.336498,57.929001,57.336498,57.673000,57.129379,25352000.00
2019-07-17,57.546001,57.922001,57.331001,57.337002,56.796547,19538000.00
2019-07-18,57.099998,57.408501,56.643002,57.362000,56.821304,25450000.00
2019-07-19,57.466000,57.578999,56.562500,56.577499,56.044205,23184000.00
2019-07-22,56.773499,57.000999,56.260502,56.960499,56.423588,28914000.00
2019-07-23,57.172501,57.443001,56.642502,57.402500,56.861423,20648000.00
2019-07-24,56.631001,57.272999,56.425499,56.986500,56.449345,27192000.00
2019-07-25,56.947498,57.179501,56.185501,56.797001,56.261627,54762000.00
2019-07-26,61.400002,63.419498,61.400002,62.261002,61.674126,121216000.00
2019-07-29,62.125000,62.449501,61.509998,62.091999,61.506721,41382000.00
2019-07-30,61.349998,61.845501,61.265999,61.400002,60.821247,28616000.00
2019-07-31,61.243500,61.745499,60.409000,60.910000,60.335861,39960000.00
2019-08-01,60.881500,61.814999,60.349998,60.589001,60.017891,35426000.00
2019-08-02,60.150002,60.474998,59.500000,59.816002,59.252174,34910000.00
2019-08-05,58.648499,58.844002,57.137501,57.737499,57.193268,47840000.00
2019-08-06,58.276001,59.070000,58.076500,58.554001,58.002068,36014000.00
2019-08-07,57.889999,58.993500,57.542000,58.795502,58.241295,30686000.00
2019-08-08,59.321499,60.313999,58.700001,60.309502,59.741024,30116000.00
2019-08-09,59.999500,60.223000,59.244499,59.445000,58.884666,20418000.00
2019-08-12,59.000000,59.280499,58.436001,58.724998,58.171459,22064000.00
2019-08-13,58.717499,60.271500,58.649502,59.836498,59.272480,28434000.00
2019-08-14,58.803501,59.139500,58.053501,58.212502,57.663788,35430000.00
2019-08-15,58.421501,58.820999,58.150002,58.466000,57.914902,28506000.00
2019-08-16,59.039501,59.192001,58.650002,58.960499,58.404739,24916000.00
2019-08-19,59.591499,60.469501,59.520000,60.021999,59.456234,24450000.00
2019-08-20,59.767502,59.900002,59.152500,59.176498,58.618702,20206000.00
2019-08-21,59.791000,60.028000,59.396000,59.578999,59.017406,14152000.00
2019-08-22,59.689999,59.938999,58.945499,59.576000,59.014435,17352000.00
2019-08-23,59.258499,59.783501,57.500000,57.679001,57.135323,36254000.00
2019-08-26,57.972500,58.592999,57.742500,58.558998,58.007030,21166000.00
2019-08-27,59.150002,59.250000,58.228001,58.541000,57.989193,23460000.00
2019-08-28,58.243500,58.924999,58.012501,58.687500,58.134308,16810000.00
2019-08-29,59.320999,59.959499,59.264000,59.712002,59.149151,19636000.00
2019-08-30,60.017502,60.017502,59.285999,59.526501,58.965401,18064000.00
2019-09-03,59.092499,59.453999,58.185501,58.477501,57.926289,25908000.00
2019-09-04,58.972500,59.243999,58.576500,59.113499,58.556301,21312000.00
2019-09-05,59.682999,60.700001,59.634499,60.609501,60.038197,26394000.00
2019-09-06,60.457001,60.647499,60.162998,60.316002,59.747471,18972000.00
2019-09-09,60.354000,61.027500,59.658501,60.263500,59.695454,31854000.00
2019-09-10,59.804501,60.500000,59.800499,60.285000,59.716755,27922000.00
2019-09-11,60.194500,61.123501,60.113998,61.000000,60.425018,23522000.00
2019-09-12,61.173500,62.120998,61.127998,61.748501,61.166462,31644000.00
2019-09-13,61.605499,62.052502,61.354000,62.001499,61.417072,23676000.00
2019-09-16,61.521999,61.951000,61.259499,61.581501,61.001038,28218000.00
2019-09-17,61.581501,61.750000,61.167500,61.493999,60.914360,20806000.00
2019-09-18,61.512001,61.812000,60.823502,61.632500,61.051556,17440000.00
2019-09-19,61.616001,62.216999,61.615501,61.937500,61.353680,16554000.00
2019-09-20,61.681999,62.139999,61.179001,61.492001,60.912373,37692000.00
2019-09-23,61.328499,61.984001,61.188999,61.734501,61.152599,20798000.00
2019-09-24,62.000000,62.355499,60.532001,60.916500,60.342300,35804000.00
2019-09-25,60.800499,62.401001,60.459999,62.297001,61.709793,26798000.00
2019-09-26,62.106998,62.233501,61.591000,62.114498,61.529003,23166000.00
2019-09-27,62.141499,62.249500,60.759998,61.297501,60.719711,34122000.00
2019-09-30,61.029999,61.370499,60.671001,61.056999,60.481480,24470000.00
2019-10-01,61.124500,61.643002,60.277500,60.299999,59.731609,24504000.00
2019-10-02,59.825001,59.938000,58.631500,58.896000,58.340851,33030000.00
2019-10-03,59.167000,59.549999,58.157001,59.471500,58.910919,28368000.00
2019-10-04,59.714500,60.623001,59.548500,60.548000,59.977276,24282000.00
2019-10-07,60.349998,60.945499,60.217999,60.412498,59.843052,17040000.00
2019-10-08,59.938499,60.343498,59.473999,59.506500,58.945595,20086000.00
2019-10-09,60.066502,60.423000,59.905998,60.119999,59.553299,15948000.00
2019-10-10,59.930000,60.780998,59.893002,60.473499,59.903469,12842000.00
2019-10-11,61.201500,61.437500,60.681999,60.785500,60.212532,22330000.00
2019-10-14,60.694500,61.293999,60.594002,60.888500,60.314568,13296000.00
2019-10-15,61.075001,62.356499,61.046001,62.112000,61.526531,27584000.00
2019-10-16,62.090500,62.709499,61.926498,62.150002,61.564178,22986000.00
2019-10-17,62.570000,63.187500,62.493500,62.639999,62.049564,20958000.00
2019-10-18,62.734501,62.905499,62.007000,62.220501,61.634010,31624000.00
2019-10-21,62.435001,62.675499,61.999500,62.214001,61.627567,18094000.00
2019-10-22,62.223999,62.436501,61.992500,62.060001,61.475025,22862000.00
2019-10-23,62.010502,62.902000,62.010502,62.881500,62.288773,21282000.00
2019-10-24,62.955502,63.145000,62.617500,62.955502,62.362087,20224000.00
2019-10-25,62.599998,63.400002,62.457500,63.215000,62.619137,27104000.00
2019-10-28,63.750000,64.961998,63.615501,64.448997,63.841496,65428000.00
2019-10-29,63.799999,64.040001,62.780499,63.033001,62.438858,52654000.00
2019-10-30,62.757500,63.401001,62.532501,63.035000,62.440830,29204000.00
2019-10-31,63.000000,63.326000,62.473999,62.939999,62.346725,31904000.00
2019-11-01,63.290001,63.650002,62.985500,63.612499,63.012886,28812000.00
2019-11-04,63.805500,64.625000,63.805500,64.480499,63.872711,30632000.00
2019-11-05,64.559998,64.862000,64.469002,64.571999,63.963341,25148000.00
2019-11-06,64.504501,64.649498,64.113503,64.550499,63.942059,24626000.00
2019-11-07,64.713997,66.132500,64.687500,65.347000,64.731026,45140000.00
2019-11-08,65.075996,65.855499,65.075996,65.449997,64.833061,30392000.00
2019-11-11,65.199997,65.245003,64.793503,64.914001,64.302124,17234000.00
2019-11-12,64.928497,65.467499,64.711998,64.860497,64.249115,28852000.00
2019-11-13,64.658997,65.125999,64.607498,64.808998,64.198105,20538000.00
2019-11-14,64.750000,65.786003,64.696999,65.457497,64.840492,28948000.00
2019-11-15,65.752502,66.677002,65.594498,66.677002,66.048500,39286000.00
2019-11-18,66.616997,66.695999,65.807999,65.991997,65.369965,27984000.00
2019-11-19,66.331497,66.331497,65.588501,65.629501,65.010887,21864000.00
2019-11-20,65.568001,65.660500,64.460503,65.093002,64.479439,28892000.00
2019-11-21,64.962502,65.556000,64.537498,65.007004,64.394257,25546000.00
2019-11-22,65.150002,65.345001,64.468002,64.683502,64.073792,27776000.00
2019-11-25,64.813004,65.520500,64.780502,65.281998,64.666641,23590000.00
2019-11-26,65.495499,65.700500,65.202003,65.650002,65.031189,21910000.00
2019-11-27,65.771004,65.882004,65.473503,65.606499,64.988098,18808000.00
2019-11-29,65.330002,65.497498,65.161499,65.204498,64.589890,12802000.00
2019-12-02,65.127998,65.272003,64.018997,64.443001,63.835564,26538000.00
2019-12-03,63.932999,64.861504,63.852501,64.737000,64.126793,25270000.00
2019-12-04,65.305000,66.213501,65.152496,65.946999,65.325378,35506000.00
2019-12-05,66.349998,66.399002,65.716003,66.348000,65.722603,24408000.00
2019-12-06,66.637497,67.123497,66.561501,66.969498,66.338242,32968000.00
2019-12-09,66.943001,67.877502,66.803497,67.149498,66.516548,30842000.00
2019-12-10,66.997002,67.400002,66.699997,67.144501,66.511597,17606000.00
2019-12-11,67.415001,67.494499,67.055000,67.212502,66.578964,20480000.00
2019-12-12,67.160500,67.728996,66.910004,67.424500,66.788956,29114000.00
2019-12-13,67.394997,67.567497,67.083000,67.343498,66.708717,33170000.00
2019-12-16,67.750000,68.176498,67.530502,68.035004,67.393700,28128000.00
2019-12-17,68.120499,68.216499,67.538498,67.744499,67.105927,32948000.00
2019-12-18,67.849998,67.971497,67.523003,67.595497,66.958344,23330000.00
2019-12-19,67.595497,67.876503,67.437500,67.821999,67.182701,28922000.00
2019-12-20,68.154999,68.199997,67.536499,67.560997,66.924171,50090000.00
2019-12-23,67.936501,68.092499,67.400002,67.531502,66.894951,19936000.00
2019-12-24,67.510498,67.600502,67.208504,67.221497,66.587860,13468000.00
2019-12-26,67.327499,68.160004,67.275497,68.123497,67.481369,23662000.00
2019-12-27,68.199997,68.352501,67.650002,67.732002,67.093552,23212000.00
2019-12-30,67.840500,67.849998,66.891998,66.985497,66.354095,19994000.00
2019-12-31,66.789497,67.032997,66.606499,66.969498,66.338242,19514000.00
2020-01-02,67.420502,68.433998,67.324501,68.433998,67.788948,27278000.00
2020-01-03,67.400002,68.687500,67.365997,68.075996,67.434326,23408000.00
2020-01-06,67.581497,69.916000,67.550003,69.890503,69.231720,46768000.00
2020-01-07,70.023003,70.175003,69.578003,69.755501,69.098000,34330000.00
2020-01-08,69.740997,70.592499,69.631500,70.251999,69.589806,35314000.00
2020-01-09,71.096497,71.433998,70.510498,70.989502,70.320366,33200000.00
2020-01-10,71.473503,71.747002,70.980003,71.447998,70.774544,26258000.00
2020-01-13,71.762497,72.073997,71.268501,72.001503,71.322807,30730000.00
2020-01-14,72.000000,72.131500,71.388496,71.529503,70.855263,26076000.00
2020-01-15,71.651001,72.039001,71.583000,71.959999,71.281708,21550000.00
2020-01-16,72.272499,72.535004,72.000000,72.508003,71.824554,26080000.00
2020-01-17,73.126999,74.027496,72.827499,73.975998,73.278709,52424000.00
2020-01-21,73.949997,74.494003,73.510498,74.112503,73.413910,48930000.00
2020-01-22,74.486504,75.028999,74.133003,74.193497,73.494141,28458000.00
2020-01-23,74.377502,74.675003,74.015999,74.234497,73.534760,26650000.00
2020-01-24,74.640999,74.709999,73.158997,73.308502,72.617493,29786000.00
2020-01-27,71.577003,71.829002,70.974998,71.586502,70.911736,34132000.00
2020-01-28,72.086998,72.739998,71.517998,72.525002,71.841385,29724000.00
2020-01-29,72.922997,73.207001,72.269501,72.834999,72.148453,21566000.00
2020-01-30,71.904999,72.762497,71.750000,72.712502,72.027122,27110000.00
2020-01-31,73.392998,73.483498,71.352997,71.639000,70.963737,43822000.00
2020-02-03,73.082497,74.315002,72.830498,74.129997,73.431252,71636000.00
2020-02-04,72.724503,73.366997,71.101501,72.270500,71.589279,95880000.00
2020-02-05,73.180496,73.228996,71.484001,72.302498,71.620972,36376000.00
2020-02-06,72.598999,74.078003,72.524002,73.798500,73.102875,37822000.00
2020-02-07,73.369499,74.262497,73.270500,73.955498,73.258392,28360000.00
2020-02-10,73.861504,75.444000,73.760002,75.432999,74.721970,38302000.00
2020-02-11,75.663498,76.494003,75.272499,75.502998,74.791313,34852000.00
2020-02-12,75.792999,76.014999,75.433502,75.931503,75.215767,31042000.00
2020-02-13,75.500000,76.297501,75.199997,75.669502,74.956238,22914000.00
2020-02-14,75.726501,76.002502,75.277496,75.936501,75.220718,23198000.00
2020-02-18,75.717003,76.528000,75.550499,75.972000,75.255898,25642000.00
2020-02-19,76.360001,76.537003,76.049004,76.243500,75.524826,22746000.00
2020-02-20,75.950500,76.353500,75.212997,75.849503,75.134537,25962000.00
2020-02-21,75.228996,75.547501,73.924500,74.172997,73.473839,42520000.00
2020-02-24,71.152496,71.819000,70.339500,70.992996,70.323807,49560000.00
2020-02-25,71.550003,71.842499,69.021004,69.316002,68.662628,51580000.00
2020-02-26,69.749001,70.683502,68.827499,69.523499,68.868179,49776000.00
2020-02-27,67.957001,68.470001,65.711998,65.747498,65.127754,62290000.00
2020-02-28,63.715500,67.122498,63.410500,66.962502,66.331299,80198000.00
2020-03-02,67.569504,69.373497,66.260002,69.316002,68.662628,55430000.00
2020-03-03,69.884003,70.409500,66.461998,66.886002,66.255531,56602000.00
2020-03-04,67.947998,69.139000,66.849998,69.080002,68.428848,47598000.00
2020-03-05,67.277496,67.681503,65.082001,65.737999,65.118362,54380000.00
2020-03-06,63.497501,65.137497,62.860500,64.787003,64.176323,64640000.00
2020-03-09,60.248001,62.636501,59.902000,60.789501,60.216503,69252000.00
2020-03-10,62.719501,63.792500,60.725498,63.758499,63.157513,54872000.00
2020-03-11,62.413502,62.846500,59.556999,60.544998,59.974297,54732000.00
2020-03-12,56.131001,59.437500,55.423500,55.577499,55.053627,94326000.00
2020-03-13,58.749500,60.720001,55.614498,60.713501,60.141212,79400000.00
2020-03-16,54.480499,57.273499,53.354000,53.650002,53.144291,96520000.00
2020-03-17,54.532001,56.299999,52.455002,55.903000,55.376060,83194000.00
2020-03-18,52.997002,55.249500,51.849998,54.559502,54.045219,93044000.00
2020-03-19,54.410999,57.630501,52.777500,55.583500,55.059570,74064000.00
2020-03-20,56.544998,56.924000,53.105000,53.410500,52.907055,82878000.00
2020-03-23,52.818501,53.345501,50.443501,52.706501,52.209690,83672000.00
2020-03-24,55.199001,56.666500,54.321499,56.500500,55.967926,72468000.00
2020-03-25,56.229000,57.308498,54.150501,55.081001,54.561806,90324000.00
2020-03-26,55.736000,58.574001,54.601501,58.146000,57.597908,76562000.00
2020-03-27,56.373501,57.552502,55.200001,55.513000,54.989735,62794000.00
2020-03-30,56.632000,57.549999,54.924500,57.315498,56.775246,58736000.00
2020-03-31,57.436501,58.669998,56.835999,58.097500,57.549881,65228000.00
2020-04-01,56.200001,56.471001,54.674500,55.105000,54.585579,51970000.00
2020-04-02,55.000000,56.138500,54.656502,55.851501,55.325047,56410000.00
2020-04-03,55.735500,55.939499,53.754002,54.634998,54.120014,51374000.00
2020-04-06,56.650002,59.537498,56.250000,59.159500,58.601868,63320000.00
2020-04-07,60.850498,61.039001,58.862499,59.127998,58.570656,61620000.00
2020-04-08,60.154999,60.744999,59.197498,60.349998,59.781136,40334000.00
2020-04-09,60.909000,61.099499,59.620998,60.328499,59.759846,54028000.00
2020-04-13,60.075001,60.726002,59.116501,60.520500,59.950031,38702000.00
2020-04-14,61.998501,63.787498,61.426998,63.261501,62.665199,63358000.00
2020-04-15,62.325500,63.755501,61.700001,62.865002,62.272434,42236000.00
2020-04-16,63.356998,63.667999,61.910000,62.871498,62.278870,57896000.00
2020-04-17,64.084999,64.500000,63.299999,63.950001,63.347210,51050000.00
2020-04-20,63.494499,63.841000,62.821999,63.057499,62.463116,35292000.00
2020-04-21,62.135502,62.500000,60.250000,60.608002,60.036713,49648000.00
2020-04-22,62.055500,63.993999,61.860001,62.920502,62.327415,46296000.00
2020-04-23,63.286999,64.407501,63.026501,63.558498,62.959393,34202000.00
2020-04-24,62.750000,63.885502,62.200001,63.830002,63.228336,37402000.00
2020-04-27,64.599998,64.705002,63.252998,63.542999,62.944046,44186000.00
2020-04-28,64.160004,64.237999,61.519001,61.629501,61.048580,80700000.00
2020-04-29,67.250000,68.007500,66.336502,67.109001,66.476425,108358000.00
2020-04-30,66.568001,67.500000,66.074997,67.334999,66.700294,55842000.00
2020-05-01,66.204498,67.571503,65.483002,65.865997,65.245148,48872000.00
2020-05-04,65.406502,66.223503,64.800499,66.144997,65.521515,30806000.00
2020-05-05,66.875000,68.550499,66.751503,67.450996,66.815201,39666000.00
2020-05-06,67.900002,68.434502,67.256500,67.271500,66.637398,31732000.00
2020-05-07,68.065498,68.800003,67.626999,68.463997,67.818649,30652000.00
2020-05-08,69.091003,69.832001,68.600502,69.217003,68.564560,33326000.00
2020-05-11,68.839500,70.776497,68.775002,70.179497,69.517982,32718000.00
2020-05-12,70.411003,70.716499,68.725502,68.759003,68.110878,33918000.00
2020-05-13,68.807999,69.266502,66.400497,67.416496,66.781036,40368000.00
2020-05-14,66.676003,67.868500,66.165001,67.843002,67.203522,36660000.00
2020-05-15,67.413002,68.728996,66.949997,68.653000,68.005882,41544000.00
2020-05-18,68.079002,69.638000,67.709999,69.259003,68.606171,47094000.00
2020-05-19,69.274002,69.624496,68.688004,68.720001,68.072250,31586000.00
2020-05-20,69.458000,70.601501,69.371002,70.458000,69.793877,38262000.00
2020-05-21,70.549500,70.822998,69.719498,70.337502,69.674500,30894000.00
2020-05-22,70.195000,70.849998,69.797501,70.662003,69.995949,28544000.00
2020-05-26,72.098000,72.255501,70.970001,71.068497,70.398605,44590000.00
2020-05-27,71.000000,71.267502,69.730003,71.014000,70.344627,31684000.00
2020-05-28,70.000000,72.223000,69.954002,70.912003,70.243576,35170000.00
2020-05-29,71.021500,71.836502,70.799004,71.676003,71.000381,37044000.00
2020-06-01,71.285004,72.079002,71.113998,71.743500,71.067261,25162000.00
2020-06-02,71.750000,72.150002,71.080498,72.115501,71.435730,23442000.00
2020-06-03,72.135002,72.450500,71.581001,71.962502,71.284172,27732000.00
2020-06-04,71.838997,72.066002,70.300499,70.714996,70.048439,26982000.00
2020-06-05,70.781998,72.315002,70.380997,72.000999,71.322319,42642000.00
2020-06-08,71.314003,72.449997,71.223999,72.402000,71.719536,33878000.00
2020-06-09,72.262001,73.389999,72.117996,72.603996,71.919624,33624000.00
2020-06-10,73.075500,73.638496,72.718002,73.235001,72.544678,31762000.00
2020-06-11,72.051498,72.580002,69.920502,70.095001,69.434273,47144000.00
2020-06-12,71.292999,71.725502,69.290001,70.646004,69.980087,36676000.00
2020-06-15,69.474503,71.250000,69.360001,71.037003,70.367416,30468000.00
2020-06-16,72.449997,72.858498,71.449501,72.323502,71.641769,30648000.00
2020-06-17,72.647003,73.110001,71.756500,72.626999,71.942429,30610000.00
2020-06-18,72.492500,72.648499,71.311996,71.706001,71.030098,34862000.00
2020-06-19,72.000000,72.224998,70.949997,71.232002,70.560570,52784000.00
2020-06-22,71.250504,72.547501,70.959503,72.532997,71.849312,29442000.00
2020-06-23,72.599998,73.760002,72.250000,73.198997,72.509026,37752000.00
2020-06-24,73.164001,73.789497,71.500000,71.635002,70.959770,31592000.00
2020-06-25,71.560997,72.115997,70.976997,72.055000,71.375809,23958000.00
2020-06-26,71.631500,71.850998,67.750000,68.126999,67.484833,97640000.00
2020-06-29,68.016998,69.900002,67.582497,69.858498,69.200020,45074000.00
2020-06-30,69.844002,71.199997,69.346497,70.902496,70.234177,40286000.00
2020-07-01,70.958504,72.424004,70.709000,72.099998,71.420380,42182000.00
2020-07-02,72.592003,74.426003,72.553497,73.496498,72.803726,57218000.00
2020-07-06,74.407501,75.500000,73.848999,74.982498,74.275711,44712000.00
2020-07-07,74.806503,76.066002,74.485001,74.496002,73.793808,42364000.00
2020-07-08,75.040001,75.558502,74.614998,75.180000,74.471352,31766000.00
2020-07-09,75.496498,76.457001,74.779503,75.932999,75.217255,41836000.00
2020-07-10,75.662498,77.067001,75.036003,76.950500,76.225159,35918000.00
2020-07-13,77.497002,78.818001,75.328003,75.611504,74.898796,42954000.00
2020-07-14,74.639503,76.139999,74.296501,76.042999,75.326210,38108000.00
2020-07-15,76.161499,76.816498,74.891502,75.844002,75.129089,31026000.00
2020-07-16,75.074997,75.795502,74.413498,75.746002,75.032021,26484000.00
2020-07-17,75.845497,76.171501,74.904999,75.842499,75.127617,34264000.00
2020-07-20,75.750000,78.450500,75.135002,78.192001,77.454971,30166000.00
2020-07-21,79.251503,79.352501,77.630997,77.795998,77.062691,27486000.00
2020-07-22,77.785500,78.348999,77.161499,78.242500,77.504990,24482000.00
2020-07-23,78.296501,78.517502,75.429497,75.837502,75.122650,33910000.00
2020-07-24,74.959503,75.771500,74.379501,75.410500,74.699692,29902000.00
2020-07-27,75.663002,76.877998,75.616501,76.471497,75.750671,27124000.00
2020-07-28,76.250000,76.300499,75.026001,75.182503,74.473831,30910000.00
2020-07-29,75.250000,76.666496,75.150497,76.175499,75.457466,22676000.00
2020-07-30,74.898499,77.044502,74.758499,76.918503,76.193466,36042000.00
2020-07-31,74.852501,75.250999,72.699997,74.397499,73.696228,91468000.00
2020-08-03,74.550003,74.886497,73.585999,74.138000,73.439178,45482000.00
2020-08-04,74.335503,74.655502,73.201500,73.665001,72.970634,37212000.00
2020-08-05,73.841003,74.500000,73.560997,73.954498,73.257408,29134000.00
2020-08-06,73.807503,75.313499,73.595001,75.247498,74.538208,33306000.00
2020-08-07,75.452003,76.004501,74.313499,74.918503,74.212326,27718000.00
2020-08-10,74.540001,75.357498,73.874496,74.841003,74.135544,20546000.00
2020-08-11,74.699997,75.522003,73.909500,74.027000,73.329216,31098000.00
2020-08-12,74.356003,75.583504,74.250000,75.362000,74.651642,22512000.00
2020-08-13,75.410500,76.848503,75.410500,75.832497,75.117699,22388000.00
2020-08-14,75.680496,75.989502,74.949997,75.231499,74.522377,21942000.00
2020-08-17,75.798500,76.189003,75.250000,75.811996,75.097397,19990000.00
2020-08-18,76.306000,77.868500,76.083504,77.789001,77.055756,28378000.00
2020-08-19,77.624496,78.443001,77.000000,77.230499,76.502518,30472000.00
2020-08-20,76.998497,79.008499,76.723000,78.812500,78.069618,26382000.00
2020-08-21,78.589996,79.594002,78.115501,78.778503,78.035942,34838000.00
2020-08-24,79.623497,80.439003,78.751999,79.257500,78.510414,25638000.00
2020-08-25,79.004997,80.444000,78.893997,80.292503,79.535660,25150000.00
2020-08-26,80.315002,82.639503,80.049004,82.206497,81.431610,52188000.00
2020-08-27,82.330498,82.399498,80.940498,81.426003,80.658470,31350000.00
2020-08-28,81.473503,82.067497,81.280502,81.971497,81.198830,22418000.00
2020-08-31,82.178497,82.224998,81.266502,81.476501,80.708504,26422000.00
2020-09-01,81.608002,82.960999,81.476501,82.753998,81.973953,22652000.00
2020-09-02,83.400497,86.305000,83.009499,85.869499,85.060104,49522000.00
2020-09-03,84.975998,85.000000,80.385498,81.475502,80.707512,63726000.00
2020-09-04,80.449997,81.749496,76.898499,79.060501,78.315269,55850000.00
2020-09-08,76.250000,77.777496,75.824997,76.180000,75.461922,54032000.00
2020-09-09,77.445000,77.935997,76.258499,77.361504,76.632294,39242000.00
2020-09-10,77.509003,78.682999,76.000000,76.302498,75.583260,33024000.00
2020-09-11,76.407501,76.934998,74.651001,75.788002,75.073624,30706000.00
2020-09-14,76.582497,77.849998,75.255501,75.441498,74.730377,42660000.00
2020-09-15,76.394501,77.549500,76.105003,76.755997,76.032501,23042000.00
2020-09-16,77.124001,77.718498,75.579498,75.604500,74.891846,22128000.00
2020-09-17,74.290497,74.932999,73.123001,74.351997,73.651161,40008000.00
2020-09-18,74.415001,74.760002,71.581001,72.554497,71.870598,63056000.00
2020-09-21,71.581001,72.002998,70.134003,71.507004,70.832977,56908000.00
2020-09-22,72.515999,73.198502,71.474998,72.990997,72.302986,33950000.00
2020-09-23,72.604500,72.653999,70.134003,70.469498,69.805244,37726000.00
2020-09-24,70.134003,71.899498,70.107498,71.142998,70.472412,34552000.00
2020-09-25,71.252502,72.296997,70.384003,71.953003,71.274773,30326000.00
2020-09-28,73.599503,73.649498,72.314003,72.932999,72.245529,30784000.00
2020-09-29,73.195503,73.599998,72.699997,73.301003,72.610077,31816000.00
2020-09-30,73.046997,74.309998,72.788002,73.279999,72.589264,40924000.00
2020-10-01,74.182999,74.753502,73.839996,74.394997,73.693748,32884000.00
2020-10-02,72.981499,73.951500,72.367500,72.779999,72.093987,31222000.00
2020-10-05,73.132500,74.235001,73.004501,74.141502,73.442642,21602000.00
2020-10-06,73.775002,74.225998,72.250504,72.551003,71.867126,26096000.00
2020-10-07,72.965500,73.448502,71.661499,72.957001,72.269295,36108000.00
2020-10-08,73.272499,74.401497,73.272499,74.171501,73.472359,26076000.00
2020-10-09,74.642998,75.592499,74.349998,75.522499,74.810623,32966000.00
2020-10-12,76.900002,79.420998,76.464996,78.229500,77.492111,55344000.00
2020-10-13,78.850502,79.258003,77.931503,78.353500,77.614929,39072000.00
2020-10-14,78.730003,79.192497,77.294998,78.171997,77.435143,33174000.00
2020-10-15,77.224998,78.570000,77.056503,77.773499,77.040405,31210000.00
2020-10-16,78.091499,78.885498,77.883003,78.385002,77.646149,34194000.00
2020-10-19,78.796501,79.196503,76.146004,76.497498,75.776421,29734000.00
2020-10-20,76.155502,78.692001,76.025002,77.554001,76.822968,41670000.00
2020-10-21,78.492500,80.757004,78.357002,79.299500,78.552025,60322000.00
2020-10-22,79.250000,80.670998,78.874001,80.333000,79.575790,30512000.00
2020-10-23,80.752502,81.706001,80.595497,81.649002,80.879387,30548000.00
2020-10-26,80.750000,81.478996,78.389000,79.214500,78.467819,35826000.00
2020-10-27,79.446503,80.099998,78.849503,79.944000,79.190445,25902000.00
2020-10-28,77.500504,77.690498,75.424004,75.540001,74.827957,45174000.00
2020-10-29,75.850998,79.436996,75.827499,77.844002,77.110268,55406000.00
2020-10-30,83.372002,84.066002,80.078499,80.805496,80.043823,99878000.00
2020-11-02,81.177002,82.912003,80.711998,81.216003,80.450462,44228000.00
2020-11-03,81.538002,82.949997,80.605499,82.282997,81.507401,31432000.00
2020-11-04,85.278999,88.501503,85.150002,87.292503,86.469688,71342000.00
2020-11-05,88.522499,89.591003,87.051498,88.125000,87.294342,39758000.00
2020-11-06,87.567001,88.425003,86.834000,87.986504,87.157143,28622000.00
2020-11-09,89.799004,90.844498,87.877502,88.070999,87.240837,53440000.00
2020-11-10,86.488503,87.969002,85.806000,86.886002,86.067009,43022000.00
2020-11-11,87.419998,88.144997,87.153000,87.361504,86.538033,31838000.00
2020-11-12,87.099998,88.249001,86.898499,87.140999,86.319618,26474000.00
2020-11-13,87.400002,88.856499,86.799004,88.612999,87.777740,29744000.00
2020-11-16,88.207001,89.717003,88.066498,88.701500,87.865402,25468000.00
2020-11-17,88.392998,88.857002,87.974503,88.083000,87.252716,21314000.00
2020-11-18,87.832001,88.250000,86.928497,87.031998,86.211632,20108000.00
2020-11-19,86.661499,88.174500,86.500999,87.928497,87.099686,20106000.00
2020-11-20,88.099998,88.417999,86.750000,86.819000,86.000641,27694000.00
2020-11-23,87.011002,87.299500,85.509003,86.377998,85.563797,22530000.00
2020-11-24,86.375000,88.323997,86.036499,88.195000,87.363678,27984000.00
2020-11-25,88.390503,88.518997,87.417999,88.206497,87.375069,19600000.00
2020-11-27,88.226997,89.850502,88.226997,89.350998,88.508781,14790000.00
2020-11-30,88.782501,89.016998,87.391998,87.720001,86.893143,32418000.00
2020-12-01,88.333000,91.085999,88.151497,89.767998,88.921844,37350000.00
2020-12-02,89.767998,91.637001,89.258499,91.248497,90.388390,29424000.00
2020-12-03,91.027000,92.191498,90.849998,91.092003,90.233360,24728000.00
2020-12-04,91.011002,91.474998,90.679497,91.188004,90.328468,20544000.00
2020-12-07,90.777496,91.464500,90.152000,90.851501,89.995132,22288000.00
2020-12-08,90.426003,90.798500,89.564003,90.566498,89.712814,19936000.00
2020-12-09,90.517998,91.418503,88.099998,88.892998,88.055099,31728000.00
2020-12-10,88.129997,88.749496,86.676498,88.382500,87.549408,28688000.00
2020-12-11,88.000000,88.865501,87.637001,88.739998,87.903542,18628000.00
2020-12-14,88.536003,89.489998,87.456497,87.612999,86.787155,33050000.00
2020-12-15,87.992996,88.199997,87.083504,88.054001,87.223999,21352000.00
2020-12-16,88.455498,88.455498,87.453003,87.859497,87.031326,24676000.00
2020-12-17,88.196503,88.335503,86.557503,87.025497,86.205185,34880000.00
2020-12-18,87.308502,87.417999,85.750000,86.310997,85.497429,85256000.00
2020-12-21,85.456497,86.849998,84.699997,86.727997,85.910500,33974000.00
2020-12-22,86.466499,86.630501,85.289001,86.011002,85.200272,20370000.00
2020-12-23,86.196503,87.205498,86.059998,86.411499,85.596992,22974000.00
2020-12-24,86.449997,87.120499,86.217499,86.708000,85.890686,9312000.00
2020-12-28,87.245499,89.349998,87.091003,88.697998,87.861923,27650000.00
2020-12-29,89.361504,89.423500,87.755501,87.888000,87.059563,19726000.00
2020-12-30,88.250000,88.388000,86.400002,86.812500,85.994209,21026000.00
2020-12-31,86.863503,87.875000,86.804497,87.632004,86.805984,21070000.00
2021-01-04,88.000000,88.124496,85.357002,86.306503,85.492973,37324000.00
2021-01-05,86.254501,87.341499,85.845001,87.002502,86.182411,20360000.00
2021-01-06,85.013000,87.198502,84.805000,86.143997,85.331993,46588000.00
2021-01-07,86.337997,88.890999,86.337997,88.717003,87.880753,41936000.00
2021-01-08,88.858002,89.968002,88.060997,89.891502,89.044189,35484000.00
2021-01-11,88.850998,89.219002,87.607002,87.814499,86.986755,34796000.00
2021-01-12,87.267998,88.394997,85.819000,86.871498,86.052658,29528000.00
2021-01-13,86.365997,87.819504,86.365997,87.362503,86.539024,23432000.00
2021-01-14,87.443497,88.377502,86.303497,86.545998,85.730209,29212000.00
2021-01-15,86.450996,87.380997,85.585503,86.380997,85.566772,31444000.00
2021-01-19,87.150002,90.192001,86.641502,89.223503,88.382484,41660000.00
2021-01-20,91.318497,94.986000,90.975502,94.003502,93.117432,64152000.00
2021-01-21,94.682503,96.603996,93.970497,94.207497,93.319496,58634000.00
2021-01-22,94.572998,95.219498,93.824997,94.627998,93.736046,32744000.00
2021-01-25,95.637001,96.091003,92.958000,94.713997,93.821220,50586000.00
2021-01-26,94.299500,95.787498,93.806503,95.397499,94.498291,31462000.00
2021-01-27,93.745499,94.023499,89.863998,90.946999,90.089745,82512000.00
2021-01-28,91.550003,94.399498,91.550003,92.660004,91.786591,55278000.00
2021-01-29,91.700996,92.376999,90.078003,91.367996,90.506767,44530000.00
2021-02-01,92.229500,95.777000,92.229500,94.653503,93.761314,40252000.00
2021-02-02,95.656502,97.468498,95.318497,95.956001,95.051529,66332000.00
2021-02-03,103.280502,105.331001,100.677498,102.944000,101.973656,97882000.00
2021-02-04,103.030998,103.464996,101.754997,102.681503,101.713623,48596000.00
2021-02-05,102.977997,104.796997,102.500000,104.441498,103.457031,29866000.00
2021-02-08,105.000000,105.750000,103.167503,104.225998,103.243561,28828000.00
2021-02-09,103.739998,104.925499,103.500000,103.769501,102.791374,21892000.00
2021-02-10,104.156998,104.944000,102.612000,104.323997,103.340637,25102000.00
2021-02-11,104.550003,104.699997,103.443001,104.437500,103.453079,20480000.00
2021-02-12,103.988503,104.974998,103.678497,104.751503,103.764114,18990000.00
2021-02-16,104.587502,107.257004,104.587502,105.535004,104.540230,31004000.00
2021-02-17,104.698997,106.122002,104.417503,105.931000,104.932495,20294000.00
2021-02-18,105.250000,106.099503,104.666496,105.290497,104.298027,22546000.00
2021-02-19,105.389503,105.929001,104.171501,104.440498,103.456032,37938000.00
2021-02-22,102.680000,104.016502,102.400002,102.712997,101.744835,29466000.00
2021-02-23,100.699501,103.625000,99.511497,103.005997,102.035065,34658000.00
2021-02-24,101.501999,104.416000,101.376503,104.190498,103.208405,22608000.00
2021-02-25,102.796501,104.150002,100.324501,100.797501,99.847389,41548000.00
2021-02-26,101.497498,102.825996,100.050499,101.095497,100.142570,40042000.00
2021-03-01,102.400002,103.811501,101.721001,103.483002,102.507584,26060000.00
2021-03-02,103.241997,104.737000,102.833504,103.223999,102.250999,25564000.00
2021-03-03,102.597504,103.799500,99.699997,100.570503,99.622536,33892000.00
2021-03-04,100.743500,103.729500,100.271500,101.696503,100.737907,49216000.00
2021-03-05,103.057503,105.309998,101.389000,104.853500,103.865150,53100000.00
2021-03-08,104.203003,105.686996,100.259499,100.375000,99.428871,36868000.00
2021-03-09,102.487503,103.195999,101.779999,102.017998,101.056374,33920000.00
2021-03-10,103.070000,103.070000,100.966499,101.809502,100.849854,27100000.00
2021-03-11,102.911003,105.563499,102.822502,105.027000,104.037025,27702000.00
2021-03-12,103.820503,103.880501,101.621002,102.500000,101.533852,33818000.00
2021-03-15,102.249001,102.749496,101.389503,102.722000,101.753738,26168000.00
2021-03-16,103.299500,105.683998,102.964500,104.194504,103.212364,31900000.00
2021-03-17,103.423500,104.949997,102.206001,104.111000,103.129646,26382000.00
2021-03-18,102.408997,103.437500,100.959000,101.067001,100.114342,31700000.00
2021-03-19,101.486504,101.851997,100.146500,101.348000,100.392693,46072000.00
2021-03-22,101.381500,102.417000,100.699997,101.534500,100.577423,33536000.00
2021-03-23,101.997498,103.205498,101.400002,102.066498,101.104424,28510000.00
2021-03-24,102.587997,103.379997,101.449997,101.626503,100.668571,25218000.00
2021-03-25,101.452499,102.281998,99.804497,101.623001,100.665100,35616000.00
2021-03-26,101.589500,101.969498,100.192497,101.236504,100.282249,27978000.00
2021-03-29,101.108002,102.460503,100.272499,102.289497,101.325310,26492000.00
2021-03-30,102.649002,103.133499,101.807503,102.323502,101.358994,27312000.00
2021-03-31,102.720001,104.313004,102.349998,103.125999,102.153931,42570000.00
2021-04-01,104.612503,106.787498,104.571503,106.488998,105.485229,39880000.00
2021-04-05,107.357498,111.449501,107.260498,110.947998,109.902206,48510000.00
2021-04-06,110.545998,111.400002,110.089500,110.462997,109.421768,35240000.00
2021-04-07,110.654999,112.224998,110.654999,111.951500,110.896255,24134000.00
2021-04-08,113.199997,113.589500,112.150497,112.521500,111.460861,28664000.00
2021-04-09,112.272003,113.698502,111.862999,113.533501,112.463326,26146000.00
2021-04-12,112.706001,112.844498,111.390999,112.231003,111.173119,25024000.00
2021-04-13,112.549500,113.173500,112.152496,112.721497,111.658989,25682000.00
2021-04-14,113.371498,113.371498,111.801003,112.095497,111.038872,21002000.00
2021-04-15,113.097504,114.800003,112.558502,114.262497,113.185463,29174000.00
2021-04-16,114.461998,114.711998,113.545998,114.137497,113.061646,26282000.00
2021-04-19,113.509003,115.204498,113.509003,114.487999,113.408844,30290000.00
2021-04-20,114.874496,114.949997,112.856003,113.950500,112.876419,22288000.00
2021-04-21,113.602501,114.000000,112.240997,113.917503,112.843712,23204000.00
2021-04-22,113.769997,114.444000,112.015999,112.625999,111.564384,24146000.00
2021-04-23,113.349998,115.306000,113.062500,114.996498,113.912537,29066000.00
2021-04-26,115.225998,116.226501,114.865997,115.496498,114.407829,32038000.00
2021-04-27,115.881500,115.922501,114.307999,114.549004,113.469261,44386000.00
2021-04-28,119.625000,121.569000,117.661003,117.952003,116.840187,81106000.00
2021-04-29,119.461502,120.208000,118.692497,119.638000,118.510284,41234000.00
2021-04-30,118.401001,119.092499,117.328003,117.675003,116.565788,44856000.00
2021-05-03,118.245499,119.077499,116.775002,117.153999,116.049698,28242000.00
2021-05-04,115.677498,116.249496,112.834000,115.341499,114.254295,44818000.00
2021-05-05,116.431503,116.750000,115.414001,115.738503,114.647537,26636000.00
2021-05-06,115.316498,116.867500,114.652000,116.867500,115.765900,25190000.00
2021-05-07,118.194504,118.562500,117.307999,117.596497,116.488029,28898000.00
2021-05-10,116.406998,116.550003,114.226997,114.587502,113.507401,30914000.00
2021-05-11,112.153503,114.014000,111.695999,113.502998,112.433128,34186000.00
2021-05-12,111.309502,112.399002,109.681000,110.012497,108.975525,46376000.00
2021-05-13,111.306000,111.972000,110.335999,111.452003,110.401459,33204000.00
2021-05-14,112.927002,114.236000,112.500000,113.918999,112.845200,31996000.00
2021-05-17,113.178497,114.488998,112.775497,114.445999,113.367241,21598000.00
2021-05-18,115.117500,115.384003,113.109497,113.123497,112.057190,22204000.00
2021-05-19,111.421501,113.749496,111.272003,113.574997,112.504440,23684000.00
2021-05-20,114.550003,115.599998,114.176003,115.347504,114.260246,32352000.00
2021-05-21,115.870499,115.944504,114.464996,114.706497,113.625282,40632000.00
2021-05-24,115.744499,118.277496,115.598000,118.052002,116.939255,31832000.00
2021-05-25,118.599998,119.199997,117.750000,118.143501,117.029869,22440000.00
2021-05-26,118.325996,119.449501,118.322998,119.015503,117.893677,21572000.00
2021-05-27,119.452499,119.452499,117.813004,118.134003,117.020485,35224000.00
2021-05-28,118.721001,118.803497,117.642502,117.842499,116.731705,21482000.00
2021-06-01,118.722000,119.285500,117.713997,119.058998,117.936737,23354000.00
2021-06-02,119.457497,119.681999,117.617996,118.529503,117.412239,21158000.00
2021-06-03,117.286499,117.850998,116.475998,117.378998,116.272583,18696000.00
2021-06-04,118.463501,119.951500,118.120499,119.678497,118.550407,24458000.00
2021-06-07,119.472000,120.225502,119.050003,120.114998,118.982803,24120000.00
2021-06-08,120.600502,120.975998,119.738998,119.921997,118.791603,24240000.00
2021-06-09,120.571503,120.643997,119.845001,120.397003,119.262154,17942000.00
2021-06-10,120.346001,121.800003,120.189003,121.756500,120.608818,25904000.00
2021-06-11,122.000000,122.085999,120.947998,121.510002,120.364647,21958000.00
2021-06-14,121.612999,122.445999,120.900002,122.445503,121.291336,22098000.00
2021-06-15,122.449997,122.775497,121.056000,121.419502,120.275017,21562000.00
2021-06-16,121.571999,121.886002,119.470001,120.772499,119.634102,26472000.00
2021-06-17,120.697502,122.522499,120.500000,121.743500,120.595947,25842000.00
2021-06-18,121.366997,121.602997,120.014999,120.111000,118.978844,46116000.00
2021-06-21,120.500504,122.000000,119.898499,121.812500,120.664299,27414000.00
2021-06-22,121.750000,122.400002,121.064003,122.330498,121.177406,22390000.00
2021-06-23,122.093498,123.095497,121.834503,122.126999,120.975838,19148000.00
2021-06-24,122.699997,123.055496,122.300003,122.500000,121.345322,21362000.00
2021-06-25,122.000000,122.633003,121.565002,122.508499,121.353737,34594000.00
2021-06-28,122.678497,122.785004,121.405502,122.536003,121.380974,28526000.00
2021-06-29,122.670502,123.021004,121.691002,122.272499,121.119965,23108000.00
2021-06-30,121.994499,122.257004,121.354500,122.089500,120.938683,24474000.00
2021-07-01,121.724998,122.586998,121.531502,122.444504,121.290344,18110000.00
2021-07-02,123.150002,125.403999,123.059502,125.257500,124.076820,25982000.00
2021-07-06,125.648499,126.428001,124.582497,126.190002,125.000542,26404000.00
2021-07-07,127.162003,127.283997,126.153000,126.473999,125.281860,24060000.00
2021-07-08,124.026001,125.595497,124.022003,125.043999,123.865334,23790000.00
2021-07-09,125.025002,125.734497,124.551498,125.518501,124.335365,18632000.00
2021-07-12,126.178001,127.069504,125.611000,126.975502,125.778633,17668000.00
2021-07-13,127.038498,128.057495,126.674500,127.341499,126.141182,19240000.00
2021-07-14,127.958000,129.326508,127.914497,128.237000,127.028236,23742000.00
2021-07-15,128.649002,128.699997,126.529999,127.004997,125.807854,24218000.00
2021-07-16,127.663002,127.811501,126.153503,126.970001,125.773186,20424000.00
2021-07-19,126.089500,126.205002,123.504997,124.578003,123.403732,27968000.00
2021-07-20,125.527496,127.042999,124.350502,126.209503,125.019852,26312000.00
2021-07-21,126.133499,127.596001,126.023499,127.549004,126.346718,20746000.00
2021-07-22,127.844002,128.483002,127.499001,128.421494,127.210991,14302000.00
2021-07-23,130.430496,133.399002,129.800507,133.014999,131.761215,41506000.00
2021-07-26,133.328506,134.237000,132.301498,134.035004,132.771591,30572000.00
2021-07-27,134.250504,134.399002,130.104004,131.899994,130.656708,54710000.00
2021-07-28,136.311996,138.296997,135.277496,136.093994,134.811172,95130000.00
2021-07-29,136.149994,136.660995,135.542999,135.777496,134.497650,31716000.00
2021-07-30,135.035004,135.304504,134.255005,134.726501,133.456543,25576000.00
2021-08-02,135.117004,135.336502,133.794006,134.854507,133.583374,21634000.00
2021-08-03,135.134995,135.731995,133.319504,135.630005,134.351547,20762000.00
2021-08-04,135.349503,135.649506,134.487000,135.125504,133.851837,19676000.00
2021-08-05,135.680496,136.350006,134.845993,136.251495,134.967209,17870000.00
2021-08-06,136.042007,136.472504,135.210007,135.738495,134.459030,20488000.00
2021-08-09,135.942505,137.184006,135.339493,136.912994,135.622437,17760000.00
2021-08-10,137.341995,137.772507,136.364502,136.807007,135.517441,19414000.00
2021-08-11,137.181503,137.682495,136.271500,136.279007,134.994431,15352000.00
2021-08-12,135.975494,137.300003,135.425507,137.194000,135.900803,16506000.00
2021-08-13,137.250000,137.856506,137.033005,137.727493,136.429276,15948000.00
2021-08-16,137.524994,138.362503,135.298996,138.309494,137.005783,22384000.00
2021-08-17,137.750000,138.265503,136.082001,136.661499,135.373337,21716000.00
2021-08-18,136.500000,137.104507,135.321503,135.449005,134.172272,19258000.00
2021-08-19,134.435501,136.352493,134.250000,135.679993,134.401077,21782000.00
2021-08-20,136.000000,137.554001,135.250000,137.429504,136.134079,31194000.00
2021-08-23,137.969498,140.874496,137.607498,140.041504,138.721481,28454000.00
2021-08-24,140.611496,142.080002,140.338501,141.261505,139.929962,19268000.00
2021-08-25,141.625000,142.189499,141.376007,142.078995,140.739746,15848000.00
2021-08-26,141.750000,142.417496,141.356995,141.440506,140.107269,20610000.00
2021-08-27,141.652496,144.512497,141.496994,144.003998,142.646606,28780000.00
2021-08-30,144.399994,145.970505,144.162994,144.590500,143.227570,24434000.00
2021-08-31,145.147003,145.171494,144.281006,144.697495,143.333557,22448000.00
2021-09-01,145.000000,146.253998,144.883499,145.215500,143.846680,21936000.00
2021-09-02,145.216003,145.519501,143.184998,143.287003,141.936386,32342000.00
2021-09-03,143.080505,144.154999,142.400497,143.739502,142.384613,19850000.00
2021-09-07,143.834503,144.565002,143.619003,144.280502,142.920532,20124000.00
2021-09-08,144.100006,144.399994,143.000000,143.690994,142.336563,18344000.00
2021-09-09,143.840500,144.310501,143.177505,143.541000,142.187973,15314000.00
2021-09-10,144.212494,144.718506,140.738007,140.876007,139.548111,36840000.00
2021-09-13,141.949493,142.949997,141.250000,142.332504,140.990906,22094000.00
2021-09-14,142.995499,143.363007,141.750000,142.544495,141.200867,19674000.00
2021-09-15,142.771500,144.450500,141.347504,144.429504,143.068115,27408000.00
2021-09-16,143.950500,144.300003,142.401505,143.610001,142.256332,26190000.00
2021-09-17,143.030502,143.449997,140.470001,140.800003,139.472809,53384000.00
2021-09-20,138.161499,139.000000,136.322006,138.719498,137.411926,46518000.00
2021-09-21,139.749496,140.011505,138.278000,139.033005,137.722473,25332000.00
2021-09-22,139.304001,140.886993,138.551498,140.283493,138.961166,25056000.00
2021-09-23,140.987503,141.696503,140.401505,141.216003,139.884903,20952000.00
2021-09-24,140.538498,142.330505,140.240997,142.214996,140.874481,22984000.00
2021-09-27,140.804504,141.938507,140.067505,141.072006,139.742233,21882000.00
2021-09-28,138.654999,139.096497,135.360001,135.830002,134.549652,45772000.00
2021-09-29,136.979996,137.151001,133.865005,134.353500,133.087082,30848000.00
2021-09-30,134.261505,135.542496,133.556000,133.675995,132.415985,37996000.00
2021-10-01,134.447495,136.910507,134.072998,136.542999,135.255920,35360000.00
2021-10-04,135.960495,135.960495,131.050003,133.659500,132.399628,51202000.00
2021-10-05,134.041000,137.224503,134.041000,136.022995,134.740829,32404000.00
2021-10-06,134.750000,137.750000,134.550003,137.565002,136.268311,24364000.00
2021-10-07,138.891998,140.042007,138.651001,139.225006,137.912674,25110000.00
2021-10-08,139.576996,140.330994,139.217499,139.785507,138.467880,26526000.00
2021-10-11,139.292007,140.712006,138.858994,138.914001,137.604584,17954000.00
2021-10-12,139.479996,139.507004,135.759995,136.449005,135.162811,36332000.00
2021-10-13,137.402496,138.000000,136.518997,137.582001,136.285156,19654000.00
2021-10-14,139.473999,141.337494,138.824997,141.151001,139.820526,31894000.00
2021-10-15,141.614502,141.718002,140.755005,141.367996,140.035477,30274000.00
2021-10-18,141.076508,142.796005,141.069504,142.778000,141.432175,20396000.00
2021-10-19,143.387497,143.662506,142.600006,143.237000,141.886841,20164000.00
2021-10-20,143.337997,143.546005,141.376495,141.768997,140.432678,23288000.00
2021-10-21,141.768997,142.156006,140.500000,141.886002,140.548599,26292000.00
2021-10-22,139.149994,140.582993,136.056000,137.566498,136.269806,50588000.00
2021-10-25,137.550003,138.000000,135.423996,137.447006,136.151443,34412000.00
2021-10-26,139.263504,140.082993,138.304504,139.308502,137.995361,49236000.00
2021-10-27,139.404999,148.649994,139.404999,146.217499,144.839249,85782000.00
2021-10-28,147.134506,147.158005,144.626999,145.848999,144.474213,36206000.00
2021-10-29,145.078003,148.242004,144.649506,148.046005,146.650543,43320000.00
2021-11-01,148.046005,148.046005,143.225494,143.496994,142.144363,46924000.00
2021-11-02,144.579498,146.608994,144.335495,145.432495,144.061646,33482000.00
2021-11-03,145.900497,146.669006,144.591003,146.598007,145.216171,27494000.00
2021-11-04,147.124496,149.733505,146.307999,148.267502,146.869919,38412000.00
2021-11-05,149.169495,150.327499,148.197006,148.852005,147.448898,38354000.00
2021-11-08,149.824997,150.615005,148.430496,149.031006,147.626221,23052000.00
2021-11-09,149.233002,149.834503,147.244995,148.918503,147.514786,19530000.00
2021-11-10,147.500000,148.070007,144.537506,145.893494,144.518311,29970000.00
2021-11-11,146.489502,147.535507,145.600494,145.766495,144.392517,16518000.00
2021-11-12,146.615494,148.850006,145.410995,148.677994,147.276535,22360000.00
2021-11-15,148.900497,149.549500,147.574997,148.451996,147.052673,23508000.00
2021-11-16,148.149506,148.762497,147.312500,147.876007,146.482101,18904000.00
2021-11-17,148.027496,148.559494,147.240005,148.046997,146.651505,19594000.00
2021-11-18,148.241501,150.580505,147.884506,149.838501,148.426132,35608000.00
2021-11-19,149.975494,150.966507,148.899002,148.926498,147.522705,33682000.00
2021-11-22,149.332504,149.829498,146.147507,146.302002,144.922943,30594000.00
2021-11-23,146.153000,146.660004,144.115005,145.781998,144.407852,27218000.00
2021-11-24,145.473495,146.249496,144.373001,146.119995,144.742691,18040000.00
2021-11-26,144.348495,144.557495,141.842499,142.182999,140.842758,30470000.00
2021-11-29,144.000000,146.297501,143.893494,145.530502,144.158722,32596000.00
2021-11-30,145.008499,146.000000,141.601501,141.897507,140.559982,42068000.00
2021-12-01,144.000000,145.950500,140.912003,141.051498,139.721939,34020000.00
2021-12-02,141.250000,143.864502,140.214493,142.966003,141.618408,29194000.00
2021-12-03,143.681000,144.399994,140.300995,142.001495,140.662994,41230000.00
2021-12-06,143.040497,143.852493,140.149994,143.154999,141.805603,30618000.00
2021-12-07,145.596497,147.531006,145.227493,147.269501,145.881363,32240000.00
2021-12-08,147.596497,148.393005,146.406006,148.186493,146.789688,24270000.00
2021-12-09,147.591003,149.100006,147.115005,147.638504,146.246857,23270000.00
2021-12-10,148.699997,148.977493,146.703995,148.001495,146.606430,24458000.00
2021-12-13,147.781494,147.970001,145.517502,145.826508,144.451950,27070000.00
2021-12-14,143.968002,144.479996,141.214996,143.906998,142.550507,38446000.00
2021-12-15,143.408997,146.720993,141.677994,146.440994,145.060638,36370000.00
2021-12-16,147.170502,147.677002,143.606995,144.445007,143.083481,33650000.00
2021-12-17,142.500000,143.834503,141.300003,141.725006,140.389114,50416000.00
2021-12-20,140.000000,141.774506,139.320999,141.606995,140.272217,27192000.00
2021-12-21,142.053497,143.869003,140.502502,143.472504,142.120117,28756000.00
2021-12-22,143.067505,146.500000,143.067505,146.414993,145.034897,26322000.00
2021-12-23,146.500000,148.243500,146.451996,146.916504,145.531662,26384000.00
2021-12-27,147.255997,148.343994,147.169495,147.906494,146.512329,15976000.00
2021-12-28,148.235992,148.298996,146.054504,146.686996,145.304337,18200000.00
2021-12-29,146.644501,147.417007,145.647507,146.654999,145.272629,17788000.00
2021-12-30,146.694000,147.300003,145.994507,146.200500,144.822418,15688000.00
2021-12-31,146.050003,146.698502,144.852005,144.852005,143.486649,18136000.00
2022-01-03,145.054993,145.850998,143.712997,144.991501,143.624832,28646000.00
2022-01-04,145.395996,146.485001,143.716507,144.399506,143.038406,28400000.00
2022-01-05,144.419998,144.499496,137.688004,137.774994,136.476334,54618000.00
2022-01-06,136.998505,139.940002,136.558502,137.747498,136.449066,37348000.00
2022-01-07,138.145493,138.448502,135.766495,137.016998,135.725479,29760000.00
2022-01-10,135.078003,138.819504,133.164505,138.669495,137.362411,44408000.00
2022-01-11,138.007004,140.216003,136.692505,139.735992,138.418839,28730000.00
2022-01-12,141.149994,142.608002,140.694504,141.430496,140.097366,26108000.00
2022-01-13,141.539993,142.850006,138.408997,138.587006,137.280670,31436000.00
2022-01-14,137.078995,140.742004,136.998505,139.480499,138.165771,29662000.00
2022-01-18,136.175003,137.131500,135.438507,135.998001,134.716080,34872000.00
2022-01-19,136.523499,137.959503,135.015503,135.116501,133.842896,28648000.00
2022-01-20,136.250000,137.626007,132.964493,133.307495,132.050949,29908000.00
2022-01-21,132.593506,134.865494,130.086502,130.351501,129.122833,55652000.00
2022-01-24,125.977997,131.203003,124.500000,130.804001,129.571030,76622000.00
2022-01-25,128.740005,129.399002,126.500504,126.934998,125.738518,46960000.00
2022-01-26,131.119003,133.000000,127.141998,129.233002,128.014847,49130000.00
2022-01-27,131.304001,132.652496,128.932495,129.005005,127.789001,31950000.00
2022-01-28,129.658997,133.356506,128.485001,133.350998,132.094055,34362000.00
2022-01-31,134.162003,135.473007,132.209503,135.303497,134.028137,39986000.00
2022-02-01,137.594498,137.792999,134.368500,137.643997,136.346558,68644000.00
2022-02-02,151.250000,151.546494,145.522507,148.000000,146.604965,123200000.00
2022-02-03,145.705505,149.675003,142.665497,143.089996,141.741226,71518000.00
2022-02-04,143.444504,144.875000,140.514999,143.292999,141.942307,57998000.00
2022-02-07,144.250000,144.250000,138.899994,139.201004,137.888901,54974000.00
2022-02-08,139.026505,140.000000,137.014008,139.399002,138.085037,54284000.00
2022-02-09,140.963501,142.524506,140.186996,141.591995,140.257355,40144000.00
2022-02-10,139.703506,141.484497,137.957001,138.619995,137.313370,39330000.00
2022-02-11,138.600006,139.156494,133.399994,134.282501,133.016739,39958000.00
2022-02-14,133.256500,136.300003,133.256500,135.526001,134.248535,34302000.00
2022-02-15,137.570496,138.108505,135.821503,136.608505,135.320847,26680000.00
2022-02-16,136.646500,138.085999,134.923996,137.738007,136.439697,25022000.00
2022-02-17,136.242996,137.113495,132.478500,132.539001,131.289673,38950000.00
2022-02-18,133.466995,134.070007,130.196503,130.403000,129.173828,45620000.00
2022-02-22,129.837997,132.180496,128.223495,129.813507,128.589874,44990000.00
2022-02-23,131.648499,132.050995,127.527496,127.587997,126.385345,32786000.00
2022-02-24,124.953499,133.000000,124.953499,132.690994,131.440247,54456000.00
2022-02-25,133.552002,135.271500,131.751495,134.459503,133.192093,36406000.00
2022-02-28,133.050003,135.751495,132.592499,135.057007,133.783951,38864000.00
2022-03-01,134.878494,136.255493,133.218506,134.061493,132.797836,26496000.00
2022-03-02,134.628006,135.262497,133.071503,134.571503,133.303040,23520000.00
2022-03-03,136.009995,136.439499,133.025497,133.899506,132.637375,24604000.00
2022-03-04,132.927505,133.851501,130.337494,131.906494,130.663132,30430000.00
2022-03-07,131.488007,131.735001,126.294998,126.378502,125.187256,45112000.00
2022-03-08,126.250000,131.250000,125.674500,127.104500,125.906410,40428000.00
2022-03-09,131.250000,133.735504,129.900497,133.419998,132.162384,37026000.00
2022-03-10,131.266006,133.272003,130.912506,132.429504,131.181229,27102000.00
2022-03-11,133.488495,133.795502,129.631500,129.870499,128.646347,31526000.00
2022-03-14,130.250000,130.408997,125.275002,125.950996,124.763779,38812000.00
2022-03-15,126.975998,129.854507,125.720497,129.197998,127.980194,30920000.00
2022-03-16,130.733002,133.332993,128.734497,133.280502,132.024231,35576000.00
2022-03-17,133.149002,134.080505,132.184998,133.839005,132.577438,28264000.00
2022-03-18,133.424500,136.244003,132.258499,136.125504,134.842392,44566000.00
2022-03-21,136.163498,137.050003,134.092499,136.101501,134.818604,26832000.00
2022-03-22,136.101501,141.050003,136.101501,139.867996,138.549637,35496000.00
2022-03-23,138.702499,139.588501,137.835007,138.275497,136.972122,25154000.00
2022-03-24,139.199997,141.619003,137.750504,141.572006,140.237534,26396000.00
2022-03-25,141.916000,142.035004,139.737503,141.673004,140.337585,24126000.00
2022-03-28,140.900497,142.002502,139.811493,141.455505,140.122147,35050000.00
2022-03-29,142.647507,143.793503,142.038498,142.505493,141.162247,34318000.00
2022-03-30,142.460007,142.720505,141.600006,141.938507,140.600616,19884000.00
2022-03-31,142.052994,142.108002,139.024506,139.067505,137.756668,37524000.00
2022-04-01,139.500000,140.470993,138.307495,140.150497,138.829437,25942000.00
2022-04-04,140.358505,143.712006,140.310501,142.971497,141.623856,25942000.00
2022-04-05,142.869003,142.990494,140.382507,140.591003,139.265778,21418000.00
2022-04-06,138.750000,139.360504,135.516998,136.548004,135.260910,32468000.00
2022-04-07,136.009995,137.164505,134.227493,135.888504,134.607620,26234000.00
2022-04-08,135.583496,135.669998,132.965500,133.287506,132.031113,25142000.00
2022-04-11,131.823502,132.092499,128.668503,128.823502,127.609207,36884000.00
2022-04-12,131.600006,131.600006,126.789001,127.714500,126.510651,32710000.00
2022-04-13,128.000000,130.334000,127.740997,129.893997,128.669617,27928000.00
2022-04-14,130.479507,130.479507,126.600998,126.730003,125.535454,31598000.00
2022-04-18,127.000000,128.212494,126.181999,127.676498,126.473030,20808000.00
2022-04-19,127.691498,130.332993,126.999496,130.009003,128.783524,26490000.00
2022-04-20,130.891998,131.399002,127.500000,128.039993,126.833084,31696000.00
2022-04-21,129.250000,130.098495,124.526497,124.814499,123.637993,36446000.00
2022-04-22,125.000000,125.402000,118.925003,119.635498,118.507828,56884000.00
2022-04-25,119.100998,123.277496,118.511002,123.073997,121.913902,46128000.00
2022-04-26,122.294502,122.510002,118.511002,118.650002,117.531609,73054000.00
2022-04-27,114.469498,117.241997,112.736504,114.294502,113.217171,91820000.00
2022-04-28,116.415001,119.649498,114.114998,118.522499,117.405312,48884000.00
2022-04-29,116.734497,117.919998,113.814499,114.109497,113.033905,42676000.00
2022-05-02,113.404999,116.745499,112.599998,116.583000,115.484100,35534000.00
2022-05-03,116.430496,118.442001,116.034500,117.334000,116.228012,24968000.00
2022-05-04,117.031502,122.854500,115.115997,122.261002,121.108582,49916000.00
2022-05-05,120.204002,121.039001,115.005501,116.505501,115.407310,45840000.00
2022-05-06,115.184502,117.571503,114.015503,115.746498,114.655464,39710000.00
2022-05-09,113.250000,115.077003,112.000504,112.511002,111.450470,40802000.00
2022-05-10,115.507500,116.250000,112.900497,114.394997,113.316704,39900000.00
2022-05-11,113.236504,116.364502,113.236504,113.602501,112.531677,37534000.00
2022-05-12,111.377502,114.294998,109.824501,112.844002,111.780342,53836000.00
2022-05-13,114.532997,117.875000,113.605003,116.050499,114.956604,35038000.00
2022-05-16,114.955498,116.169998,113.889503,114.445000,113.366241,25990000.00
2022-05-17,116.840500,116.900002,114.870003,116.473000,115.375130,23054000.00
2022-05-18,115.000000,115.400002,111.555496,111.899498,110.844734,35126000.00
2022-05-19,111.431503,113.010002,110.000000,110.384003,109.343529,34144000.00
2022-05-20,111.950996,112.183502,105.796501,108.907997,107.881439,48962000.00
2022-05-23,109.587502,112.147499,108.740997,111.487999,110.437119,37184000.00
2022-05-24,105.772003,106.458504,101.884499,105.970001,104.971123,76780000.00
2022-05-25,104.985497,106.500000,103.856499,105.805000,104.807686,40258000.00
2022-05-26,105.677002,108.649498,105.224998,107.792503,106.776443,37948000.00
2022-05-27,109.483002,112.318001,109.138496,112.316498,111.257812,37914000.00
2022-05-31,112.746498,115.735001,112.078499,113.762001,112.689674,50012000.00
2022-06-01,114.855003,117.101501,113.250000,113.891998,112.818451,36606000.00
2022-06-02,114.000000,117.899498,112.946503,117.622498,116.513779,37992000.00
2022-06-03,116.062500,116.321503,113.518501,114.541000,113.461342,26136000.00
2022-06-06,116.704498,119.347000,116.164001,116.820503,115.719345,33542000.00
2022-06-07,115.480499,117.691002,115.052002,117.149498,116.045250,31590000.00
2022-06-08,116.761497,118.570503,116.599998,117.194000,116.089340,26108000.00
2022-06-09,116.327499,118.299004,114.776001,114.835503,113.753052,25798000.00
2022-06-10,112.445000,113.278999,110.365997,111.161499,110.113686,41452000.00
2022-06-13,106.786499,108.791496,106.119003,106.392502,105.389648,47252000.00
2022-06-14,106.535004,107.924500,105.800003,106.715500,105.709602,33706000.00
2022-06-15,108.544998,111.423500,107.669502,109.764503,108.729866,39698000.00
2022-06-16,107.221001,108.648499,105.138000,106.033501,105.034035,51684000.00
2022-06-17,106.033501,108.699501,105.045998,107.143501,106.133568,51376000.00
2022-06-21,108.929497,112.489502,108.599998,111.543999,110.492569,47416000.00
2022-06-22,110.556503,113.346497,110.382500,111.487503,110.436623,30774000.00
2022-06-23,112.231499,112.742500,110.500504,112.241997,111.184013,28362000.00
2022-06-24,112.995003,118.079002,112.952499,117.974998,116.862961,41164000.00
2022-06-27,118.273003,118.579498,115.179497,115.833504,114.741653,36420000.00
2022-06-28,115.802498,117.309502,111.848000,112.007500,110.951706,35792000.00
2022-06-29,111.552002,113.160500,110.872498,111.701500,110.648598,24716000.00
2022-06-30,110.000000,110.888000,106.750000,108.962997,107.935913,43170000.00
2022-07-01,107.932999,109.250000,106.730499,108.737503,107.712540,35476000.00
2022-07-05,107.100502,113.376999,105.731499,113.263000,112.195381,39342000.00
2022-07-06,113.302002,115.589500,111.475998,114.571999,113.492043,37432000.00
2022-07-07,115.080002,119.189499,114.833504,118.782997,117.663353,40936000.00
2022-07-08,117.250000,119.684998,116.901497,119.353500,118.228470,38238000.00
2022-07-11,117.998001,117.998001,115.330498,115.676498,114.586136,31196000.00
2022-07-12,116.214996,116.973999,113.690002,114.020500,112.945747,29960000.00
2022-07-13,111.700996,114.195999,111.201500,111.353500,110.303879,43722000.00
2022-07-14,110.210503,111.093002,108.373001,110.367500,109.327171,37004000.00
2022-07-15,112.000504,113.140503,110.900002,111.777496,110.723869,46770000.00
2022-07-18,112.639999,113.680000,108.370003,109.029999,108.002281,43164600.00
2022-07-19,110.849998,114.019997,109.559998,113.809998,112.737228,36530900.00
2022-07-20,113.169998,115.400002,112.480003,113.900002,112.826378,35600400.00
2022-07-21,114.279999,114.550003,111.110001,114.339996,113.262215,32676200.00
2022-07-22,111.000000,112.339996,106.500000,107.900002,106.882927,48901200.00
2022-07-25,108.410004,109.870003,106.300003,107.510002,106.496620,34690900.00
2022-07-26,106.599998,107.199997,104.070000,105.019997,104.030075,47991000.00
2022-07-27,109.260002,113.910004,108.010002,113.059998,111.994293,59858500.00
2022-07-28,112.370003,114.339996,111.459999,114.220001,113.143364,32816600.00
2022-07-29,113.080002,116.709999,113.059998,116.320000,115.223564,37223400.00
2022-08-01,115.300003,116.720001,114.339996,114.860001,113.777344,26034300.00
2022-08-02,114.000000,116.349998,113.720001,115.129997,114.044777,20236000.00
2022-08-03,115.709999,118.620003,115.480003,118.080002,116.966988,28499000.00
2022-08-04,117.480003,118.779999,116.889999,118.190002,117.075935,21602900.00
2022-08-05,116.230003,118.110001,116.000000,117.470001,116.362732,19159500.00
2022-08-08,118.389999,120.150002,116.879997,117.300003,116.194328,19138300.00
2022-08-09,117.139999,117.320000,115.709999,116.629997,115.530655,19086500.00
2022-08-10,118.779999,120.919998,118.410004,119.699997,118.571701,30930400.00
2022-08-11,121.279999,121.489998,118.559998,118.839996,117.719810,24293700.00
2022-08-12,120.260002,121.680000,119.459999,121.680000,120.533051,19096300.00
2022-08-15,121.129997,122.300003,120.610001,122.080002,120.929276,19494800.00
2022-08-16,121.519997,122.430000,120.639999,121.699997,120.552849,19041200.00
2022-08-17,120.120003,121.290001,119.379997,119.550003,118.423126,22847000.00
2022-08-18,119.430000,120.820000,118.720001,120.169998,119.037270,17987700.00
2022-08-19,119.059998,119.150002,116.760002,117.209999,116.105179,21809500.00
2022-08-22,115.199997,115.629997,113.849998,114.239998,113.163177,21456600.00
2022-08-23,113.480003,115.010002,113.430000,113.860001,112.786751,15870400.00
2022-08-24,113.500000,114.779999,112.870003,113.690002,112.618370,17734600.00
2022-08-25,114.239998,116.720001,114.110001,116.650002,115.550453,16956800.00
2022-08-26,114.720001,115.120003,110.190002,110.339996,109.299934,37245700.00
2022-08-29,109.989998,110.949997,108.800003,109.419998,108.388596,21191200.00
2022-08-30,110.169998,110.500000,107.800003,108.940002,107.913132,27513300.00
2022-08-31,110.650002,110.849998,108.129997,108.220001,107.199921,28627000.00
2022-09-01,108.279999,110.449997,107.360001,109.739998,108.705589,28360900.00
2022-09-02,110.589996,110.739998,107.260002,107.849998,106.833405,24160700.00
2022-09-06,107.300003,108.029999,105.779999,106.809998,105.803207,25068300.00
2022-09-07,107.059998,109.980003,106.900002,109.449997,108.418327,23167000.00
2022-09-08,108.040001,109.599998,107.160004,108.379997,107.358406,24238300.00
2022-09-09,109.070000,110.989998,109.019997,110.650002,109.607018,23197700.00
2022-09-12,110.989998,111.620003,109.930000,110.860001,109.815033,22966800.00
2022-09-13,107.800003,108.300003,104.089996,104.320000,103.336685,38172900.00
2022-09-14,104.570000,105.279999,103.660004,105.000000,104.010269,26395100.00
2022-09-15,104.029999,105.269997,102.349998,102.910004,101.939980,34188300.00
2022-09-16,102.070000,103.129997,100.940002,102.800003,101.831017,42797200.00
2022-09-19,101.750000,103.330002,101.550003,103.070000,102.098450,23036800.00
2022-09-20,102.080002,102.370003,100.519997,101.139999,100.186646,26517100.00
2022-09-21,101.669998,102.879997,99.269997,99.279999,98.344193,31487300.00
2022-09-22,98.820000,101.239998,98.790001,100.139999,99.196083,34298600.00
2022-09-23,99.629997,99.660004,97.470001,98.739998,97.809288,31625400.00
2022-09-26,98.099998,99.879997,97.800003,98.169998,97.244644,27072700.00
2022-09-27,99.430000,100.000000,96.870003,97.500000,96.580956,30072800.00
2022-09-28,97.650002,100.699997,97.110001,100.050003,99.106926,32466300.00
2022-09-29,98.639999,98.639999,95.959999,97.419998,96.501724,31047200.00
2022-09-30,97.050003,98.900002,95.559998,95.650002,94.748405,32941500.00
2022-10-03,96.760002,99.290001,96.519997,98.639999,97.710228,27982000.00
2022-10-04,100.440002,101.839996,100.379997,101.639999,100.681946,28850800.00
2022-10-05,99.830002,101.930000,98.800003,101.430000,100.473923,22176900.00
2022-10-06,100.680000,102.930000,100.589996,101.419998,100.464012,22324000.00
2022-10-07,99.849998,100.529999,98.300003,98.680000,97.749847,27502800.00
2022-10-10,99.000000,99.099998,97.010002,97.860001,96.937569,18225100.00
2022-10-11,97.430000,99.250000,96.309998,97.180000,96.263977,26507100.00
2022-10-12,97.300003,98.750000,96.739998,97.559998,96.640396,21876400.00
2022-10-13,95.150002,99.779999,94.379997,99.059998,98.126259,34574500.00
2022-10-14,99.989998,100.690002,96.370003,96.559998,95.649826,25410700.00
2022-10-17,98.860001,100.930000,98.830002,99.970001,99.027687,28419200.00
2022-10-18,103.129997,103.470001,99.970001,100.769997,99.820137,24060700.00
2022-10-19,100.010002,101.019997,98.919998,99.629997,98.690880,23811100.00
2022-10-20,100.000000,102.320000,99.389999,99.970001,99.027687,25323200.00
2022-10-21,97.849998,101.309998,97.720001,101.129997,100.176743,32458700.00
2022-10-24,101.800003,102.750000,99.980003,102.519997,101.553642,27176400.00
2022-10-25,102.900002,104.820000,102.720001,104.480003,103.495163,40611400.00
2022-10-26,96.430000,98.309998,94.690002,94.930000,94.035187,88114100.00
2022-10-27,94.519997,95.430000,91.800003,92.220001,91.350731,60710900.00
2022-10-28,92.269997,96.550003,92.129997,96.290001,95.382362,43697300.00
2022-10-31,95.419998,96.029999,93.980003,94.510002,93.619156,31675000.00
2022-11-01,95.449997,96.029999,90.370003,90.470001,89.617233,47161400.00
2022-11-02,90.940002,91.180000,86.879997,86.970001,86.150223,57038300.00
2022-11-03,86.320000,86.519997,83.339996,83.430000,82.643578,61288000.00
2022-11-04,85.400002,86.639999,83.709999,86.580002,85.763885,51124900.00
2022-11-07,87.279999,88.900002,86.849998,88.489998,87.655884,34078900.00
2022-11-08,88.900002,90.320000,87.589996,88.900002,88.062035,30429000.00
2022-11-09,88.449997,89.440002,87.279999,87.320000,86.496925,31769100.00
2022-11-10,92.250000,94.389999,91.610001,93.940002,93.054512,51620100.00
2022-11-11,94.690002,96.930000,93.919998,96.410004,95.501236,33090500.00
2022-11-14,95.089996,96.790001,94.510002,95.699997,94.797928,30179500.00
2022-11-15,98.260002,100.139999,96.709999,98.440002,97.512108,41640800.00
2022-11-16,97.900002,99.639999,97.639999,98.849998,97.918236,29105200.00
2022-11-17,96.970001,99.279999,96.790001,98.360001,97.432869,26052600.00
2022-11-18,98.769997,98.900002,96.370003,97.430000,96.511635,28342300.00
2022-11-21,97.290001,98.400002,95.360001,95.599998,94.698883,21647400.00
2022-11-22,95.949997,97.220001,94.050003,97.050003,96.135223,23438500.00
2022-11-23,97.089996,98.760002,97.089996,98.459999,97.531921,18868100.00
2022-11-25,98.239998,98.639999,97.400002,97.459999,96.541336,9701400.00
2022-11-28,97.040001,97.580002,95.610001,96.050003,95.144623,26237500.00
2022-11-29,95.730003,96.120003,94.110001,95.190002,94.292740,20061700.00
2022-11-30,94.820000,101.040001,94.419998,100.989998,100.038063,43647500.00
2022-12-01,101.019997,102.250000,100.250000,100.989998,100.038063,28687100.00
2022-12-02,99.050003,100.769997,98.900002,100.440002,99.493256,21480700.00
2022-12-05,99.400002,101.379997,99.000000,99.480003,98.542313,24405100.00
2022-12-06,99.300003,99.779999,96.419998,96.980003,96.065865,24910700.00
2022-12-07,96.410004,96.879997,94.720001,94.940002,94.045097,31045400.00
2022-12-08,95.379997,95.580002,93.449997,93.709999,92.826691,32213300.00
2022-12-09,93.769997,94.260002,92.750000,92.830002,91.954994,28225400.00
2022-12-12,92.709999,93.559998,91.610001,93.309998,92.430458,29420000.00
2022-12-13,97.760002,99.529999,95.029999,95.629997,94.728584,40593700.00
2022-12-14,95.199997,96.870003,93.599998,95.070000,94.173866,28733600.00
2022-12-15,93.129997,93.639999,90.010002,90.860001,90.003555,40107000.00
2022-12-16,90.760002,91.330002,89.519997,90.260002,89.409203,58011800.00
2022-12-19,90.260002,90.559998,88.209999,88.440002,87.606361,29493000.00
2022-12-20,88.110001,89.180000,87.440002,89.019997,88.180901,23453800.00
2022-12-21,89.080002,90.220001,88.320000,89.580002,88.735619,24745600.00
2022-12-22,88.160004,88.540001,86.320000,87.760002,86.932770,27658300.00
2022-12-23,87.110001,89.550003,87.070000,89.230003,88.388924,23003000.00
2022-12-27,88.800003,88.940002,87.010002,87.389999,86.566254,20097300.00
2022-12-28,86.980003,88.040001,85.940002,86.019997,85.209175,19523200.00
2022-12-29,86.620003,88.849998,86.610001,88.449997,87.616257,23333500.00
2022-12-30,86.980003,88.300003,86.570000,88.230003,87.398346,23986300.00
2023-01-03,89.589996,91.050003,88.519997,89.120003,88.279945,28131200.00
2023-01-04,90.349998,90.650002,87.269997,88.080002,87.249763,34854800.00
2023-01-05,87.470001,87.570000,85.900002,86.199997,85.387474,27194400.00
2023-01-06,86.790001,87.690002,84.860001,87.339996,86.516739,41381500.00
2023-01-09,88.360001,90.050003,87.860001,88.019997,87.190315,29003900.00
2023-01-10,85.980003,88.669998,85.830002,88.419998,87.586555,30467800.00
2023-01-11,89.180000,91.599998,89.010002,91.519997,90.657333,26862000.00
2023-01-12,91.480003,91.870003,89.750000,91.129997,90.271011,30258100.00
2023-01-13,90.849998,92.190002,90.129997,92.120003,91.251671,26329200.00
2023-01-17,92.059998,92.250000,90.050003,91.290001,90.429504,32602400.00
2023-01-18,92.139999,92.800003,90.639999,91.120003,90.261116,29116700.00
2023-01-19,90.720001,93.610001,90.629997,93.050003,92.172920,37000400.00
2023-01-20,95.099998,98.300003,95.019997,98.019997,97.096054,63191100.00
2023-01-23,97.949997,100.040001,97.500000,99.790001,98.849365,40005100.00
2023-01-24,98.099998,99.610001,97.199997,97.699997,96.779068,33078500.00
2023-01-25,95.570000,96.160004,93.760002,95.220001,94.322464,42330000.00
2023-01-26,96.500000,97.570000,95.379997,97.519997,96.600769,30114000.00
2023-01-27,97.309998,100.320000,97.309998,99.370003,98.433334,33879800.00
2023-01-30,97.480003,98.290001,96.400002,96.940002,96.026245,27226200.00
2023-01-31,96.870003,98.879997,96.820000,98.839996,97.908325,29870700.00
2023-02-01,98.709999,101.190002,97.580002,100.430000,99.483360,35531100.00
2023-02-02,105.800003,107.849998,105.610001,107.739998,106.724434,69883800.00
2023-02-03,102.930000,107.809998,102.580002,104.779999,103.792358,65309300.00
2023-02-06,102.400002,104.360001,101.879997,102.900002,101.930069,31999600.00
2023-02-07,103.220001,108.180000,103.120003,107.639999,106.625381,49010200.00
2023-02-08,102.050003,103.139999,98.040001,99.370003,98.433334,94743500.00
2023-02-09,100.000000,100.029999,93.629997,95.010002,94.114441,119455000.00
2023-02-10,95.449997,96.750000,94.250000,94.570000,93.678581,54980700.00
2023-02-13,94.739998,95.199997,93.839996,94.610001,93.718208,50076100.00
2023-02-14,94.430000,94.849998,92.260002,94.680000,93.787552,54726100.00
2023-02-15,94.489998,97.120003,94.150002,96.940002,96.026245,50169000.00
2023-02-16,95.370003,97.680000,94.739998,95.510002,94.609726,42462600.00
2023-02-17,94.849998,95.559998,93.209999,94.349998,93.460648,34284100.00
2023-02-21,93.000000,93.099998,91.720001,91.790001,90.924782,33629300.00
2023-02-22,91.699997,92.110001,90.610001,91.650002,90.786095,30884000.00
2023-02-23,91.919998,91.940002,89.760002,90.889999,90.033287,41206400.00
2023-02-24,89.440002,89.889999,88.580002,89.129997,88.289856,36585100.00
2023-02-27,89.870003,90.160004,89.339996,89.870003,89.022881,27502300.00
2023-02-28,89.330002,91.230003,89.320000,90.059998,89.211090,30142000.00
2023-03-01,89.980003,91.029999,89.669998,90.360001,89.508278,31111200.00
2023-03-02,89.660004,92.279999,89.589996,92.000000,91.132812,32204400.00
2023-03-03,92.480003,93.730003,92.449997,93.650002,92.767265,35160100.00
2023-03-06,94.019997,95.970001,94.000000,95.129997,94.233307,32639300.00
2023-03-07,94.980003,95.669998,93.529999,93.860001,92.975281,27835500.00
2023-03-08,94.120003,95.959999,94.000000,94.250000,93.361603,34103300.00
2023-03-09,94.050003,95.529999,91.900002,92.320000,91.449799,28813500.00
2023-03-10,92.169998,92.790001,90.400002,90.629997,89.775726,35941000.00
2023-03-13,90.089996,92.570000,89.419998,91.110001,90.251205,37335600.00
2023-03-14,92.559998,94.360001,92.440002,93.970001,93.084251,36050200.00
2023-03-15,93.220001,96.930000,92.639999,96.110001,95.204056,50622100.00
2023-03-16,96.199997,101.190002,95.500000,100.320000,99.374390,65492000.00
2023-03-17,100.260002,102.839996,100.099998,101.620003,100.662125,61028500.00
2023-03-20,100.120003,101.750000,99.870003,101.220001,100.265907,32960400.00
2023-03-21,101.250000,105.099998,101.220001,104.919998,103.931023,42110300.00
2023-03-22,104.269997,106.589996,103.330002,103.370003,102.395645,43427400.00
2023-03-23,105.059998,106.300003,104.459999,105.599998,104.604614,40797800.00
2023-03-24,104.989998,105.489998,103.839996,105.440002,104.446121,30393300.00
2023-03-27,104.620003,104.760002,101.930000,102.459999,101.494209,31120900.00
2023-03-28,102.440002,102.449997,99.739998,101.029999,100.077698,32057900.00
2023-03-29,102.279999,102.489998,100.650002,101.389999,100.434296,28779600.00
2023-03-30,100.910004,101.160004,99.779999,100.889999,99.939003,33086200.00
2023-03-31,101.300003,103.889999,101.040001,103.730003,102.752243,36863400.00
2023-04-03,102.389999,104.529999,101.930000,104.360001,103.376312,25035400.00
2023-04-04,104.330002,105.580002,104.040001,104.720001,103.732910,24420100.00
2023-04-05,105.779999,106.099998,103.660004,104.470001,103.485268,28290500.00
2023-04-06,105.260002,109.169998,104.330002,108.419998,107.398041,48711500.00
2023-04-10,106.980003,107.589996,105.120003,106.440002,105.436699,27067400.00
2023-04-11,106.550003,106.730003,104.680000,105.349998,104.356956,26311800.00
2023-04-12,106.580002,106.750000,104.339996,104.639999,103.653656,24370300.00
2023-04-13,105.839996,107.489998,105.839996,107.430000,106.417351,24843600.00
2023-04-14,106.889999,108.940002,106.839996,108.870003,107.843796,26578000.00
2023-04-17,104.660004,106.160004,104.519997,105.970001,104.971123,37571200.00
2023-04-18,106.489998,106.540001,104.070000,104.500000,103.514977,26596400.00
2023-04-19,103.580002,104.980003,103.070000,104.180000,103.198006,20905700.00
2023-04-20,103.910004,106.250000,103.870003,105.290001,104.297531,27820800.00
2023-04-21,105.470001,106.000000,104.779999,105.410004,104.416412,25800100.00
2023-04-24,105.489998,106.629997,104.699997,105.970001,104.971123,23542800.00
2023-04-25,105.830002,106.690002,103.839996,103.849998,102.871101,46664100.00
2023-04-26,104.919998,106.349998,102.629997,103.709999,102.732422,53347600.00
2023-04-27,104.449997,108.370003,103.540001,107.589996,106.575859,50089200.00
2023-04-28,107.040001,107.349998,105.089996,107.339996,106.328209,36139800.00
2023-05-01,106.839996,107.989998,106.820000,107.199997,106.189529,26681700.00
2023-05-02,107.139999,107.199997,103.709999,105.320000,104.327248,30997200.00
2023-05-03,105.529999,107.489998,104.959999,105.410004,104.416412,21795400.00
2023-05-04,105.489998,105.599998,103.970001,104.690002,103.703194,23419500.00
2023-05-05,104.820000,105.879997,104.110001,105.570000,104.574898,26639300.00
2023-05-08,105.180000,107.959999,105.160004,107.769997,106.754150,26511400.00
2023-05-09,108.389999,110.150002,107.190002,107.349998,106.338120,36360100.00
2023-05-10,107.970001,112.940002,107.930000,111.750000,110.696648,63153400.00
2023-05-11,115.400002,117.919998,114.410004,116.570000,115.471222,78900000.00
2023-05-12,116.680000,118.029999,116.110001,117.510002,116.402367,41102300.00
2023-05-15,116.110001,118.480003,116.010002,116.510002,115.411789,36266800.00
2023-05-16,116.489998,120.750000,116.430000,119.510002,118.383492,45035600.00
2023-05-17,119.610001,121.669998,118.889999,120.839996,119.700951,33323600.00
2023-05-18,120.949997,123.309998,120.830002,122.830002,121.672203,35234200.00
2023-05-19,123.550003,125.970001,122.150002,122.760002,121.602875,41353400.00
2023-05-22,122.940002,126.430000,122.739998,125.050003,123.871292,35253000.00
2023-05-23,124.160004,124.629997,122.209999,122.559998,121.404755,34046300.00
2023-05-24,121.120003,121.910004,119.860001,120.900002,119.760406,34182600.00
2023-05-25,124.519997,125.320000,121.959999,123.480003,122.316078,42317000.00
2023-05-26,123.169998,125.260002,122.449997,124.610001,123.435432,35635900.00
2023-05-30,125.639999,125.660004,122.000000,123.669998,122.504295,35076700.00
2023-05-31,122.750000,124.059998,122.500000,122.870003,121.711838,37325800.00
2023-06-01,122.820000,124.419998,122.620003,123.720001,122.553810,30772700.00
2023-06-02,123.989998,126.150002,123.760002,124.669998,123.494865,26980100.00
2023-06-05,124.010002,127.430000,123.839996,126.010002,124.822235,32305500.00
2023-06-06,126.010002,128.289993,125.360001,127.309998,126.109970,26638300.00
2023-06-07,126.970001,129.039993,122.120003,122.500000,121.345322,52539000.00
2023-06-08,122.230003,123.230003,121.239998,122.139999,120.988716,29389200.00
2023-06-09,122.250000,123.760002,121.910004,122.230003,121.077850,23778300.00
2023-06-12,122.790001,124.050003,121.660004,123.639999,122.474571,28306400.00
2023-06-13,124.980003,125.160004,123.180000,123.830002,122.662781,22278300.00
2023-06-14,123.099998,124.050003,121.449997,123.669998,122.504295,30592300.00
2023-06-15,123.139999,125.459999,122.400002,125.089996,123.910912,35246300.00
2023-06-16,125.930000,126.110001,123.279999,123.529999,122.365616,45535600.00
2023-06-20,122.930000,124.570000,122.139999,123.099998,121.939659,26097500.00
2023-06-21,122.400002,122.660004,120.099998,120.550003,119.413712,30306300.00
2023-06-22,120.000000,123.239998,118.830002,123.150002,121.989189,26952200.00
2023-06-23,121.379997,122.790001,121.059998,122.339996,121.186821,34913600.00
2023-06-26,120.760002,122.000000,118.269997,118.339996,117.224510,33969900.00
2023-06-27,117.080002,119.080002,116.099998,118.330002,117.214622,39535900.00
2023-06-28,117.089996,120.389999,116.849998,120.180000,119.047180,27091400.00
2023-06-29,119.239998,120.059998,118.300003,119.099998,117.977356,24090900.00
2023-06-30,120.169998,121.080002,119.690002,119.699997,118.571701,29532200.00
2023-07-03,119.239998,120.190002,118.820000,119.900002,118.769821,14467900.00
2023-07-05,119.239998,122.610001,119.230003,121.750000,120.602379,27584800.00
2023-07-06,119.800003,120.300003,118.400002,120.110001,118.977844,24745200.00
2023-07-07,120.099998,121.050003,119.400002,119.480003,118.353790,21709500.00
2023-07-10,118.300003,118.309998,116.139999,116.449997,115.352356,35315200.00
2023-07-11,116.290001,117.709999,115.349998,117.139999,116.035828,23078800.00
2023-07-12,118.800003,120.330002,118.410004,118.930000,117.808968,30404400.00
2023-07-13,120.930000,124.830002,120.449997,124.540001,123.366089,44297900.00
2023-07-14,124.800003,126.779999,123.489998,125.419998,124.237801,33283100.00
2023-07-17,125.940002,127.099998,124.199997,124.650002,123.475044,25716200.00
2023-07-18,124.599998,124.680000,122.959999,123.760002,122.593445,26193600.00
2023-07-19,124.599998,125.180000,121.800003,122.029999,120.879745,37224000.00
2023-07-20,121.419998,124.089996,118.220001,119.199997,118.076416,37906800.00
2023-07-21,120.620003,120.989998,118.730003,120.019997,118.888680,72937900.00
2023-07-24,121.660004,123.000000,120.980003,121.529999,120.384468,29686100.00
2023-07-25,121.360001,123.150002,121.019997,122.209999,121.058037,52509600.00
2023-07-26,130.070007,130.979996,128.320007,129.270004,128.051529,61682100.00
2023-07-27,131.669998,133.240005,128.789993,129.399994,128.180267,44952100.00
2023-07-28,130.779999,133.740005,130.570007,132.580002,131.330322,36591200.00
2023-07-31,132.729996,133.529999,131.779999,132.720001,131.468994,28055500.00
2023-08-01,130.779999,132.630005,130.679993,131.550003,130.310013,23166800.00
2023-08-02,129.449997,130.089996,127.559998,128.380005,127.169891,26273300.00
2023-08-03,127.970001,129.389999,127.419998,128.449997,127.239235,20089500.00
2023-08-04,129.279999,131.509995,127.910004,128.110001,126.902443,26147200.00
2023-08-07,129.160004,131.610001,129.020004,131.529999,130.290192,22746300.00
2023-08-08,130.619995,131.509995,129.539993,131.399994,130.161423,23535200.00
2023-08-09,131.660004,132.039993,129.000000,129.660004,128.437851,24912900.00
2023-08-10,131.320007,132.050003,129.449997,129.690002,128.467545,20857800.00
2023-08-11,128.660004,129.929993,128.169998,129.559998,128.338760,19591100.00
2023-08-14,129.389999,131.369995,128.960007,131.330002,130.092087,24695600.00
2023-08-15,131.100006,131.419998,129.279999,129.779999,128.556702,19770700.00
2023-08-16,128.699997,130.279999,127.870003,128.699997,127.486862,25216100.00
2023-08-17,129.800003,131.990005,129.289993,129.919998,128.695389,33446300.00
2023-08-18,128.509995,129.250000,126.379997,127.459999,126.258568,30504800.00
2023-08-21,127.180000,128.729996,126.559998,128.369995,127.159981,25248700.00
2023-08-22,128.509995,130.279999,128.320007,129.080002,127.863312,22054900.00
2023-08-23,130.179993,133.410004,129.869995,132.369995,131.122284,27819700.00
2023-08-24,133.949997,134.250000,129.570007,129.779999,128.556702,28500700.00
2023-08-25,129.539993,130.759995,127.250000,129.880005,128.655762,26762900.00
2023-08-28,131.309998,132.539993,130.139999,131.009995,129.775101,20543300.00
2023-08-29,132.240005,136.570007,132.240005,134.570007,133.301559,43075600.00
2023-08-30,134.779999,136.279999,134.070007,135.880005,134.599197,28315800.00
2023-08-31,136.009995,138.000000,135.789993,136.169998,134.886444,30053800.00
2023-09-01,137.460007,137.460007,134.850006,135.660004,134.381287,21543700.00
2023-09-05,135.440002,136.419998,134.580002,135.770004,134.490234,19403100.00
2023-09-06,136.020004,136.529999,133.669998,134.460007,133.192596,18684500.00
2023-09-07,133.589996,135.580002,132.949997,135.259995,133.985031,18844300.00
2023-09-08,134.910004,136.660004,134.850006,136.380005,135.094482,23558300.00
2023-09-11,136.539993,137.479996,135.789993,136.919998,135.629425,20763400.00
2023-09-12,136.259995,136.869995,135.190002,135.339996,134.064270,18405500.00
2023-09-13,135.089996,136.899994,134.149994,136.710007,135.421371,20749500.00
2023-09-14,137.600006,138.699997,136.240005,138.100006,136.798294,24751000.00
2023-09-15,137.979996,138.520004,136.479996,137.399994,136.104889,38919600.00
2023-09-18,136.610001,139.160004,136.610001,138.210007,136.907242,21861300.00
2023-09-19,137.419998,138.410004,136.619995,138.039993,136.738800,20353700.00
2023-09-20,138.080002,138.080002,133.619995,133.740005,132.479370,29927500.00
2023-09-21,131.440002,132.229996,130.070007,130.440002,129.210464,31503900.00
2023-09-22,130.759995,132.029999,129.600006,130.250000,129.022263,26397300.00
2023-09-25,129.830002,131.169998,128.960007,131.110001,129.874130,20094600.00
2023-09-26,129.770004,130.360001,127.220001,128.570007,127.358116,25718700.00
2023-09-27,128.570007,130.899994,128.570007,130.539993,129.309509,22746500.00
2023-09-28,129.839996,133.300003,129.789993,132.309998,131.062836,22513100.00
2023-09-29,133.279999,134.050003,130.360001,130.860001,129.626526,30859800.00
2023-10-02,131.210007,134.419998,131.169998,134.169998,132.905319,22288000.00
2023-10-03,133.940002,134.259995,131.839996,132.429993,131.181717,22989400.00
2023-10-04,132.789993,135.570007,132.529999,135.240005,133.965256,26752300.00
2023-10-05,135.070007,135.490005,133.449997,135.070007,133.796844,19832600.00
2023-10-06,134.009995,138.160004,134.009995,137.580002,136.283188,27597600.00
2023-10-09,136.940002,138.940002,135.610001,138.419998,137.115250,19278100.00
2023-10-10,138.500000,139.720001,137.330002,138.059998,136.758652,27786600.00
2023-10-11,138.580002,141.110001,138.580002,140.550003,139.225174,25884300.00
2023-10-12,141.050003,141.220001,138.259995,138.970001,137.660080,24765500.00
2023-10-13,139.380005,140.000000,136.619995,137.360001,136.065247,23420500.00
2023-10-16,138.169998,139.630005,137.990005,139.100006,137.788864,28501900.00
2023-10-17,138.630005,139.899994,137.179993,139.720001,138.403000,23515800.00
2023-10-18,139.449997,140.720001,137.380005,137.960007,136.659592,23375000.00
2023-10-19,138.500000,139.660004,137.380005,137.750000,136.451569,26066000.00
2023-10-20,137.330002,137.869995,135.080002,135.600006,134.321838,26335700.00
2023-10-23,135.039993,137.660004,133.949997,136.500000,135.213348,26317900.00
2023-10-24,137.830002,139.360001,137.419998,138.809998,137.501572,44814300.00
2023-10-25,128.160004,128.309998,125.070000,125.610001,124.425987,84366200.00
2023-10-26,123.269997,124.330002,121.269997,122.279999,121.127396,57061100.00
2023-10-27,122.879997,123.309998,120.209999,122.169998,121.018425,44566500.00
2023-10-30,123.209999,125.400002,122.750000,124.459999,123.286842,28940100.00
2023-10-31,125.059998,125.370003,122.690002,124.080002,122.910431,26292300.00
2023-11-01,124.070000,126.489998,123.720001,126.449997,125.258087,30082400.00
2023-11-02,128.419998,128.979996,126.930000,127.489998,126.288284,27124600.00
2023-11-03,128.020004,129.529999,127.860001,129.100006,127.883141,26393100.00
2023-11-06,129.050003,130.339996,128.669998,130.250000,129.022263,19052700.00
2023-11-07,130.710007,131.910004,129.880005,130.970001,129.735489,29757300.00
2023-11-08,130.970001,132.210007,130.779999,131.839996,130.597260,26425800.00
2023-11-09,131.960007,132.550003,130.070007,130.240005,129.012360,23747800.00
2023-11-10,130.100006,132.800003,129.410004,132.589996,131.340179,26913300.00
2023-11-13,131.779999,132.589996,131.250000,132.089996,130.844910,18324800.00
2023-11-14,134.190002,135.699997,133.320007,133.619995,132.360474,32395200.00
2023-11-15,134.869995,135.029999,133.570007,134.619995,133.351044,23861500.00
2023-11-16,135.190002,137.220001,134.320007,136.929993,135.639282,28013200.00
2023-11-17,136.000000,136.059998,133.649994,135.309998,134.034576,37240600.00
2023-11-20,133.690002,136.660004,133.619995,136.250000,134.965729,27815500.00
2023-11-21,136.289993,137.179993,135.960007,136.970001,135.678940,22635300.00
2023-11-22,137.470001,139.419998,137.470001,138.490005,137.184586,17813900.00
2023-11-24,138.029999,138.130005,135.990005,136.690002,135.401566,12514300.00
2023-11-27,136.029999,138.419998,136.000000,136.410004,135.124191,23436500.00
2023-11-28,136.080002,137.250000,135.419998,137.199997,135.906738,18730000.00
2023-11-29,137.570007,138.289993,134.839996,134.990005,133.717575,23967200.00
2023-11-30,135.050003,135.550003,131.279999,132.529999,131.280777,38988300.00
2023-12-01,131.860001,132.110001,130.669998,131.860001,130.617096,31442300.00
2023-12-04,129.880005,130.029999,127.900002,129.270004,128.051529,36669900.00
2023-12-05,128.949997,132.139999,128.250000,130.990005,129.755295,27384800.00
2023-12-06,131.440002,131.839996,129.880005,130.020004,128.794449,23576200.00
2023-12-07,135.039993,138.559998,134.699997,136.929993,135.639282,56767100.00
2023-12-08,134.199997,136.399994,134.029999,134.990005,133.717575,32260100.00
2023-12-11,132.380005,133.339996,131.360001,133.289993,132.033600,31138000.00
2023-12-12,131.809998,133.000000,131.259995,132.520004,131.270874,29032800.00
2023-12-13,133.380005,133.500000,131.570007,132.570007,131.320374,30104800.00
2023-12-14,133.380005,133.720001,129.690002,131.940002,130.696335,38722400.00
2023-12-15,131.619995,133.509995,131.179993,132.600006,131.350128,50847100.00
2023-12-18,132.630005,137.149994,132.429993,135.800003,134.519943,32258000.00
2023-12-19,136.839996,137.470001,136.080002,136.649994,135.361923,25476800.00
2023-12-20,138.970001,141.699997,138.070007,138.339996,137.035995,49107200.00
2023-12-21,139.490005,140.690002,139.179993,140.419998,139.096390,27488300.00
2023-12-22,140.770004,141.990005,140.710007,141.490005,140.156326,26532200.00
2023-12-26,141.589996,142.679993,141.190002,141.520004,140.186020,16780300.00
2023-12-27,141.589996,142.080002,139.889999,140.369995,139.046875,19628600.00
2023-12-28,140.779999,141.139999,139.750000,140.229996,138.908203,16045700.00
2023-12-29,139.630005,140.360001,138.779999,139.690002,138.373276,18733000.00
2024-01-02,138.550003,139.449997,136.479996,138.169998,136.867615,23711200.00
2024-01-03,137.250000,139.630005,137.080002,138.919998,137.610550,24212100.00
2024-01-04,138.419998,139.160004,136.350006,136.389999,135.104385,27137700.00
2024-01-05,136.750000,137.160004,135.149994,135.729996,134.450592,22513900.00
2024-01-08,136.289993,139.009995,136.259995,138.839996,137.531311,21404000.00
2024-01-09,138.500000,141.490005,138.149994,140.949997,139.621429,24759600.00
2024-01-10,141.000000,143.000000,140.910004,142.279999,140.938873,21320200.00
2024-01-11,143.490005,145.220001,140.639999,142.080002,140.740768,24008700.00
2024-01-12,142.669998,143.199997,141.820007,142.649994,141.305389,18785500.00
2024-01-16,142.000000,144.350006,141.449997,142.490005,141.146896,22670500.00
2024-01-17,141.350006,141.839996,138.899994,141.470001,140.136505,20968600.00
2024-01-18,142.050003,144.210007,141.990005,143.479996,142.127563,25746400.00
2024-01-19,144.740005,146.449997,144.380005,146.380005,145.000229,34271900.00
2024-01-22,147.100006,148.389999,145.839996,145.990005,144.613907,32200400.00
2024-01-23,145.889999,147.179993,145.500000,147.039993,145.653992,21636100.00
2024-01-24,148.539993,149.850006,148.100006,148.699997,147.298355,25233500.00
2024-01-25,150.070007,153.050003,149.539993,151.869995,150.438492,29149100.00
2024-01-26,151.100006,152.539993,151.009995,152.190002,150.755478,26115500.00
2024-01-29,152.059998,153.779999,151.429993,153.509995,152.063004,27784300.00
2024-01-30,152.800003,153.619995,151.190002,151.460007,150.032349,36331800.00
2024-01-31,143.619995,144.000000,139.869995,140.100006,138.779419,71910000.00
2024-02-01,142.119995,143.059998,140.789993,141.160004,139.829422,40466500.00
2024-02-02,139.259995,142.619995,136.500000,142.380005,141.037949,62499600.00
2024-02-05,142.820007,145.470001,142.779999,143.679993,142.325668,38505400.00
2024-02-06,144.649994,145.360001,143.190002,144.100006,142.741730,29128200.00
2024-02-07,144.759995,145.619995,143.929993,145.539993,144.168152,25208900.00
2024-02-08,145.830002,146.330002,145.100006,145.910004,144.534668,22563800.00
2024-02-09,146.679993,149.440002,146.179993,149.000000,147.595520,26829500.00
2024-02-12,148.419998,149.339996,147.369995,147.529999,146.139389,21564100.00
2024-02-13,144.919998,146.669998,143.690002,145.139999,143.771912,27837700.00
2024-02-14,146.080002,146.520004,144.089996,145.940002,144.564362,22704200.00
2024-02-15,143.139999,143.520004,140.460007,142.770004,141.424271,37590700.00
2024-02-16,142.990005,143.190002,140.139999,140.520004,139.195465,31468900.00
2024-02-20,139.660004,142.080002,139.490005,141.119995,139.789810,25144700.00
2024-02-21,141.449997,142.690002,140.679993,142.550003,141.206314,23223300.00
2024-02-22,144.929993,145.000000,142.800003,144.089996,142.731796,27191900.00
2024-02-23,143.669998,144.679993,143.429993,143.960007,142.603043,19493800.00
2024-02-26,142.139999,142.440002,137.389999,137.570007,136.273285,53641800.00
2024-02-27,138.020004,139.250000,137.089996,138.880005,137.570938,33099200.00
2024-02-28,137.899994,138.009995,135.410004,136.380005,135.094498,37328600.00
2024-02-29,137.279999,138.860001,136.399994,138.460007,137.154861,42133000.00
2024-03-01,138.429993,138.869995,136.919998,137.139999,135.847336,31151100.00
2024-03-04,135.660004,135.660004,131.910004,133.350006,132.093063,55999400.00
2024-03-05,131.880005,133.240005,130.669998,132.669998,131.419449,40194800.00
2024-03-06,133.119995,133.580002,130.850006,131.399994,130.161407,35318600.00
2024-03-07,132.789993,134.940002,131.610001,134.380005,133.113358,37738200.00
2024-03-08,134.210007,138.089996,134.000000,135.410004,134.133621,39370400.00
2024-03-11,136.130005,139.100006,136.130005,137.669998,136.372299,32437800.00
2024-03-12,137.029999,139.380005,137.029999,138.500000,137.194489,27563400.00
2024-03-13,139.000000,141.089996,138.990005,139.789993,138.472336,23347200.00
2024-03-14,141.190002,143.589996,140.460007,143.100006,141.751175,42753400.00
2024-03-15,142.500000,143.179993,140.029999,141.179993,139.849228,49475400.00
2024-03-18,148.610001,152.149994,147.169998,147.679993,146.287964,69273700.00
2024-03-19,148.160004,148.789993,146.080002,147.029999,145.644104,24070400.00
2024-03-20,148.000000,148.860001,146.740005,148.740005,147.337982,21311500.00
2024-03-21,149.470001,150.369995,146.899994,147.600006,146.208725,24755600.00
2024-03-22,149.119995,151.580002,148.979996,150.770004,149.348846,29211800.00
2024-03-25,149.940002,150.380005,147.820007,150.070007,148.655472,19229300.00
2024-03-26,150.220001,152.259995,149.979996,150.669998,149.249786,22149100.00
2024-03-27,151.179993,151.639999,148.899994,150.869995,149.447891,22879200.00
2024-03-28,150.850006,151.429993,150.169998,150.929993,149.507355,24485400.00
2024-04-01,150.690002,155.740005,150.610001,155.490005,154.024338,31730800.00
2024-04-02,153.500000,154.699997,152.149994,154.559998,153.103134,24586000.00
2024-04-03,153.600006,155.080002,152.729996,154.919998,153.459732,24705000.00
2024-04-04,153.500000,154.770004,150.449997,150.529999,149.111099,34724700.00
2024-04-05,150.029999,153.419998,149.600006,152.500000,151.062515,23459200.00
2024-04-08,152.779999,155.270004,152.610001,154.850006,153.390396,20702000.00
2024-04-09,156.089996,158.559998,155.190002,156.600006,155.123886,31079500.00
2024-04-10,156.210007,156.610001,154.679993,156.139999,154.668198,22838600.00
2024-04-11,156.910004,159.679993,156.460007,159.410004,157.907425,27166400.00
2024-04-12,157.960007,160.220001,157.139999,157.729996,156.243240,25353700.00
2024-04-15,158.860001,159.240005,154.589996,154.860001,153.400299,27136500.00
2024-04-16,154.190002,155.649994,153.429993,154.399994,152.944611,20779500.00
2024-04-17,155.619995,157.080002,154.580002,155.470001,154.004547,21763100.00
2024-04-18,155.339996,156.940002,154.619995,156.009995,154.539444,19883000.00
2024-04-19,156.199997,156.360001,152.300003,154.089996,152.637558,32615600.00
2024-04-22,154.309998,157.639999,154.059998,156.279999,154.806900,26446200.00
2024-04-23,156.960007,158.970001,156.279999,158.259995,156.768250,21151600.00
2024-04-24,157.490005,159.570007,157.169998,159.130005,157.630035,22779100.00
2024-04-25,151.330002,156.490005,150.869995,156.000000,154.529556,57109700.00
2024-04-26,174.369995,174.710007,169.649994,171.949997,170.329224,64665300.00
2024-04-29,169.059998,169.550003,165.210007,166.149994,164.583862,45610000.00
2024-04-30,165.610001,168.100006,162.600006,162.779999,161.245651,33562900.00
2024-05-01,164.300003,167.119995,163.089996,163.860001,162.315475,33493200.00
2024-05-02,164.789993,166.729996,163.889999,166.619995,165.049438,24294500.00
2024-05-03,167.559998,167.960007,163.050003,167.240005,165.663574,34662400.00
2024-05-06,167.460007,168.139999,166.029999,168.100006,166.515503,21871300.00
2024-05-07,168.500000,171.759995,168.389999,171.250000,169.635803,28039700.00
2024-05-08,169.000000,170.149994,168.740005,169.380005,167.783432,19569100.00
2024-05-09,169.389999,170.690002,168.179993,169.960007,168.357971,15346700.00
2024-05-10,168.029999,169.850006,166.190002,168.649994,167.060303,29799900.00
2024-05-13,164.259995,169.279999,164.000000,169.139999,167.545685,31327600.00
2024-05-14,169.770004,171.250000,168.800003,170.339996,168.734375,25127100.00
2024-05-15,170.630005,172.649994,170.509995,172.509995,170.883911,26948400.00
2024-05-16,173.289993,175.119995,172.690002,174.179993,172.538162,27867900.00
2024-05-17,174.179993,176.270004,173.690002,176.059998,174.400452,24479300.00
2024-05-20,176.190002,178.770004,176.080002,176.919998,175.252350,22554400.00
2024-05-21,176.899994,178.149994,175.809998,177.850006,176.173599,16989400.00
2024-05-22,176.639999,177.149994,175.210007,176.380005,174.717438,17880000.00
2024-05-23,177.070007,178.250000,172.949997,173.550003,171.914124,21024900.00
2024-05-24,174.979996,175.770004,173.649994,174.990005,173.340546,16579400.00
2024-05-28,174.449997,177.270004,174.369995,176.399994,174.737274,20572200.00
2024-05-29,175.429993,176.839996,174.720001,175.899994,174.241943,23388700.00
2024-05-30,175.199997,175.220001,171.789993,172.110001,170.487701,22931500.00
2024-05-31,171.860001,173.059998,169.440002,172.500000,170.874023,37638900.00
2024-06-03,172.539993,174.529999,171.160004,173.169998,171.537704,27459100.00
2024-06-04,173.279999,173.850006,171.889999,173.789993,172.151840,26879600.00
2024-06-05,175.199997,176.649994,173.929993,175.410004,173.756561,22068500.00
2024-06-06,175.899994,177.149994,175.750000,176.729996,175.064148,23251000.00
2024-06-07,177.050003,177.869995,174.300003,174.460007,172.815536,19661400.00
2024-06-10,174.970001,177.059998,172.759995,175.009995,173.559326,23726700.00
2024-06-11,176.220001,176.839996,173.770004,176.619995,175.155960,21540600.00
2024-06-12,178.250000,180.410004,176.110001,177.789993,176.316269,27864700.00
2024-06-13,176.110001,176.740005,174.880005,175.160004,173.708069,20913300.00
2024-06-14,174.220001,177.059998,174.149994,176.789993,175.324524,18063600.00
2024-06-17,175.460007,178.360001,174.809998,177.240005,175.770828,19618500.00
2024-06-18,177.139999,177.389999,174.100006,175.089996,173.638641,21869900.00
2024-06-20,175.369995,177.289993,174.990005,176.300003,174.838654,20160100.00
2024-06-21,177.000000,180.850006,176.610001,179.630005,178.141037,57759000.00
2024-06-24,180.160004,180.889999,178.669998,179.220001,177.734406,18298000.00
2024-06-25,179.619995,184.289993,179.419998,184.029999,182.504517,23130200.00
2024-06-26,182.630005,184.509995,182.479996,183.880005,182.355789,19839000.00
2024-06-27,184.179993,186.050003,184.020004,185.410004,183.873108,18848900.00
2024-06-28,184.320007,185.130005,181.960007,182.149994,180.640152,29156600.00
2024-07-01,183.029999,183.880005,181.300003,182.990005,181.473190,16006100.00
2024-07-02,182.050003,185.570007,181.559998,185.240005,183.704544,17372500.00
2024-07-03,184.850006,186.089996,184.000000,185.820007,184.279694,10242100.00
2024-07-05,185.860001,190.860001,185.800003,190.600006,189.020096,20967500.00
2024-07-08,189.899994,190.169998,187.779999,189.029999,187.463104,21035900.00
2024-07-09,190.309998,191.360001,188.720001,188.979996,187.413498,15121400.00
2024-07-10,189.149994,191.750000,189.029999,191.179993,189.595291,15952500.00
2024-07-11,189.850006,190.860001,185.080002,185.570007,184.031799,25625800.00
2024-07-12,185.080002,187.110001,184.490005,185.070007,183.535965,22898400.00
2024-07-15,184.919998,188.240005,184.919998,186.529999,184.983856,16474000.00
2024-07-16,187.360001,188.679993,183.369995,183.919998,182.395477,18290700.00
2024-07-17,182.970001,183.550003,179.899994,181.020004,179.519516,20734100.00
2024-07-18,181.929993,182.500000,176.470001,177.690002,176.217102,25315700.00
2024-07-19,178.880005,180.289993,177.130005,177.660004,176.187363,18881900.00
2024-07-22,180.589996,182.699997,180.229996,181.669998,180.164108,24100300.00
2024-07-23,182.050003,183.610001,181.539993,181.789993,180.283127,36352700.00
2024-07-24,173.600006,176.190002,171.820007,172.630005,171.199051,49585200.00
2024-07-25,172.520004,173.419998,167.190002,167.279999,165.893402,44852000.00
2024-07-26,167.149994,168.089996,164.059998,167.000000,165.615707,41336900.00
2024-07-29,168.830002,170.429993,167.990005,169.529999,168.124725,20293800.00
2024-07-30,170.240005,171.229996,168.440002,170.289993,168.878433,18959700.00
2024-07-31,173.240005,174.250000,170.009995,171.539993,170.118088,25729100.00
2024-08-01,170.250000,174.050003,168.880005,170.759995,169.344543,24531400.00
2024-08-02,166.440002,168.509995,164.669998,166.660004,165.278534,29130100.00
2024-08-05,155.500000,164.429993,154.929993,159.250000,157.929947,53630700.00
2024-08-06,159.330002,160.570007,156.410004,158.289993,156.977905,49004600.00
2024-08-07,161.250000,162.979996,158.470001,158.940002,157.622528,25138600.00
2024-08-08,160.509995,163.690002,160.210007,162.029999,160.686920,25578800.00
2024-08-09,160.009995,163.789993,159.059998,163.669998,162.313324,28602300.00
2024-08-12,164.350006,164.899994,161.839996,162.289993,160.944763,15895300.00
2024-08-13,163.410004,164.729996,162.970001,164.160004,162.799240,18551700.00
2024-08-14,162.399994,163.220001,157.710007,160.369995,159.040680,40591100.00
2024-08-15,160.500000,161.639999,159.610001,161.300003,159.962952,31524300.00
2024-08-16,161.470001,165.059998,161.130005,162.960007,161.609192,24208600.00
2024-08-19,165.279999,166.690002,164.259995,166.669998,165.288437,22416200.00
2024-08-20,166.899994,168.639999,166.820007,167.179993,165.794205,18341500.00
2024-08-21,165.149994,166.850006,164.669998,165.850006,164.475250,22902000.00
2024-08-22,167.259995,167.589996,163.309998,163.800003,162.442245,22493300.00
2024-08-23,164.720001,166.179993,163.830002,165.619995,164.247147,13955700.00
2024-08-26,166.380005,167.550003,164.460007,166.160004,164.782700,14190400.00
2024-08-27,165.839996,166.440002,164.460007,164.679993,163.314957,11821900.00
2024-08-28,165.039993,165.600006,161.529999,162.850006,161.500153,16407400.00
2024-08-29,164.309998,165.970001,160.250000,161.779999,160.438965,19699800.00
2024-08-30,162.619995,163.660004,161.690002,163.380005,162.025742,22123800.00
2024-09-03,161.720001,161.850006,156.479996,157.360001,156.055634,38945300.00
2024-09-04,156.660004,159.000000,155.960007,156.449997,155.153168,19353800.00
2024-09-05,156.300003,159.449997,155.979996,157.240005,155.936615,18688700.00
2024-09-06,157.300003,157.830002,150.550003,150.919998,149.668976,37912100.00
2024-09-09,152.509995,153.399994,147.220001,148.710007,147.673019,39260500.00
2024-09-10,150.449997,151.270004,148.339996,148.660004,147.623367,31118800.00
2024-09-11,149.919998,151.500000,147.520004,151.160004,150.105927,29607700.00
2024-09-12,153.800003,154.820007,152.649994,154.690002,153.611313,29621500.00
2024-09-13,155.429993,158.380005,155.210007,157.460007,156.362015,29591200.00
2024-09-16,157.309998,158.250000,156.600006,158.059998,156.957825,18379800.00
2024-09-17,159.020004,160.550003,158.380005,159.320007,158.209045,20715600.00
2024-09-18,159.860001,160.500000,158.600006,159.809998,158.695602,23677300.00
2024-09-19,163.710007,163.789993,161.339996,162.139999,161.009384,26587700.00
2024-09-20,163.500000,163.729996,162.059998,163.589996,162.449265,40896400.00
2024-09-23,164.350006,165.490005,161.669998,161.850006,160.721390,24150900.00
2024-09-24,163.029999,163.220001,160.690002,162.289993,161.158325,23332100.00
2024-09-25,161.470001,162.809998,161.300003,161.490005,160.363892,18869200.00
2024-09-26,163.639999,164.080002,162.279999,162.729996,161.595245,20319300.00
2024-09-27,162.809998,165.699997,162.630005,163.949997,162.806747,21101300.00
2024-09-30,163.320007,166.149994,163.259995,165.850006,164.693497,20413900.00
2024-10-01,167.690002,169.160004,164.580002,166.990005,165.825562,28338100.00
2024-10-02,166.419998,167.520004,164.729996,165.860001,164.703445,17760200.00
2024-10-03,164.410004,166.639999,163.919998,165.860001,164.703445,15073100.00
2024-10-04,168.059998,168.229996,165.479996,167.059998,165.895065,19047400.00
2024-10-07,167.720001,168.479996,162.750000,162.979996,161.843521,22463100.00
2024-10-08,163.940002,164.729996,162.869995,164.380005,163.233765,23072700.00
2024-10-09,163.449997,164.839996,159.740005,161.860001,160.731308,31181800.00
2024-10-10,160.869995,163.070007,160.399994,162.080002,160.949799,14144100.00
2024-10-11,162.130005,163.899994,161.240005,163.240005,162.101715,15344300.00
2024-10-14,163.639999,166.229996,163.399994,164.960007,163.809723,19016100.00
2024-10-15,165.789993,167.679993,164.630005,165.460007,164.306229,20247200.00
2024-10-16,164.529999,165.800003,163.740005,165.160004,164.008316,16406000.00
2024-10-17,165.729996,166.369995,162.759995,162.929993,161.793869,21453400.00
2024-10-18,163.190002,164.710007,163.080002,163.419998,162.280457,19757700.00
2024-10-21,162.949997,164.500000,162.619995,164.070007,162.925919,20946500.00
2024-10-22,162.979996,165.770004,162.979996,165.139999,163.988464,16568100.00
2024-10-23,164.759995,165.820007,161.929993,162.779999,161.644913,18280500.00
2024-10-24,162.830002,163.330002,161.009995,162.720001,161.585312,22412500.00
2024-10-25,163.669998,165.589996,163.419998,165.270004,164.117538,19828900.00
2024-10-28,168.750000,168.750000,163.949997,166.720001,165.557449,32138600.00
2024-10-29,167.729996,170.380005,167.089996,169.679993,168.496780,42169000.00
2024-10-30,180.679993,182.020004,174.059998,174.460007,173.243454,68890800.00
2024-10-31,173.130005,176.820007,171.000000,171.110001,169.916824,44769000.00
2024-11-01,170.070007,172.320007,168.880005,171.289993,170.095566,31796500.00
2024-11-04,169.929993,170.729996,168.009995,169.240005,168.059860,21492700.00
2024-11-05,169.429993,170.529999,168.839996,169.740005,168.556366,18242100.00
2024-11-06,173.800003,176.940002,173.500000,176.509995,175.279160,33695500.00
2024-11-07,177.410004,181.080002,177.190002,180.750000,179.489594,25352900.00
2024-11-08,180.649994,180.899994,178.080002,178.350006,177.106369,22006200.00
2024-11-11,178.580002,180.550003,178.470001,180.350006,179.092392,17450400.00
2024-11-12,179.820007,182.490005,179.389999,181.619995,180.353531,25134900.00
2024-11-13,180.460007,180.960007,178.539993,178.880005,177.632645,23184000.00
2024-11-14,178.279999,178.820007,174.320007,175.580002,174.355667,31007500.00
2024-11-15,173.729996,174.139999,171.220001,172.490005,171.287201,32504600.00
2024-11-18,173.419998,175.440002,172.899994,175.300003,174.077621,20135300.00
2024-11-19,173.720001,178.869995,173.559998,178.119995,176.877945,23434900.00
2024-11-20,177.339996,177.679993,173.779999,175.979996,174.752838,18997100.00
2024-11-21,173.899994,174.130005,163.699997,167.630005,166.461090,59734400.00
2024-11-22,165.850006,166.460007,163.899994,164.759995,163.611099,38604600.00
2024-11-25,166.089996,168.630005,165.610001,167.649994,166.480942,33135300.00
2024-11-26,167.630005,169.820007,167.580002,169.119995,167.940689,20486700.00
2024-11-27,169.000000,169.479996,168.020004,169.229996,168.049927,19266500.00
2024-11-29,168.500000,169.429993,167.160004,168.949997,167.771881,14257200.00
2024-12-02,168.770004,172.080002,168.570007,171.490005,170.294159,23789100.00
2024-12-03,171.490005,172.679993,170.850006,171.339996,170.145203,22248700.00
2024-12-04,171.149994,174.910004,171.059998,174.369995,173.154068,31615100.00
2024-12-05,175.360001,176.059998,172.330002,172.639999,171.436142,21356200.00
2024-12-06,172.029999,175.080002,171.860001,174.710007,173.491730,21462400.00
2024-12-09,173.960007,176.259995,173.649994,175.369995,174.346695,25389600.00
2024-12-10,182.850006,186.360001,181.050003,185.169998,184.089508,54813000.00
2024-12-11,185.309998,195.610001,184.850006,195.399994,194.259811,67894100.00
2024-12-12,195.000000,195.179993,191.710007,191.960007,190.839890,34817500.00
2024-12-13,191.009995,192.729996,189.639999,189.820007,188.712402,25143500.00
2024-12-16,192.869995,199.000000,192.619995,196.660004,195.512466,44934900.00
2024-12-17,197.250000,201.419998,194.979996,195.419998,194.279694,43504000.00
2024-12-18,195.220001,197.000000,187.740005,188.399994,187.300674,34166100.00
2024-12-19,191.630005,193.029999,188.380005,188.509995,187.410019,32265200.00
2024-12-20,185.779999,192.889999,185.220001,191.410004,190.293121,63462900.00
2024-12-23,192.619995,195.100006,190.149994,194.630005,193.494308,25675000.00
2024-12-24,194.839996,196.110001,193.779999,196.110001,194.965683,10403300.00
2024-12-26,195.149994,196.750000,194.380005,195.600006,194.458664,12046600.00
2024-12-27,194.949997,195.320007,190.649994,192.759995,191.635208,18891400.00
2024-12-30,189.800003,192.550003,189.119995,191.240005,190.124100,14264700.00
2024-12-31,191.080002,191.960007,188.509995,189.300003,188.195419,17466900.00
2025-01-02,190.649994,192.000000,187.500000,189.429993,188.324646,20370800.00
2025-01-03,191.369995,193.210007,189.979996,191.789993,190.670898,18596200.00
2025-01-06,193.979996,198.220001,193.850006,196.869995,195.721237,29563600.00
2025-01-07,197.110001,201.000000,194.600006,195.490005,194.349319,26487200.00
2025-01-08,192.570007,196.289993,192.380005,193.949997,192.818314,24864800.00
2025-01-10,194.300003,196.520004,190.309998,192.039993,190.919418,26665200.00
2025-01-13,190.070007,191.179993,187.360001,191.009995,189.895432,21823700.00
2025-01-14,191.240005,191.979996,188.309998,189.660004,188.553329,17174900.00
2025-01-15,193.089996,196.360001,191.860001,195.550003,194.408951,21776000.00
2025-01-16,194.139999,195.479996,192.809998,192.910004,191.784348,17815400.00
2025-01-17,196.529999,197.229996,193.750000,196.000000,194.856323,27735100.00
2025-01-21,199.070007,202.289993,197.869995,198.050003,196.894379,29971300.00
2025-01-22,199.059998,200.479996,197.529999,198.369995,197.212479,26200600.00
2025-01-23,198.139999,200.300003,195.199997,197.979996,196.824783,26951400.00
2025-01-24,198.100006,200.899994,198.000000,200.210007,199.041779,23877500.00
2025-01-27,192.410004,196.880005,190.729996,191.809998,190.690765,41728900.00
2025-01-28,192.750000,195.479996,190.679993,195.300003,194.160400,24157900.00
2025-01-29,195.559998,196.789993,193.429993,195.410004,194.269775,18218300.00
2025-01-30,198.000000,201.399994,197.669998,200.869995,199.697891,24354700.00
2025-01-31,202.000000,205.479996,201.800003,204.020004,202.829544,32001100.00
2025-02-03,200.690002,203.750000,200.100006,201.229996,200.055801,27838300.00
2025-02-04,203.389999,207.050003,202.809998,206.380005,205.175751,43856400.00
2025-02-05,191.070007,192.750000,188.029999,191.330002,190.213562,70373900.00
2025-02-06,189.500000,192.100006,188.720001,191.600006,190.482025,29297400.00
2025-02-07,191.050003,191.179993,183.240005,185.339996,184.258514,49315000.00
2025-02-10,187.350006,188.199997,185.860001,186.470001,185.381927,23105600.00
2025-02-11,185.029999,186.940002,184.279999,185.320007,184.238647,21239500.00
2025-02-12,183.220001,185.110001,181.830002,183.610001,182.538651,22072600.00
2025-02-13,184.320007,186.279999,183.139999,186.139999,185.053848,21402500.00
2025-02-14,185.059998,186.399994,184.320007,185.229996,184.149155,20448400.00
2025-02-18,185.600006,185.960007,181.740005,183.770004,182.697678,29916700.00
2025-02-19,184.070007,185.460007,183.589996,185.270004,184.188934,19549400.00
2025-02-20,184.800003,185.309998,182.720001,184.559998,183.483063,20441500.00
2025-02-21,185.149994,185.339996,179.080002,179.660004,178.611664,35199200.00
2025-02-24,181.990005,183.119995,178.889999,179.250000,178.204056,29854200.00
2025-02-25,178.039993,178.740005,174.690002,175.419998,174.396408,41913400.00
2025-02-26,175.070007,176.080002,171.580002,172.729996,171.722092,35431300.00
2025-02-27,173.990005,174.559998,167.940002,168.500000,167.516785,39991000.00
2025-02-28,168.679993,170.610001,166.770004,170.279999,169.286392,48130600.00
2025-03-03,171.929993,173.369995,165.929993,167.009995,166.035492,40770500.00
2025-03-04,166.240005,173.289993,165.800003,170.919998,169.922668,45388000.00
2025-03-05,170.520004,173.779999,169.059998,173.020004,172.010406,30954900.00
2025-03-06,170.529999,174.809998,170.500000,172.350006,171.344330,28302000.00
2025-03-07,171.259995,174.970001,170.270004,173.860001,172.845520,27385800.00
2025-03-10,168.259995,168.460007,163.690002,165.869995,165.092056,43604000.00
2025-03-11,164.910004,166.750000,161.369995,164.039993,163.270645,39587400.00
2025-03-12,166.580002,167.639999,163.529999,167.110001,166.326233,28372400.00
2025-03-13,166.039993,166.130005,162.110001,162.759995,161.996613,31756200.00
2025-03-14,163.270004,166.490005,162.449997,165.490005,164.713821,31995900.00
2025-03-17,165.029999,166.300003,163.669998,164.289993,163.519455,31184300.00
2025-03-18,163.679993,164.250000,156.720001,160.669998,159.916443,42074800.00
2025-03-19,161.759995,165.869995,161.000000,163.889999,163.121338,34275600.00
2025-03-20,161.570007,164.889999,160.960007,162.800003,162.036453,28138500.00
2025-03-21,161.210007,164.240005,160.889999,163.990005,163.220886,36625800.00
2025-03-24,167.070007,168.320007,165.139999,167.679993,166.893555,30879100.00
2025-03-25,168.979996,170.630005,168.320007,170.559998,169.760056,24174400.00
2025-03-26,169.000000,169.610001,164.839996,165.059998,164.285858,28901600.00
2025-03-27,164.630005,165.419998,162.000000,162.240005,161.479080,24508300.00
2025-03-28,160.490005,161.820007,153.630005,154.330002,153.606186,48669300.00
2025-03-31,153.110001,155.539993,150.660004,154.639999,153.914719,54603500.00
2025-04-01,153.619995,158.100006,153.619995,157.070007,156.333344,30672900.00
2025-04-02,155.149994,158.410004,154.699997,157.039993,156.303452,25041700.00
2025-04-03,151.110001,152.779999,150.389999,150.720001,150.013107,46883400.00
2025-04-04,148.009995,151.070007,145.380005,145.600006,144.917130,62259500.00
2025-04-07,141.550003,152.850006,140.529999,146.750000,146.061722,76794100.00
2025-04-08,151.220001,152.240005,143.029999,144.699997,144.021347,52200200.00
2025-04-09,144.419998,159.550003,143.910004,158.710007,157.965652,70406200.00
2025-04-10,156.539993,157.720001,149.929993,152.820007,152.103271,48022000.00
2025-04-11,152.899994,157.669998,152.820007,157.139999,156.403000,33636200.00
2025-04-14,160.000000,161.720001,157.559998,159.070007,158.323944,30333000.00
2025-04-15,159.130005,159.649994,155.210007,156.309998,155.576889,27551500.00
2025-04-16,153.100006,155.889999,151.509995,153.330002,152.610855,28187400.00
2025-04-17,154.289993,154.679993,148.500000,151.160004,150.451050,33046600.00
2025-04-21,148.880005,148.949997,146.100006,147.669998,146.977417,26049100.00
2025-04-22,148.889999,152.190002,148.539993,151.470001,150.759598,26971800.00
2025-04-23,155.610001,157.529999,153.809998,155.350006,154.621399,31128800.00
2025-04-24,156.149994,159.589996,155.789993,159.279999,158.532974,45894000.00
2025-04-25,165.070007,166.100006,161.039993,161.960007,161.200378,56034000.00
2025-04-28,162.429993,163.149994,158.600006,160.610001,159.856705,29745800.00
2025-04-29,160.320007,160.740005,157.520004,160.160004,159.408829,26809000.00
2025-04-30,157.979996,159.270004,155.399994,158.800003,158.055222,34981100.00
2025-05-01,160.449997,161.949997,158.910004,161.300003,160.543503,30203200.00
2025-05-02,163.410004,164.970001,161.869995,164.029999,163.260666,25715000.00
2025-05-05,163.000000,165.389999,162.720001,164.210007,163.439835,21341800.00
2025-05-06,162.169998,164.800003,161.190002,163.229996,162.464432,21277200.00
2025-05-07,164.080002,165.000000,147.839996,151.380005,150.670013,127490100.00
2025-05-08,155.000000,155.929993,152.899994,154.279999,153.556427,57498700.00
2025-05-09,154.169998,155.050003,152.199997,152.750000,152.033600,32435300.00
2025-05-12,157.490005,159.100006,156.250000,158.460007,157.716812,44138800.00
2025-05-13,158.789993,160.570007,156.160004,159.529999,158.781784,42382100.00
2025-05-14,159.960007,167.000000,159.610001,165.369995,164.594391,48755900.00
2025-05-15,165.839996,166.210007,162.369995,163.960007,163.191010,33146700.00
2025-05-16,167.729996,169.350006,165.619995,166.190002,165.410538,42846900.00
2025-05-19,164.509995,166.639999,164.220001,166.539993,165.758896,30426100.00
2025-05-20,166.429993,168.500000,162.899994,163.979996,163.210892,46607700.00
2025-05-21,163.690002,173.139999,163.559998,168.559998,167.769455,73416000.00
2025-05-22,171.850006,176.770004,170.710007,170.869995,170.068604,74864400.00
2025-05-23,169.059998,169.960007,167.889999,168.470001,167.679871,35211400.00
2025-05-27,170.160004,173.169998,170.000000,172.899994,172.089081,37995700.00
2025-05-28,173.160004,175.270004,171.910004,172.360001,171.551605,34784000.00
2025-05-29,174.000000,174.419998,170.630005,171.860001,171.053955,29317300.00
2025-05-30,171.350006,172.210007,167.440002,171.740005,170.934525,52639900.00
2025-06-02,167.839996,169.869995,167.389999,169.029999,168.237213,38612300.00
2025-06-03,167.490005,168.479996,165.279999,166.179993,165.400604,45084900.00
2025-06-04,166.740005,168.220001,166.360001,168.050003,167.261841,26900800.00
2025-06-05,170.339996,170.929993,167.589996,168.210007,167.421066,36379100.00
2025-06-06,170.830002,174.500000,170.830002,173.679993,172.865417,35731800.00
2025-06-09,174.539993,176.470001,174.369995,176.089996,175.476288,28935900.00
2025-06-10,176.199997,181.110001,174.910004,178.600006,177.977554,61766100.00
2025-06-11,179.770004,180.369995,176.750000,177.350006,176.731888,31646800.00
2025-06-12,176.179993,176.720001,174.750000,175.699997,175.087646,20941900.00
2025-06-13,172.440002,177.130005,172.389999,174.669998,174.061249,27663100.00
2025-06-16,174.729996,176.940002,174.649994,176.770004,176.153931,27389200.00
2025-06-17,175.699997,177.360001,174.580002,175.949997,175.336777,24973000.00
2025-06-18,176.009995,176.559998,173.199997,173.320007,172.715958,28707500.00
2025-06-20,173.949997,174.339996,165.460007,166.639999,166.059235,75659900.00
2025-06-23,166.270004,167.339996,162.000000,165.190002,164.614273,57671000.00
2025-06-24,166.919998,168.220001,166.130005,166.770004,166.188797,40524300.00
2025-06-25,167.630005,172.360001,167.550003,170.679993,170.085144,35479000.00
2025-06-26,172.429993,173.690002,169.940002,173.539993,172.935181,31796700.00
2025-06-27,173.539993,178.679993,171.729996,178.529999,177.907791,108140200.00
2025-06-30,180.779999,181.229996,174.580002,176.229996,175.615799,63378900.00
2025-07-01,175.740005,176.089996,173.529999,175.839996,175.227158,35904500.00
2025-07-02,175.539993,178.860001,175.070007,178.639999,178.017410,29128900.00
2025-07-03,178.500000,179.669998,177.050003,179.529999,178.904312,21689700.00
2025-07-07,179.059998,179.300003,175.679993,176.789993,176.173843,34175600.00
2025-07-08,177.850006,177.949997,172.809998,174.360001,173.752319,40442500.00
2025-07-09,175.250000,179.440002,172.770004,176.619995,176.004456,43025600.00
2025-07-10,175.630005,178.429993,174.380005,177.619995,177.000961,29252400.00
2025-07-11,176.789993,181.429993,176.479996,180.190002,179.561996,34282900.00
2025-07-14,181.009995,183.669998,179.679993,181.559998,180.927216,32536600.00
2025-07-15,182.809998,184.220001,181.600006,182.000000,181.365692,33448300.00
2025-07-16,183.240005,184.330002,182.029999,182.970001,182.332321,33104200.00
2025-07-17,182.139999,184.059998,180.479996,183.580002,182.940186,31992600.00
2025-07-18,185.399994,186.419998,183.710007,185.059998,184.415039,34014500.00
2025-07-21,186.250000,190.289993,186.149994,190.100006,189.437469,45803100.00
2025-07-22,191.500000,191.649994,187.460007,191.339996,190.673157,44660200.00
2025-07-23,191.500000,192.529999,189.179993,190.229996,189.567017,58681900.00
2025-07-24,197.029999,197.949997,191.000000,192.169998,191.500229,74881700.00
2025-07-25,191.979996,194.330002,191.259995,193.179993,192.506729,39785900.00
2025-07-28,193.649994,194.050003,190.839996,192.580002,191.908829,38139500.00
2025-07-29,192.429993,195.919998,192.080002,195.750000,195.067780,41389200.00
2025-07-30,195.600006,197.600006,194.690002,196.529999,195.845062,32445400.00
2025-07-31,195.710007,195.990005,191.089996,191.899994,191.231186,51329200.00
2025-08-01,189.029999,190.830002,187.820007,189.130005,188.470871,34832200.00
2025-08-04,190.289993,195.270004,190.119995,195.039993,194.360245,31547400.00
2025-08-05,194.710007,197.860001,193.889999,194.669998,193.991531,31602300.00
2025-08-06,194.500000,196.630005,193.669998,196.089996,195.406601,21562900.00
2025-08-07,197.059998,197.539993,194.330002,196.520004,195.835098,26321800.00
2025-08-08,197.220001,202.610001,197.169998,201.419998,200.718002,39161800.00
2025-08-11,200.940002,201.479996,199.070007,201.000000,200.299469,25832400.00
2025-08-12,201.369995,204.500000,200.589996,203.339996,202.631317,30397900.00
2025-08-13,204.130005,204.529999,197.509995,201.960007,201.256134,28342900.00
2025-08-14,201.500000,204.440002,201.229996,202.940002,202.232727,25230400.00
2025-08-15,203.850006,206.440002,201.279999,203.899994,203.189362,34931400.00
2025-08-18,204.199997,205.270004,202.490005,203.500000,202.790756,18526600.00
2025-08-19,203.029999,203.440002,199.960007,201.570007,200.867508,24240200.00
2025-08-20,200.729996,201.279999,196.600006,199.320007,198.625336,28955500.00
2025-08-21,199.750000,202.479996,199.429993,199.750000,199.053833,19774600.00
2025-08-22,202.729996,208.539993,201.300003,206.089996,205.371719,42827000.00
2025-08-25,206.429993,210.520004,205.279999,208.490005,207.763382,29928900.00
2025-08-26,207.509995,207.850006,205.699997,207.139999,206.418076,28464100.00
2025-08-27,205.699997,208.910004,205.649994,207.479996,206.756882,23022900.00
2025-08-28,207.250000,212.220001,206.899994,211.639999,210.902390,32339300.00
2025-08-29,210.509995,214.649994,210.199997,212.910004,212.167969,39728400.00
2025-09-02,208.440002,211.679993,206.199997,211.350006,210.613419,47523000.00
2025-09-03,226.210007,231.309998,224.789993,230.660004,229.856110,103336100.00
2025-09-04,229.649994,232.369995,226.110001,232.300003,231.490387,51684200.00
2025-09-05,232.199997,235.759995,231.899994,235.000000,234.180984,46588900.00
2025-09-08,235.470001,238.130005,233.669998,234.039993,233.432922,32474700.00
2025-09-09,234.169998,240.470001,233.229996,239.630005,239.008423,38061000.00
2025-09-10,238.899994,241.660004,237.850006,239.169998,238.549606,35141100.00
2025-09-11,239.880005,242.250000,236.250000,240.369995,239.746506,30599300.00
2025-09-12,240.369995,242.080002,238.000000,240.800003,240.175385,26771600.00
2025-09-15,244.660004,252.410004,244.660004,251.610001,250.957336,58383800.00
2025-09-16,252.080002,253.039993,249.470001,251.160004,250.508514,34109700.00
2025-09-17,251.220001,251.600006,246.279999,249.529999,248.882736,34108000.00
2025-09-18,251.679993,253.990005,249.800003,252.029999,251.376266,31239500.00
2025-09-19,253.250000,256.000000,251.809998,254.720001,254.059296,55571400.00
2025-09-22,254.429993,255.779999,250.300003,252.529999,251.874969,32290500.00
2025-09-23,253.039993,254.360001,250.479996,251.660004,251.007217,26628000.00
2025-09-24,251.660004,252.350006,246.440002,247.139999,246.498947,28201000.00
2025-09-25,244.399994,246.490005,240.740005,245.789993,245.152420,31020400.00
2025-09-26,247.070007,249.419998,245.970001,246.539993,245.900497,18503200.00
2025-09-29,247.850006,251.149994,242.770004,244.050003,243.416946,32505800.00
2025-09-30,242.809998,243.289993,239.250000,243.100006,242.469437,34724300.00
2025-10-01,240.750000,246.300003,238.610001,244.899994,244.264740,31658200.00
2025-10-02,245.149994,246.809998,242.300003,245.690002,245.052704,25483300.00
2025-10-03,244.490005,246.300003,241.660004,245.350006,244.713593,30249600.00
2025-10-06,244.779999,251.320007,244.580002,250.429993,249.780396,28894700.00
2025-10-07,248.270004,250.440002,245.520004,245.759995,245.122513,23181300.00
2025-10-08,244.960007,246.009995,243.820007,244.619995,243.985474,21307100.00
2025-10-09,244.470001,244.759995,239.149994,241.529999,240.903488,27892100.00
2025-10-10,241.429993,244.089996,235.839996,236.570007,235.956360,33180300.00
2025-10-13,240.210007,244.500000,239.710007,244.149994,243.516708,24995000.00
2025-10-14,241.229996,247.119995,240.509995,245.449997,244.813324,22111600.00
2025-10-15,247.250000,252.110001,245.990005,251.029999,250.378860,27007700.00
2025-10-16,251.770004,256.959991,250.100006,251.460007,250.807739,27997200.00
2025-10-17,250.759995,254.220001,247.809998,253.300003,252.642960,29671600.00
2025-10-20,254.690002,257.329987,254.229996,256.549988,255.884537,22350200.00
2025-10-21,254.740005,254.880005,244.149994,250.460007,249.810333,47312100.00
2025-10-22,254.369995,256.359985,249.289993,251.690002,251.037140,35029400.00
2025-10-23,252.979996,255.039993,251.850006,253.080002,252.423538,19901400.00
2025-10-24,256.579987,261.679993,255.320007,259.920013,259.245850,28655100.00
2025-10-27,264.820007,270.140015,264.279999,269.269989,268.571503,35235200.00
2025-10-28,269.690002,270.730011,266.500000,267.470001,266.776215,29738600.00
2025-10-29,267.750000,275.339996,267.670013,274.570007,273.857819,43580300.00
2025-10-30,291.589996,291.589996,280.059998,281.480011,280.749908,74876000.00
2025-10-31,283.209991,286.000000,277.029999,281.190002,280.460632,39267900.00
2025-11-03,282.179993,285.529999,279.799988,283.720001,282.984070,29786000.00
2025-11-04,276.750000,281.269989,276.260010,277.540009,276.820129,30078400.00
2025-11-05,278.869995,286.420013,277.339996,284.309998,283.572510,31010300.00
2025-11-06,285.329987,288.350006,281.140015,284.750000,284.011414,37173600.00
2025-11-07,283.209991,283.779999,275.190002,278.829987,278.106689,34479600.00
2025-11-10,284.420013,290.799988,282.859985,290.100006,289.347504,29557300.00
2025-11-11,287.750000,291.920013,287.320007,291.309998,290.554352,19842100.00
2025-11-12,291.679993,292.010010,283.690002,286.709991,285.966278,24829900.00
2025-11-13,282.339996,282.839996,277.239990,278.570007,277.847412,29494000.00
2025-11-14,271.410004,278.559998,270.700012,276.410004,275.693024,31647200.00
2025-11-17,285.779999,293.950012,283.570007,285.019989,284.280640,52670200.00
2025-11-18,287.920013,288.799988,278.200012,284.279999,283.542603,49158700.00
2025-11-19,287.160004,303.809998,286.630005,292.809998,292.050476,68198900.00
2025-11-20,304.540009,306.420013,288.670013,289.450012,288.699188,62025200.00
2025-11-21,296.420013,303.920013,293.850006,299.660004,298.882690,74137700.00
2025-11-24,311.130005,319.480011,309.600006,318.579987,317.753601,85165100.00
2025-11-25,326.209991,328.829987,317.649994,323.440002,322.601013,88632100.00
2025-11-26,320.679993,324.500000,316.790009,319.950012,319.120117,51373400.00
2025-11-28,323.369995,326.850006,316.790009,320.179993,319.349487,26018600.00
2025-12-01,317.700012,319.850006,313.890015,314.890015,314.073212,41183000.00
2025-12-02,316.739990,318.380005,313.910004,315.809998,314.990814,35854700.00
2025-12-03,315.890015,321.579987,314.100006,319.630005,318.800903,41838300.00
2025-12-04,322.230011,322.359985,314.700012,317.619995,316.796143,31240900.00
2025-12-05,319.489990,323.160004,319.170013,321.269989,320.436615,28851700.00
2025-12-08,320.049988,320.440002,311.220001,313.720001,313.110931,33909400.00
2025-12-09,312.369995,317.989990,311.899994,317.079987,316.464386,30194000.00
2025-12-10,315.829987,321.309998,314.679993,320.209991,319.588318,33428900.00
2025-12-11,320.079987,321.119995,308.600006,312.429993,311.823395,42353700.00
2025-12-12,313.700012,314.869995,305.559998,309.290009,308.689514,35940200.00
2025-12-15,311.320007,311.420013,304.880005,308.220001,307.621582,29151900.00
2025-12-16,304.950012,310.769989,302.589996,306.570007,305.974792,30585000.00
2025-12-17,308.010010,308.089996,296.119995,296.720001,296.143921,43930400.00
2025-12-18,301.720001,303.959991,299.230011,302.459991,301.872772,33518000.00
2025-12-19,301.730011,307.250000,300.970001,307.160004,306.563660,59943200.00
2025-12-22,309.880005,310.130005,305.299988,309.779999,309.178558,26429900.00
2025-12-23,309.630005,314.940002,309.320007,314.350006,313.739685,25478700.00
2025-12-24,314.769989,315.079987,311.920013,314.089996,313.480194,10097400.00
2025-12-26,314.480011,315.089996,312.279999,313.510010,312.901337,10899000.00
2025-12-29,311.369995,314.019989,310.619995,313.559998,312.951233,19621800.00
2025-12-30,312.500000,316.950012,312.459991,313.850006,313.240662,17380900.00
2025-12-31,312.850006,314.579987,311.440002,313.000000,312.392303,16377700.00
2026-01-02,316.899994,322.500000,310.329987,315.149994,314.538147,32009400.00
2026-01-05,317.660004,319.019989,314.630005,316.540009,315.925476,30195600.00
2026-01-06,316.399994,320.940002,311.779999,314.339996,313.729706,31212100.00
2026-01-07,314.359985,326.149994,314.190002,321.980011,321.354889,35104400.00
2026-01-08,328.970001,330.320007,321.500000,325.440002,324.808167,31896100.00
2026-01-09,327.089996,330.829987,325.799988,328.570007,327.932098,26214200.00
2026-01-12,325.799988,334.040009,325.000000,331.859985,331.215668,33923900.00
2026-01-13,334.950012,340.489990,333.619995,335.970001,335.317719,33517600.00
2026-01-14,335.059998,336.519989,330.480011,335.839996,335.187958,28525600.00
2026-01-15,337.649994,337.690002,330.739990,332.779999,332.133881,28442400.00
2026-01-16,334.410004,334.649994,327.700012,330.000000,329.359314,40341600.00
2026-01-20,320.869995,327.730011,320.429993,322.000000,321.374847,35361000.00
2026-01-21,320.920013,332.480011,319.350006,328.380005,327.742462,35386600.00
2026-01-22,334.450012,335.149994,328.750000,330.540009,329.898285,26253600.00
2026-01-23,332.489990,333.690002,327.450012,327.929993,327.293304,27280000.00
2026-01-26,327.809998,335.839996,327.000000,333.260010,332.612976,26042100.00
2026-01-27,335.369995,337.910004,333.480011,334.549988,333.900452,21636200.00
2026-01-28,336.059998,337.540009,331.940002,336.010010,335.357666,27434400.00
2026-01-29,340.299988,342.290009,326.540009,338.250000,337.593262,39785600.00
2026-01-30,340.000000,340.000000,332.290009,338.000000,337.343781,31024000.00
2026-02-02,336.220001,344.829987,335.630005,343.690002,343.022736,32006100.00
2026-02-03,347.339996,349.000000,337.470001,339.709991,339.050446,36506700.00
2026-02-04,342.959991,343.309998,328.519989,333.040009,332.393402,70618400.00
2026-02-05,312.220001,332.690002,306.459991,331.250000,330.606873,88205800.00
2026-02-06,327.179993,330.380005,319.920013,322.859985,322.233154,56380500.00
2026-02-09,320.929993,327.700012,317.260010,324.320007,323.690338,39640100.00
2026-02-10,320.970001,321.670013,314.609985,318.579987,317.961456,39170000.00
2026-02-11,318.970001,321.059998,309.660004,310.959991,310.356262,45406400.00
2026-02-12,312.089996,316.239990,307.200012,309.000000,308.400055,47761300.00
2026-02-13,307.730011,308.630005,303.709991,305.720001,305.126434,38499700.00
2026-02-17,300.040009,304.440002,296.250000,302.019989,301.433594,39247600.00
2026-02-18,302.089996,305.380005,301.250000,303.329987,302.741089,28482100.00
2026-02-19,301.820007,305.470001,300.040009,302.850006,302.262024,25834400.00
2026-02-20,304.320007,316.500000,303.899994,314.980011,314.368469,53210800.00
2026-02-23,319.049988,319.519989,309.869995,311.489990,310.885223,31423000.00
2026-02-24,310.519989,312.269989,305.929993,310.899994,310.296387,25615600.00
2026-02-25,312.059998,313.640015,309.440002,312.899994,312.292480,29963600.00
2026-02-26,312.640015,313.140015,302.350006,307.380005,306.783234,36431200.00
2026-02-27,304.140015,312.369995,303.799988,311.760010,311.154724,44640600.00
2026-03-02,303.230011,308.489990,301.299988,306.519989,305.924896,34790200.00
2026-03-03,298.589996,303.940002,296.709991,303.579987,302.990570,35497000.00
2026-03-04,302.890015,305.470001,300.750000,303.130005,302.541504,29536200.00
2026-03-05,303.040009,303.299988,297.989990,300.880005,300.295837,35752300.00
2026-03-06,296.089996,300.529999,295.179993,298.519989,297.940430,25576900.00
2026-03-09,294.359985,306.799988,294.079987,306.359985,305.980408,29312100.00
2026-03-10,306.170013,309.510010,305.570007,307.040009,306.659607,23239700.00
2026-03-11,306.750000,311.420013,305.920013,308.700012,308.317566,24125700.00
2026-03-12,306.820007,308.940002,301.029999,303.549988,303.173889,24928300.00
2026-03-13,307.010010,307.690002,300.440002,302.279999,301.905487,23693100.00
2026-03-16,304.350006,306.489990,303.019989,305.559998,305.181427,23519700.00
2026-03-17,305.859985,311.420013,305.500000,310.920013,310.534790,21955200.00
2026-03-18,309.269989,312.470001,306.929993,307.690002,307.308777,20009800.00
2026-03-19,304.010010,308.059998,302.350006,307.130005,306.749481,25075800.00
2026-03-20,305.459991,306.000000,298.269989,301.000000,300.627075,44364100.00
2026-03-23,302.109985,305.980011,300.929993,302.059998,301.685791,29326900.00
2026-03-24,299.200012,299.920013,290.329987,290.440002,290.080170,36864300.00
2026-03-25,293.440002,296.000000,289.239990,290.929993,290.569550,29460700.00
2026-03-26,287.910004,287.950012,278.500000,280.920013,280.571960,39080600.00
2026-03-27,277.279999,279.369995,273.950012,274.339996,274.000122,35890600.00
2026-03-30,276.420013,277.089996,272.109985,273.500000,273.161163,35141200.00
2026-03-31,278.040009,288.079987,277.089996,287.559998,287.203735,43875400.00
2026-04-01,290.839996,300.519989,290.410004,297.390015,297.021576,37684500.00
2026-04-02,290.690002,298.079987,289.450012,295.769989,295.403564,21666500.00
2026-04-06,295.869995,300.619995,295.179993,299.989990,299.618317,16945500.00
2026-04-07,302.730011,305.630005,297.720001,305.459991,305.081543,23205400.00
2026-04-08,320.450012,322.079987,315.019989,317.320007,316.926880,33547100.00
2026-04-09,315.910004,319.540009,311.059998,318.489990,318.095398,23739200.00
2026-04-10,320.019989,321.829987,316.320007,317.239990,316.846954,19152600.00
2026-04-13,317.140015,321.630005,315.470001,321.309998,320.911926,18866400.00
2026-04-14,324.790009,333.290009,323.750000,332.910004,332.497559,27721400.00
2026-04-15,332.890015,337.480011,330.899994,337.119995,336.702332,24918800.00
2026-04-16,338.750000,339.880005,334.519989,336.019989,335.603668,20541500.00
2026-04-17,337.649994,342.320007,336.239990,341.679993,341.256683,25581900.00
2026-04-20,340.760010,341.399994,336.609985,337.420013,337.001984,18784200.00
2026-04-21,337.690002,339.339996,331.350006,332.290009,331.878326,23123800.00
2026-04-22,337.019989,339.820007,335.170013,339.320007,338.899628,20293000.00
2026-04-23,341.179993,341.959991,336.179993,338.890015,338.470154,18650300.00
2026-04-24,338.730011,345.269989,335.390015,344.399994,343.973297,26426100.00
2026-04-27,345.980011,353.179993,342.730011,350.339996,349.905945,28576900.00
2026-04-28,348.549988,352.420013,346.119995,349.779999,349.346649,27824100.00
2026-04-29,347.570007,355.790009,344.209991,349.940002,349.506470,35376300.00
2026-04-30,374.070007,385.839996,365.820007,384.799988,384.323242,72040000.00
2026-05-01,381.630005,386.760010,379.049988,385.690002,385.212189,30105200.00
2026-05-04,385.630005,387.380005,379.790009,383.250000,382.775177,26298600.00
2026-05-05,386.230011,392.820007,384.019989,388.429993,387.948761,23878600.00
2026-05-06,394.250000,399.850006,392.760010,398.040009,397.546875,31308500.00
2026-05-07,399.920013,400.100006,392.679993,397.989990,397.496918,24433500.00
2026-05-08,397.000000,402.000000,396.359985,400.799988,400.303436,21461800.00
2026-05-11,393.649994,397.440002,388.470001,388.640015,388.158508,30753700.00
2026-05-12,387.339996,388.519989,382.769989,387.350006,386.870117,26017500.00
2026-05-13,385.600006,403.700012,385.000000,402.619995,402.121185,28144600.00
2026-05-14,397.279999,402.929993,395.839996,401.070007,400.573120,21136700.00
2026-05-15,396.320007,399.540009,393.179993,396.779999,396.288422,20309700.00
2026-05-18,395.690002,408.609985,394.529999,396.940002,396.448242,26837200.00
2026-05-19,396.959991,397.149994,386.109985,387.660004,387.179718,39545700.00
2026-05-20,387.700012,393.859985,382.899994,388.910004,388.428192,31744400.00
2026-05-21,385.700012,392.500000,383.019989,387.660004,387.179718,24852800.00
2026-05-22,387.350006,388.739990,381.769989,382.970001,382.495544,20442100.00
2026-05-26,384.510010,389.260010,382.600006,388.880005,388.398193,27747400.00
2026-05-27,386.670013,393.880005,385.899994,388.829987,388.348236,23087300.00
2026-05-28,388.000000,391.869995,385.160004,390.130005,389.646667,24357500.00
2026-05-29,385.239990,385.239990,378.459991,380.339996,379.868774,44415800.00
2026-06-01,376.519989,378.559998,373.519989,376.369995,375.903717,28672100.00
2026-06-02,366.589996,373.540009,358.440002,361.850006,361.401703,50412300.00
2026-06-03,362.029999,366.450012,358.079987,358.989990,358.545227,55441600.00
2026-06-04,358.899994,373.250000,358.209991,372.190002,371.728912,44055500.00
2026-06-05,366.339996,372.079987,364.119995,368.529999,368.073425,37471200.00
2026-06-08,365.179993,366.200012,360.529999,363.309998,363.076630,27942500.00
2026-06-09,367.089996,372.079987,357.299988,364.260010,364.026031,29535100.00
2026-06-10,363.190002,368.559998,355.200012,356.380005,356.151093,32357100.00
2026-06-11,355.929993,358.799988,346.359985,357.769989,357.540161,35538200.00
2026-06-12,362.619995,366.570007,354.940002,359.679993,359.448944,24704600.00
2026-06-15,367.929993,372.989990,366.549988,369.350006,369.112762,27727500.00
2026-06-16,369.600006,376.000000,367.059998,373.250000,373.010254,24876100.00
2026-06-17,369.130005,372.329987,362.019989,363.790009,363.556335,24543600.00
2026-06-18,365.750000,369.480011,358.670013,368.029999,367.793579,44470100.00
2026-06-22,357.950012,358.920013,341.720001,349.679993,349.455383,52814800.00
2026-06-23,340.690002,349.290009,340.200012,346.130005,345.907654,34007700.00
2026-06-24,349.040009,353.480011,341.929993,345.290009,345.068207,44997300.00
2026-06-25,336.730011,345.570007,335.839996,343.709991,343.489197,44491400.00
2026-06-26,342.549988,346.359985,330.200012,337.390015,337.173279,114706300.00
2026-06-29,341.829987,354.350006,340.670013,353.649994,353.422821,34213900.00
2026-06-30,353.869995,358.619995,350.399994,357.369995,357.140442,35237200.00
2026-07-01,358.369995,362.970001,356.429993,361.209991,360.977966,26736400.00
2026-07-02,359.480011,364.209991,353.420013,359.910004,359.678802,25974800.00
2026-07-06,361.549988,367.929993,357.380005,366.459991,366.224579,26915800.00
2026-07-07,369.070007,373.160004,365.500000,367.029999,366.794220,24045600.00
2026-07-08,364.760010,367.839996,358.019989,361.920013,361.687531,22094800.00
2026-07-09,354.309998,359.649994,351.079987,358.890015,358.659485,24729100.00
2026-07-10,357.529999,357.820007,352.750000,357.179993,356.950562,18146100.00
2026-07-13,356.190002,358.130005,351.750000,352.510010,352.283569,15901700.00
2026-07-14,351.200012,360.160004,351.089996,359.510010,359.279083,18259400.00
2026-07-15,357.970001,373.649994,357.760010,370.920013,370.681763,28284600.00
2026-07-16,373.059998,375.269989,352.299988,354.459991,354.232300,41158500.00
2026-07-17,346.000000,348.519989,341.359985,346.769989,346.547241,29959300.00
2026-07-20,350.880005,359.679993,350.519989,351.989990,351.763885,24736600.00
2026-07-21,351.320007,351.320007,347.000000,347.149994,346.927002,23369800.00
2026-07-22,348.160004,349.940002,341.730011,342.089996,341.870239,39334100.00
2026-07-23,321.130005,324.489990,314.899994,317.690002,317.485931,69419700.00
2026-07-24,318.420013,324.179993,317.320007,319.739990,319.534607,31806600.00
2026-07-27,325.040009,330.420013,324.450012,326.559998,326.350220,28471600.00
2026-07-28,327.899994,335.880005,324.440002,333.709991,333.495636,29511900.00
2026-07-29,334.670013,342.500000,331.619995,336.709991,336.493713,27501600.00
2026-07-30,334.200012,336.510010,330.339996,333.660004,333.445679,30168000.00
2026-07-31,340.829987,358.579987,340.000000,356.130005,355.901245,46498000.00
2026-08-03,365.450012,376.690002,363.350006,373.510010,373.270081,38669700.00
2026-08-04,368.220001,380.519989,367.500000,377.649994,377.407410,35705700.00
2026-08-05,383.339996,384.480011,356.769989,362.429993,362.197174,46926300.00
2026-08-06,360.769989,364.130005,356.880005,357.750000,357.520203,25235900.00
2026-08-07,356.720001,358.899994,353.779999,354.299988,354.072388,19859900.00
2026-08-10,355.179993,357.609985,352.709991,357.519989,357.290344,18991400.00
2026-08-11,355.890015,356.809998,343.390015,343.799988,343.579132,29081800.00
2026-08-12,346.309998,346.480011,340.880005,343.540009,343.319336,25012000.00
2026-08-13,345.769989,347.929993,343.760010,346.359985,346.137512,17866100.00
2026-08-14,346.799988,350.450012,344.500000,345.899994,345.677795,17808600.00
2026-08-17,346.269989,347.250000,341.929993,344.000000,343.779022,18291300.00
2026-08-18,342.410004,344.869995,340.190002,344.200012,343.978912,19248800.00
2026-08-19,342.459991,346.730011,340.660004,344.720001,344.498566,19733800.00
2026-08-20,343.059998,343.899994,338.570007,340.670013,340.451172,18570400.00
2026-08-21,342.579987,346.200012,340.399994,344.820007,344.598511,20849800.00
2026-08-24,343.619995,351.600006,342.489990,348.059998,347.836426,26338200.00
2026-08-25,349.640015,350.160004,345.600006,346.959991,346.737122,20649700.00
2026-08-26,346.619995,346.880005,340.179993,342.000000,341.780304,20420300.00
2026-08-27,339.670013,341.690002,338.519989,340.649994,340.431183,23391400.00
2026-08-28,340.709991,349.140015,340.269989,346.589996,346.367371,25347200.00
2026-08-31,343.829987,344.589996,337.160004,339.350006,339.132019,33493600.00
2026-09-01,336.000000,337.200012,333.049988,335.019989,334.804779,23342700.00
2026-09-02,334.059998,340.000000,332.820007,337.119995,336.903442,22582300.00
2026-09-03,340.559998,344.679993,340.059998,342.480011,342.260010,20726900.00
2026-09-04,342.470001,343.529999,337.089996,338.459991,338.459991,23189300.00
2026-09-08,335.420013,339.679993,333.220001,338.359985,338.359985,22915800.00
2026-09-09,331.649994,331.850006,327.899994,330.649994,330.649994,33151600.00
2026-09-10,328.230011,333.230011,327.739990,332.600006,332.600006,23557600.00
2026-09-11,335.029999,342.980011,335.029999,338.500000,338.500000,24708300.00
2026-09-14,343.119995,349.910004,342.140015,349.390015,349.390015,35905400.00
2026-09-15,346.799988,348.070007,342.700012,344.980011,344.980011,21928600.00
2026-09-16,347.079987,348.399994,340.640015,342.869995,342.869995,18928900.00
2026-09-17,348.679993,349.500000,343.890015,347.329987,347.329987,19238400.00
2026-09-18,357.309998,359.440002,348.450012,349.540009,349.540009,47631800.00
2026-09-21,350.640015,357.609985,349.100006,354.970001,354.970001,30455400.00
2026-09-22,357.649994,364.170013,350.220001,351.160004,351.160004,29788600.00
2026-09-23,349.859985,350.000000,337.450012,337.829987,337.829987,35576200.00
2026-09-24,336.220001,343.089996,336.019989,342.359985,342.359985,23777200.00
2026-09-25,342.350006,347.029999,341.109985,343.920013,343.920013,21880800.00
2026-09-28,340.700012,343.589996,339.559998,342.750000,342.750000,19318300.00
2026-09-29,341.950012,342.839996,338.019989,340.920013,340.920013,21066900.00
2026-09-30,344.149994,352.600006,340.989990,344.079987,344.079987,37373700.00
2026-10-01,350.790009,353.220001,335.510010,338.239990,338.239990,33269300.00
2026-10-02,341.320007,345.769989,341.160004,343.500000,343.500000,23738200.00
