date,open,high,low,close,adjclose,volume
2009-01-02,60.130001,61.000000,59.040001,60.650002,36.088642,11638900.00
2009-01-05,60.419998,60.770000,59.360001,60.049999,35.731609,15540000.00
2009-01-06,60.330002,60.439999,58.900002,59.689999,35.517406,22097600.00
2009-01-07,59.240002,59.820000,58.750000,59.130001,35.184200,14293300.00
2009-01-08,59.660000,59.889999,58.630001,59.020000,35.118740,17345400.00
2009-01-09,59.139999,59.549999,58.549999,59.049999,35.136581,14698300.00
2009-01-12,59.080002,59.410000,58.150002,58.340000,34.714115,15253100.00
2009-01-13,58.599998,59.119999,58.380001,58.840000,35.011639,15513400.00
2009-01-14,58.549999,58.590000,57.380001,57.950001,34.482071,16707900.00
2009-01-15,58.090000,58.200001,56.009998,57.619999,34.285690,20383600.00
2009-01-16,58.070000,58.070000,56.630001,57.439999,34.178589,20746500.00
2009-01-20,56.509998,58.029999,56.500000,56.750000,33.768021,23153700.00
2009-01-21,57.590000,57.590000,55.090000,56.360001,33.535965,22306100.00
2009-01-22,56.369999,56.970001,55.610001,56.869999,33.839420,19146100.00
2009-01-23,56.150002,56.389999,55.099998,55.970001,33.303886,21334000.00
2009-01-26,56.200001,56.950001,55.799999,56.549999,33.649021,16347800.00
2009-01-27,56.849998,57.740002,56.509998,57.540001,34.238106,14771500.00
2009-01-28,58.230000,58.750000,57.900002,58.560001,34.845039,18096400.00
2009-01-29,58.169998,58.770000,57.650002,58.279999,34.678421,16159300.00
2009-01-30,58.180000,58.389999,57.250000,57.689999,34.327362,13858500.00
2009-02-02,57.250000,58.139999,56.919998,57.689999,34.327362,10933900.00
2009-02-03,58.070000,58.810001,57.230000,58.580002,34.856937,13181700.00
2009-02-04,58.709999,59.130001,57.669998,57.959999,34.488003,11429500.00
2009-02-05,57.930000,58.540001,56.990002,58.110001,34.577274,14781300.00
2009-02-06,58.259998,58.720001,57.799999,58.509998,34.815277,11458700.00
2009-02-09,58.459999,58.700001,57.959999,58.500000,34.809322,9357000.00
2009-02-10,57.980000,58.500000,56.599998,56.730000,33.756126,16612000.00
2009-02-11,56.880001,57.369999,56.529999,57.330002,34.113132,14692600.00
2009-02-12,56.919998,57.849998,56.080002,57.779999,34.380905,14424600.00
2009-02-13,57.709999,57.799999,56.810001,57.099998,33.976273,12563900.00
2009-02-17,56.070000,56.790001,55.730000,55.980000,33.309849,15246500.00
2009-02-18,55.700001,56.259998,55.419998,55.830002,33.220581,15517100.00
2009-02-19,56.259998,56.500000,55.630001,55.930000,33.280094,12199800.00
2009-02-20,55.009998,55.470001,54.549999,54.650002,32.788128,24427000.00
2009-02-23,54.169998,55.090000,53.580002,53.650002,32.188168,20500400.00
2009-02-24,54.599998,54.770000,53.840000,54.540001,32.722130,18848100.00
2009-02-25,54.320000,54.759998,53.590000,53.959999,32.374138,21016500.00
2009-02-26,54.490002,54.490002,52.299999,52.439999,31.462181,21284600.00
2009-02-27,51.590000,52.000000,49.939999,50.000000,29.998287,29873300.00
2009-03-02,49.029999,49.430000,47.840000,47.919998,28.750338,27902900.00
2009-03-03,47.980000,48.529999,47.340000,47.639999,28.582373,25987400.00
2009-03-04,47.779999,49.369999,47.389999,49.099998,29.458307,24253500.00
2009-03-05,48.310001,48.610001,47.410000,47.669998,28.600349,22344000.00
2009-03-06,47.599998,48.590000,47.009998,47.970001,28.780354,19202100.00
2009-03-09,47.459999,47.750000,46.250000,46.599998,27.958405,23304900.00
2009-03-10,47.230000,47.869999,46.930000,47.779999,28.666363,21883400.00
2009-03-11,48.220001,48.730000,47.570000,47.900002,28.738359,16569300.00
2009-03-12,47.720001,49.320000,47.330002,49.000000,29.398317,16337000.00
2009-03-13,49.680000,50.790001,49.250000,50.639999,30.382267,16509600.00
2009-03-16,51.130001,51.509998,50.650002,50.730000,30.436260,16547600.00
2009-03-17,50.700001,50.790001,49.459999,50.720001,30.430264,17325700.00
2009-03-18,50.689999,51.580002,50.250000,50.660000,30.394262,16730400.00
2009-03-19,51.160000,51.160000,49.490002,50.060001,30.034292,18963600.00
2009-03-20,51.090000,52.000000,50.889999,51.669998,31.000233,27591800.00
2009-03-23,52.380001,53.230000,51.669998,53.230000,31.936163,18822300.00
2009-03-24,52.990002,53.599998,52.310001,52.700001,31.618191,17093700.00
2009-03-25,52.980000,53.270000,52.009998,52.860001,31.714190,15822000.00
2009-03-26,53.080002,53.700001,52.250000,52.900002,31.738180,14574000.00
2009-03-27,52.689999,53.290001,52.549999,52.830002,31.696178,11293600.00
2009-03-30,52.540001,53.459999,52.360001,53.009998,31.804178,15743200.00
2009-03-31,53.360001,53.500000,52.410000,52.599998,31.558191,18517700.00
2009-04-01,52.299999,53.200001,51.880001,53.040001,31.822172,13730300.00
2009-04-02,53.290001,54.130001,52.660000,52.970001,31.780197,17418900.00
2009-04-03,53.000000,53.299999,51.750000,52.150002,31.288219,15213700.00
2009-04-06,52.029999,52.540001,51.669998,52.200001,31.318197,12768700.00
2009-04-07,51.889999,52.000000,51.279999,51.360001,30.814240,13130100.00
2009-04-08,51.540001,51.869999,51.200001,51.450001,30.868235,10935000.00
2009-04-09,51.990002,52.060001,51.099998,51.410000,30.844248,15056300.00
2009-04-13,51.270000,51.560001,51.000000,51.150002,30.688257,12067200.00
2009-04-14,51.990002,52.459999,51.209999,51.369999,30.820221,20768400.00
2009-04-15,51.790001,52.080002,51.349998,51.770000,31.060240,11502500.00
2009-04-16,51.910000,52.320000,51.549999,52.200001,31.318197,12216300.00
2009-04-17,52.500000,53.369999,52.250000,53.049999,31.828178,17691800.00
2009-04-20,53.169998,53.490002,52.340000,52.470001,31.480198,15308900.00
2009-04-21,52.549999,52.880001,52.000000,52.459999,31.474203,12236500.00
2009-04-22,52.099998,52.150002,51.110001,51.180000,30.706238,13348300.00
2009-04-23,51.380001,51.509998,50.310001,51.400002,30.838238,14595000.00
2009-04-24,51.759998,51.840000,50.639999,50.919998,30.550251,14767300.00
2009-04-27,51.320000,51.709999,50.630001,50.860001,30.514235,13055900.00
2009-04-28,50.779999,51.279999,50.410000,50.650002,30.388266,12084100.00
2009-04-29,51.049999,51.090000,50.119999,51.029999,30.616255,18496500.00
2009-04-30,51.470001,52.610001,51.349998,52.360001,31.414196,20004600.00
2009-05-01,52.529999,52.590000,51.669998,52.590000,31.552197,12504500.00
2009-05-04,52.610001,53.900002,52.599998,53.759998,32.254147,15114500.00
2009-05-05,53.750000,54.400002,53.450001,54.360001,32.614128,13320600.00
2009-05-06,54.750000,54.750000,53.580002,54.209999,32.524155,16616500.00
2009-05-07,53.880001,55.000000,53.540001,54.889999,32.932121,15243000.00
2009-05-08,55.070000,55.500000,54.700001,54.980000,32.986103,13030600.00
2009-05-11,54.560001,54.869999,54.000000,54.110001,32.464134,13073000.00
2009-05-12,54.480000,55.169998,53.900002,55.000000,32.998108,11826000.00
2009-05-13,54.700001,55.439999,54.509998,55.150002,33.088097,10972400.00
2009-05-14,55.320000,55.400002,54.759998,55.020000,33.010113,11986300.00
2009-05-15,55.000000,55.439999,54.709999,55.410000,33.244095,16430700.00
2009-05-18,55.799999,56.119999,55.220001,56.049999,33.628075,12879100.00
2009-05-19,56.209999,56.209999,55.700001,55.889999,33.532089,13350400.00
2009-05-20,56.220001,56.480000,55.799999,55.869999,33.520081,13729800.00
2009-05-21,55.430000,55.580002,54.450001,54.990002,33.284004,12492700.00
2009-05-22,55.099998,55.439999,54.630001,54.770000,33.150856,7425900.00
2009-05-26,54.689999,55.419998,54.119999,55.259998,33.447441,11389200.00
2009-05-27,55.439999,55.500000,54.160000,54.220001,32.817966,12480300.00
2009-05-28,54.250000,54.919998,53.860001,54.529999,33.005600,10890800.00
2009-05-29,54.590000,55.279999,54.000000,55.160000,33.386921,12505200.00
2009-06-01,55.750000,56.049999,55.270000,55.779999,33.762196,12454200.00
2009-06-02,56.049999,56.480000,55.619999,56.209999,34.022457,10277000.00
2009-06-03,55.880001,56.299999,55.660000,56.160000,33.992188,11191300.00
2009-06-04,56.360001,56.400002,55.470001,55.840000,33.798496,12219700.00
2009-06-05,55.810001,56.200001,55.139999,55.930000,33.852978,10215400.00
2009-06-08,55.720001,56.139999,55.160000,55.630001,33.671402,9891200.00
2009-06-09,56.029999,56.250000,55.650002,55.700001,33.713772,11173700.00
2009-06-10,56.020000,56.250000,55.220001,55.660000,33.689556,13263900.00
2009-06-11,55.650002,56.480000,55.610001,56.049999,33.925625,12778400.00
2009-06-12,55.880001,56.540001,55.720001,56.060001,33.931667,11882300.00
2009-06-15,55.840000,55.980000,54.540001,54.750000,33.138756,14810500.00
2009-06-16,55.009998,55.320000,54.590000,54.619999,33.060066,12606700.00
2009-06-17,54.680000,55.529999,54.549999,55.200001,33.411129,13061800.00
2009-06-18,55.369999,56.169998,55.009998,55.790001,33.768253,12103400.00
2009-06-19,56.299999,56.650002,55.910000,56.090000,33.949821,19334700.00
2009-06-22,55.869999,55.959999,55.380001,55.490002,33.586658,13237400.00
2009-06-23,55.540001,55.590000,54.910000,55.009998,33.296131,12447400.00
2009-06-24,55.259998,55.830002,55.040001,55.459999,33.568508,12467600.00
2009-06-25,55.310001,56.439999,55.119999,56.270000,34.058781,14239900.00
2009-06-26,56.209999,56.599998,55.650002,56.599998,34.258511,32295700.00
2009-06-29,56.610001,57.000000,56.029999,56.959999,34.476418,13811100.00
2009-06-30,57.230000,57.230000,56.230000,56.799999,34.379559,15974700.00
2009-07-01,56.820000,57.180000,56.389999,57.070000,34.542992,15318000.00
2009-07-02,56.730000,56.730000,55.950001,55.980000,33.883251,15118600.00
2009-07-06,56.110001,56.759998,55.709999,56.619999,34.270622,12879500.00
2009-07-07,56.610001,56.709999,56.130001,56.230000,34.034565,9678600.00
2009-07-08,56.450001,57.220001,56.230000,57.080002,34.549038,15414200.00
2009-07-09,57.099998,57.250000,56.290001,56.689999,34.312969,11324800.00
2009-07-10,56.340000,57.380001,56.250000,56.930000,34.458244,13661800.00
2009-07-13,56.910000,57.860001,56.770000,57.720001,34.936420,13564900.00
2009-07-14,58.000000,58.709999,57.439999,58.230000,35.245121,20433700.00
2009-07-15,58.459999,59.000000,58.220001,58.959999,35.686954,12986200.00
2009-07-16,58.939999,59.700001,58.820000,59.250000,35.862480,11596000.00
2009-07-17,59.560001,59.560001,58.740002,59.230000,35.850384,11311000.00
2009-07-20,59.459999,59.459999,58.740002,59.060001,35.747486,9226300.00
2009-07-21,59.330002,59.900002,58.820000,59.490002,36.007755,11222600.00
2009-07-22,59.450001,59.840000,58.950001,59.189999,35.826180,9358600.00
2009-07-23,59.259998,60.349998,59.099998,60.220001,36.449612,12494700.00
2009-07-24,60.259998,61.619999,60.220001,61.509998,37.230412,11413300.00
2009-07-27,61.490002,61.689999,60.619999,61.270000,37.085152,7937700.00
2009-07-28,61.029999,61.570000,60.599998,60.919998,36.873287,9025500.00
2009-07-29,60.740002,61.439999,60.689999,61.160000,37.018562,10522700.00
2009-07-30,61.660000,62.470001,61.520000,61.790001,37.399902,12636500.00
2009-07-31,61.830002,62.169998,60.779999,60.889999,36.855145,13230900.00
2009-08-03,61.160000,61.189999,60.430000,61.099998,36.982250,11178800.00
2009-08-04,61.150002,61.150002,60.669998,61.060001,36.958057,8906600.00
2009-08-05,61.189999,61.230000,60.290001,60.450001,36.588829,8575200.00
2009-08-06,60.669998,60.669998,59.700001,59.930000,36.274086,10835400.00
2009-08-07,59.959999,60.430000,59.849998,59.900002,36.255924,9974900.00
2009-08-10,60.080002,60.720001,59.549999,60.720001,36.752251,9519100.00
2009-08-11,60.680000,60.919998,60.150002,60.220001,36.449612,8302200.00
2009-08-12,60.259998,61.049999,60.029999,60.590000,36.673561,8219600.00
2009-08-13,60.689999,60.689999,60.049999,60.320000,36.510136,8338200.00
2009-08-14,60.419998,60.700001,59.639999,60.080002,36.364864,8961000.00
2009-08-17,59.599998,60.200001,59.590000,59.820000,36.207493,12926100.00
2009-08-18,59.950001,59.950001,59.500000,59.799999,36.195393,8803000.00
2009-08-19,59.770000,60.490002,59.680000,60.369999,36.540390,10498900.00
2009-08-20,60.549999,61.189999,60.180000,60.950001,36.891460,9955000.00
2009-08-21,61.090000,61.419998,60.610001,61.029999,37.239246,12594000.00
2009-08-24,61.180000,61.279999,60.689999,61.279999,37.391800,10500700.00
2009-08-25,61.020000,61.490002,60.849998,61.139999,37.306377,10808100.00
2009-08-26,61.259998,61.349998,60.509998,60.630001,36.995174,10865500.00
2009-08-27,60.570000,60.730000,59.950001,60.490002,36.909767,11027900.00
2009-08-28,60.750000,60.750000,60.060001,60.290001,36.787720,10897800.00
2009-08-31,60.040001,60.590000,59.959999,60.439999,36.879253,10181300.00
2009-09-01,60.349998,60.750000,59.619999,59.939999,36.574165,11890800.00
2009-09-02,59.669998,60.020000,59.470001,59.759998,36.464317,8587000.00
2009-09-03,59.840000,59.840000,59.279999,59.689999,36.421616,8722700.00
2009-09-04,59.720001,60.349998,59.630001,60.320000,36.806026,7425300.00
2009-09-08,60.770000,60.770000,59.990002,60.570000,36.958588,8792600.00
2009-09-09,60.779999,61.130001,60.660000,60.919998,37.172142,9303100.00
2009-09-10,61.040001,61.049999,60.419998,60.660000,37.013500,8825300.00
2009-09-11,60.700001,60.889999,60.230000,60.419998,36.867050,8480200.00
2009-09-14,60.340000,60.730000,60.209999,60.340000,36.818241,6654400.00
2009-09-15,60.529999,60.529999,59.810001,60.150002,36.702309,8321100.00
2009-09-16,60.310001,60.349998,59.740002,60.189999,36.726700,10831200.00
2009-09-17,60.200001,60.900002,60.169998,60.770000,37.080605,12261500.00
2009-09-18,61.040001,61.250000,60.709999,60.779999,37.086727,14463600.00
2009-09-21,60.450001,60.889999,60.419998,60.669998,37.019600,7237900.00
2009-09-22,60.869999,61.169998,60.349998,61.080002,37.269760,9997200.00
2009-09-23,61.160000,61.279999,60.700001,60.770000,37.080605,11175400.00
2009-09-24,60.889999,61.000000,60.590000,60.720001,37.050110,9290700.00
2009-09-25,60.570000,60.959999,60.490002,60.619999,36.989082,7883600.00
2009-09-28,60.700001,61.540001,60.450001,61.270000,37.385704,8721100.00
2009-09-29,61.279999,61.419998,60.880001,60.930000,37.178246,7556800.00
2009-09-30,61.020000,61.090000,60.330002,60.889999,37.153828,11039300.00
2009-10-01,60.930000,60.930000,59.770000,59.810001,36.494858,12207800.00
2009-10-02,59.820000,60.200001,59.419998,59.730000,36.446026,9125400.00
2009-10-05,59.799999,59.930000,59.439999,59.820000,36.500950,7113800.00
2009-10-06,60.080002,60.540001,59.340000,60.290001,36.787720,11766000.00
2009-10-07,60.169998,60.770000,59.959999,60.709999,37.043991,7271500.00
2009-10-08,61.070000,61.279999,60.880001,60.939999,37.184341,9221000.00
2009-10-09,60.810001,61.740002,60.810001,61.740002,37.672478,9247900.00
2009-10-12,61.889999,62.740002,61.869999,62.529999,38.154518,12697200.00
2009-10-13,60.919998,61.400002,60.630001,61.009998,37.227043,23501200.00
2009-10-14,61.209999,61.240002,60.139999,60.549999,36.946377,18951100.00
2009-10-15,60.430000,60.939999,60.290001,60.939999,37.184341,14076600.00
2009-10-16,60.570000,60.709999,60.250000,60.459999,36.891457,13911200.00
2009-10-19,60.610001,61.470001,60.419998,61.160000,37.318588,11443300.00
2009-10-20,61.310001,61.590000,60.509998,60.590000,36.970764,15725600.00
2009-10-21,60.599998,61.080002,60.279999,60.310001,36.799934,12529900.00
2009-10-22,60.150002,61.240002,60.040001,60.939999,37.184341,9926600.00
2009-10-23,60.860001,61.049999,60.119999,60.540001,36.940281,10743900.00
2009-10-26,60.689999,60.930000,59.959999,60.090000,36.665680,11809200.00
2009-10-27,60.299999,60.400002,59.939999,60.020000,36.622978,10269600.00
2009-10-28,60.020000,60.099998,59.500000,59.570000,36.348412,13837000.00
2009-10-29,59.820000,60.020000,59.509998,59.860001,36.525356,13954500.00
2009-10-30,59.709999,59.880001,58.779999,59.049999,36.031116,20966900.00
2009-11-02,59.150002,59.869999,58.910000,59.490002,36.299587,12297500.00
2009-11-03,60.040001,60.040001,58.799999,58.930000,35.957874,17177000.00
2009-11-04,59.130001,60.060001,58.970001,59.520000,36.317883,13928700.00
2009-11-05,59.810001,60.200001,59.680000,59.980000,36.598568,9190300.00
2009-11-06,59.939999,60.340000,59.570000,60.299999,36.793846,8518500.00
2009-11-09,60.419998,60.750000,60.290001,60.750000,37.068409,11773800.00
2009-11-10,60.740002,61.389999,60.599998,61.230000,37.361313,11776500.00
2009-11-11,60.900002,61.070000,60.650002,60.869999,37.141632,11179500.00
2009-11-12,60.639999,61.430000,60.619999,61.150002,37.312485,13683100.00
2009-11-13,61.090000,61.580002,61.040001,61.430000,37.483337,9950500.00
2009-11-16,61.450001,62.349998,61.410000,62.189999,37.947075,13767500.00
2009-11-17,61.959999,62.439999,61.790001,62.169998,37.934864,11421400.00
2009-11-18,62.070000,62.490002,61.950001,62.320000,38.026398,11522100.00
2009-11-19,62.240002,62.490002,61.639999,62.430000,38.093506,13298200.00
2009-11-20,61.820000,62.619999,61.720001,62.310001,38.321064,16300200.00
2009-11-23,62.490002,63.099998,62.419998,62.689999,38.554741,13868100.00
2009-11-24,62.930000,63.400002,62.650002,63.180000,38.856125,9681200.00
2009-11-25,63.380001,63.439999,62.930000,63.299999,38.929913,7186700.00
2009-11-27,62.520000,63.090000,62.009998,62.889999,38.677761,6081200.00
2009-11-30,62.779999,62.980000,62.240002,62.840000,38.647015,10815400.00
2009-12-01,62.950001,63.660000,62.950001,63.509998,39.059067,12302300.00
2009-12-02,63.509998,64.239998,63.439999,63.880001,39.286621,10896100.00
2009-12-03,64.050003,64.730003,63.869999,64.160004,39.458836,12520100.00
2009-12-04,64.739998,65.279999,64.160004,64.360001,39.581821,14992400.00
2009-12-07,64.480003,64.760002,64.190002,64.370003,39.587986,9106500.00
2009-12-08,64.500000,64.639999,63.930000,64.250000,39.514179,11073800.00
2009-12-09,64.400002,64.400002,64.029999,64.379997,39.594124,8911600.00
2009-12-10,64.650002,65.000000,64.389999,64.769997,39.833977,8841900.00
2009-12-11,64.739998,65.160004,64.720001,64.849998,39.883167,7194100.00
2009-12-14,65.199997,65.410004,64.849998,64.959999,39.950829,8172500.00
2009-12-15,64.730003,64.800003,64.449997,64.739998,39.815525,10717800.00
2009-12-16,64.949997,65.080002,64.750000,64.800003,39.852440,13333300.00
2009-12-17,64.440002,64.779999,64.209999,64.470001,39.649475,10088900.00
2009-12-18,64.750000,64.750000,63.910000,64.370003,39.587986,22171000.00
2009-12-21,64.639999,65.000000,64.230003,64.330002,39.563370,11125400.00
2009-12-22,64.309998,64.809998,64.309998,64.529999,39.686390,7124600.00
2009-12-23,64.540001,64.839996,64.540001,64.570000,39.710972,6360400.00
2009-12-24,64.690002,64.839996,64.519997,64.699997,39.790939,2433900.00
2009-12-28,64.900002,64.989998,64.769997,64.940002,39.938530,5693500.00
2009-12-29,65.089996,65.400002,64.919998,64.940002,39.938530,6661900.00
2009-12-30,64.779999,65.029999,64.529999,64.910004,39.920067,5602100.00
2009-12-31,65.120003,65.120003,64.330002,64.410004,39.612583,6962300.00
2010-01-04,64.709999,64.989998,64.410004,64.680000,39.778622,9506200.00
2010-01-05,64.580002,64.620003,63.820000,63.930000,39.317375,10673100.00
2010-01-06,63.900002,64.540001,63.830002,64.449997,39.637177,13171500.00
2010-01-07,64.250000,64.349998,63.740002,63.990002,39.354279,10901600.00
2010-01-08,63.919998,64.260002,63.630001,64.209999,39.489574,7898000.00
2010-01-11,64.750000,64.750000,64.010002,64.220001,39.495743,7975700.00
2010-01-12,64.129997,64.720001,64.019997,64.559998,39.704834,10820700.00
2010-01-13,64.540001,65.230003,64.540001,64.970001,39.956974,13023800.00
2010-01-14,65.199997,65.269997,64.750000,65.099998,40.036938,7899000.00
2010-01-15,65.139999,65.199997,63.980000,64.559998,39.704834,20995000.00
2010-01-19,64.139999,65.750000,64.110001,65.349998,40.190685,15181800.00
2010-01-20,65.470001,65.949997,64.470001,65.150002,40.067673,13033000.00
2010-01-21,65.070000,65.470001,63.799999,63.970001,39.341969,14473900.00
2010-01-22,63.910000,64.190002,63.090000,63.200001,38.868427,14017200.00
2010-01-25,63.669998,63.700001,63.049999,63.220001,38.880726,10001700.00
2010-01-26,62.639999,63.009998,62.220001,62.790001,38.616264,15630300.00
2010-01-27,62.779999,63.720001,62.700001,63.439999,39.016006,14982400.00
2010-01-28,63.570000,64.070000,63.040001,63.799999,39.237427,17096000.00
2010-01-29,63.950001,64.269997,62.820000,62.860001,38.659317,17844400.00
2010-02-01,63.259998,63.259998,62.770000,63.090000,38.800770,10153400.00
2010-02-02,63.200001,64.199997,62.630001,63.990002,39.354279,13609300.00
2010-02-03,63.869999,63.869999,63.290001,63.630001,39.132874,9255900.00
2010-02-04,63.490002,63.619999,62.619999,62.639999,38.524021,18397000.00
2010-02-05,62.689999,63.599998,61.889999,62.639999,38.524021,16775200.00
2010-02-08,62.500000,62.980000,62.259998,62.369999,38.357964,10081200.00
2010-02-09,62.549999,63.470001,62.470001,62.759998,38.597816,11356400.00
2010-02-10,62.790001,63.070000,62.209999,62.730000,38.579357,10115800.00
2010-02-11,62.619999,63.209999,62.259998,62.910000,38.690071,8353600.00
2010-02-12,62.610001,63.000000,62.110001,62.720001,38.573212,12335800.00
2010-02-16,63.250000,63.709999,62.820000,63.610001,39.120583,10212400.00
2010-02-17,63.630001,64.360001,63.610001,63.980000,39.348133,9485500.00
2010-02-18,63.980000,64.699997,63.950001,64.529999,39.686390,8260600.00
2010-02-19,64.150002,64.459999,63.619999,63.810001,39.543839,14222300.00
2010-02-22,63.810001,64.099998,63.389999,63.490002,39.345539,9839700.00
2010-02-23,63.560001,63.849998,63.230000,63.310001,39.233986,12481400.00
2010-02-24,63.549999,63.849998,63.250000,63.450001,39.320744,8519300.00
2010-02-25,62.790001,63.349998,62.520000,63.279999,39.215393,10528900.00
2010-02-26,63.459999,63.590000,63.000000,63.000000,39.041878,9357800.00
2010-03-01,63.270000,63.459999,63.169998,63.389999,39.283566,9219400.00
2010-03-02,63.310001,63.639999,63.020000,63.439999,39.314545,9014000.00
2010-03-03,63.590000,63.750000,63.220001,63.400002,39.289761,9360400.00
2010-03-04,63.529999,63.700001,63.369999,63.570000,39.395123,8067200.00
2010-03-05,63.660000,64.070000,63.549999,64.040001,39.686390,10633600.00
2010-03-08,64.080002,64.410004,64.019997,64.199997,39.785538,33380500.00
2010-03-09,64.550003,64.550003,64.089996,64.269997,39.828911,8827100.00
2010-03-10,64.489998,64.559998,64.150002,64.290001,39.841305,8436600.00
2010-03-11,64.150002,64.220001,63.599998,64.220001,39.797939,9957800.00
2010-03-12,64.260002,64.260002,63.849998,64.180000,39.773132,8223000.00
2010-03-15,64.139999,64.570000,64.070000,64.570000,40.014812,7444700.00
2010-03-16,64.699997,64.720001,64.230003,64.529999,39.990044,8882000.00
2010-03-17,64.720001,64.739998,64.480003,64.650002,40.064404,8060700.00
2010-03-18,64.580002,65.150002,64.370003,65.059998,40.318481,11742100.00
2010-03-19,65.110001,65.489998,64.809998,65.110001,40.349461,23117600.00
2010-03-22,65.070000,65.440002,64.980003,65.099998,40.343285,8803800.00
2010-03-23,65.180000,65.389999,64.870003,65.360001,40.504395,9453900.00
2010-03-24,65.309998,65.309998,64.750000,64.750000,40.126362,9312500.00
2010-03-25,65.040001,65.250000,64.529999,64.570000,40.014812,10496600.00
2010-03-26,64.680000,64.720001,64.330002,64.379997,39.897068,9450400.00
2010-03-29,64.459999,64.930000,64.400002,64.820000,40.169762,7812900.00
2010-03-30,64.949997,64.980003,64.559998,64.900002,40.219334,8311600.00
2010-03-31,64.839996,65.309998,64.699997,65.199997,40.405235,11939100.00
2010-04-01,65.370003,65.769997,65.239998,65.769997,40.758476,10600600.00
2010-04-05,65.769997,65.889999,65.379997,65.400002,40.529179,8617600.00
2010-04-06,65.129997,65.449997,65.000000,65.309998,40.473408,8260100.00
2010-04-07,65.239998,65.489998,65.080002,65.220001,40.417652,9409400.00
2010-04-08,65.190002,65.190002,64.769997,64.930000,40.237915,8962600.00
2010-04-09,64.879997,65.169998,64.779999,65.139999,40.368065,6972700.00
2010-04-12,65.110001,65.209999,64.930000,65.110001,40.349461,8692200.00
2010-04-13,65.059998,65.849998,64.910004,65.680000,40.702709,12481600.00
2010-04-14,65.430000,65.599998,65.180000,65.489998,40.584953,10501900.00
2010-04-15,65.290001,65.540001,65.129997,65.510002,40.597366,8656900.00
2010-04-16,65.339996,65.650002,64.889999,65.019997,40.293713,15742500.00
2010-04-19,65.059998,66.099998,65.059998,66.029999,40.919609,14626300.00
2010-04-20,66.029999,66.199997,65.730003,65.989998,40.894806,11916400.00
2010-04-21,65.980003,65.980003,65.070000,65.389999,40.522984,13355700.00
2010-04-22,65.180000,65.239998,64.330002,64.779999,40.144970,19583000.00
2010-04-23,64.709999,65.040001,64.330002,65.040001,40.306091,11674900.00
2010-04-26,64.989998,65.199997,64.720001,64.760002,40.132565,9281500.00
2010-04-27,64.570000,64.879997,64.209999,64.279999,39.835110,11862200.00
2010-04-28,64.430000,64.860001,64.250000,64.620003,40.045815,12476600.00
2010-04-29,64.849998,65.339996,64.849998,65.010002,40.287495,7930100.00
2010-04-30,65.129997,65.339996,64.300003,64.300003,39.847500,14255900.00
2010-05-03,65.160004,65.620003,64.540001,65.330002,40.485802,15310500.00
2010-05-04,65.070000,65.279999,64.410004,64.699997,40.095406,14895700.00
2010-05-05,64.580002,65.290001,64.440002,65.139999,40.368065,13143700.00
2010-05-06,65.040001,65.099998,60.029999,63.400002,39.289761,24410000.00
2010-05-07,63.259998,63.599998,62.090000,63.310001,39.233986,20467100.00
2010-05-10,64.910004,65.360001,64.000000,64.750000,40.126362,18445400.00
2010-05-11,64.230003,65.089996,64.180000,64.669998,40.076790,10879000.00
2010-05-12,64.849998,65.050003,64.489998,64.900002,40.219334,11036800.00
2010-05-13,64.839996,65.160004,64.510002,64.669998,40.076790,12337000.00
2010-05-14,64.709999,64.790001,63.410000,63.970001,39.642986,12505100.00
2010-05-17,64.059998,64.239998,63.200001,63.880001,39.587223,10260800.00
2010-05-18,63.439999,63.560001,62.849998,62.970001,39.023277,18480900.00
2010-05-19,62.689999,62.959999,62.049999,62.220001,38.558506,18863200.00
2010-05-20,61.820000,61.840000,60.549999,60.549999,37.523575,24098700.00
2010-05-21,59.779999,60.959999,59.509998,60.880001,37.728077,21813000.00
2010-05-24,60.619999,61.450001,60.209999,60.570000,37.535984,13993300.00
2010-05-25,59.709999,60.410000,59.150002,60.349998,37.399643,21179000.00
2010-05-26,60.830002,60.830002,59.650002,59.660000,36.972027,18914100.00
2010-05-27,59.740002,59.889999,58.709999,59.029999,36.915749,29926600.00
2010-05-28,58.720001,59.119999,58.189999,58.299999,36.459232,26815900.00
2010-06-01,58.209999,59.410000,57.549999,58.759998,36.746918,19508400.00
2010-06-02,59.070000,59.730000,58.689999,59.730000,37.353516,15581800.00
2010-06-03,59.889999,60.150002,59.549999,59.770000,37.378532,14254200.00
2010-06-04,58.959999,59.029999,57.759998,58.009998,36.277878,21785400.00
2010-06-07,58.169998,58.549999,58.000000,58.000000,36.271622,13843300.00
2010-06-08,58.150002,58.709999,57.869999,58.639999,36.671852,14941500.00
2010-06-09,58.799999,58.939999,57.939999,58.169998,36.377926,13173000.00
2010-06-10,58.720001,59.130001,58.349998,58.500000,36.584293,16995200.00
2010-06-11,58.169998,58.480000,57.939999,58.459999,36.559288,14713000.00
2010-06-14,58.700001,59.099998,58.380001,58.419998,36.534275,10524000.00
2010-06-15,58.930000,59.160000,58.549999,59.139999,36.984547,11103200.00
2010-06-16,59.250000,59.580002,58.779999,59.240002,37.047070,8636300.00
2010-06-17,59.279999,59.439999,58.650002,59.180000,37.009567,11723100.00
2010-06-18,59.180000,59.290001,58.849998,59.180000,37.009567,16838200.00
2010-06-21,59.500000,59.799999,58.919998,59.130001,36.978291,12143600.00
2010-06-22,59.250000,60.090000,59.119999,59.160000,36.997055,13823800.00
2010-06-23,59.160000,59.419998,58.709999,59.240002,37.047070,12659500.00
2010-06-24,59.029999,59.939999,59.029999,59.599998,37.272202,18216100.00
2010-06-25,59.860001,59.869999,58.630001,58.700001,36.709381,45006900.00
2010-06-28,59.009998,59.790001,58.810001,59.450001,37.178417,15834300.00
2010-06-29,58.980000,59.419998,58.680000,59.240002,37.047070,20236500.00
2010-06-30,59.040001,59.610001,58.939999,59.060001,36.934517,15802100.00
2010-07-01,59.070000,59.250000,58.650002,59.070000,36.940773,17973500.00
2010-07-02,59.419998,59.590000,58.849998,59.080002,36.947033,10534400.00
2010-07-06,59.500000,59.599998,58.669998,59.080002,36.947033,15461100.00
2010-07-07,59.330002,60.700001,59.040001,60.610001,37.903858,17280000.00
2010-07-08,60.930000,61.730000,60.639999,61.380001,38.385376,15895900.00
2010-07-09,60.970001,61.070000,60.380001,60.540001,37.860077,12174000.00
2010-07-12,60.480000,60.540001,60.060001,60.209999,37.653679,10797200.00
2010-07-13,60.590000,60.959999,60.439999,60.500000,37.835052,10924500.00
2010-07-14,60.160000,60.680000,60.049999,60.619999,37.910091,9668500.00
2010-07-15,60.619999,60.750000,59.900002,60.259998,37.684967,12839300.00
2010-07-16,60.000000,60.189999,59.250000,59.439999,37.172169,17569900.00
2010-07-19,59.720001,59.790001,59.369999,59.570000,37.253475,10277500.00
2010-07-20,58.450001,58.770000,58.000000,58.580002,36.634342,22304800.00
2010-07-21,58.799999,58.799999,56.869999,57.119999,35.721294,25707600.00
2010-07-22,57.430000,57.619999,56.860001,57.020000,35.658756,17972900.00
2010-07-23,57.279999,57.639999,57.000000,57.630001,36.040237,15076600.00
2010-07-26,57.650002,58.009998,57.480000,57.740002,36.109028,11775200.00
2010-07-27,57.950001,58.439999,57.619999,58.099998,36.334156,16964000.00
2010-07-28,58.139999,58.250000,57.650002,57.830002,36.165295,13502100.00
2010-07-29,58.099998,58.270000,57.709999,57.830002,36.165295,13031000.00
2010-07-30,57.630001,58.360001,57.270000,58.090000,36.327896,12978000.00
2010-08-02,58.500000,58.880001,58.410000,58.720001,36.721901,11455600.00
2010-08-03,58.750000,59.599998,58.709999,59.349998,37.115887,10855100.00
2010-08-04,59.369999,59.930000,59.230000,59.740002,37.359764,10508800.00
2010-08-05,59.529999,59.889999,59.509998,59.759998,37.372269,9796700.00
2010-08-06,59.520000,60.000000,59.250000,59.959999,37.497349,8524100.00
2010-08-09,60.000000,60.250000,59.790001,60.049999,37.553638,6674700.00
2010-08-10,59.410000,59.810001,58.900002,59.430000,37.165894,13550800.00
2010-08-11,58.919998,58.950001,58.299999,58.500000,36.584293,11470100.00
2010-08-12,58.150002,58.709999,58.099998,58.520000,36.596825,8240500.00
2010-08-13,58.490002,58.490002,58.060001,58.150002,36.365425,8546700.00
2010-08-16,57.990002,58.110001,57.470001,58.009998,36.277878,8751200.00
2010-08-17,58.930000,59.480000,58.500000,59.220001,37.034573,13479100.00
2010-08-18,59.459999,59.820000,59.029999,59.349998,37.115887,10534900.00
2010-08-19,59.169998,59.180000,58.400002,58.720001,36.721901,11949700.00
2010-08-20,58.700001,58.910000,58.490002,58.740002,36.734386,11286200.00
2010-08-23,58.980000,59.349998,58.810001,58.869999,36.815693,8842900.00
2010-08-24,58.500000,58.689999,57.860001,58.009998,36.277878,14930400.00
2010-08-25,58.000000,58.200001,57.840000,57.980000,36.259117,11675000.00
2010-08-26,58.200001,58.220001,57.779999,57.799999,36.146542,12834100.00
2010-08-27,57.450001,57.880001,56.990002,57.599998,36.361176,11674800.00
2010-08-30,57.599998,57.799999,57.259998,57.299999,36.171772,9240100.00
2010-08-31,57.250000,57.439999,57.000000,57.020000,35.995037,14563100.00
2010-09-01,57.669998,58.360001,57.439999,58.290001,36.796745,11603700.00
2010-09-02,58.520000,58.790001,58.299999,58.610001,36.998772,8079700.00
2010-09-03,58.849998,59.000000,58.500000,58.930000,37.200764,7533400.00
2010-09-07,58.799999,58.970001,58.630001,58.700001,37.055569,5625100.00
2010-09-08,58.419998,59.029999,58.419998,58.849998,37.150265,8412500.00
2010-09-09,59.389999,60.029999,59.259998,59.820000,37.762604,14077700.00
2010-09-10,59.939999,60.000000,59.770000,59.980000,37.863598,8358800.00
2010-09-13,60.060001,60.380001,59.919998,60.320000,38.078228,10706600.00
2010-09-14,60.430000,60.970001,60.250000,60.580002,38.242371,9912900.00
2010-09-15,60.669998,61.150002,60.500000,61.049999,38.539062,9111500.00
2010-09-16,60.820000,61.389999,60.759998,61.290001,38.690567,10496300.00
2010-09-17,61.590000,61.720001,61.130001,61.570000,38.867329,12240600.00
2010-09-20,61.650002,62.230000,61.509998,62.090000,39.195576,10991500.00
2010-09-21,61.860001,62.230000,61.799999,61.939999,39.100895,9449200.00
2010-09-22,61.980000,62.500000,61.900002,61.970001,39.119820,9353300.00
2010-09-23,61.630001,62.000000,61.570000,61.810001,39.018829,8393800.00
2010-09-24,61.980000,62.400002,61.830002,62.139999,39.227142,12636900.00
2010-09-27,62.220001,62.320000,61.930000,62.029999,39.157703,7687600.00
2010-09-28,61.959999,62.599998,61.689999,62.430000,39.410221,12132800.00
2010-09-29,62.310001,62.549999,62.130001,62.310001,39.334473,9590000.00
2010-09-30,62.490002,62.700001,61.549999,61.959999,39.113510,12845600.00
2010-10-01,62.090000,62.250000,61.570000,61.750000,38.980949,9773200.00
2010-10-04,61.540001,61.980000,61.299999,61.669998,38.930443,8703600.00
2010-10-05,62.080002,62.939999,62.009998,62.799999,39.643776,12439400.00
2010-10-06,62.889999,63.259998,62.500000,63.209999,39.902615,11339800.00
2010-10-07,63.290001,63.500000,63.000000,63.220001,39.908909,9826600.00
2010-10-08,63.380001,63.389999,63.029999,63.230000,39.915234,7354800.00
2010-10-11,63.259998,63.310001,63.040001,63.299999,39.959423,6172100.00
2010-10-12,63.130001,63.439999,62.970001,63.290001,39.953110,8707400.00
2010-10-13,63.430000,63.790001,63.290001,63.580002,40.136173,10104700.00
2010-10-14,63.790001,63.799999,63.389999,63.740002,40.237186,8632700.00
2010-10-15,63.980000,64.000000,63.139999,63.570000,40.129860,13265100.00
2010-10-18,63.689999,63.980000,63.250000,63.860001,40.312923,10814100.00
2010-10-19,62.889999,63.669998,62.500000,63.290001,39.953110,17235400.00
2010-10-20,63.320000,64.029999,63.060001,63.599998,40.148796,10206800.00
2010-10-21,63.860001,64.220001,63.520000,63.990002,40.394993,11111700.00
2010-10-22,64.080002,64.120003,63.639999,63.810001,40.281357,6774800.00
2010-10-25,64.040001,64.230003,63.849998,63.980000,40.388683,7794700.00
2010-10-26,63.849998,63.950001,63.610001,63.840000,40.300293,7122900.00
2010-10-27,63.580002,63.689999,63.279999,63.570000,40.129860,11916100.00
2010-10-28,63.939999,64.110001,63.509998,63.560001,40.123554,10116000.00
2010-10-29,63.639999,63.840000,63.320000,63.740002,40.237186,9309900.00
2010-11-01,63.880001,64.089996,63.310001,63.689999,40.205605,9356000.00
2010-11-02,63.939999,64.199997,63.720001,63.880001,40.325546,8632100.00
2010-11-03,63.990002,64.199997,63.549999,64.190002,40.521255,9322100.00
2010-11-04,64.320000,64.919998,64.239998,64.760002,40.881077,11337400.00
2010-11-05,64.750000,64.839996,64.099998,64.650002,40.811634,9276500.00
2010-11-08,64.559998,64.610001,64.099998,64.330002,40.609631,8484400.00
2010-11-09,64.470001,64.500000,64.099998,64.309998,40.596985,9218500.00
2010-11-10,64.239998,64.339996,63.549999,63.950001,40.369747,10795400.00
2010-11-11,63.700001,63.950001,63.580002,63.919998,40.350811,9109500.00
2010-11-12,63.689999,64.089996,63.509998,63.669998,40.192986,12944800.00
2010-11-15,64.110001,64.690002,63.980000,64.139999,40.489685,12729400.00
2010-11-16,63.650002,63.950001,62.650002,63.139999,39.858406,15651000.00
2010-11-17,63.130001,63.290001,62.919998,63.060001,39.807907,7416900.00
2010-11-18,63.470001,64.000000,63.299999,63.830002,40.293999,9400100.00
2010-11-19,63.889999,64.220001,63.650002,63.830002,40.293999,12889800.00
2010-11-22,63.500000,63.820000,63.090000,63.619999,40.161423,11179200.00
2010-11-23,62.990002,63.250000,62.650002,62.869999,39.687969,14766500.00
2010-11-24,63.029999,63.490002,62.930000,63.290001,39.953110,9591400.00
2010-11-26,62.500000,62.570000,62.139999,62.299999,39.666595,4638800.00
2010-11-29,61.810001,62.009998,61.389999,61.910000,39.418282,12019300.00
2010-11-30,61.480000,61.820000,61.250000,61.549999,39.189060,12633500.00
2010-12-01,62.180000,62.480000,61.820000,62.419998,39.743004,15364700.00
2010-12-02,62.389999,62.880001,62.270000,62.599998,39.857597,10160400.00
2010-12-03,62.509998,62.770000,62.230000,62.560001,39.832134,9882800.00
2010-12-06,62.310001,62.480000,62.200001,62.200001,39.602913,8989000.00
2010-12-07,62.560001,62.740002,62.250000,62.310001,39.672966,9528800.00
2010-12-08,62.220001,62.560001,62.139999,62.450001,39.762093,7871900.00
2010-12-09,62.430000,62.959999,61.750000,62.060001,39.513775,12965600.00
2010-12-10,62.189999,62.330002,61.689999,61.910000,39.418282,11457300.00
2010-12-13,61.830002,61.970001,61.560001,61.860001,39.386444,13672100.00
2010-12-14,62.029999,62.939999,61.889999,62.770000,39.965843,13491200.00
2010-12-15,62.930000,63.160000,62.439999,62.570000,39.838497,11534100.00
2010-12-16,62.750000,62.790001,62.040001,62.400002,39.730263,11141100.00
2010-12-17,62.250000,62.540001,61.980000,62.540001,39.819401,15961000.00
2010-12-20,62.540001,62.650002,62.230000,62.490002,39.787548,8907000.00
2010-12-21,62.790001,62.799999,62.279999,62.340000,39.692066,7908200.00
2010-12-22,62.330002,62.400002,61.919998,62.020000,39.488319,8850100.00
2010-12-23,62.020000,62.459999,62.020000,62.250000,39.634754,7229500.00
2010-12-27,62.189999,62.240002,61.820000,61.930000,39.431004,5163700.00
2010-12-28,62.060001,62.299999,61.900002,62.049999,39.507420,6354200.00
2010-12-29,62.119999,62.439999,62.110001,62.130001,39.558353,4968700.00
2010-12-30,62.099998,62.189999,61.900002,61.939999,39.437382,5770100.00
2010-12-31,61.900002,62.090000,61.750000,61.849998,39.380070,4981400.00
2011-01-03,62.630001,63.180000,62.529999,62.820000,39.997673,14894800.00
2011-01-04,63.130001,63.349998,62.750000,63.349998,40.335125,12346300.00
2011-01-05,63.410000,63.540001,62.950001,63.310001,40.309658,11837900.00
2011-01-06,63.430000,63.529999,62.900002,63.209999,40.245998,7606000.00
2011-01-07,63.200001,63.250000,62.560001,62.599998,39.857597,11084800.00
2011-01-10,62.290001,62.400002,62.000000,62.160000,39.577454,9775000.00
2011-01-11,62.220001,62.349998,62.000000,62.270000,39.647495,7372800.00
2011-01-12,62.450001,62.880001,62.320000,62.500000,39.793941,8312700.00
2011-01-13,62.560001,62.980000,62.349998,62.910000,40.054970,9489700.00
2011-01-14,62.950001,62.970001,62.250000,62.549999,39.825768,11274700.00
2011-01-18,62.220001,62.590000,62.009998,62.099998,39.539238,13944900.00
2011-01-19,62.049999,62.610001,62.009998,62.560001,39.832134,9596700.00
2011-01-20,62.730000,63.099998,62.540001,62.860001,40.023140,11518600.00
2011-01-21,63.250000,63.250000,62.459999,62.660000,39.895809,12932200.00
2011-01-24,62.560001,62.720001,62.160000,62.220001,39.615646,11373000.00
2011-01-25,60.889999,61.630001,60.709999,61.080002,38.889809,28056700.00
2011-01-26,61.180000,61.250000,60.599998,60.599998,38.584202,20262100.00
2011-01-27,60.639999,61.040001,60.599998,60.680000,38.635132,11219500.00
2011-01-28,60.910000,61.000000,60.000000,60.009998,38.208546,15298800.00
2011-01-31,60.160000,60.220001,59.689999,59.770000,38.055721,19056200.00
2011-02-01,59.700001,60.740002,59.700001,60.630001,38.603302,14780500.00
2011-02-02,60.459999,60.759998,60.279999,60.619999,38.596935,9994200.00
2011-02-03,60.660000,60.970001,60.590000,60.799999,38.711533,10078900.00
2011-02-04,60.939999,60.990002,60.650002,60.840000,38.736992,9725500.00
2011-02-07,60.880001,60.990002,60.650002,60.869999,38.756111,8217000.00
2011-02-08,60.939999,60.990002,60.750000,60.939999,38.800671,7867600.00
2011-02-09,60.930000,60.939999,60.639999,60.880001,38.762463,8541500.00
2011-02-10,60.639999,61.070000,60.419998,60.930000,38.794304,8627500.00
2011-02-11,60.740002,61.169998,60.509998,60.700001,38.647869,9630800.00
2011-02-14,60.689999,60.980000,60.650002,60.700001,38.647869,8130800.00
2011-02-15,60.599998,60.700001,60.480000,60.619999,38.596935,8572800.00
2011-02-16,60.610001,60.740002,60.500000,60.520000,38.533253,9426400.00
2011-02-17,60.369999,60.930000,60.330002,60.790001,38.705173,7133700.00
2011-02-18,60.889999,61.220001,60.549999,61.110001,38.908913,12393000.00
2011-02-22,60.680000,60.990002,60.450001,60.650002,38.616039,11050500.00
2011-02-23,60.759998,61.080002,60.369999,60.389999,38.450478,12100300.00
2011-02-24,60.470001,60.500000,60.029999,60.250000,38.361355,11766700.00
2011-02-25,59.919998,59.950001,59.360001,59.639999,38.316380,11863700.00
2011-02-28,59.930000,61.450001,59.770000,61.439999,39.472797,20031000.00
2011-03-01,61.250000,61.500000,60.599998,60.700001,38.997398,14035300.00
2011-03-02,60.500000,60.930000,60.360001,60.810001,39.068058,10264600.00
2011-03-03,61.119999,61.200001,60.810001,61.049999,39.222252,7802700.00
2011-03-04,61.290001,61.290001,60.340000,61.060001,39.228676,11432700.00
2011-03-07,61.090000,61.099998,60.299999,60.400002,38.804630,9584000.00
2011-03-08,60.480000,60.990002,60.340000,60.709999,39.003807,8881800.00
2011-03-09,60.740002,61.060001,60.320000,60.400002,38.804630,10082600.00
2011-03-10,60.139999,60.299999,59.400002,59.610001,38.297096,14852300.00
2011-03-11,59.240002,59.869999,59.110001,59.689999,38.348492,10426600.00
2011-03-14,59.490002,59.490002,58.919998,59.130001,37.988712,11775000.00
2011-03-15,58.790001,58.840000,58.020000,58.480000,37.571117,16016800.00
2011-03-16,58.570000,58.570000,57.500000,57.660000,37.044315,16995600.00
2011-03-17,58.209999,58.380001,57.900002,58.130001,37.346260,12456000.00
2011-03-18,58.560001,58.689999,58.099998,58.570000,37.628937,14371900.00
2011-03-21,58.669998,59.160000,58.669998,58.830002,37.795990,10692700.00
2011-03-22,58.799999,59.150002,58.700001,58.790001,37.770275,10151800.00
2011-03-23,58.720001,58.889999,58.500000,58.720001,37.725319,9899800.00
2011-03-24,58.980000,59.080002,58.730000,59.029999,37.924465,8655800.00
2011-03-25,59.009998,59.090000,58.650002,58.980000,37.892349,8077400.00
2011-03-28,58.980000,59.299999,58.980000,59.240002,38.059395,8382500.00
2011-03-29,58.980000,59.310001,58.930000,59.220001,38.046543,9280300.00
2011-03-30,59.340000,59.730000,59.240002,59.380001,38.149330,10736400.00
2011-03-31,59.209999,59.700001,59.209999,59.250000,38.065811,9680200.00
2011-04-01,59.630001,59.639999,59.060001,59.490002,38.220005,9908000.00
2011-04-04,59.500000,60.180000,59.459999,60.150002,38.644032,9415100.00
2011-04-05,59.750000,59.959999,59.480000,59.799999,38.419167,10557700.00
2011-04-06,59.700001,59.900002,59.599998,59.660000,38.329227,10011200.00
2011-04-07,59.720001,59.759998,59.250000,59.480000,38.213593,9232900.00
2011-04-08,59.730000,59.779999,59.310001,59.459999,38.200733,7853200.00
2011-04-11,59.540001,60.169998,59.500000,59.860001,38.457718,9845800.00
2011-04-12,59.660000,60.080002,59.660000,59.939999,38.509125,9208000.00
2011-04-13,59.660000,59.950001,59.509998,59.599998,38.290668,10509000.00
2011-04-14,59.549999,60.119999,59.490002,60.020000,38.560516,10436200.00
2011-04-15,60.240002,60.950001,59.980000,60.560001,38.907444,18608500.00
2011-04-18,60.450001,61.189999,60.099998,60.459999,38.843182,20034800.00
2011-04-19,62.000000,62.869999,61.799999,62.689999,40.275875,26083100.00
2011-04-20,63.209999,64.540001,63.180000,64.389999,41.368073,26732100.00
2011-04-21,63.810001,64.300003,63.770000,64.070000,41.162476,11688100.00
2011-04-25,63.650002,64.199997,63.509998,64.110001,41.188183,7226900.00
2011-04-26,64.070000,65.300003,64.070000,64.949997,41.727844,14500000.00
2011-04-27,63.450001,65.599998,63.400002,65.570000,42.126167,23777500.00
2011-04-28,65.389999,65.739998,64.930000,65.379997,42.004093,13091400.00
2011-04-29,65.589996,65.970001,65.400002,65.720001,42.222530,12100000.00
2011-05-02,65.919998,66.309998,65.809998,66.209999,42.537350,15456200.00
2011-05-03,66.110001,66.459999,66.010002,66.260002,42.569473,13105500.00
2011-05-04,66.000000,66.320000,65.370003,65.669998,42.190418,13408900.00
2011-05-05,65.449997,65.610001,64.800003,65.010002,41.766392,14925200.00
2011-05-06,65.250000,65.500000,65.120003,65.269997,41.933426,11904600.00
2011-05-09,65.110001,65.760002,65.070000,65.629997,42.164719,9003100.00
2011-05-10,65.610001,65.800003,65.279999,65.760002,42.248249,9693100.00
2011-05-11,66.320000,66.739998,65.809998,66.570000,42.768646,19986100.00
2011-05-12,66.040001,67.370003,65.820000,67.190002,43.166965,15622200.00
2011-05-13,67.089996,67.250000,65.949997,66.620003,42.800751,11700900.00
2011-05-16,66.410004,66.790001,66.190002,66.370003,42.640141,11513200.00
2011-05-17,66.230003,66.480003,65.860001,66.400002,42.659416,10784100.00
2011-05-18,66.169998,66.510002,65.940002,66.500000,42.723667,9028400.00
2011-05-19,66.529999,66.529999,65.849998,66.389999,42.652988,9685100.00
2011-05-20,66.250000,66.330002,65.279999,65.690002,42.203270,12367000.00
2011-05-23,65.190002,65.690002,65.080002,65.559998,42.119740,12020200.00
2011-05-24,65.739998,66.230003,65.500000,65.779999,42.261089,11017700.00
2011-05-25,66.290001,66.589996,66.070000,66.290001,42.588741,14767100.00
2011-05-26,65.589996,65.779999,65.279999,65.510002,42.452663,12044100.00
2011-05-27,65.790001,66.970001,65.599998,66.769997,43.269165,16385700.00
2011-05-31,67.309998,67.339996,66.989998,67.290001,43.606171,16473800.00
2011-06-01,67.019997,67.290001,66.459999,66.480003,43.081257,11003400.00
2011-06-02,66.440002,66.760002,66.279999,66.480003,43.081257,9582900.00
2011-06-03,65.839996,66.360001,65.800003,66.089996,42.828514,10364900.00
2011-06-06,65.870003,66.220001,65.839996,66.050003,42.802578,8397400.00
2011-06-07,66.000000,66.279999,65.500000,65.500000,42.446178,10426800.00
2011-06-08,65.489998,66.230003,65.180000,66.139999,42.860905,10020300.00
2011-06-09,66.330002,67.279999,66.169998,66.779999,43.275650,14054500.00
2011-06-10,66.489998,66.680000,66.089996,66.089996,42.828514,9312900.00
2011-06-13,66.320000,66.959999,66.260002,66.589996,43.152527,8146200.00
2011-06-14,66.949997,67.360001,66.750000,67.099998,43.483025,11389100.00
2011-06-15,67.000000,67.000000,65.709999,66.160004,42.873890,12623500.00
2011-06-16,65.699997,66.349998,65.470001,66.320000,42.977562,11683900.00
2011-06-17,66.629997,66.949997,66.190002,66.290001,42.958118,14336400.00
2011-06-20,66.080002,66.739998,66.070000,66.510002,43.100689,9309200.00
2011-06-21,66.519997,66.750000,66.160004,66.489998,43.087730,9811500.00
2011-06-22,66.470001,66.620003,66.050003,66.070000,42.815556,7988100.00
2011-06-23,65.540001,65.739998,64.690002,65.669998,42.556343,16234800.00
2011-06-24,65.570000,65.610001,64.830002,65.059998,42.161034,13186200.00
2011-06-27,65.290001,65.610001,65.000000,65.250000,42.284161,7199500.00
2011-06-28,65.589996,66.120003,65.379997,65.910004,42.711880,7724600.00
2011-06-29,66.230003,66.589996,65.930000,66.309998,42.971085,9227000.00
2011-06-30,66.419998,66.910004,66.250000,66.519997,43.107170,9747200.00
2011-07-01,66.480003,67.360001,66.269997,67.300003,43.612640,9216500.00
2011-07-05,67.290001,67.669998,67.250000,67.620003,43.820011,9773600.00
2011-07-06,67.629997,67.750000,67.370003,67.550003,43.774635,7100400.00
2011-07-07,67.820000,68.050003,67.400002,67.919998,44.014397,8415200.00
2011-07-08,67.809998,67.989998,67.190002,67.570000,43.787590,7866100.00
2011-07-11,66.879997,67.410004,66.830002,67.269997,43.593185,8918900.00
2011-07-12,66.900002,67.680000,66.830002,67.029999,43.437653,10528700.00
2011-07-13,67.389999,67.980003,67.209999,67.629997,43.826496,9031700.00
2011-07-14,67.599998,67.930000,67.470001,67.660004,43.845917,9636500.00
2011-07-15,67.730003,67.949997,66.989998,67.449997,43.709835,10245100.00
2011-07-18,67.169998,67.349998,66.550003,67.089996,43.476547,10361000.00
2011-07-19,67.099998,67.220001,66.150002,66.720001,43.236778,13677400.00
2011-07-20,66.570000,66.900002,66.059998,66.239998,42.925728,8912600.00
2011-07-21,66.449997,66.790001,66.129997,66.470001,43.074764,11394100.00
2011-07-22,66.690002,66.790001,66.489998,66.720001,43.236778,7721000.00
2011-07-25,66.209999,66.430000,66.010002,66.250000,42.932198,10247700.00
2011-07-26,66.169998,66.320000,65.870003,65.919998,42.718353,10008300.00
2011-07-27,65.760002,65.870003,65.139999,65.230003,42.271210,12810400.00
2011-07-28,65.230003,65.620003,64.779999,65.080002,42.174007,9920400.00
2011-07-29,64.739998,64.930000,64.129997,64.790001,41.986057,16829000.00
2011-08-01,65.279999,65.330002,63.660000,64.410004,41.739822,15842200.00
2011-08-02,64.110001,64.349998,63.430000,63.430000,41.104744,17118300.00
2011-08-03,63.369999,63.529999,61.860001,63.410000,41.091793,17660300.00
2011-08-04,62.610001,63.160000,61.810001,61.840000,40.074371,23485600.00
2011-08-05,62.119999,63.430000,61.049999,62.709999,40.638138,24037800.00
2011-08-08,61.799999,62.580002,61.049999,61.119999,39.607777,32423200.00
2011-08-09,61.709999,62.369999,59.080002,62.200001,40.307671,36288000.00
2011-08-10,61.619999,61.959999,60.009998,60.200001,39.011593,32688900.00
2011-08-11,60.180000,64.190002,60.130001,63.439999,41.111225,33514400.00
2011-08-12,63.610001,63.990002,62.900002,63.360001,41.059380,42324600.00
2011-08-15,63.849998,64.620003,63.610001,64.589996,41.856457,39362000.00
2011-08-16,63.770000,64.709999,63.689999,64.360001,41.707428,13142100.00
2011-08-17,64.559998,64.849998,63.799999,64.260002,41.642612,11847600.00
2011-08-18,63.189999,63.580002,62.020000,63.160000,40.929783,23376400.00
2011-08-19,62.910000,63.779999,62.740002,63.139999,40.916821,19394800.00
2011-08-22,63.990002,64.099998,63.009998,63.290001,41.014030,13689300.00
2011-08-23,63.520000,64.989998,63.419998,64.970001,42.102715,14879000.00
2011-08-24,65.379997,65.699997,64.839996,65.529999,42.465603,14523000.00
2011-08-25,65.489998,65.489998,64.199997,64.550003,41.830536,13134400.00
2011-08-26,63.549999,64.570000,62.500000,64.279999,42.026691,14150600.00
2011-08-29,64.639999,65.919998,64.559998,65.860001,43.059704,12867900.00
2011-08-30,65.820000,66.040001,65.190002,65.769997,43.000847,11183000.00
2011-08-31,66.029999,66.230003,65.339996,65.800003,43.020466,14555300.00
2011-09-01,65.660004,66.139999,65.110001,65.330002,42.713181,11141100.00
2011-09-02,64.830002,65.000000,63.910000,64.070000,41.889385,13713600.00
2011-09-06,63.169998,64.750000,62.500000,64.639999,42.262066,15848300.00
2011-09-07,65.040001,65.449997,64.690002,65.430000,42.778580,10759700.00
2011-09-08,64.959999,65.930000,64.839996,64.949997,42.464737,15551500.00
2011-09-09,64.389999,64.410004,63.290001,63.639999,41.608250,17008200.00
2011-09-12,63.099998,63.610001,62.299999,63.590000,41.575562,13448200.00
2011-09-13,63.990002,64.050003,63.180000,63.610001,41.588638,11595300.00
2011-09-14,63.950001,64.470001,62.980000,63.730000,41.667088,13429500.00
2011-09-15,64.279999,64.629997,63.919998,64.400002,42.105145,10625800.00
2011-09-16,64.519997,64.739998,63.959999,64.589996,42.229355,15688800.00
2011-09-19,64.050003,64.389999,63.630001,64.139999,41.935146,8571800.00
2011-09-20,64.419998,64.849998,63.790001,64.220001,41.987453,10874800.00
2011-09-21,64.190002,64.599998,63.099998,63.130001,41.274803,10041300.00
2011-09-22,62.160000,62.599998,61.139999,61.919998,40.483692,19456900.00
2011-09-23,61.299999,61.900002,61.000000,61.590000,40.267944,10983700.00
2011-09-26,62.049999,62.849998,62.009998,62.689999,40.987133,10561700.00
2011-09-27,63.369999,64.349998,62.709999,63.820000,41.725922,13118200.00
2011-09-28,63.900002,64.449997,63.139999,63.250000,41.353264,8964200.00
2011-09-29,63.919998,64.239998,63.020000,63.900002,41.778236,8923300.00
2011-09-30,63.220001,64.739998,63.150002,63.689999,41.640938,14556100.00
2011-10-03,63.650002,64.209999,62.049999,62.080002,40.588306,16891100.00
2011-10-04,61.549999,62.330002,60.830002,62.169998,40.647156,18192000.00
2011-10-05,62.209999,62.509998,61.599998,62.349998,40.764820,15405200.00
2011-10-06,62.520000,62.830002,62.099998,62.810001,41.065598,9595400.00
2011-10-07,63.009998,63.720001,63.000000,63.130001,41.274803,12361600.00
2011-10-10,63.889999,64.430000,63.639999,64.430000,42.124744,7104000.00
2011-10-11,64.260002,64.360001,63.849998,63.959999,41.817478,7628700.00
2011-10-12,64.129997,64.690002,63.869999,64.330002,42.059364,9375100.00
2011-10-13,64.449997,64.449997,63.570000,64.230003,41.993999,7781100.00
2011-10-14,64.690002,64.739998,64.169998,64.720001,42.314362,6678800.00
2011-10-17,64.400002,64.839996,63.619999,63.790001,41.706318,10797900.00
2011-10-18,63.759998,64.739998,63.400002,64.419998,42.118210,11705300.00
2011-10-19,64.510002,64.510002,62.160000,62.639999,40.954437,19964600.00
2011-10-20,62.959999,63.130001,62.310001,62.529999,40.882519,11562600.00
2011-10-21,63.110001,63.840000,62.889999,63.779999,41.699783,13175400.00
2011-10-24,63.900002,64.790001,63.599998,64.730003,42.320896,12552700.00
2011-10-25,64.559998,64.830002,63.560001,63.689999,41.640938,10324800.00
2011-10-26,64.190002,64.599998,63.790001,64.489998,42.163975,9932100.00
2011-10-27,64.989998,65.690002,64.709999,65.500000,42.824318,16450700.00
2011-10-28,65.639999,65.849998,65.029999,65.599998,42.889717,10390800.00
2011-10-31,65.169998,65.860001,64.379997,64.389999,42.098606,13720400.00
2011-11-01,63.680000,64.099998,63.180000,63.380001,41.438259,14749900.00
2011-11-02,64.389999,64.389999,63.410000,63.639999,41.608250,10136200.00
2011-11-03,64.070000,64.519997,63.669998,64.339996,42.065899,10466000.00
2011-11-04,64.000000,64.540001,63.410000,64.120003,41.922085,9725200.00
2011-11-07,63.959999,64.339996,63.250000,64.000000,41.843628,8783900.00
2011-11-08,64.089996,64.989998,63.950001,64.860001,42.405903,7989500.00
2011-11-09,64.070000,64.129997,63.099998,63.529999,41.536335,11072500.00
2011-11-10,64.129997,64.419998,63.660000,64.120003,41.922085,7597500.00
2011-11-11,64.620003,65.489998,64.620003,65.250000,42.660873,9086800.00
2011-11-14,64.970001,65.330002,64.650002,64.910004,42.438591,8276100.00
2011-11-15,64.970001,65.290001,64.510002,64.989998,42.490879,10726300.00
2011-11-16,64.529999,65.160004,64.300003,64.400002,42.105145,8398100.00
2011-11-17,64.169998,64.510002,63.299999,63.939999,41.804394,13924700.00
2011-11-18,64.190002,64.199997,63.560001,63.849998,41.745548,12659600.00
2011-11-21,63.270000,63.340000,62.880001,62.939999,41.150593,32806700.00
2011-11-22,62.950001,63.200001,62.700001,62.900002,41.124439,8680000.00
2011-11-23,62.590000,62.650002,61.990002,61.990002,40.529461,10362800.00
2011-11-25,61.310001,61.639999,61.049999,61.270000,40.430489,5838800.00
2011-11-28,61.880001,62.709999,61.779999,62.369999,41.156349,11678000.00
2011-11-29,62.820000,63.130001,62.459999,62.779999,41.426899,8923600.00
2011-11-30,63.919998,64.739998,63.799999,64.720001,42.707058,15032600.00
2011-12-01,64.680000,64.949997,64.349998,64.449997,42.528889,9852700.00
2011-12-02,64.870003,64.889999,63.299999,63.470001,41.882206,15792800.00
2011-12-05,64.099998,64.250000,62.849998,63.360001,41.809624,15294500.00
2011-12-06,63.610001,63.930000,63.259998,63.490002,41.895401,10417800.00
2011-12-07,63.570000,64.809998,63.369999,64.449997,42.528889,11504700.00
2011-12-08,64.139999,64.449997,63.560001,63.779999,42.086773,9566800.00
2011-12-09,64.320000,64.680000,63.980000,64.529999,42.581665,8835700.00
2011-12-12,63.869999,64.199997,63.349998,63.509998,41.908611,10808700.00
2011-12-13,64.080002,64.080002,63.139999,63.360001,41.809624,14215500.00
2011-12-14,63.380001,63.779999,62.930000,63.180000,41.690853,9802400.00
2011-12-15,63.650002,64.099998,63.570000,64.000000,42.231956,9656700.00
2011-12-16,64.360001,64.370003,63.549999,64.300003,42.429901,19214300.00
2011-12-19,64.180000,64.279999,63.360001,63.529999,41.921799,9024700.00
2011-12-20,64.019997,64.730003,64.010002,64.519997,42.575085,12247700.00
2011-12-21,64.809998,65.000000,64.580002,64.959999,42.865406,8517800.00
2011-12-22,65.059998,65.260002,64.620003,65.180000,43.010605,7428000.00
2011-12-23,65.230003,66.000000,65.180000,65.980003,43.538490,6503300.00
2011-12-27,65.989998,66.320000,65.900002,66.019997,43.564877,4995100.00
2011-12-28,65.970001,66.029999,65.300003,65.449997,43.188755,5943900.00
2011-12-29,65.309998,66.029999,65.250000,65.879997,43.472507,5702400.00
2011-12-30,65.589996,65.930000,65.529999,65.580002,43.274548,4959700.00
2012-01-03,65.589996,66.000000,65.250000,65.879997,43.472507,16116200.00
2012-01-04,65.750000,65.879997,65.110001,65.480003,43.208553,9243100.00
2012-01-05,65.320000,65.599998,64.830002,65.400002,43.155766,11886900.00
2012-01-06,65.440002,65.459999,64.610001,64.830002,42.779636,15359900.00
2012-01-09,64.959999,65.089996,64.410004,64.930000,42.845612,7934600.00
2012-01-10,65.110001,65.400002,65.000000,65.199997,43.023792,8476600.00
2012-01-11,65.110001,65.540001,64.839996,65.129997,42.977608,6784600.00
2012-01-12,65.279999,65.410004,64.930000,65.230003,43.043598,7402900.00
2012-01-13,64.970001,65.279999,64.360001,65.260002,43.063396,8978800.00
2012-01-17,65.540001,65.690002,64.500000,65.120003,42.971008,8359900.00
2012-01-18,65.260002,65.370003,65.000000,65.279999,43.076588,8095600.00
2012-01-19,65.160004,65.250000,64.790001,65.190002,43.017200,11699800.00
2012-01-20,65.279999,65.550003,64.540001,65.269997,43.069984,14715500.00
2012-01-23,65.230003,65.330002,64.879997,65.000000,42.891819,10125000.00
2012-01-24,64.339996,65.449997,64.339996,65.000000,42.891819,12367900.00
2012-01-25,64.830002,65.300003,64.760002,65.220001,43.036995,10531400.00
2012-01-26,65.529999,65.879997,65.220001,65.699997,43.353722,12546100.00
2012-01-27,65.620003,65.870003,65.459999,65.559998,43.261341,10466300.00
2012-01-30,65.330002,65.709999,65.129997,65.709999,43.360329,7482100.00
2012-01-31,65.860001,65.949997,65.559998,65.910004,43.492310,13562900.00
2012-02-01,65.970001,66.320000,65.650002,65.690002,43.347145,12275900.00
2012-02-02,65.940002,65.970001,65.349998,65.589996,43.281155,8282400.00
2012-02-03,65.900002,66.019997,65.529999,65.639999,43.314144,9036200.00
2012-02-06,65.459999,65.580002,65.050003,65.190002,43.017200,9535700.00
2012-02-07,65.160004,65.389999,65.019997,65.260002,43.063396,9248100.00
2012-02-08,65.199997,65.349998,65.089996,65.239998,43.050198,6889400.00
2012-02-09,65.160004,65.349998,64.820000,64.889999,42.819229,10936200.00
2012-02-10,64.709999,64.769997,64.250000,64.599998,42.627857,13954200.00
2012-02-13,64.900002,64.949997,64.599998,64.680000,42.680664,9662500.00
2012-02-14,64.750000,64.860001,64.330002,64.610001,42.634476,8978500.00
2012-02-15,64.510002,64.949997,64.470001,64.650002,42.660866,9023400.00
2012-02-16,64.599998,65.160004,64.440002,64.919998,42.839016,8194500.00
2012-02-17,65.220001,65.279999,64.809998,64.989998,42.885212,9057500.00
2012-02-21,65.230003,65.239998,64.750000,65.040001,42.918221,8081700.00
2012-02-22,65.080002,65.339996,64.870003,65.000000,42.891819,8150600.00
2012-02-23,65.190002,66.050003,64.900002,65.099998,42.957806,8991500.00
2012-02-24,64.790001,64.790001,64.190002,64.459999,42.911209,10478200.00
2012-02-27,64.260002,64.639999,64.019997,64.449997,42.904537,8523000.00
2012-02-28,64.599998,65.419998,64.500000,65.180000,43.390511,11581400.00
2012-02-29,65.220001,65.260002,64.709999,65.080002,43.323940,11489100.00
2012-03-01,65.110001,65.260002,64.639999,64.830002,43.157524,8813800.00
2012-03-02,64.739998,64.870003,64.570000,64.769997,43.117565,6063900.00
2012-03-05,64.690002,64.959999,64.540001,64.910004,43.210770,7601000.00
2012-03-06,64.459999,64.730003,64.190002,64.349998,42.837975,9511100.00
2012-03-07,64.269997,64.459999,64.120003,64.300003,42.804695,8591800.00
2012-03-08,64.949997,65.080002,64.739998,64.849998,43.170834,11311100.00
2012-03-09,64.830002,65.000000,64.589996,64.739998,43.097599,8410600.00
2012-03-12,64.550003,65.150002,64.540001,65.099998,43.337254,7284700.00
2012-03-13,65.419998,65.440002,65.029999,65.330002,43.490364,9884100.00
2012-03-14,65.209999,65.379997,65.019997,65.080002,43.323940,9612200.00
2012-03-15,64.930000,65.379997,64.849998,65.070000,43.317284,11372900.00
2012-03-16,65.199997,65.459999,64.809998,65.120003,43.350571,17707000.00
2012-03-19,64.949997,65.269997,64.900002,65.209999,43.410492,7321800.00
2012-03-20,65.000000,65.129997,64.760002,64.959999,43.244053,7760400.00
2012-03-21,64.959999,65.070000,64.639999,64.760002,43.110912,7839600.00
2012-03-22,64.680000,64.690002,64.400002,64.459999,42.911209,10621300.00
2012-03-23,64.489998,64.709999,64.370003,64.550003,42.971123,8062500.00
2012-03-26,64.889999,65.260002,64.830002,65.169998,43.383839,8503800.00
2012-03-27,65.330002,65.500000,65.220001,65.400002,43.536976,10723800.00
2012-03-28,65.400002,65.620003,65.180000,65.620003,43.683418,10305500.00
2012-03-29,65.279999,65.540001,65.199997,65.540001,43.630177,9553300.00
2012-03-30,65.629997,66.180000,65.580002,65.959999,43.909748,11307700.00
2012-04-02,66.040001,66.300003,65.820000,66.209999,44.076172,8785900.00
2012-04-03,66.120003,66.150002,65.500000,65.879997,43.856495,9128400.00
2012-04-04,65.610001,65.699997,65.360001,65.389999,43.530315,9432300.00
2012-04-05,65.260002,65.379997,65.089996,65.339996,43.497025,7922700.00
2012-04-09,64.949997,65.230003,64.879997,64.919998,43.217422,6363400.00
2012-04-10,64.809998,64.860001,64.160004,64.199997,42.738113,12793200.00
2012-04-11,64.690002,64.690002,63.959999,64.129997,42.691517,10434100.00
2012-04-12,64.050003,64.150002,63.680000,64.150002,42.704830,13122300.00
2012-04-13,63.939999,64.000000,63.520000,63.540001,42.298767,11226600.00
2012-04-16,63.720001,64.160004,63.669998,63.980000,42.591663,10502400.00
2012-04-17,64.230003,64.279999,63.270000,64.220001,42.751442,18322900.00
2012-04-18,63.900002,63.919998,63.119999,63.259998,42.112362,20567700.00
2012-04-19,63.220001,63.540001,62.759998,63.029999,41.959251,15189000.00
2012-04-20,63.220001,63.970001,63.200001,63.709999,42.411938,14320700.00
2012-04-23,63.500000,63.689999,63.299999,63.369999,42.185570,10120900.00
2012-04-24,63.549999,63.790001,63.360001,63.770000,42.451859,9022400.00
2012-04-25,63.959999,64.580002,63.840000,64.430000,42.891235,11162800.00
2012-04-26,64.410004,64.970001,64.260002,64.750000,43.104248,9139200.00
2012-04-27,64.949997,65.129997,64.680000,64.839996,43.164169,10746700.00
2012-04-30,64.849998,65.389999,64.839996,65.099998,43.337254,11362300.00
2012-05-01,64.910004,65.360001,64.800003,65.220001,43.417133,10107900.00
2012-05-02,65.169998,65.330002,64.839996,65.330002,43.490364,8349700.00
2012-05-03,65.400002,65.489998,65.099998,65.339996,43.497025,10431800.00
2012-05-04,65.190002,65.290001,64.739998,64.739998,43.097599,10301300.00
2012-05-07,64.580002,65.019997,64.510002,64.800003,43.137539,8387800.00
2012-05-08,64.680000,64.980003,64.550003,64.980003,43.257366,12491900.00
2012-05-09,64.589996,64.879997,64.250000,64.279999,42.791386,10649400.00
2012-05-10,64.809998,64.860001,64.389999,64.570000,42.984417,7702000.00
2012-05-11,64.430000,64.989998,64.230003,64.339996,42.831310,37824600.00
2012-05-14,64.029999,64.099998,63.560001,63.930000,42.558384,39687800.00
2012-05-15,63.700001,64.139999,63.410000,63.610001,42.345352,8500000.00
2012-05-16,63.790001,63.930000,63.450001,63.709999,42.411938,10018400.00
2012-05-17,63.709999,64.000000,63.480000,63.549999,42.305424,7993500.00
2012-05-18,63.869999,63.910000,63.090000,63.349998,42.172279,13781300.00
2012-05-21,63.259998,63.830002,63.250000,63.470001,42.252163,8784900.00
2012-05-22,63.400002,63.799999,63.330002,63.520000,42.285442,8409300.00
2012-05-23,63.400002,63.750000,62.880001,63.270000,42.119022,11269100.00
2012-05-24,62.889999,63.340000,62.799999,63.099998,42.414768,9309400.00
2012-05-25,62.880001,62.980000,62.290001,62.509998,42.018185,11208500.00
2012-05-29,62.840000,62.930000,62.299999,62.590000,42.071976,10089700.00
2012-05-30,62.340000,62.400002,62.000000,62.209999,41.816536,9414700.00
2012-05-31,62.360001,62.880001,62.139999,62.430000,41.964420,13297100.00
2012-06-01,62.040001,62.310001,61.709999,61.779999,41.527508,12061100.00
2012-06-04,62.040001,62.450001,61.889999,62.340000,41.903919,9200000.00
2012-06-05,62.160000,62.380001,62.000000,62.209999,41.816536,9523400.00
2012-06-06,62.090000,62.799999,61.889999,62.799999,42.213116,11562500.00
2012-06-07,63.180000,63.200001,62.509998,62.799999,42.213116,12959300.00
2012-06-08,62.540001,63.040001,62.330002,62.980000,42.334129,11249500.00
2012-06-11,62.970001,63.029999,62.110001,62.119999,41.756031,12226400.00
2012-06-12,62.160000,63.270000,61.830002,63.080002,42.401337,26655400.00
2012-06-13,64.239998,64.699997,63.180000,64.449997,43.322224,98440200.00
2012-06-14,64.349998,65.750000,64.290001,65.449997,43.994415,34314900.00
2012-06-15,65.900002,66.099998,65.510002,66.010002,44.370838,25992800.00
2012-06-18,65.820000,66.389999,65.820000,66.300003,44.565754,25750000.00
2012-06-19,66.400002,66.959999,66.360001,66.720001,44.848087,23615400.00
2012-06-20,66.779999,67.000000,66.459999,67.000000,45.036285,21254600.00
2012-06-21,66.550003,66.970001,66.160004,66.389999,44.626251,24545300.00
2012-06-22,66.660004,66.970001,66.519997,66.629997,44.787575,18965700.00
2012-06-25,66.260002,66.629997,66.139999,66.500000,44.700203,13734500.00
2012-06-26,66.559998,66.690002,66.410004,66.419998,44.646420,11100000.00
2012-06-27,66.419998,67.199997,66.360001,66.839996,44.928741,17594200.00
2012-06-28,66.709999,67.000000,66.440002,66.940002,44.995953,12110900.00
2012-06-29,67.300003,67.699997,67.209999,67.559998,45.412704,18286000.00
2012-07-02,67.419998,68.000000,67.339996,68.000000,45.708492,12552700.00
2012-07-03,67.959999,68.120003,67.720001,68.040001,45.735359,8902400.00
2012-07-05,67.919998,68.150002,67.779999,67.779999,45.560600,11857800.00
2012-07-06,67.510002,67.879997,67.360001,67.639999,45.466492,9758000.00
2012-07-09,67.739998,67.959999,67.629997,67.779999,45.560600,12485900.00
2012-07-10,67.970001,68.099998,67.739998,67.879997,45.627819,12851800.00
2012-07-11,68.029999,68.110001,67.720001,67.900002,45.641262,12026100.00
2012-07-12,67.620003,68.120003,67.440002,67.709999,45.513538,16484200.00
2012-07-13,67.790001,68.739998,67.730003,68.610001,46.118507,13238800.00
2012-07-16,68.470001,68.720001,68.360001,68.449997,46.010963,12921500.00
2012-07-17,67.839996,69.180000,67.610001,69.000000,46.380669,24201900.00
2012-07-18,68.739998,69.459999,68.660004,69.370003,46.629375,15616200.00
2012-07-19,69.250000,69.699997,68.980003,69.529999,46.736935,13499500.00
2012-07-20,69.349998,69.360001,68.349998,68.629997,46.131954,13964600.00
2012-07-23,68.139999,68.309998,67.650002,68.110001,45.782417,11771400.00
2012-07-24,68.099998,68.250000,67.000000,67.349998,45.271542,12145700.00
2012-07-25,67.669998,68.019997,67.389999,67.529999,45.392555,9882200.00
2012-07-26,68.300003,68.980003,68.209999,68.739998,46.205887,16477200.00
2012-07-27,68.949997,69.680000,68.889999,69.519997,46.730183,14015900.00
2012-07-30,69.370003,69.650002,69.160004,69.449997,46.683128,8379500.00
2012-07-31,69.250000,69.559998,69.099998,69.220001,46.528553,10313900.00
2012-08-01,69.480003,69.750000,69.250000,69.379997,46.636097,11681700.00
2012-08-02,68.809998,68.980003,68.019997,68.449997,46.010963,13536000.00
2012-08-03,68.980003,69.320000,68.889999,69.120003,46.461327,10898800.00
2012-08-06,69.180000,69.339996,68.779999,68.839996,46.273113,8723200.00
2012-08-07,68.809998,68.940002,68.209999,68.290001,45.903400,11268400.00
2012-08-08,68.290001,68.559998,68.220001,68.349998,45.943729,6573100.00
2012-08-09,68.330002,68.650002,68.169998,68.320000,45.923576,7764200.00
2012-08-10,68.120003,68.709999,68.120003,68.639999,46.138683,7645000.00
2012-08-13,68.389999,68.550003,68.169998,68.459999,46.017677,7199200.00
2012-08-14,68.739998,68.750000,68.500000,68.639999,46.138683,8217800.00
2012-08-15,68.510002,68.839996,68.300003,68.349998,45.943729,9349100.00
2012-08-16,68.440002,68.449997,68.019997,68.199997,45.842918,13518500.00
2012-08-17,68.120003,68.180000,67.510002,67.800003,45.574036,11999500.00
2012-08-20,67.800003,67.839996,67.669998,67.699997,45.506821,12645200.00
2012-08-21,67.690002,68.250000,67.620003,67.779999,45.560600,9544900.00
2012-08-22,67.629997,67.930000,67.529999,67.750000,45.540421,8230900.00
2012-08-23,67.800003,67.949997,67.559998,67.739998,45.533710,9062700.00
2012-08-24,67.220001,67.839996,67.150002,67.599998,45.852509,11297500.00
2012-08-27,67.540001,67.959999,67.480003,67.489998,45.777889,8761000.00
2012-08-28,67.309998,67.699997,67.220001,67.510002,45.791439,6750800.00
2012-08-29,67.279999,67.830002,67.059998,67.370003,45.696495,9609500.00
2012-08-30,67.230003,67.410004,66.849998,67.209999,45.587978,9672700.00
2012-08-31,67.449997,67.900002,67.160004,67.430000,45.737186,10151800.00
2012-09-04,67.489998,67.540001,66.970001,67.260002,45.621895,8402700.00
2012-09-05,67.440002,67.870003,67.139999,67.269997,45.628670,9266000.00
2012-09-06,67.709999,68.220001,67.589996,67.839996,46.015289,13075500.00
2012-09-07,67.970001,68.010002,67.519997,67.879997,46.042431,8403300.00
2012-09-10,67.989998,68.470001,67.830002,68.180000,46.245926,11441300.00
2012-09-11,68.360001,68.550003,68.180000,68.199997,46.259480,8821700.00
2012-09-12,68.370003,68.459999,68.029999,68.150002,46.225578,8230700.00
2012-09-13,68.010002,69.169998,68.000000,68.989998,46.795334,13006300.00
2012-09-14,68.910004,68.910004,68.080002,68.470001,46.442612,13024000.00
2012-09-17,68.489998,68.699997,68.000000,68.250000,46.293396,11584100.00
2012-09-18,68.080002,68.669998,68.070000,68.550003,46.496876,8063100.00
2012-09-19,68.750000,68.919998,68.599998,68.599998,46.530800,9911300.00
2012-09-20,68.410004,68.989998,68.330002,68.900002,46.734291,8704000.00
2012-09-21,69.050003,69.360001,68.839996,69.059998,46.842804,19064400.00
2012-09-24,68.879997,69.199997,68.809998,69.000000,46.802120,9082100.00
2012-09-25,69.010002,69.639999,69.010002,69.320000,47.019173,11625400.00
2012-09-26,69.500000,69.500000,68.959999,69.000000,46.802120,9971900.00
2012-09-27,69.089996,69.349998,68.889999,69.010002,46.808895,8253200.00
2012-09-28,68.769997,69.040001,68.500000,68.910004,46.741074,10293200.00
2012-10-01,68.919998,69.449997,68.919998,69.129997,46.890289,9647200.00
2012-10-02,69.120003,69.279999,68.639999,68.959999,46.774982,10062700.00
2012-10-03,69.190002,69.320000,68.730003,69.000000,46.802120,8557900.00
2012-10-04,69.099998,69.500000,69.010002,69.269997,46.985252,9395900.00
2012-10-05,69.459999,69.739998,69.320000,69.650002,47.243019,9429900.00
2012-10-08,69.599998,69.650002,69.169998,69.440002,47.100559,6444600.00
2012-10-09,68.620003,68.970001,68.099998,68.410004,46.401917,15365900.00
2012-10-10,68.379997,68.489998,67.980003,68.220001,46.273052,10710100.00
2012-10-11,68.209999,68.300003,67.860001,67.970001,46.103485,9505500.00
2012-10-12,68.180000,68.510002,67.800003,67.970001,46.103485,8685500.00
2012-10-15,68.180000,68.989998,68.070000,68.599998,46.530800,14868000.00
2012-10-16,69.300003,69.800003,69.019997,69.550003,47.175179,13688800.00
2012-10-17,69.730003,71.180000,69.550003,71.000000,48.158684,26522700.00
2012-10-18,70.870003,72.739998,70.820000,72.519997,49.189697,33591100.00
2012-10-19,72.110001,72.239998,71.730003,71.860001,48.742023,18391000.00
2012-10-22,71.790001,72.290001,71.330002,71.779999,48.687771,14033400.00
2012-10-23,71.169998,71.529999,70.529999,70.889999,48.084080,11086000.00
2012-10-24,70.989998,71.199997,70.669998,70.739998,47.982349,8572000.00
2012-10-25,71.010002,71.559998,70.989998,71.139999,48.253677,9672700.00
2012-10-26,71.000000,71.320000,70.559998,70.900002,48.090878,8965200.00
2012-10-31,71.110001,71.250000,70.480003,70.820000,48.036610,9950600.00
2012-11-01,71.099998,71.900002,70.830002,71.500000,48.497829,11226000.00
2012-11-02,71.699997,71.699997,70.830002,70.900002,48.090878,7946700.00
2012-11-05,70.860001,71.000000,70.470001,70.790001,48.016266,6874500.00
2012-11-06,71.000000,71.620003,70.889999,71.010002,48.165493,7927500.00
2012-11-07,70.690002,70.989998,69.699997,70.339996,47.711040,12719700.00
2012-11-08,70.150002,70.419998,69.650002,69.650002,47.243019,12652100.00
2012-11-09,69.559998,70.260002,69.430000,69.870003,47.392227,10511700.00
2012-11-12,69.790001,70.050003,69.309998,69.680000,47.263348,9761000.00
2012-11-13,69.519997,70.110001,69.400002,69.510002,47.148045,8244500.00
2012-11-14,69.629997,69.760002,69.029999,69.269997,46.985252,10470700.00
2012-11-15,68.989998,69.199997,68.720001,69.070000,46.849586,11803600.00
2012-11-16,68.870003,69.269997,68.510002,69.190002,46.930992,14272300.00
2012-11-19,69.540001,69.809998,69.040001,69.250000,46.971668,12337400.00
2012-11-20,69.260002,69.709999,69.139999,69.669998,47.256557,9859500.00
2012-11-21,69.629997,69.879997,69.449997,69.589996,47.202309,7639900.00
2012-11-23,69.080002,69.559998,68.949997,69.559998,47.599182,5450100.00
2012-11-26,69.120003,69.500000,68.820000,69.089996,47.277592,9884800.00
2012-11-27,69.010002,69.150002,68.730003,68.809998,47.085976,8763200.00
2012-11-28,68.709999,69.379997,68.599998,69.290001,47.414436,9983200.00
2012-11-29,69.470001,69.559998,69.050003,69.220001,47.366547,9853400.00
2012-11-30,69.389999,69.919998,69.180000,69.730003,47.715534,13480700.00
2012-12-03,69.800003,69.919998,69.360001,69.650002,47.660789,9928900.00
2012-12-04,69.580002,70.489998,69.449997,69.860001,47.804478,14278100.00
2012-12-05,69.930000,70.290001,69.580002,69.970001,47.879768,11037100.00
2012-12-06,70.339996,70.339996,69.800003,70.050003,47.934498,9459200.00
2012-12-07,70.040001,70.519997,69.860001,70.449997,48.208210,10021300.00
2012-12-10,70.260002,70.800003,70.260002,70.599998,48.310856,9700300.00
2012-12-11,70.930000,71.620003,70.750000,71.099998,48.652996,14933700.00
2012-12-12,71.209999,71.370003,70.849998,70.959999,48.557198,11783300.00
2012-12-13,70.900002,71.000000,70.620003,70.750000,48.413494,8838900.00
2012-12-14,70.620003,70.860001,70.489998,70.690002,48.372437,10263600.00
2012-12-17,70.839996,71.180000,70.779999,70.940002,48.543510,14317200.00
2012-12-18,71.059998,71.099998,70.500000,70.949997,48.550358,16352400.00
2012-12-19,70.910004,71.309998,70.629997,70.629997,48.331387,11865600.00
2012-12-20,70.739998,70.900002,70.489998,70.750000,48.413494,11775800.00
2012-12-21,70.559998,70.750000,70.059998,70.269997,48.085041,22142300.00
2012-12-24,70.320000,70.400002,69.940002,70.019997,47.913963,5006500.00
2012-12-26,69.949997,70.360001,69.879997,70.169998,48.016613,7737300.00
2012-12-27,70.129997,70.400002,69.800003,70.089996,47.961868,10700400.00
2012-12-28,69.839996,70.070000,69.419998,69.480003,47.544456,9691100.00
2012-12-31,69.239998,70.110001,69.180000,70.099998,47.968727,12770000.00
2013-01-02,71.019997,71.019997,70.300003,70.839996,48.475090,12874200.00
2013-01-03,70.980003,71.000000,70.449997,70.739998,48.406666,9598300.00
2013-01-04,71.239998,71.730003,71.010002,71.550003,48.960930,11631800.00
2013-01-07,71.500000,71.529999,71.190002,71.400002,48.858299,7548800.00
2013-01-08,71.309998,71.650002,71.250000,71.410004,48.865135,9825300.00
2013-01-09,71.639999,71.849998,71.500000,71.730003,49.084099,7672800.00
2013-01-10,71.809998,72.379997,71.739998,72.190002,49.398888,11888500.00
2013-01-11,72.190002,72.580002,72.160004,72.349998,49.508369,7766700.00
2013-01-14,72.599998,72.790001,72.370003,72.559998,49.652050,7386000.00
2013-01-15,72.250000,72.440002,72.000000,72.370003,49.522041,7795100.00
2013-01-16,72.260002,72.820000,72.250000,72.580002,49.665733,8779900.00
2013-01-17,72.879997,73.010002,72.370003,72.900002,49.884720,10570100.00
2013-01-18,72.900002,73.230003,72.790001,73.230003,50.110546,13558600.00
2013-01-22,72.919998,73.209999,72.419998,72.690002,49.741024,11469800.00
2013-01-23,72.519997,72.910004,72.470001,72.849998,49.850510,10155100.00
2013-01-24,72.959999,73.230003,72.839996,73.099998,50.021587,9369700.00
2013-01-25,73.129997,73.930000,73.059998,73.919998,50.582687,10421500.00
2013-01-28,73.959999,74.000000,73.430000,73.620003,50.377403,9420900.00
2013-01-29,73.669998,74.620003,73.639999,74.410004,50.917992,12386500.00
2013-01-30,74.449997,74.800003,74.010002,74.089996,50.699020,9245500.00
2013-01-31,74.080002,74.360001,73.779999,73.919998,50.582687,10448700.00
2013-02-01,74.139999,74.419998,74.080002,74.180000,50.760612,10016300.00
2013-02-04,73.559998,74.250000,73.559998,74.110001,50.712719,9200700.00
2013-02-05,74.489998,74.820000,74.470001,74.660004,51.089058,10230800.00
2013-02-06,74.570000,75.389999,74.519997,75.389999,51.588593,12084000.00
2013-02-07,74.820000,75.199997,74.680000,75.059998,51.362793,9798200.00
2013-02-08,75.169998,75.610001,74.730003,75.480003,51.650204,8153300.00
2013-02-11,75.279999,75.500000,75.050003,75.410004,51.602280,5697100.00
2013-02-12,75.419998,75.860001,75.419998,75.800003,51.869156,7598900.00
2013-02-13,75.790001,75.870003,75.370003,75.660004,51.773373,8014800.00
2013-02-14,75.500000,76.089996,75.379997,75.809998,51.876011,9681800.00
2013-02-15,75.720001,76.160004,75.510002,76.160004,52.115498,10528400.00
2013-02-19,76.029999,77.000000,75.959999,76.959999,52.662968,9747400.00
2013-02-20,76.790001,76.970001,76.540001,76.650002,52.450806,7857500.00
2013-02-21,76.470001,77.019997,76.379997,76.870003,52.601360,9465700.00
2013-02-22,76.389999,76.489998,75.970001,76.250000,52.594444,8571500.00
2013-02-25,76.470001,76.660004,75.570000,75.570000,52.125404,10603300.00
2013-02-26,75.879997,76.339996,75.500000,75.750000,52.249573,10742100.00
2013-02-27,75.680000,76.449997,75.599998,76.320000,52.642723,8180300.00
2013-02-28,76.230003,76.489998,76.110001,76.110001,52.497890,11806300.00
2013-03-01,75.790001,76.769997,75.730003,76.699997,52.904835,9528300.00
2013-03-04,76.730003,77.279999,76.730003,77.199997,53.249729,12628000.00
2013-03-05,77.559998,77.709999,77.440002,77.660004,53.567020,9399400.00
2013-03-06,77.690002,77.739998,77.220001,77.389999,53.380779,8535200.00
2013-03-07,77.620003,77.959999,77.589996,77.750000,53.629105,7996500.00
2013-03-08,77.839996,78.220001,77.699997,78.190002,53.932610,8554100.00
2013-03-11,77.919998,78.519997,77.839996,78.440002,54.105042,8807600.00
2013-03-12,78.500000,78.690002,78.209999,78.559998,54.187809,8790500.00
2013-03-13,78.519997,78.669998,78.199997,78.550003,54.180923,7983400.00
2013-03-14,78.669998,79.099998,78.489998,79.099998,54.560280,10130400.00
2013-03-15,78.620003,79.239998,78.620003,79.190002,54.622353,18296500.00
2013-03-18,78.720001,79.190002,78.699997,78.809998,54.360233,8005400.00
2013-03-19,78.980003,79.089996,78.500000,78.860001,54.394745,7095800.00
2013-03-20,79.180000,79.610001,79.169998,79.449997,54.801701,8000800.00
2013-03-21,79.120003,79.500000,78.769997,79.010002,54.498203,8436300.00
2013-03-22,79.110001,79.739998,79.019997,79.739998,55.001724,6873100.00
2013-03-25,79.830002,79.940002,79.470001,79.680000,54.960335,9616600.00
2013-03-26,79.930000,80.879997,79.849998,80.849998,55.767357,12682900.00
2013-03-27,80.559998,81.349998,80.269997,81.269997,56.057056,10703400.00
2013-03-28,81.370003,81.589996,80.949997,81.529999,56.236412,11332100.00
2013-04-01,81.389999,81.959999,81.279999,81.930000,56.512314,7376800.00
2013-04-02,82.000000,82.690002,81.900002,82.690002,57.036530,10342200.00
2013-04-03,82.739998,82.949997,81.570000,82.070000,56.608868,12254000.00
2013-04-04,82.199997,82.720001,81.930000,82.410004,56.843418,10303000.00
2013-04-05,81.790001,82.110001,81.620003,82.040001,56.588173,8581400.00
2013-04-08,81.269997,81.389999,80.309998,81.110001,55.946712,15828500.00
2013-04-09,81.260002,81.750000,81.239998,81.519997,56.229488,9111000.00
2013-04-10,81.830002,82.199997,81.739998,82.019997,56.574379,7583200.00
2013-04-11,82.139999,82.959999,82.080002,82.320000,56.781315,9882700.00
2013-04-12,82.250000,82.739998,82.169998,82.739998,57.071011,6987000.00
2013-04-15,82.720001,83.089996,81.709999,81.709999,56.360573,12385800.00
2013-04-16,82.330002,83.540001,82.070000,83.440002,57.553852,12620000.00
2013-04-17,83.360001,84.430000,83.290001,83.900002,57.871143,13693300.00
2013-04-18,83.959999,84.300003,83.029999,83.180000,57.374500,9921500.00
2013-04-19,83.510002,84.570000,83.470001,84.489998,58.278091,10787600.00
2013-04-22,84.589996,84.930000,84.199997,84.830002,58.512630,6989900.00
2013-04-23,84.989998,85.680000,84.000000,85.449997,58.940292,8982100.00
2013-04-24,85.680000,85.739998,84.279999,84.389999,58.209110,9480600.00
2013-04-25,84.540001,85.440002,84.339996,85.220001,58.781658,8689400.00
2013-04-26,85.300003,85.489998,84.809998,85.120003,58.712654,6784700.00
2013-04-29,85.019997,85.889999,84.910004,85.580002,59.029934,8038000.00
2013-04-30,85.389999,85.699997,84.889999,85.230003,58.788555,12099600.00
2013-05-01,84.500000,85.129997,83.879997,84.230003,58.098774,12312100.00
2013-05-02,84.440002,85.209999,84.169998,85.160004,58.740265,8668900.00
2013-05-03,85.580002,85.989998,85.449997,85.750000,59.147198,9213800.00
2013-05-06,85.779999,85.779999,84.550003,84.680000,58.409153,8815600.00
2013-05-07,84.870003,85.570000,84.629997,85.529999,58.995461,9061800.00
2013-05-08,85.480003,85.599998,84.930000,85.459999,58.947182,8044600.00
2013-05-09,85.449997,85.690002,84.959999,85.150002,58.733356,8342000.00
2013-05-10,85.290001,85.760002,85.180000,85.760002,59.154110,7594800.00
2013-05-13,85.559998,86.070000,85.440002,85.849998,59.216194,6631500.00
2013-05-14,85.760002,87.080002,85.760002,86.970001,59.988701,10360700.00
2013-05-15,86.940002,87.879997,86.940002,87.639999,60.450848,13444400.00
2013-05-16,87.330002,87.769997,87.059998,87.449997,60.319805,9441900.00
2013-05-17,87.470001,88.199997,87.410004,88.089996,60.761261,11437700.00
2013-05-20,88.099998,88.199997,87.809998,88.010002,60.706074,7235800.00
2013-05-21,87.940002,88.639999,87.790001,88.589996,61.106117,10099600.00
2013-05-22,88.699997,89.989998,88.199997,88.459999,61.016468,13825900.00
2013-05-23,87.110001,87.970001,87.000000,87.209999,60.606457,14446900.00
2013-05-24,86.800003,87.029999,86.489998,86.820000,60.335403,10390100.00
2013-05-28,87.540001,88.290001,87.269997,87.610001,60.884422,8380200.00
2013-05-29,87.080002,87.160004,85.139999,85.650002,59.522346,11872100.00
2013-05-30,85.709999,86.309998,85.680000,85.989998,59.758598,7801200.00
2013-05-31,85.680000,85.989998,84.180000,84.180000,58.500748,13302700.00
2013-06-03,84.279999,84.709999,83.370003,84.709999,58.869057,11768500.00
2013-06-04,84.720001,85.029999,83.559998,84.099998,58.445148,9972000.00
2013-06-05,83.910004,85.000000,83.480003,83.680000,58.153275,9839100.00
2013-06-06,83.589996,84.459999,82.650002,84.459999,58.695324,10671000.00
2013-06-07,84.959999,85.180000,84.400002,84.910004,59.008072,8907700.00
2013-06-10,85.010002,85.709999,84.730003,85.139999,59.167904,8477100.00
2013-06-11,84.760002,85.019997,84.129997,84.690002,58.855164,8967000.00
2013-06-12,85.180000,85.500000,83.699997,83.739998,58.194973,8413200.00
2013-06-13,83.599998,84.959999,83.080002,84.910004,59.008072,8570000.00
2013-06-14,84.709999,85.480003,84.660004,84.910004,59.008072,6357100.00
2013-06-17,85.370003,86.400002,84.980003,85.629997,59.508430,8429100.00
2013-06-18,85.750000,86.440002,85.629997,86.360001,60.015747,7233600.00
2013-06-19,86.430000,86.500000,84.800003,84.860001,58.973328,8288400.00
2013-06-20,84.209999,84.449997,82.120003,82.620003,57.416637,15172600.00
2013-06-21,83.000000,84.320000,82.500000,83.199997,57.819691,20715800.00
2013-06-24,82.919998,85.309998,82.809998,84.610001,58.799583,14777500.00
2013-06-25,85.160004,85.589996,84.540001,85.349998,59.313839,11239400.00
2013-06-26,85.949997,87.320000,85.940002,86.989998,60.453545,11966500.00
2013-06-27,87.529999,87.820000,86.489998,86.709999,60.258984,8890300.00
2013-06-28,86.720001,87.379997,85.849998,85.860001,59.668289,11896300.00
2013-07-01,85.720001,87.639999,85.500000,86.629997,60.203392,9905200.00
2013-07-02,86.650002,87.199997,86.209999,86.570000,60.161663,8572100.00
2013-07-03,86.540001,87.040001,86.099998,86.779999,60.307617,3599900.00
2013-07-05,87.580002,87.879997,86.919998,87.870003,61.065113,5403600.00
2013-07-08,88.089996,88.989998,87.970001,88.589996,61.565460,12051400.00
2013-07-09,88.650002,89.080002,88.360001,88.879997,61.766994,9348600.00
2013-07-10,88.879997,89.480003,88.809998,89.239998,62.017189,7067100.00
2013-07-11,89.809998,89.930000,89.000000,89.669998,62.315998,8941300.00
2013-07-12,89.690002,89.989998,89.379997,89.989998,62.538410,7590600.00
2013-07-15,89.910004,90.809998,89.760002,90.400002,62.823341,13343200.00
2013-07-16,91.040001,91.660004,90.129997,90.400002,62.823341,11409200.00
2013-07-17,90.580002,90.970001,89.879997,90.129997,62.635681,12832200.00
2013-07-18,90.330002,90.949997,90.059998,90.169998,62.663490,8329300.00
2013-07-19,90.239998,92.269997,90.050003,92.230003,64.095100,12506300.00
2013-07-22,92.080002,92.559998,91.610001,92.279999,64.129837,9916200.00
2013-07-23,92.389999,92.860001,92.110001,92.419998,64.227112,8467700.00
2013-07-24,92.650002,92.660004,91.750000,92.360001,64.185417,6846300.00
2013-07-25,92.000000,92.750000,91.750000,92.570000,64.331337,7368000.00
2013-07-26,92.320000,92.930000,91.650002,92.830002,64.512062,8663700.00
2013-07-29,92.629997,93.389999,92.610001,93.209999,64.776138,7925000.00
2013-07-30,93.470001,93.970001,93.019997,93.169998,64.748344,8863000.00
2013-07-31,93.230003,94.419998,93.190002,93.500000,64.977676,11365700.00
2013-08-01,94.160004,94.400002,93.699997,93.769997,65.165291,11098600.00
2013-08-02,93.559998,94.389999,93.449997,94.389999,65.596191,8503100.00
2013-08-05,94.050003,94.300003,93.430000,93.800003,65.186150,7192400.00
2013-08-06,93.879997,93.940002,93.500000,93.809998,65.193115,6415000.00
2013-08-07,93.599998,94.029999,93.470001,93.660004,65.088860,9056900.00
2013-08-08,94.269997,94.370003,92.709999,93.339996,64.866478,11090000.00
2013-08-09,93.389999,93.389999,91.779999,92.360001,64.185417,12135800.00
2013-08-12,92.080002,92.769997,91.750000,92.000000,63.935268,11012300.00
2013-08-13,91.889999,93.349998,91.760002,93.010002,64.637131,10099800.00
2013-08-14,92.790001,92.949997,90.510002,90.699997,63.031807,12716800.00
2013-08-15,90.320000,90.410004,89.089996,89.550003,62.232628,12010700.00
2013-08-16,89.129997,89.800003,88.769997,89.370003,62.107536,14100700.00
2013-08-19,89.470001,91.250000,89.349998,90.449997,62.858070,8687000.00
2013-08-20,90.550003,91.650002,89.730003,89.730003,62.357716,8559200.00
2013-08-21,89.470001,89.629997,88.680000,88.800003,61.711437,7940700.00
2013-08-22,88.760002,89.029999,88.120003,88.260002,61.336147,7191900.00
2013-08-23,87.930000,88.440002,87.209999,88.410004,61.903297,7714900.00
2013-08-26,88.360001,88.480003,87.389999,87.529999,61.287121,6724500.00
2013-08-27,86.970001,87.080002,85.959999,86.169998,60.334866,9941200.00
2013-08-28,86.360001,86.910004,85.879997,86.529999,60.586941,8829200.00
2013-08-29,86.410004,87.139999,85.989998,86.570000,60.614933,5768800.00
2013-08-30,86.779999,86.779999,85.849998,86.410004,60.502930,7471300.00
2013-09-03,86.889999,87.300003,86.029999,86.419998,60.509930,7590500.00
2013-09-04,86.459999,87.250000,86.250000,86.900002,60.846027,8458800.00
2013-09-05,87.000000,87.169998,86.620003,87.040001,60.944035,5647900.00
2013-09-06,87.220001,87.919998,86.000000,87.160004,61.028053,10034900.00
2013-09-09,87.389999,87.599998,87.010002,87.559998,61.308151,6819700.00
2013-09-10,88.139999,88.580002,87.849998,88.529999,61.987301,8658700.00
2013-09-11,88.629997,89.269997,88.139999,89.230003,62.477448,8098100.00
2013-09-12,89.300003,89.570000,88.879997,89.010002,62.323399,7938500.00
2013-09-13,89.129997,89.250000,88.199997,88.570000,62.015339,7738600.00
2013-09-16,89.430000,89.570000,88.830002,89.029999,62.337402,7563700.00
2013-09-17,89.050003,89.220001,88.580002,89.059998,62.358402,6291100.00
2013-09-18,88.910004,89.910004,88.300003,89.910004,62.953545,10115500.00
2013-09-19,90.050003,90.199997,89.790001,90.070000,63.065590,6721000.00
2013-09-20,90.199997,90.720001,89.680000,89.680000,62.792526,14708600.00
2013-09-23,89.430000,89.750000,88.809998,89.089996,62.379410,7376200.00
2013-09-24,89.019997,89.199997,88.150002,88.220001,61.770264,7797500.00
2013-09-25,88.419998,88.470001,87.070000,87.080002,60.972042,7493200.00
2013-09-26,87.279999,87.699997,86.720001,87.070000,60.965046,6400600.00
2013-09-27,86.809998,86.940002,86.440002,86.730003,60.726982,5461100.00
2013-09-30,86.330002,86.949997,86.150002,86.690002,60.698971,7962300.00
2013-10-01,86.589996,87.489998,86.260002,87.470001,61.245110,6318700.00
2013-10-02,87.129997,87.290001,86.440002,87.290001,61.119102,6383400.00
2013-10-03,87.190002,87.400002,86.279999,86.580002,60.621929,7724600.00
2013-10-04,86.820000,87.419998,86.559998,87.309998,61.133083,6050000.00
2013-10-07,86.699997,86.980003,86.290001,86.589996,60.628948,5705200.00
2013-10-08,86.620003,86.739998,85.570000,85.610001,59.942776,8669800.00
2013-10-09,85.930000,86.230003,85.500000,85.959999,60.187851,8014200.00
2013-10-10,86.720001,87.779999,86.699997,87.779999,61.462173,8647900.00
2013-10-11,88.620003,89.480003,88.019997,89.449997,62.631496,8449800.00
2013-10-14,88.830002,89.889999,88.629997,89.800003,62.876534,9198600.00
2013-10-15,90.330002,91.459999,89.930000,89.930000,62.967564,11024000.00
2013-10-16,90.419998,91.169998,90.160004,91.110001,63.793774,8116000.00
2013-10-17,90.870003,92.000000,90.769997,91.970001,64.395935,8569600.00
2013-10-18,91.750000,92.050003,91.139999,91.629997,64.157890,9082600.00
2013-10-21,91.629997,91.629997,90.769997,91.199997,63.856819,6940500.00
2013-10-22,91.529999,92.559998,91.500000,92.360001,64.669022,9635500.00
2013-10-23,92.070000,92.430000,91.519997,92.099998,64.486961,6449600.00
2013-10-24,92.650002,92.989998,92.139999,92.349998,64.662025,5251000.00
2013-10-25,92.040001,92.269997,91.779999,92.089996,64.479973,6076000.00
2013-10-28,91.959999,92.800003,91.919998,92.389999,64.690025,6551000.00
2013-10-29,92.800003,93.180000,92.580002,93.139999,65.215141,6096700.00
2013-10-30,93.269997,93.449997,92.650002,92.790001,64.970078,6295400.00
2013-10-31,92.849998,93.349998,92.320000,92.610001,64.844063,7773900.00
2013-11-01,92.379997,93.580002,92.379997,93.370003,65.376213,6835900.00
2013-11-04,93.459999,93.500000,92.430000,93.029999,65.138153,6862500.00
2013-11-05,92.540001,92.949997,92.279999,92.809998,64.984108,5350600.00
2013-11-06,93.029999,93.199997,92.720001,93.040001,65.145134,5301300.00
2013-11-07,93.190002,93.349998,92.690002,92.690002,64.900101,6116900.00
2013-11-08,92.629997,94.099998,92.559998,94.050003,65.852333,7229500.00
2013-11-11,93.970001,94.639999,93.940002,94.290001,66.020355,4723100.00
2013-11-12,93.980003,94.089996,93.000000,93.559998,65.509232,7639600.00
2013-11-13,93.360001,93.449997,92.320000,93.339996,65.355194,8954300.00
2013-11-14,93.400002,94.139999,93.400002,93.919998,65.761292,7045700.00
2013-11-15,93.629997,94.400002,93.550003,94.389999,66.090401,7063000.00
2013-11-18,94.360001,94.599998,94.010002,94.300003,66.027382,8492000.00
2013-11-19,94.269997,94.919998,94.000000,94.860001,66.419487,6624200.00
2013-11-20,94.940002,95.470001,94.660004,95.150002,66.622536,7076500.00
2013-11-21,95.459999,95.750000,95.050003,95.199997,66.657532,6896200.00
2013-11-22,94.389999,95.580002,94.389999,95.250000,67.158134,6462100.00
2013-11-25,95.489998,95.989998,95.080002,95.629997,67.426048,6374600.00
2013-11-26,95.580002,95.870003,94.970001,95.059998,67.024178,7267600.00
2013-11-27,95.339996,95.370003,94.610001,94.980003,66.967766,4603800.00
2013-11-29,95.230003,95.500000,94.430000,94.660004,66.742165,4106800.00
2013-12-02,94.410004,94.660004,93.970001,94.279999,66.474228,5827400.00
2013-12-03,94.199997,94.559998,93.510002,93.970001,66.255646,9061100.00
2013-12-04,93.760002,94.250000,93.129997,93.629997,66.015930,6218500.00
2013-12-05,93.419998,93.629997,92.660004,92.970001,65.550575,8666200.00
2013-12-06,93.599998,94.480003,93.419998,94.440002,66.587044,7280400.00
2013-12-09,94.300003,94.480003,93.699997,94.440002,66.587044,6974500.00
2013-12-10,94.580002,94.790001,93.959999,94.139999,66.375481,7576600.00
2013-12-11,94.400002,94.449997,93.029999,93.110001,65.649277,9424300.00
2013-12-12,92.839996,92.860001,91.070000,91.160004,64.274406,12285700.00
2013-12-13,91.459999,91.860001,91.080002,91.349998,64.408356,7909000.00
2013-12-16,91.419998,92.320000,91.160004,91.370003,64.422470,6623000.00
2013-12-17,91.300003,91.330002,90.500000,90.660004,63.921864,8794000.00
2013-12-18,90.949997,92.660004,89.769997,92.639999,65.317917,9691100.00
2013-12-19,92.400002,92.400002,91.419998,91.980003,64.852547,7341000.00
2013-12-20,91.949997,92.750000,91.949997,92.089996,64.930115,11265000.00
2013-12-23,92.559998,92.680000,91.760002,92.029999,64.887802,5312200.00
2013-12-24,92.180000,92.389999,91.849998,92.059998,64.908966,3147300.00
2013-12-26,91.989998,92.540001,91.769997,92.540001,65.247383,3459100.00
2013-12-27,92.769997,92.959999,92.180000,92.349998,65.113434,3511300.00
2013-12-30,92.160004,92.300003,91.730003,92.300003,65.078178,4370100.00
2013-12-31,92.169998,92.220001,91.150002,91.589996,64.577591,6348200.00
2014-01-02,91.139999,91.730003,91.010002,91.029999,64.182739,5919600.00
2014-01-03,91.290001,92.220001,91.260002,91.849998,64.760895,5637600.00
2014-01-06,91.930000,92.750000,91.870003,92.330002,65.099342,7443500.00
2014-01-07,93.040001,94.620003,92.989998,94.290001,66.481247,11063300.00
2014-01-08,94.169998,94.599998,93.879997,94.160004,66.389610,9096700.00
2014-01-09,94.940002,95.379997,94.089996,94.730003,66.791519,7944700.00
2014-01-10,94.639999,94.980003,94.139999,94.739998,66.798546,6697400.00
2014-01-13,94.370003,94.989998,94.059998,94.500000,66.629341,9589200.00
2014-01-14,94.599998,94.900002,94.320000,94.720001,66.784447,7567300.00
2014-01-15,94.650002,95.269997,94.510002,94.800003,66.840851,7390700.00
2014-01-16,94.599998,95.089996,94.230003,94.639999,66.728035,8401100.00
2014-01-17,94.720001,95.169998,94.379997,95.059998,67.024170,13714400.00
2014-01-21,94.930000,95.099998,92.620003,94.029999,66.297958,16368400.00
2014-01-22,93.989998,94.550003,93.540001,94.320000,66.502441,8875500.00
2014-01-23,93.739998,93.800003,92.410004,92.739998,65.388420,9322300.00
2014-01-24,92.120003,92.610001,90.610001,90.610001,63.886627,10604200.00
2014-01-27,90.300003,90.760002,89.849998,89.940002,63.414207,8685200.00
2014-01-28,90.580002,90.599998,89.790001,90.099998,63.527016,8254400.00
2014-01-29,89.470001,89.709999,88.529999,88.900002,62.680939,11160100.00
2014-01-30,89.620003,89.779999,89.010002,89.500000,63.103962,6874900.00
2014-01-31,89.010002,89.339996,88.150002,88.470001,62.377731,12193800.00
2014-02-03,88.750000,88.779999,86.610001,86.779999,61.186188,13944600.00
2014-02-04,86.930000,87.279999,86.089996,86.620003,61.073357,11436400.00
2014-02-05,86.489998,87.669998,86.480003,87.279999,61.538704,10667300.00
2014-02-06,87.629997,88.760002,87.550003,88.750000,62.575169,10037900.00
2014-02-07,88.919998,90.040001,88.610001,90.040001,63.484695,9435100.00
2014-02-10,90.239998,91.080002,89.800003,91.070000,64.210938,8080200.00
2014-02-11,91.089996,92.970001,90.949997,92.970001,65.550568,11556300.00
2014-02-12,92.949997,92.989998,91.949997,92.419998,65.162766,7696100.00
2014-02-13,92.000000,92.620003,91.709999,92.559998,65.261490,5926000.00
2014-02-14,92.599998,92.949997,92.029999,92.760002,65.402534,5485100.00
2014-02-18,92.769997,92.849998,92.089996,92.169998,64.986534,6926500.00
2014-02-19,92.150002,92.750000,91.570000,91.639999,64.612846,7693400.00
2014-02-20,91.690002,92.730003,91.309998,92.379997,65.134598,8160100.00
2014-02-21,91.860001,92.250000,91.449997,91.519997,64.992546,7381500.00
2014-02-24,91.449997,92.059998,91.099998,91.110001,64.701408,8406700.00
2014-02-25,91.589996,91.870003,90.660004,91.110001,64.701408,6383400.00
2014-02-26,91.110001,91.540001,90.769997,91.110001,64.701408,6334100.00
2014-02-27,91.160004,91.419998,90.750000,91.360001,64.878960,7040300.00
2014-02-28,91.419998,92.639999,91.059998,92.120003,65.418640,9643700.00
2014-03-03,91.129997,91.980003,90.830002,91.559998,65.020966,7506700.00
2014-03-04,92.470001,93.459999,92.250000,93.339996,66.285011,8796300.00
2014-03-05,93.269997,93.300003,92.379997,92.589996,65.752396,6842500.00
2014-03-06,93.190002,93.650002,92.820000,92.889999,65.965469,7718300.00
2014-03-07,93.370003,93.480003,92.690002,93.320000,66.270821,6792000.00
2014-03-10,93.169998,93.489998,92.790001,93.449997,66.363129,4878200.00
2014-03-11,93.709999,93.750000,93.089996,93.489998,66.391525,5837200.00
2014-03-12,92.820000,93.620003,92.650002,93.599998,66.469681,6154900.00
2014-03-13,93.849998,94.199997,92.980003,93.000000,66.043564,7659400.00
2014-03-14,92.879997,93.440002,92.459999,92.809998,65.908630,7337800.00
2014-03-17,93.260002,94.180000,93.180000,93.930000,66.704002,5872600.00
2014-03-18,93.900002,94.239998,93.480003,93.940002,66.711121,5891900.00
2014-03-19,93.889999,94.360001,92.919998,93.589996,66.462563,5937600.00
2014-03-20,93.519997,94.190002,92.959999,94.120003,66.838913,5727400.00
2014-03-21,94.769997,95.930000,93.879997,95.930000,68.124298,23988800.00
2014-03-24,95.300003,95.430000,94.540001,95.199997,67.605896,13944100.00
2014-03-25,95.699997,97.699997,95.699997,97.379997,69.154015,14167300.00
2014-03-26,97.510002,98.470001,97.050003,97.050003,68.919670,11215100.00
2014-03-27,97.080002,97.699997,96.260002,97.279999,69.082993,8694600.00
2014-03-28,97.510002,98.220001,96.959999,97.440002,69.196617,8816000.00
2014-03-31,98.000000,98.599998,97.610001,98.230003,69.757622,7545700.00
2014-04-01,98.309998,98.680000,97.370003,97.940002,69.551682,7068500.00
2014-04-02,98.010002,98.389999,97.370003,98.230003,69.757622,7995600.00
2014-04-03,97.970001,98.339996,97.529999,98.260002,69.778938,5471200.00
2014-04-04,98.620003,99.379997,98.320000,98.419998,69.892570,10309700.00
2014-04-07,98.389999,99.360001,97.830002,97.889999,69.516197,11409200.00
2014-04-08,98.029999,98.730003,97.500000,98.059998,69.636917,9601800.00
2014-04-09,98.419998,99.000000,97.779999,98.949997,70.268936,8921300.00
2014-04-10,98.860001,98.930000,96.519997,96.540001,68.557487,9667800.00
2014-04-11,96.199997,97.199997,96.050003,96.870003,68.791847,8710700.00
2014-04-14,97.279999,97.360001,96.250000,97.139999,68.983597,8617200.00
2014-04-15,98.449997,99.209999,98.050003,99.199997,70.446495,13999100.00
2014-04-16,99.570000,99.709999,98.070000,98.750000,70.126884,11308000.00
2014-04-17,98.690002,99.650002,98.690002,98.959999,70.276031,9153500.00
2014-04-21,99.010002,100.129997,98.669998,100.000000,71.014610,7031400.00
2014-04-22,100.000000,100.750000,99.739998,100.180000,71.142418,7937900.00
2014-04-23,100.239998,100.559998,99.919998,100.220001,71.170837,5876000.00
2014-04-24,100.239998,100.370003,99.550003,99.959999,70.986191,6149900.00
2014-04-25,99.970001,100.260002,99.400002,99.790001,70.865471,5895900.00
2014-04-28,100.559998,101.500000,100.120003,101.339996,71.966179,8792900.00
2014-04-29,101.629997,101.980003,100.959999,101.029999,71.746063,7811200.00
2014-04-30,100.839996,101.669998,100.699997,101.290001,71.930687,8513600.00
2014-05-01,100.769997,101.029999,99.930000,100.529999,71.390968,6590500.00
2014-05-02,100.169998,100.379997,98.879997,99.309998,70.524574,8744200.00
2014-05-05,99.290001,100.169998,99.040001,100.000000,71.014610,5438200.00
2014-05-06,100.019997,100.019997,99.510002,99.510002,70.666641,5795900.00
2014-05-07,99.849998,101.050003,99.349998,100.910004,71.660828,8720800.00
2014-05-08,100.669998,101.089996,100.360001,100.500000,71.369652,5667900.00
2014-05-09,100.860001,101.250000,100.410004,100.910004,71.660828,5691700.00
2014-05-12,101.239998,101.239998,100.419998,100.519997,71.383858,7437300.00
2014-05-13,100.900002,101.489998,100.629997,101.019997,71.738953,6183200.00
2014-05-14,100.949997,101.099998,100.769997,100.870003,71.632408,4187200.00
2014-05-15,100.639999,100.839996,100.410004,100.690002,71.504608,7007600.00
2014-05-16,100.570000,100.889999,100.139999,100.580002,71.426476,6516900.00
2014-05-19,100.220001,100.930000,100.129997,100.639999,71.469109,6997200.00
2014-05-20,100.809998,100.980003,99.959999,100.250000,71.192116,5438400.00
2014-05-21,100.599998,101.199997,100.529999,101.139999,71.824173,5302500.00
2014-05-22,100.580002,101.010002,100.080002,100.959999,72.195992,5124900.00
2014-05-23,101.040001,101.160004,100.669998,100.980003,72.210350,5275700.00
2014-05-27,101.099998,101.360001,100.269997,100.809998,72.088760,4524400.00
2014-05-28,100.669998,100.930000,100.120003,100.300003,71.724030,4352700.00
2014-05-29,100.559998,100.800003,100.150002,100.760002,72.053001,3685200.00
2014-05-30,100.699997,101.540001,100.550003,101.459999,72.553543,5973900.00
2014-06-02,101.540001,102.260002,101.010002,102.169998,73.061264,5845400.00
2014-06-03,101.910004,102.599998,101.839996,102.459999,73.268669,6681300.00
2014-06-04,102.230003,102.709999,101.940002,102.680000,73.425972,5608600.00
2014-06-05,102.779999,103.360001,102.419998,103.220001,73.812119,4730900.00
2014-06-06,103.250000,103.330002,102.839996,103.180000,73.783531,4624000.00
2014-06-09,103.070000,103.230003,102.680000,103.220001,73.812119,3748800.00
2014-06-10,103.470001,104.120003,102.769997,104.099998,74.441414,5792100.00
2014-06-11,103.809998,104.150002,103.129997,103.320000,73.883636,5960500.00
2014-06-12,103.180000,103.209999,102.510002,102.529999,73.318703,5930700.00
2014-06-13,102.510002,102.650002,102.169998,102.529999,73.318703,4301600.00
2014-06-16,102.519997,102.889999,101.839996,102.449997,73.261505,5645500.00
2014-06-17,102.129997,102.199997,101.379997,101.930000,72.889648,4834600.00
2014-06-18,101.910004,102.830002,101.860001,102.809998,73.518936,5445000.00
2014-06-19,102.930000,103.870003,102.809998,103.809998,74.234024,5481500.00
2014-06-20,104.370003,105.480003,104.070000,105.269997,75.278061,12459700.00
2014-06-23,104.910004,105.120003,104.440002,104.750000,74.906219,6063200.00
2014-06-24,104.629997,105.230003,104.550003,104.589996,74.791779,5915000.00
2014-06-25,104.230003,105.870003,104.230003,105.760002,75.628456,6411100.00
2014-06-26,105.839996,105.970001,105.029999,105.650002,75.549820,5106900.00
2014-06-27,105.470001,105.589996,104.449997,104.989998,75.077827,6463000.00
2014-06-30,105.620003,106.000000,104.519997,104.620003,74.813255,6877800.00
2014-07-01,105.150002,106.000000,104.989998,105.870003,75.707138,5129200.00
2014-07-02,105.699997,105.970001,105.300003,105.860001,75.699982,3764900.00
2014-07-03,105.870003,106.250000,105.110001,105.419998,75.385323,4199100.00
2014-07-07,105.419998,106.739998,105.269997,106.470001,76.136169,7014900.00
2014-07-08,106.209999,106.250000,105.519997,105.720001,75.599876,6268400.00
2014-07-09,106.000000,106.209999,105.720001,106.040001,75.828697,5720900.00
2014-07-10,105.080002,106.000000,104.519997,105.800003,75.657051,4955100.00
2014-07-11,105.839996,106.010002,104.860001,105.099998,75.156494,5461000.00
2014-07-14,105.379997,105.489998,105.110001,105.379997,75.356712,7784800.00
2014-07-15,105.230003,105.470001,102.769997,103.279999,73.855003,14219700.00
2014-07-16,103.529999,103.669998,101.949997,102.220001,73.097046,11946800.00
2014-07-17,101.900002,102.099998,100.260002,100.370003,71.774139,11218900.00
2014-07-18,100.669998,101.959999,100.370003,101.800003,72.796700,8408400.00
2014-07-21,101.440002,101.580002,101.019997,101.269997,72.417671,6379900.00
2014-07-22,101.910004,102.540001,101.779999,102.470001,73.275803,6554100.00
2014-07-23,102.800003,102.930000,101.879997,102.190002,73.075577,4815300.00
2014-07-24,102.339996,102.730003,102.019997,102.199997,73.082718,5177200.00
2014-07-25,102.269997,102.400002,101.800003,102.110001,73.018364,3951500.00
2014-07-28,101.889999,102.400002,101.660004,102.110001,73.018364,4634800.00
2014-07-29,102.449997,102.510002,101.690002,101.959999,72.911110,6053900.00
2014-07-30,102.269997,102.849998,101.809998,102.300003,73.154243,5994800.00
2014-07-31,101.769997,101.839996,100.050003,100.089996,71.573875,9141500.00
2014-08-01,99.760002,100.410004,98.800003,99.900002,71.438004,8610700.00
2014-08-04,99.989998,100.379997,99.320000,100.160004,71.623917,6790800.00
2014-08-05,99.830002,100.239998,99.550003,99.820000,71.380806,6230900.00
2014-08-06,99.669998,100.830002,99.599998,100.709999,72.017235,7412100.00
2014-08-07,101.089996,101.190002,99.580002,99.930000,71.459473,7417800.00
2014-08-08,100.209999,101.150002,99.769997,101.080002,72.281830,5618400.00
2014-08-11,101.620003,101.779999,101.010002,101.160004,72.339050,5703000.00
2014-08-12,101.000000,101.220001,100.309998,100.629997,71.960045,4577700.00
2014-08-13,101.150002,101.949997,101.150002,101.739998,72.753784,4563700.00
2014-08-14,101.889999,102.050003,101.500000,102.019997,72.954033,5239400.00
2014-08-15,102.209999,102.440002,100.800003,101.169998,72.346184,6986000.00
2014-08-18,101.919998,102.720001,101.750000,102.699997,73.440262,5979500.00
2014-08-19,102.730003,102.959999,102.019997,102.959999,73.626190,5670000.00
2014-08-20,102.870003,103.300003,102.699997,103.209999,73.804970,5183000.00
2014-08-21,103.330002,104.419998,103.330002,104.190002,74.505760,8357600.00
2014-08-22,103.629997,104.029999,102.970001,103.099998,74.224991,5076300.00
2014-08-25,103.650002,103.809998,103.089996,103.230003,74.318588,3678200.00
2014-08-26,103.470001,103.720001,103.169998,103.440002,74.469788,3512400.00
2014-08-27,103.599998,103.720001,102.910004,103.220001,74.311386,4786100.00
2014-08-28,102.900002,103.190002,102.709999,102.949997,74.117012,3482200.00
2014-08-29,103.099998,103.760002,103.010002,103.730003,74.678558,5287800.00
2014-09-02,103.300003,103.709999,103.019997,103.360001,74.412178,4644800.00
2014-09-03,103.820000,104.099998,103.540001,103.760002,74.700157,4725800.00
2014-09-04,103.989998,104.099998,103.760002,103.839996,74.757751,6147700.00
2014-09-05,103.919998,104.419998,103.339996,104.419998,75.175308,5744400.00
2014-09-08,104.419998,104.580002,103.830002,104.050003,74.908928,4900300.00
2014-09-09,104.400002,104.400002,103.550003,103.800003,74.728958,5999400.00
2014-09-10,104.190002,105.339996,103.959999,104.989998,75.585648,7402200.00
2014-09-11,104.779999,104.889999,104.099998,104.550003,75.268898,4834100.00
2014-09-12,104.540001,104.809998,103.959999,104.580002,75.290497,5929200.00
2014-09-15,104.589996,104.910004,104.349998,104.720001,75.391296,4525500.00
2014-09-16,104.489998,105.940002,104.300003,105.879997,76.226402,6081400.00
2014-09-17,105.879997,106.629997,105.800003,106.190002,76.449608,6627800.00
2014-09-18,106.180000,107.410004,106.029999,107.349998,77.284691,6628700.00
2014-09-19,107.889999,108.370003,107.620003,107.989998,77.745461,13033400.00
2014-09-22,108.000000,108.250000,107.779999,107.879997,77.666275,5788300.00
2014-09-23,107.769997,108.099998,107.190002,107.459999,77.363892,8108100.00
2014-09-24,107.699997,108.769997,107.339996,108.639999,78.213425,5890900.00
2014-09-25,108.529999,108.550003,107.070000,107.099998,77.104721,5688200.00
2014-09-26,107.410004,107.489998,106.199997,107.099998,77.104721,4467500.00
2014-09-29,106.379997,106.650002,106.040001,106.540001,76.701576,6581600.00
2014-09-30,106.500000,107.209999,106.449997,106.589996,76.737572,6822500.00
2014-10-01,105.980003,106.279999,103.949997,104.300003,75.088905,12263700.00
2014-10-02,104.059998,104.540001,103.250000,103.849998,74.764923,7566100.00
2014-10-03,104.230003,105.190002,104.129997,105.129997,75.686478,6856100.00
2014-10-06,105.680000,106.000000,104.370003,104.860001,75.492081,5015100.00
2014-10-07,104.459999,104.459999,102.339996,102.389999,73.713837,8407800.00
2014-10-08,102.430000,105.029999,102.040001,104.910004,75.528061,8337000.00
2014-10-09,104.629997,104.860001,101.790001,102.080002,73.490669,10675900.00
2014-10-10,102.349998,102.529999,101.230003,101.230003,72.878746,9984100.00
2014-10-13,101.459999,101.459999,99.019997,99.120003,71.359703,10334600.00
2014-10-14,100.529999,100.900002,95.339996,97.010002,69.840630,20807400.00
2014-10-15,96.050003,98.720001,95.099998,98.209999,70.704552,21905900.00
2014-10-16,96.970001,98.000000,96.500000,96.779999,69.675018,14575300.00
2014-10-17,97.540001,99.150002,97.309998,98.699997,71.057297,12272900.00
2014-10-20,98.830002,99.199997,98.320000,99.199997,71.417274,7988900.00
2014-10-21,99.830002,100.379997,99.339996,100.360001,72.252365,7287300.00
2014-10-22,101.099998,101.790001,100.519997,101.220001,72.871536,9360100.00
2014-10-23,102.260002,102.980003,101.940002,102.629997,73.886627,7570400.00
2014-10-24,102.949997,103.290001,102.209999,103.129997,74.246605,5973100.00
2014-10-27,103.070000,104.239998,103.040001,104.070000,74.923347,7043900.00
2014-10-28,104.550003,104.800003,103.559998,104.790001,75.441704,10347800.00
2014-10-29,105.000000,105.559998,104.860001,105.559998,75.996017,8188300.00
2014-10-30,105.169998,107.050003,104.910004,107.040001,77.061539,9068300.00
2014-10-31,107.940002,108.180000,107.260002,107.779999,77.594269,10800100.00
2014-11-03,107.830002,108.120003,106.750000,107.459999,77.363892,7082600.00
2014-11-04,107.889999,108.730003,107.339996,108.620003,78.199036,9349000.00
2014-11-05,109.050003,109.260002,107.949997,108.820000,78.343002,6966800.00
2014-11-06,108.930000,109.320000,108.550003,109.010002,78.479805,6200300.00
2014-11-07,109.000000,109.029999,107.919998,108.199997,77.896637,6652600.00
2014-11-10,108.070000,108.919998,107.199997,108.820000,78.343002,7573300.00
2014-11-11,108.879997,109.400002,108.550003,108.910004,78.407822,6221100.00
2014-11-12,108.669998,109.000000,108.389999,108.750000,78.292618,4895900.00
2014-11-13,109.050003,109.489998,108.500000,109.070000,78.523003,4860000.00
2014-11-14,108.919998,109.059998,108.010002,108.160004,77.867851,5650700.00
2014-11-17,108.000000,108.690002,107.610001,108.300003,77.968628,5233000.00
2014-11-18,108.129997,109.059998,107.720001,108.830002,78.350220,5407200.00
2014-11-19,108.449997,108.809998,108.099998,108.760002,78.299820,5217800.00
2014-11-20,108.550003,108.570000,107.690002,108.180000,77.882256,8090700.00
2014-11-21,108.730003,108.730003,107.620003,107.860001,78.157608,8417400.00
2014-11-24,107.919998,108.230003,106.639999,106.879997,77.447456,9098000.00
2014-11-25,106.980003,107.190002,106.699997,106.699997,77.317024,7367900.00
2014-11-26,106.769997,107.250000,106.599998,107.209999,77.686592,5503700.00
2014-11-28,107.610001,108.820000,107.330002,108.250000,78.440224,5881200.00
2014-12-01,107.889999,108.809998,107.349998,108.029999,78.280800,5638800.00
2014-12-02,107.970001,108.529999,107.500000,108.510002,78.628609,6184400.00
2014-12-03,108.540001,108.989998,107.650002,107.720001,78.056160,8957400.00
2014-12-04,108.089996,108.300003,107.379997,107.559998,77.940231,6697600.00
2014-12-05,107.529999,108.739998,107.220001,108.510002,78.628609,6449700.00
2014-12-08,108.419998,108.879997,108.139999,108.519997,78.635841,6499300.00
2014-12-09,108.220001,108.470001,106.889999,108.050003,78.295303,7214300.00
2014-12-10,107.610001,107.959999,106.150002,106.239998,76.983711,9416400.00
2014-12-11,105.849998,107.309998,105.360001,106.720001,77.331543,7114600.00
2014-12-12,106.650002,106.870003,104.389999,104.430000,75.672165,8325500.00
2014-12-15,104.769997,105.059998,103.629997,103.959999,75.331596,12110600.00
2014-12-16,103.480003,105.209999,102.500000,102.760002,74.462021,10209200.00
2014-12-17,103.269997,104.489998,102.699997,104.070000,75.411308,10207600.00
2014-12-18,105.620003,106.820000,104.739998,106.809998,77.396736,11756800.00
2014-12-19,106.629997,107.389999,105.500000,105.550003,76.483727,19154400.00
2014-12-22,105.690002,106.830002,105.669998,106.739998,77.346031,8124500.00
2014-12-23,106.660004,106.910004,103.919998,104.279999,75.563454,10171700.00
2014-12-24,104.379997,105.330002,104.379997,104.589996,75.788101,3415100.00
2014-12-26,105.070000,105.690002,104.690002,105.059998,76.128654,2951000.00
2014-12-29,104.639999,105.690002,104.610001,105.330002,76.324318,4273400.00
2014-12-30,105.419998,105.800003,105.059998,105.360001,76.346085,4371700.00
2014-12-31,105.610001,106.110001,104.540001,104.570000,75.773605,6202100.00
2015-01-02,105.050003,105.550003,104.129997,104.519997,75.737381,5753600.00
2015-01-05,104.480003,104.730003,103.680000,103.790001,75.208397,8079300.00
2015-01-06,104.339996,104.989998,102.940002,103.279999,74.838860,7428000.00
2015-01-07,103.910004,105.830002,103.809998,105.559998,76.490974,7931700.00
2015-01-08,106.059998,106.489998,105.750000,106.389999,77.092438,9916000.00
2015-01-09,106.500000,106.500000,104.750000,104.940002,76.041733,7364800.00
2015-01-12,105.169998,105.820000,104.300003,104.580002,75.780853,6839000.00
2015-01-13,105.440002,106.330002,104.239998,104.760002,75.911301,10151100.00
2015-01-14,103.860001,104.430000,103.510002,104.000000,75.360550,8887700.00
2015-01-15,102.970001,103.930000,101.949997,102.489998,74.266403,10834800.00
2015-01-16,102.059998,104.620003,102.000000,104.040001,75.389572,14092300.00
2015-01-20,101.550003,102.050003,100.260002,101.290001,73.396851,20460000.00
2015-01-21,100.559998,102.099998,100.400002,101.900002,73.838867,11702900.00
2015-01-22,102.389999,103.830002,101.570000,103.760002,75.186668,9036600.00
2015-01-23,102.940002,102.970001,101.940002,102.199997,74.056252,10126000.00
2015-01-26,101.800003,102.449997,101.209999,102.260002,74.099739,8962800.00
2015-01-27,101.830002,102.769997,100.930000,102.089996,73.976555,10160500.00
2015-01-28,102.480003,102.930000,101.440002,101.480003,73.534538,9053200.00
2015-01-29,101.510002,102.459999,100.669998,102.379997,74.186691,7569300.00
2015-01-30,101.580002,102.000000,100.089996,100.139999,72.563545,10676300.00
2015-02-02,100.489998,100.849998,99.379997,100.830002,73.063530,8990700.00
2015-02-03,101.400002,102.559998,101.120003,102.459999,74.244644,10005200.00
2015-02-04,102.120003,102.449997,101.019997,101.360001,73.447594,9514100.00
2015-02-05,101.570000,102.559998,101.459999,102.459999,74.244644,6642200.00
2015-02-06,102.110001,102.449997,100.830002,101.099998,73.259178,9215700.00
2015-02-09,101.059998,101.059998,99.099998,99.779999,72.302689,9851700.00
2015-02-10,100.190002,100.699997,99.430000,100.349998,72.715714,12275500.00
2015-02-11,100.459999,100.790001,99.949997,100.379997,72.737450,8177000.00
2015-02-12,100.500000,100.540001,97.150002,98.440002,71.331688,25835200.00
2015-02-13,98.440002,99.669998,98.330002,99.620003,72.186745,11153600.00
2015-02-17,99.389999,100.480003,99.120003,100.440002,72.780922,8627100.00
2015-02-18,100.699997,100.940002,99.379997,99.959999,72.433113,7878200.00
2015-02-19,99.949997,100.839996,99.610001,100.699997,72.969307,10028200.00
2015-02-20,100.180000,100.370003,99.110001,100.260002,73.159073,10085700.00
2015-02-23,100.739998,100.769997,99.800003,100.180000,73.100647,6878200.00
2015-02-24,100.250000,101.050003,100.000000,100.699997,73.480087,6587200.00
2015-02-25,100.940002,101.290001,100.160004,101.209999,73.852249,9684000.00
2015-02-26,101.379997,103.180000,101.220001,102.800003,75.012444,11437900.00
2015-02-27,103.040001,103.330002,102.480003,102.510002,74.800865,8500000.00
2015-03-02,102.510002,103.410004,102.510002,103.220001,75.318932,7277600.00
2015-03-03,103.099998,103.099998,101.809998,102.339996,74.676804,6419700.00
2015-03-04,102.120003,102.120003,101.169998,101.650002,74.173332,8665500.00
2015-03-05,102.070000,103.209999,102.000000,102.519997,74.808151,8042300.00
2015-03-06,102.089996,102.430000,99.879997,100.110001,73.049576,9287600.00
2015-03-09,100.199997,100.919998,99.760002,100.660004,73.450928,5701100.00
2015-03-10,99.989998,100.440002,99.510002,99.529999,72.626373,8735700.00
2015-03-11,99.830002,99.830002,98.220001,98.320000,71.743439,9138100.00
2015-03-12,98.959999,100.239998,98.830002,99.830002,72.845276,8318000.00
2015-03-13,99.849998,100.050003,98.639999,99.209999,72.392876,7821800.00
2015-03-16,99.739998,101.070000,99.739998,101.059998,73.742798,7726500.00
2015-03-17,100.110001,100.519997,99.410004,99.889999,72.889030,7301500.00
2015-03-18,99.889999,101.739998,99.129997,101.459999,74.034668,7972500.00
2015-03-19,101.040001,101.959999,100.910004,101.690002,74.202515,6863100.00
2015-03-20,101.870003,102.900002,101.760002,102.400002,74.720581,12433800.00
2015-03-23,102.470001,103.349998,102.230003,102.980003,75.143814,9016000.00
2015-03-24,102.830002,103.230003,101.930000,101.959999,74.399498,8390700.00
2015-03-25,101.849998,102.500000,100.339996,100.339996,73.217422,8444100.00
2015-03-26,99.949997,100.809998,99.559998,100.139999,73.071487,9972400.00
2015-03-27,100.279999,100.949997,100.150002,100.339996,73.217422,5847400.00
2015-03-30,101.239998,101.860001,100.760002,101.550003,74.100349,6061200.00
2015-03-31,100.970001,101.489998,100.589996,100.599998,73.407158,8028000.00
2015-04-01,100.459999,100.459999,98.610001,99.150002,72.349068,11368100.00
2015-04-02,99.440002,99.989998,98.889999,99.639999,72.706635,6097100.00
2015-04-06,98.839996,99.559998,98.040001,99.160004,72.356392,9697600.00
2015-04-07,99.550003,100.870003,99.430000,100.099998,73.042267,7900300.00
2015-04-08,99.839996,100.449997,99.599998,100.160004,73.086044,7354100.00
2015-04-09,100.570000,101.650002,100.330002,101.330002,73.939804,8073900.00
2015-04-10,101.330002,102.139999,100.930000,102.059998,74.472496,6786500.00
2015-04-13,101.540001,101.980003,100.550003,100.550003,73.370659,10753500.00
2015-04-14,101.050003,101.459999,100.190002,100.519997,73.348747,9322200.00
2015-04-15,100.540001,101.239998,100.330002,100.599998,73.407158,8237100.00
2015-04-16,100.269997,100.320000,99.769997,99.790001,72.816093,7324800.00
2015-04-17,99.370003,99.849998,99.110001,99.580002,72.662849,11084200.00
2015-04-20,100.260002,100.879997,100.050003,100.209999,73.122551,6668500.00
2015-04-21,100.660004,100.989998,100.160004,100.300003,73.188232,6532700.00
2015-04-22,100.629997,100.800003,99.959999,100.430000,73.283096,4763900.00
2015-04-23,100.500000,100.820000,99.910004,100.459999,73.304970,7351500.00
2015-04-24,100.110001,101.529999,100.000000,101.080002,73.757408,6566900.00
2015-04-27,101.160004,101.599998,100.470001,100.580002,73.392555,9113900.00
2015-04-28,100.449997,100.949997,99.309998,100.739998,73.509254,7484600.00
2015-04-29,100.510002,100.610001,99.900002,100.389999,73.253899,8926200.00
2015-04-30,100.070000,100.150002,98.769997,99.199997,72.385574,10170600.00
2015-05-01,99.620003,100.389999,99.620003,100.129997,73.064178,6255000.00
2015-05-04,100.330002,100.550003,100.160004,100.349998,73.224716,5532400.00
2015-05-05,100.129997,100.290001,99.290001,99.500000,72.604492,8828000.00
2015-05-06,99.620003,99.870003,98.660004,99.169998,72.363678,8030800.00
2015-05-07,98.940002,100.000000,98.910004,99.660004,72.721207,6401600.00
2015-05-08,100.480003,101.669998,100.440002,101.470001,74.041962,7508600.00
2015-05-11,101.320000,101.660004,101.010002,101.029999,73.720894,5698900.00
2015-05-12,100.879997,101.050003,100.279999,100.470001,73.312302,6903100.00
2015-05-13,100.680000,101.129997,100.470001,100.550003,73.370659,5826800.00
2015-05-14,100.970001,101.870003,100.949997,101.830002,74.304634,5454000.00
2015-05-15,101.980003,102.320000,101.669998,102.300003,74.647614,6023500.00
2015-05-18,102.370003,104.339996,102.320000,103.419998,75.464897,10479600.00
2015-05-19,103.660004,104.120003,103.260002,103.959999,75.858917,7724100.00
2015-05-20,104.419998,104.480003,103.309998,103.599998,75.596199,7146500.00
2015-05-21,102.910004,103.300003,102.339996,102.419998,75.280159,6875600.00
2015-05-22,102.269997,102.410004,101.330002,101.349998,74.493690,6216600.00
2015-05-26,101.230003,101.550003,100.580002,100.820000,74.104118,7918900.00
2015-05-27,101.010002,101.410004,100.800003,101.129997,74.331970,9297900.00
2015-05-28,101.010002,101.699997,100.809998,101.150002,74.346687,5700100.00
2015-05-29,101.550003,101.620003,99.830002,100.139999,73.604309,9957800.00
2015-06-01,100.279999,100.599998,99.720001,100.040001,73.530823,7298100.00
2015-06-02,99.919998,100.239998,99.099998,99.980003,73.486732,8312400.00
2015-06-03,100.320000,100.430000,99.839996,100.089996,73.567581,5375200.00
2015-06-04,99.940002,100.470001,99.059998,99.230003,72.935455,8057900.00
2015-06-05,98.989998,99.050003,98.199997,98.589996,72.465034,7557300.00
2015-06-08,98.599998,98.980003,97.959999,97.959999,72.002014,7054600.00
2015-06-09,98.440002,98.540001,97.800003,98.209999,72.185776,7844300.00
2015-06-10,98.480003,99.550003,98.199997,98.879997,72.678200,10025100.00
2015-06-11,99.199997,99.800003,98.830002,99.239998,72.942825,6175200.00
2015-06-12,98.879997,99.230003,98.120003,98.349998,72.288651,8717200.00
2015-06-15,97.750000,97.870003,97.010002,97.489998,71.656540,6833500.00
2015-06-16,97.500000,98.489998,97.099998,98.360001,72.296005,6049500.00
2015-06-17,98.379997,99.120003,98.150002,98.730003,72.567963,6155800.00
2015-06-18,98.860001,100.550003,98.709999,100.360001,73.766022,8815800.00
2015-06-19,99.879997,100.199997,99.779999,99.860001,73.398499,11653600.00
2015-06-22,100.599998,100.839996,99.989998,100.089996,73.567581,5055900.00
2015-06-23,100.099998,100.360001,99.480003,99.779999,73.339729,6046600.00
2015-06-24,99.510002,99.809998,99.070000,99.330002,73.008980,7254700.00
2015-06-25,99.500000,99.980003,99.110001,99.120003,72.854645,6581100.00
2015-06-26,99.430000,100.129997,99.250000,99.639999,73.236824,9041100.00
2015-06-29,98.980003,99.349998,97.620003,97.680000,71.796219,11150900.00
2015-06-30,98.430000,98.449997,97.300003,97.459999,71.634491,8967900.00
2015-07-01,98.300003,98.680000,97.639999,98.470001,72.376862,6726700.00
2015-07-02,98.849998,99.019997,98.320000,98.440002,72.354805,6091900.00
2015-07-06,97.709999,98.500000,96.639999,98.199997,72.178413,6817800.00
2015-07-07,98.629997,98.980003,97.519997,98.919998,72.707611,7122600.00
2015-07-08,98.419998,98.589996,97.690002,97.769997,71.862320,6845500.00
2015-07-09,99.050003,99.540001,98.400002,98.400002,72.325417,7316400.00
2015-07-10,99.779999,99.889999,99.089996,99.529999,73.155975,6969300.00
2015-07-13,100.050003,100.480003,99.870003,100.269997,73.699913,6986300.00
2015-07-14,99.260002,99.879997,98.550003,99.779999,73.339729,9890600.00
2015-07-15,99.760002,100.940002,99.629997,100.419998,73.810127,7990300.00
2015-07-16,100.949997,101.360001,100.779999,101.110001,74.317284,5775000.00
2015-07-17,100.889999,100.910004,99.959999,100.080002,73.560219,8054200.00
2015-07-20,100.500000,100.650002,100.099998,100.370003,73.773384,5016200.00
2015-07-21,100.599998,100.809998,100.070000,100.339996,73.751328,5891600.00
2015-07-22,100.410004,100.709999,99.730003,100.180000,73.633736,6721900.00
2015-07-23,100.500000,100.599998,100.000000,100.199997,73.648438,5016100.00
2015-07-24,99.750000,99.949997,99.050003,99.150002,72.876663,6524200.00
2015-07-27,98.970001,98.989998,97.919998,98.279999,72.237190,8734000.00
2015-07-28,98.889999,99.230003,98.419998,99.019997,72.781128,7757500.00
2015-07-29,99.260002,100.050003,99.050003,99.730003,73.302971,7853500.00
2015-07-30,99.800003,100.000000,99.379997,99.839996,73.383820,5517400.00
2015-07-31,100.339996,100.980003,99.959999,100.209999,73.655777,6216800.00
2015-08-03,100.000000,100.209999,99.230003,100.019997,73.516129,6172500.00
2015-08-04,100.410004,100.500000,99.650002,99.800003,73.354424,6005300.00
2015-08-05,100.570000,101.000000,100.349998,100.519997,73.883629,4571300.00
2015-08-06,100.489998,100.599998,99.010002,99.070000,72.817894,6988000.00
2015-08-07,99.019997,99.070000,98.160004,98.849998,72.656166,6027900.00
2015-08-10,99.570000,100.059998,99.449997,99.790001,73.347084,6133500.00
2015-08-11,99.050003,99.339996,98.769997,99.010002,72.773773,6682600.00
2015-08-12,98.400002,98.730003,97.410004,98.709999,72.553253,7462400.00
2015-08-13,98.739998,98.980003,98.150002,98.480003,72.384216,5048000.00
2015-08-14,98.330002,98.830002,97.870003,98.809998,72.626778,5177300.00
2015-08-17,98.440002,99.879997,98.059998,99.870003,73.405876,6901800.00
2015-08-18,99.239998,99.680000,99.019997,99.370003,73.038383,7618800.00
2015-08-19,99.180000,99.989998,98.779999,99.309998,72.994255,7642400.00
2015-08-20,98.949997,100.120003,98.790001,98.790001,72.612061,10620400.00
2015-08-21,97.220001,98.519997,95.510002,95.559998,70.775269,16141500.00
2015-08-24,91.080002,95.209999,81.790001,92.820000,68.745926,25636300.00
2015-08-25,95.690002,95.699997,90.400002,90.730003,67.198021,15671100.00
2015-08-26,92.910004,95.220001,91.459999,95.110001,70.442001,14738300.00
2015-08-27,96.099998,96.400002,94.349998,96.220001,71.264107,11131200.00
2015-08-28,95.930000,96.290001,94.379997,95.169998,70.486443,9200300.00
2015-08-31,94.879997,95.169998,93.580002,93.980003,69.605080,9083500.00
2015-09-01,92.290001,92.889999,91.459999,92.089996,68.205254,14593500.00
2015-09-02,93.169998,93.470001,92.500000,93.349998,69.138458,11517400.00
2015-09-03,93.660004,94.089996,92.260002,92.639999,68.612610,9027200.00
2015-09-04,91.580002,91.879997,90.570000,91.309998,67.627586,10996800.00
2015-09-08,93.089996,93.980003,92.510002,93.940002,69.575447,11394100.00
2015-09-09,94.989998,95.160004,92.029999,92.220001,68.301544,7384500.00
2015-09-10,92.110001,93.480003,91.620003,92.720001,68.671875,8359500.00
2015-09-11,92.440002,93.000000,91.800003,92.930000,68.827415,7381300.00
2015-09-14,92.900002,93.910004,92.510002,93.320000,69.116241,7948700.00
2015-09-15,93.790001,94.750000,93.190002,94.400002,69.916153,7030700.00
2015-09-16,94.489998,94.820000,93.820000,94.610001,70.071663,5630400.00
2015-09-17,94.529999,96.190002,94.320000,94.839996,70.242035,8258000.00
2015-09-18,94.080002,94.720001,93.250000,93.389999,69.168114,14211100.00
2015-09-21,93.870003,94.599998,92.370003,93.129997,68.975548,7053700.00
2015-09-22,92.260002,93.440002,91.879997,93.239998,69.056984,10618700.00
2015-09-23,93.209999,93.699997,92.559998,92.989998,68.871834,5609300.00
2015-09-24,92.519997,92.940002,91.779999,92.480003,68.494133,7407600.00
2015-09-25,92.930000,93.129997,90.760002,91.000000,67.397995,10794400.00
2015-09-28,90.699997,92.070000,89.900002,91.370003,67.671989,14332800.00
2015-09-29,92.239998,93.839996,91.830002,93.040001,68.908882,11520000.00
2015-09-30,94.129997,94.470001,92.589996,93.349998,69.138458,10970100.00
2015-10-01,93.430000,93.849998,91.760002,93.169998,69.005188,9675900.00
2015-10-02,92.139999,93.970001,91.839996,93.930000,69.568016,8368100.00
2015-10-05,94.190002,94.820000,94.080002,94.760002,70.182755,9419200.00
2015-10-06,94.519997,94.660004,92.580002,93.419998,69.190315,8365200.00
2015-10-07,94.260002,95.419998,93.440002,94.980003,70.345711,9397300.00
2015-10-08,94.709999,95.199997,93.809998,95.080002,70.419777,7090700.00
2015-10-09,95.139999,95.959999,94.779999,95.370003,70.634544,8259700.00
2015-10-12,95.070000,96.470001,94.980003,95.989998,71.093773,8957900.00
2015-10-13,94.790001,96.230003,94.309998,95.449997,70.693832,12761900.00
2015-10-14,95.209999,95.959999,94.120003,94.529999,70.012428,8881900.00
2015-10-15,95.000000,97.349998,94.860001,97.150002,71.952888,9561900.00
2015-10-16,97.870003,98.309998,97.400002,98.239998,72.760201,9495300.00
2015-10-19,98.050003,98.199997,97.309998,97.940002,72.538010,8725400.00
2015-10-20,97.949997,98.250000,97.309998,97.589996,72.278763,6041800.00
2015-10-21,97.639999,98.220001,97.070000,97.629997,72.308380,7059800.00
2015-10-22,97.849998,99.809998,97.129997,99.529999,73.715622,9887900.00
2015-10-23,99.879997,100.879997,99.529999,100.309998,74.293304,9178900.00
2015-10-26,100.050003,100.279999,99.489998,99.940002,74.019264,7561600.00
2015-10-27,99.919998,100.900002,99.699997,100.190002,74.204422,8883200.00
2015-10-28,100.449997,100.480003,99.500000,100.480003,74.419220,7256300.00
2015-10-29,100.470001,101.529999,100.120003,101.370003,75.078369,6340700.00
2015-10-30,101.529999,102.120003,101.010002,101.029999,74.826553,10520300.00
2015-11-02,101.180000,102.339996,100.839996,102.169998,75.670883,6297900.00
2015-11-03,101.839996,102.300003,101.110001,101.959999,75.515343,6229200.00
2015-11-04,101.900002,102.389999,101.690002,101.940002,75.500526,5592300.00
2015-11-05,102.250000,102.489998,101.419998,102.330002,75.789391,6545600.00
2015-11-06,101.570000,101.919998,100.860001,101.919998,75.485748,6221100.00
2015-11-09,101.389999,101.589996,100.550003,100.839996,74.685852,6625900.00
2015-11-10,101.000000,101.760002,100.680000,101.449997,75.137604,5114200.00
2015-11-11,101.779999,102.360001,101.500000,101.860001,75.441284,6284700.00
2015-11-12,101.139999,101.610001,100.220001,100.269997,74.263695,6918700.00
2015-11-13,100.040001,100.940002,99.739998,99.879997,73.974838,8517500.00
2015-11-16,100.379997,101.290001,100.040001,101.220001,74.967293,5755800.00
2015-11-17,100.379997,101.709999,100.379997,101.500000,75.174667,5124000.00
2015-11-18,101.529999,102.800003,101.309998,102.669998,76.041245,7148400.00
2015-11-19,102.660004,102.680000,102.059998,102.489998,75.907913,5164500.00
2015-11-20,102.489998,102.800003,102.199997,102.480003,76.459999,7671500.00
2015-11-23,102.389999,103.000000,102.190002,102.769997,76.676361,6730600.00
2015-11-24,101.809998,102.790001,101.809998,102.040001,76.131706,7492400.00
2015-11-25,102.169998,102.330002,101.959999,101.959999,76.072044,5400800.00
2015-11-27,102.279999,102.620003,101.790001,102.370003,76.377953,2353800.00
2015-11-30,102.480003,102.480003,101.239998,101.239998,75.534843,8983700.00
2015-12-01,101.730003,102.489998,101.120003,102.360001,76.370453,7545700.00
2015-12-02,102.500000,102.930000,101.989998,102.050003,76.139183,6623500.00
2015-12-03,102.269997,102.370003,100.309998,100.790001,75.199089,12008700.00
2015-12-04,101.400002,103.000000,101.279999,102.949997,76.810646,7845400.00
2015-12-07,102.610001,103.489998,102.599998,103.320000,77.086739,7262900.00
2015-12-08,102.980003,103.239998,101.910004,102.419998,76.415245,8005400.00
2015-12-09,102.139999,103.339996,101.669998,102.150002,76.213791,7947000.00
2015-12-10,102.300003,103.339996,101.800003,102.639999,76.579376,6479300.00
2015-12-11,102.370003,102.370003,101.430000,101.680000,75.863113,7796500.00
2015-12-14,101.650002,102.290001,100.779999,102.150002,76.213791,10641500.00
2015-12-15,102.650002,104.690002,102.650002,104.129997,77.691071,9283200.00
2015-12-16,104.639999,105.489998,103.519997,105.250000,78.526703,8178800.00
2015-12-17,105.160004,105.260002,103.629997,103.639999,77.325478,8740800.00
2015-12-18,103.080002,103.080002,101.949997,101.949997,76.064560,14966000.00
2015-12-21,102.339996,102.919998,100.849998,101.580002,75.788506,8321900.00
2015-12-22,101.910004,102.879997,101.150002,102.709999,76.631599,5581600.00
2015-12-23,103.110001,103.669998,102.739998,103.489998,77.213547,5531700.00
2015-12-24,103.120003,103.910004,103.010002,103.720001,77.385162,2546300.00
2015-12-28,103.180000,103.470001,102.930000,103.220001,77.012123,4063000.00
2015-12-29,103.339996,104.190002,103.339996,104.029999,77.616455,4230000.00
2015-12-30,104.110001,104.339996,103.529999,103.779999,77.429932,3847800.00
2015-12-31,103.370003,103.620003,102.690002,102.720001,76.639069,4592600.00
2016-01-04,101.709999,101.809998,99.449997,100.480003,74.967819,12722800.00
2016-01-05,100.580002,101.440002,100.570000,100.900002,75.281158,6467200.00
2016-01-06,99.820000,100.970001,99.599998,100.389999,74.900658,7733800.00
2016-01-07,99.309998,100.089996,98.879997,99.220001,74.027733,9433100.00
2016-01-08,99.879997,99.940002,97.849998,98.160004,73.236877,9766700.00
2016-01-11,98.239998,98.629997,96.080002,97.570000,72.796661,8151400.00
2016-01-12,97.989998,98.629997,97.239998,98.239998,73.296555,6745000.00
2016-01-13,98.489998,98.980003,96.839996,97.019997,72.386314,8290700.00
2016-01-14,97.099998,99.470001,97.000000,98.889999,73.781525,10164300.00
2016-01-15,96.370003,98.000000,96.250000,97.000000,72.371391,12662200.00
2016-01-19,97.930000,98.410004,96.900002,97.500000,72.744446,12457800.00
2016-01-20,96.110001,97.279999,94.529999,95.750000,71.438766,12685200.00
2016-01-21,95.769997,96.639999,94.279999,95.940002,71.580536,11266400.00
2016-01-22,97.019997,97.089996,95.949997,96.750000,72.184868,8380000.00
2016-01-25,96.720001,97.690002,96.040001,96.400002,71.923721,9350200.00
2016-01-26,97.260002,101.339996,97.139999,101.180000,75.490082,17266600.00
2016-01-27,100.489998,103.379997,100.489998,102.160004,76.221252,19330500.00
2016-01-28,102.500000,103.040001,101.849998,102.269997,76.303314,12789500.00
2016-01-29,102.889999,104.750000,102.629997,104.440002,77.922356,15614600.00
2016-02-01,103.610001,104.790001,103.220001,104.370003,77.870140,9803700.00
2016-02-02,103.300003,104.260002,103.000000,103.410004,77.153885,10616300.00
2016-02-03,103.650002,104.379997,102.010002,104.139999,77.698524,10168600.00
2016-02-04,103.610001,104.089996,102.730003,103.900002,77.519478,10389000.00
2016-02-05,102.660004,102.769997,99.779999,100.540001,75.012566,15522200.00
2016-02-08,100.309998,103.510002,100.220001,102.000000,76.101868,14323800.00
2016-02-09,101.309998,102.239998,100.970001,101.970001,76.079491,10044500.00
2016-02-10,102.050003,102.910004,101.370003,101.730003,75.900421,9833100.00
2016-02-11,100.459999,102.019997,99.980003,101.699997,75.878052,12465800.00
2016-02-12,101.820000,101.980003,100.720001,101.820000,75.967590,9035000.00
2016-02-16,102.370003,103.050003,101.650002,102.320000,76.340637,10452800.00
2016-02-17,102.750000,103.239998,102.230003,102.500000,76.474915,8904000.00
2016-02-18,102.830002,104.680000,102.500000,104.239998,77.773140,10744600.00
2016-02-19,103.580002,104.680000,103.379997,104.160004,78.276649,9343300.00
2016-02-22,104.160004,104.750000,104.050003,104.750000,78.720016,6947000.00
2016-02-23,104.650002,104.790001,103.959999,104.080002,78.216522,6629200.00
2016-02-24,103.339996,105.080002,102.970001,104.959999,78.877846,9076100.00
2016-02-25,104.949997,106.389999,104.769997,106.379997,79.944992,8092500.00
2016-02-26,106.820000,106.919998,105.419998,105.779999,79.494087,9049400.00
2016-02-29,105.279999,106.199997,105.040001,105.209999,79.065712,10111100.00
2016-03-01,105.900002,107.239998,105.440002,107.220001,80.576248,8298500.00
2016-03-02,106.910004,107.410004,106.430000,107.040001,80.440979,9767000.00
2016-03-03,106.820000,107.000000,105.629997,106.650002,80.147873,6927200.00
2016-03-04,106.510002,106.980003,106.070000,106.500000,80.035172,6715700.00
2016-03-07,106.000000,106.919998,105.489998,106.739998,80.215515,6973500.00
2016-03-08,106.519997,106.769997,105.970001,106.220001,79.824722,7632900.00
2016-03-09,106.839996,107.019997,106.089996,106.839996,80.290665,7564200.00
2016-03-10,106.989998,107.480003,106.070000,107.139999,80.516113,10474700.00
2016-03-11,107.500000,107.989998,107.209999,107.709999,80.944481,7763800.00
2016-03-14,107.919998,108.300003,107.309998,107.660004,80.906898,7242800.00
2016-03-15,107.620003,108.349998,106.760002,107.760002,80.982063,8476600.00
2016-03-16,107.730003,107.779999,106.879997,107.410004,80.719009,7065100.00
2016-03-17,107.470001,107.599998,106.449997,106.739998,80.215515,8571100.00
2016-03-18,106.989998,107.839996,106.360001,107.500000,80.786652,14758300.00
2016-03-21,107.410004,107.750000,106.550003,107.279999,80.621323,7674700.00
2016-03-22,107.279999,107.629997,107.050003,107.379997,80.696480,7821700.00
2016-03-23,107.290001,108.830002,107.199997,108.500000,81.538170,8191300.00
2016-03-24,108.220001,108.610001,107.750000,108.309998,81.395370,6284500.00
2016-03-28,108.410004,108.900002,108.059998,108.230003,81.335274,4738100.00
2016-03-29,108.300003,109.250000,107.739998,109.139999,82.019135,6612800.00
2016-03-30,109.449997,109.559998,108.930000,108.980003,81.898903,5248200.00
2016-03-31,108.860001,108.980003,108.040001,108.199997,81.312714,8167700.00
2016-04-01,108.000000,109.290001,107.690002,109.190002,82.056694,9043200.00
2016-04-04,108.820000,109.099998,108.260002,108.589996,81.605789,10668900.00
2016-04-05,108.230003,109.839996,108.010002,108.949997,81.876350,7939000.00
2016-04-06,108.720001,109.500000,107.879997,109.419998,82.229561,6828700.00
2016-04-07,109.000000,109.620003,108.629997,109.269997,82.116821,7822900.00
2016-04-08,109.370003,109.639999,108.760002,109.099998,81.989067,6301600.00
2016-04-11,109.150002,109.620003,108.650002,108.970001,81.891365,6823900.00
2016-04-12,109.000000,110.239998,108.750000,109.599998,82.364799,8412300.00
2016-04-13,110.000000,110.349998,109.309998,109.870003,82.567726,5758300.00
2016-04-14,110.000000,110.290001,109.449997,109.839996,82.545189,4457100.00
2016-04-15,110.070000,110.400002,109.500000,110.180000,82.800682,10057900.00
2016-04-18,110.000000,111.099998,109.669998,110.930000,83.364342,7772500.00
2016-04-19,111.650002,113.949997,111.480003,112.680000,84.679451,10526400.00
2016-04-20,113.190002,114.190002,113.050003,113.580002,85.355812,8213400.00
2016-04-21,113.309998,113.730003,112.769997,113.570000,85.348305,7884500.00
2016-04-22,113.430000,113.750000,112.830002,113.320000,85.160423,7508700.00
2016-04-25,113.309998,113.550003,112.480003,113.510002,85.303207,6139900.00
2016-04-26,113.449997,113.559998,112.650002,112.910004,84.852303,5853600.00
2016-04-27,112.959999,113.199997,112.459999,112.769997,84.747086,5759300.00
2016-04-28,112.099998,112.709999,111.639999,112.480003,84.529152,6640000.00
2016-04-29,112.059998,112.220001,111.510002,112.080002,84.228561,7774500.00
2016-05-02,112.220001,112.790001,111.930000,112.750000,84.732071,5178800.00
2016-05-03,112.559998,113.099998,112.120003,112.690002,84.686981,7554500.00
2016-05-04,112.040001,112.540001,111.699997,112.220001,84.333748,5214600.00
2016-05-05,112.080002,113.099998,112.040001,112.879997,84.829765,5404300.00
2016-05-06,112.580002,113.050003,112.279999,112.739998,84.724556,6099900.00
2016-05-09,112.980003,113.989998,112.730003,113.720001,85.461021,6512700.00
2016-05-10,114.000000,115.000000,113.919998,114.669998,86.174957,8356400.00
2016-05-11,114.570000,114.760002,114.309998,114.370003,85.949493,6680700.00
2016-05-12,114.500000,114.760002,113.540001,114.230003,85.844292,7156300.00
2016-05-13,113.900002,114.089996,113.360001,113.559998,85.340759,6779900.00
2016-05-16,113.389999,114.629997,113.309998,114.440002,86.002113,6222900.00
2016-05-17,114.540001,114.559998,113.239998,113.830002,85.543701,9233900.00
2016-05-18,113.610001,114.029999,112.879997,113.589996,85.363335,8267900.00
2016-05-19,112.989998,113.040001,112.199997,112.849998,84.807198,8232200.00
2016-05-20,112.199997,112.919998,111.760002,112.639999,85.253777,7435200.00
2016-05-23,112.769997,112.820000,112.040001,112.160004,84.890511,6462300.00
2016-05-24,112.519997,113.500000,112.519997,112.690002,85.291626,6125300.00
2016-05-25,113.180000,113.730003,112.849998,113.349998,85.791122,5453800.00
2016-05-26,113.110001,113.320000,112.849998,112.900002,85.450554,3973600.00
2016-05-27,113.040001,113.339996,112.690002,113.059998,85.571640,4647000.00
2016-05-31,113.260002,113.629997,112.320000,112.690002,85.291626,10104700.00
2016-06-01,112.690002,113.059998,112.070000,112.779999,85.359749,4748900.00
2016-06-02,112.870003,114.650002,112.860001,114.489998,86.653969,7310800.00
2016-06-03,114.470001,115.389999,114.120003,114.760002,86.858345,6881700.00
2016-06-06,114.970001,116.000000,114.930000,115.769997,87.622749,6349400.00
2016-06-07,116.010002,116.230003,115.449997,115.730003,87.592491,6417400.00
2016-06-08,115.519997,115.949997,115.410004,115.800003,87.645485,5863800.00
2016-06-09,115.779999,117.190002,115.610001,117.000000,88.553726,7375500.00
2016-06-10,116.739998,117.230003,116.360001,117.010002,88.561279,6067400.00
2016-06-13,117.129997,117.639999,116.790001,116.790001,88.394760,7940900.00
2016-06-14,116.449997,117.180000,116.300003,117.120003,88.644539,6378400.00
2016-06-15,117.639999,117.739998,116.339996,116.410004,88.107178,6371400.00
2016-06-16,115.690002,116.889999,115.220001,116.639999,88.281250,6664300.00
2016-06-17,116.620003,116.669998,115.010002,115.480003,87.403290,10702200.00
2016-06-20,116.599998,117.139999,116.430000,116.540001,88.205536,5588200.00
2016-06-21,116.989998,117.150002,116.180000,116.180000,87.933060,5493500.00
2016-06-22,116.540001,117.209999,116.309998,116.459999,88.145020,5833800.00
2016-06-23,117.199997,117.379997,116.680000,117.379997,88.841331,6775900.00
2016-06-24,115.070000,117.120003,115.000000,115.629997,87.516785,13939500.00
2016-06-27,115.000000,116.639999,115.000000,116.550003,88.213135,10877400.00
2016-06-28,117.169998,118.370003,116.550003,118.230003,89.484657,10089600.00
2016-06-29,118.839996,119.410004,118.099998,119.330002,90.317238,8341500.00
2016-06-30,119.180000,121.410004,119.160004,121.300003,91.808243,11559900.00
2016-07-01,121.300003,121.540001,120.790001,121.290001,91.800697,7051400.00
2016-07-05,121.360001,123.230003,121.339996,122.269997,92.542389,9334100.00
2016-07-06,121.930000,122.660004,121.540001,122.639999,92.822464,9332400.00
2016-07-07,122.589996,122.809998,122.010002,122.510002,92.724068,6058700.00
2016-07-08,123.000000,123.099998,121.959999,122.849998,92.981377,6129900.00
2016-07-11,122.709999,123.449997,122.410004,122.930000,93.041946,6711600.00
2016-07-12,122.650002,123.199997,122.610001,122.919998,93.034378,6415900.00
2016-07-13,122.680000,123.400002,122.300003,123.000000,93.094940,5230800.00
2016-07-14,122.980003,123.739998,122.910004,123.180000,93.231163,5322700.00
2016-07-15,123.769997,124.300003,122.709999,123.000000,93.094940,7192800.00
2016-07-18,123.000000,123.220001,122.440002,123.139999,93.200882,6599200.00
2016-07-19,124.779999,125.750000,123.339996,125.250000,94.797874,11325700.00
2016-07-20,125.839996,126.070000,125.040001,125.139999,94.714622,7334600.00
2016-07-21,125.209999,125.739998,124.889999,125.150002,94.722198,5492600.00
2016-07-22,125.120003,125.349998,124.650002,125.029999,94.631401,5839200.00
2016-07-25,125.070000,125.129997,124.139999,124.889999,94.525414,4880600.00
2016-07-26,125.029999,125.550003,124.750000,125.150002,94.722198,5589900.00
2016-07-27,125.099998,125.230003,124.339996,124.769997,94.434593,4812600.00
2016-07-28,124.980003,125.000000,124.410004,124.459999,94.199966,4320400.00
2016-07-29,124.339996,125.320000,124.339996,125.230003,94.782776,7020900.00
2016-08-01,125.309998,125.709999,125.099998,125.400002,94.911423,4615100.00
2016-08-02,125.650002,125.900002,124.480003,124.849998,94.495140,7158700.00
2016-08-03,125.000000,125.000000,123.690002,123.900002,93.776085,5310600.00
2016-08-04,124.239998,124.389999,123.639999,123.860001,93.745811,4728200.00
2016-08-05,124.379997,124.379997,123.760002,124.239998,94.033463,5146900.00
2016-08-08,124.000000,124.150002,123.230003,123.650002,93.586899,5232500.00
2016-08-09,123.910004,124.000000,123.330002,123.430000,93.420372,3941500.00
2016-08-10,123.589996,123.779999,123.239998,123.360001,93.367409,4333500.00
2016-08-11,123.849998,124.139999,123.470001,123.769997,93.677704,4052000.00
2016-08-12,123.470001,123.769997,122.949997,123.220001,93.261429,4234800.00
2016-08-15,123.120003,123.269997,122.279999,122.309998,92.572678,6469500.00
2016-08-16,122.110001,122.320000,120.059998,120.330002,91.074104,11289100.00
2016-08-17,120.500000,121.330002,119.849998,121.309998,91.815826,10442800.00
2016-08-18,121.169998,121.389999,119.900002,120.720001,91.369270,8728000.00
2016-08-19,119.910004,119.989998,119.320000,119.919998,91.369263,7798300.00
2016-08-22,119.900002,119.900002,118.949997,119.129997,90.767365,6544900.00
2016-08-23,119.669998,119.959999,119.019997,119.440002,91.003548,5603200.00
2016-08-24,119.480003,119.610001,118.620003,118.709999,90.447342,6303900.00
2016-08-25,118.860001,119.209999,118.330002,118.570000,90.340691,5566000.00
2016-08-26,118.839996,119.739998,118.559998,119.040001,90.698784,6482700.00
2016-08-29,119.300003,120.129997,119.059998,119.919998,91.369263,5074900.00
2016-08-30,120.669998,120.669998,119.260002,119.470001,91.026405,3820500.00
2016-08-31,119.540001,119.620003,119.010002,119.339996,90.927345,5693100.00
2016-09-01,119.190002,119.389999,118.599998,119.080002,90.729271,4551800.00
2016-09-02,119.360001,119.809998,118.900002,119.320000,90.912117,5806400.00
2016-09-06,119.779999,119.970001,119.360001,119.750000,91.239738,5280700.00
2016-09-07,119.839996,119.949997,119.440002,119.610001,91.133080,4753800.00
2016-09-08,119.370003,119.820000,119.139999,119.470001,91.026405,4833000.00
2016-09-09,119.029999,119.160004,118.180000,118.230003,90.081627,7957300.00
2016-09-12,117.760002,119.449997,117.379997,119.160004,90.790215,7239800.00
2016-09-13,118.419998,118.830002,117.489998,117.610001,89.609245,7957900.00
2016-09-14,117.849998,118.330002,117.459999,117.860001,89.799728,6124900.00
2016-09-15,117.809998,118.940002,117.320000,118.629997,90.386398,5812100.00
2016-09-16,118.510002,119.139999,118.120003,118.250000,90.096878,12408800.00
2016-09-19,118.360001,118.660004,117.639999,117.660004,89.647316,5457600.00
2016-09-20,118.169998,118.239998,117.690002,117.949997,89.868301,5187700.00
2016-09-21,117.949997,119.000000,117.639999,118.910004,90.599747,6337300.00
2016-09-22,119.250000,119.839996,119.139999,119.459999,91.018784,5340500.00
2016-09-23,119.410004,119.599998,118.709999,118.809998,90.523537,4773000.00
2016-09-26,118.629997,118.639999,117.559998,117.779999,89.738747,5998900.00
2016-09-27,118.389999,119.220001,117.720001,119.220001,90.835938,5349500.00
2016-09-28,119.050003,119.519997,118.809998,119.389999,90.965446,5076100.00
2016-09-29,118.879997,119.269997,117.040001,117.269997,89.350182,6190200.00
2016-09-30,117.779999,118.620003,117.389999,118.129997,90.005440,7941100.00
2016-10-03,118.000000,119.010002,117.430000,118.809998,90.523537,6098600.00
2016-10-04,118.839996,119.480003,118.279999,118.820000,90.531166,5733900.00
2016-10-05,119.220001,119.440002,118.599998,119.180000,90.805443,5778700.00
2016-10-06,118.500000,118.849998,117.919998,118.750000,90.477829,4448500.00
2016-10-07,119.169998,119.570000,118.690002,119.239998,90.851158,4799300.00
2016-10-10,119.510002,120.199997,119.349998,119.800003,91.277832,3657000.00
2016-10-11,119.410004,119.629997,117.059998,117.639999,89.632103,6394200.00
2016-10-12,117.959999,118.430000,117.500000,117.970001,89.883545,4685200.00
2016-10-13,117.540001,119.199997,117.279999,118.260002,90.104507,7387400.00
2016-10-14,118.500000,118.800003,117.559998,117.559998,89.571152,5640500.00
2016-10-17,117.500000,118.550003,117.500000,118.489998,90.279732,6956400.00
2016-10-18,117.379997,118.480003,115.160004,115.410004,87.933006,12598300.00
2016-10-19,115.570000,115.889999,114.459999,114.589996,87.308212,7400900.00
2016-10-20,114.830002,115.699997,114.589996,114.870003,87.521584,6973000.00
2016-10-21,114.110001,114.239998,112.989998,113.440002,86.432030,8422000.00
2016-10-24,113.930000,114.190002,113.440002,113.610001,86.561569,6141900.00
2016-10-25,113.639999,114.160004,113.089996,113.959999,86.828247,5595000.00
2016-10-26,113.639999,115.220001,113.599998,114.559998,87.285393,6429200.00
2016-10-27,114.980003,116.550003,114.790001,115.699997,88.153931,7548700.00
2016-10-28,115.820000,115.910004,114.570000,115.330002,87.872063,8813300.00
2016-10-31,115.279999,116.230003,114.500000,115.989998,88.374931,8552500.00
2016-11-01,114.760002,115.940002,114.629997,115.339996,87.879669,7591900.00
2016-11-02,115.519997,115.760002,114.830002,114.860001,87.513985,6591300.00
2016-11-03,114.879997,115.440002,114.750000,115.029999,87.643501,6227100.00
2016-11-04,115.040001,115.940002,115.040001,115.110001,87.704430,7160600.00
2016-11-07,115.889999,116.720001,115.839996,116.660004,88.885422,6398200.00
2016-11-08,116.480003,117.570000,116.470001,117.050003,89.182556,6675300.00
2016-11-09,120.000000,122.500000,118.099998,120.309998,91.666412,16220000.00
2016-11-10,120.769997,121.099998,119.019997,119.540001,91.079750,11904500.00
2016-11-11,119.489998,119.489998,118.129997,118.470001,90.264496,8134800.00
2016-11-14,118.580002,118.989998,116.500000,116.599998,88.839714,10054900.00
2016-11-15,116.400002,116.690002,115.820000,116.320000,88.626358,7446700.00
2016-11-16,116.650002,116.779999,116.080002,116.360001,88.656830,6594800.00
2016-11-17,116.680000,116.680000,116.120003,116.570000,88.816833,5730300.00
2016-11-18,115.790001,115.919998,114.809998,115.360001,88.502312,7717800.00
2016-11-21,115.440002,115.680000,114.800003,115.000000,88.226097,5843300.00
2016-11-22,114.589996,115.000000,112.269997,112.739998,86.492279,11649700.00
2016-11-23,112.250000,113.430000,111.559998,113.070000,86.745453,7892600.00
2016-11-25,113.599998,114.230003,113.379997,114.129997,87.558662,3433300.00
2016-11-28,113.790001,114.120003,113.050003,113.129997,86.791473,9065700.00
2016-11-29,112.949997,113.410004,112.169998,112.480003,86.292786,7799600.00
2016-11-30,112.190002,112.519997,111.300003,111.300003,85.387535,11178500.00
2016-12-01,111.360001,111.540001,111.000000,111.379997,85.448906,8143300.00
2016-12-02,111.720001,112.529999,111.440002,111.959999,85.893867,6167700.00
2016-12-05,112.400002,112.419998,111.730003,111.940002,85.878532,5451600.00
2016-12-06,112.239998,113.199997,111.849998,112.059998,85.970581,6530400.00
2016-12-07,111.889999,111.889999,109.320000,111.099998,85.234100,11761100.00
2016-12-08,110.540001,111.199997,109.930000,110.989998,85.149689,7774900.00
2016-12-09,111.410004,112.430000,111.199997,112.260002,86.124031,7672100.00
2016-12-12,112.690002,115.400002,112.580002,115.360001,88.502312,9544600.00
2016-12-13,115.529999,115.970001,115.010002,115.889999,88.908882,7051600.00
2016-12-14,116.120003,117.300003,114.580002,114.989998,88.218452,9378700.00
2016-12-15,115.330002,115.919998,114.889999,115.889999,88.908882,6738100.00
2016-12-16,116.410004,116.459999,115.459999,115.879997,88.901237,11291100.00
2016-12-19,116.070000,116.660004,115.940002,116.019997,89.008629,6310800.00
2016-12-20,115.980003,116.250000,114.910004,115.660004,88.732445,5715200.00
2016-12-21,116.199997,116.199997,114.739998,115.309998,88.463928,5907600.00
2016-12-22,115.000000,115.529999,113.879997,115.440002,88.563690,4602300.00
2016-12-23,115.400002,116.320000,115.300003,115.959999,88.962585,2992500.00
2016-12-27,115.889999,116.000000,115.379997,115.910004,88.924255,3232600.00
2016-12-28,115.879997,116.160004,115.050003,115.099998,88.302834,3278300.00
2016-12-29,115.230003,115.870003,115.010002,115.489998,88.602036,2993600.00
2016-12-30,115.800003,115.989998,114.980003,115.209999,88.387192,5506700.00
2017-01-03,115.779999,116.000000,115.230003,115.839996,88.870537,5953000.00
2017-01-04,115.500000,116.230003,115.309998,115.650002,88.724785,5828900.00
2017-01-05,116.000000,116.970001,115.440002,116.860001,89.653076,6217200.00
2017-01-06,116.669998,117.000000,115.760002,116.300003,89.223457,5221400.00
2017-01-09,116.349998,116.610001,115.889999,116.279999,89.208107,5457500.00
2017-01-10,116.029999,117.000000,115.870003,116.160004,89.116051,5312800.00
2017-01-11,116.080002,116.250000,114.019997,114.730003,88.018997,8887200.00
2017-01-12,114.269997,114.730003,113.370003,114.620003,87.934570,6627300.00
2017-01-13,114.940002,115.019997,114.440002,114.599998,87.919250,4935200.00
2017-01-17,113.940002,115.050003,113.669998,114.870003,88.126373,6255400.00
2017-01-18,114.870003,115.099998,114.410004,114.699997,87.995949,5014600.00
2017-01-19,114.680000,114.900002,113.919998,114.199997,87.612350,5540800.00
2017-01-20,114.489998,115.029999,114.080002,114.150002,87.574013,7502400.00
2017-01-23,114.510002,114.769997,113.800003,113.910004,87.389900,7989800.00
2017-01-24,112.910004,113.300003,111.150002,111.760002,85.740463,12450300.00
2017-01-25,111.930000,112.800003,110.760002,112.800003,86.538307,9385500.00
2017-01-26,112.000000,112.839996,111.599998,111.839996,85.801826,10164300.00
2017-01-27,112.000000,113.540001,111.900002,113.379997,86.983269,8886100.00
2017-01-30,113.400002,113.599998,112.849998,113.129997,86.791473,6969400.00
2017-01-31,112.790001,113.400002,112.430000,113.250000,86.883545,8713400.00
2017-02-01,112.480003,113.320000,112.470001,113.230003,86.868187,7082300.00
2017-02-02,112.820000,113.620003,112.769997,113.570000,87.129028,7826300.00
2017-02-03,113.500000,113.660004,112.660004,113.639999,87.182732,7267600.00
2017-02-06,113.459999,113.589996,112.620003,113.400002,86.998619,6178400.00
2017-02-07,113.599998,113.620003,113.050003,113.480003,87.059998,5507900.00
2017-02-08,113.300003,113.690002,113.150002,113.400002,86.998619,5272000.00
2017-02-09,113.400002,114.650002,113.400002,114.080002,87.520309,5854600.00
2017-02-10,114.320000,115.989998,114.230003,115.239998,88.410255,6438500.00
2017-02-13,115.279999,116.120003,115.220001,115.879997,88.901237,5710800.00
2017-02-14,115.440002,116.400002,115.320000,116.360001,89.269485,5539100.00
2017-02-15,115.900002,117.459999,115.589996,117.199997,89.913902,5979700.00
2017-02-16,117.000000,118.279999,117.000000,118.080002,90.589058,7119300.00
2017-02-17,118.190002,118.900002,118.050003,118.860001,91.187431,8691400.00
2017-02-21,118.400002,119.889999,118.320000,119.660004,91.801178,8595100.00
2017-02-22,119.279999,119.769997,119.250000,119.519997,91.693771,5103900.00
2017-02-23,119.519997,121.900002,119.480003,121.699997,93.366219,9980900.00
2017-02-24,121.500000,122.739998,120.900002,122.730003,94.779465,10835000.00
2017-02-27,122.129997,122.879997,122.099998,122.400002,94.524628,5946200.00
2017-02-28,122.010002,122.650002,121.940002,122.209999,94.377899,8885500.00
2017-03-01,122.489998,124.449997,122.419998,123.860001,95.652107,9393900.00
2017-03-02,123.750000,124.360001,123.019997,123.629997,95.474510,6950200.00
2017-03-03,123.629997,123.930000,123.230003,123.790001,95.598068,5585200.00
2017-03-06,123.010002,124.430000,122.599998,123.709999,95.536308,6670700.00
2017-03-07,122.580002,124.459999,122.389999,123.830002,95.628975,6644000.00
2017-03-08,123.750000,124.680000,123.500000,124.099998,95.837494,7909900.00
2017-03-09,124.580002,126.209999,124.169998,125.949997,97.266159,8571100.00
2017-03-10,126.040001,126.489998,125.540001,126.209999,97.466949,7395400.00
2017-03-13,125.830002,126.949997,125.790001,126.680000,97.829887,7162500.00
2017-03-14,126.860001,127.750000,126.769997,127.050003,98.115646,7679700.00
2017-03-15,127.050003,129.000000,126.599998,128.960007,99.590668,8360600.00
2017-03-16,128.440002,128.699997,127.769997,128.460007,99.204536,7610700.00
2017-03-17,128.449997,128.940002,127.949997,128.059998,98.895615,13300800.00
2017-03-20,128.039993,128.419998,127.970001,128.070007,98.903366,5827500.00
2017-03-21,128.380005,128.449997,127.139999,127.250000,98.270096,7578600.00
2017-03-22,127.050003,127.650002,126.209999,126.260002,97.505547,10272700.00
2017-03-23,126.099998,127.000000,125.660004,125.900002,97.227547,8508100.00
2017-03-24,125.860001,126.360001,125.129997,125.480003,96.903183,6490300.00
2017-03-27,125.160004,126.139999,125.150002,125.800003,97.150314,5004300.00
2017-03-28,125.620003,125.779999,124.779999,125.660004,97.042213,5287600.00
2017-03-29,125.050003,125.330002,124.360001,124.919998,96.470734,3971800.00
2017-03-30,124.739998,125.430000,124.279999,124.660004,96.269943,4711700.00
2017-03-31,124.110001,124.830002,124.029999,124.550003,96.184975,5657600.00
2017-04-03,124.730003,125.309998,124.279999,124.690002,96.293121,4956400.00
2017-04-04,124.510002,124.769997,124.220001,124.680000,96.285400,5358500.00
2017-04-05,124.720001,125.599998,124.410004,124.800003,96.378067,5646300.00
2017-04-06,124.849998,125.459999,124.500000,125.050003,96.571136,4324200.00
2017-04-07,125.120003,125.470001,124.830002,124.919998,96.470734,3615100.00
2017-04-10,124.870003,124.949997,124.230003,124.339996,96.022812,4594200.00
2017-04-11,124.260002,124.790001,123.949997,124.220001,95.930153,4161500.00
2017-04-12,124.540001,125.459999,124.360001,125.400002,96.841408,5556600.00
2017-04-13,125.129997,125.650002,124.959999,124.989998,96.524796,5396500.00
2017-04-17,125.019997,125.809998,124.930000,125.720001,97.088539,5367500.00
2017-04-18,123.180000,123.370003,120.949997,121.820000,94.076714,13485700.00
2017-04-19,122.099998,122.279999,121.110001,121.370003,93.729195,6993100.00
2017-04-20,121.860001,122.150002,121.349998,121.870003,94.115349,6330100.00
2017-04-21,121.779999,122.040001,121.540001,121.760002,94.030373,6021700.00
2017-04-24,122.519997,123.209999,122.150002,122.889999,94.903038,5679000.00
2017-04-25,123.339996,123.750000,123.010002,123.430000,95.320045,5090000.00
2017-04-26,123.790001,124.260002,123.480003,123.510002,95.381821,5021800.00
2017-04-27,123.580002,124.309998,123.400002,123.739998,95.559448,4225200.00
2017-04-28,123.849998,123.900002,123.129997,123.470001,95.350952,4381800.00
2017-05-01,123.400002,123.779999,123.000000,123.339996,95.250572,4556400.00
2017-05-02,123.519997,123.739998,122.889999,123.699997,95.528580,4881600.00
2017-05-03,123.589996,123.699997,123.040001,123.330002,95.242836,3736500.00
2017-05-04,123.690002,123.949997,123.230003,123.949997,95.721619,3753700.00
2017-05-05,123.800003,123.800003,122.860001,123.510002,95.381821,4139800.00
2017-05-08,123.529999,123.800003,123.019997,123.250000,95.181053,3608600.00
2017-05-09,123.230003,123.470001,122.879997,123.209999,95.150146,3762500.00
2017-05-10,122.910004,123.059998,122.379997,122.809998,94.841248,4237400.00
2017-05-11,122.500000,123.209999,122.339996,123.199997,95.142418,4095900.00
2017-05-12,123.110001,124.099998,123.010002,123.639999,95.482224,4097100.00
2017-05-15,124.410004,127.360001,124.330002,126.989998,98.069305,9854600.00
2017-05-16,127.339996,128.369995,127.059998,127.769997,98.671661,7233800.00
2017-05-17,127.769997,127.889999,126.449997,126.669998,97.822197,6480800.00
2017-05-18,126.459999,127.870003,125.959999,126.970001,98.053856,6571300.00
2017-05-19,127.029999,127.389999,126.440002,127.000000,98.077034,6957200.00
2017-05-22,126.629997,127.650002,126.629997,127.260002,98.277824,4858200.00
2017-05-23,127.309998,128.149994,127.309998,127.519997,98.478600,3972500.00
2017-05-24,127.790001,128.000000,127.290001,127.510002,98.470863,3965200.00
2017-05-25,126.739998,127.620003,126.330002,127.529999,99.139427,5294300.00
2017-05-26,127.230003,127.669998,126.830002,126.919998,98.665222,4005200.00
2017-05-30,126.699997,127.389999,126.190002,127.110001,98.812950,3665400.00
2017-05-31,127.349998,128.800003,127.349998,128.250000,99.699135,8813500.00
2017-06-01,128.320007,128.779999,128.119995,128.779999,100.111160,5790900.00
2017-06-02,129.050003,130.139999,128.830002,130.080002,101.121773,6562600.00
2017-06-05,129.970001,130.520004,129.800003,130.360001,101.339432,4634700.00
2017-06-06,130.179993,131.330002,130.029999,130.830002,101.704796,5619100.00
2017-06-07,131.000000,131.479996,130.580002,130.750000,101.642601,5765200.00
2017-06-08,130.750000,131.399994,129.960007,130.550003,101.487152,8101700.00
2017-06-09,130.369995,131.699997,130.309998,131.529999,102.248940,5992500.00
2017-06-12,131.529999,131.830002,131.419998,131.820007,102.474434,8020700.00
2017-06-13,131.750000,132.729996,131.399994,132.020004,102.629860,5733800.00
2017-06-14,132.509995,133.559998,132.509995,132.770004,103.212929,7329400.00
2017-06-15,132.000000,133.350006,131.809998,133.039993,103.422775,5265000.00
2017-06-16,133.720001,134.600006,133.039993,134.350006,104.441200,12639600.00
2017-06-19,134.149994,134.679993,133.490005,134.070007,104.223511,7488700.00
2017-06-20,133.899994,134.759995,133.899994,134.220001,104.340126,5201200.00
2017-06-21,134.289993,135.110001,134.020004,134.910004,104.876518,5841100.00
2017-06-22,135.449997,137.000000,135.270004,136.050003,105.762726,7311000.00
2017-06-23,135.449997,136.509995,135.320007,136.429993,106.058098,9007100.00
2017-06-26,136.479996,136.899994,136.199997,136.339996,105.988159,5561800.00
2017-06-27,136.500000,136.729996,134.990005,135.009995,104.954247,6120500.00
2017-06-28,135.949997,136.199997,133.570007,133.820007,104.029152,6557900.00
2017-06-29,133.399994,133.729996,132.309998,132.639999,103.111862,5750000.00
2017-06-30,132.699997,133.199997,132.279999,132.289993,102.839752,5264400.00
2017-07-03,132.789993,133.320007,132.649994,132.899994,103.313972,2931000.00
2017-07-05,132.979996,134.059998,132.419998,133.639999,103.889229,4302700.00
2017-07-06,133.610001,133.970001,132.410004,132.520004,103.018555,4282200.00
2017-07-07,132.910004,133.000000,131.690002,132.539993,103.034119,4994100.00
2017-07-10,132.740005,132.869995,131.229996,131.550003,102.264503,4019600.00
2017-07-11,131.429993,131.789993,130.479996,131.229996,102.015724,3733100.00
2017-07-12,132.039993,132.889999,131.770004,132.229996,102.793098,5053200.00
2017-07-13,132.100006,132.220001,130.990005,131.860001,102.505501,4424400.00
2017-07-14,132.000000,133.000000,131.740005,132.600006,103.080750,4383100.00
2017-07-17,132.710007,132.929993,131.750000,132.149994,102.730904,4939400.00
2017-07-18,131.619995,134.949997,131.080002,134.460007,104.526680,10256000.00
2017-07-19,134.839996,135.410004,134.520004,135.210007,105.109734,5503300.00
2017-07-20,135.729996,137.080002,135.619995,136.570007,106.166954,6088600.00
2017-07-21,135.330002,136.270004,135.100006,135.309998,105.187447,6773500.00
2017-07-24,134.990005,135.160004,132.850006,133.009995,103.399475,8306700.00
2017-07-25,133.740005,133.850006,131.449997,131.880005,102.521034,6262900.00
2017-07-26,131.660004,132.240005,130.750000,130.949997,101.798080,5382200.00
2017-07-27,130.850006,131.149994,129.570007,130.830002,101.704796,5838100.00
2017-07-28,131.139999,131.990005,130.520004,131.850006,102.497696,4970900.00
2017-07-31,132.139999,133.580002,132.100006,132.720001,103.174042,5440800.00
2017-08-01,133.169998,133.350006,132.279999,132.509995,103.010773,3837600.00
2017-08-02,132.080002,132.500000,131.500000,132.160004,102.738716,4032100.00
2017-08-03,131.910004,133.399994,131.509995,133.350006,103.663788,4327300.00
2017-08-04,133.740005,134.009995,132.800003,133.179993,103.531609,3192800.00
2017-08-07,133.089996,133.479996,132.509995,132.860001,103.282898,3010800.00
2017-08-08,132.500000,132.800003,131.399994,132.270004,102.824226,5535800.00
2017-08-09,132.809998,133.410004,132.369995,133.229996,103.570518,6332300.00
2017-08-10,133.039993,133.850006,132.369995,133.089996,103.461685,5607900.00
2017-08-11,133.639999,134.490005,132.750000,133.100006,103.469437,4270600.00
2017-08-14,134.199997,134.369995,132.869995,133.479996,103.764847,3041100.00
2017-08-15,133.850006,133.940002,133.199997,133.380005,103.687119,3931800.00
2017-08-16,134.080002,134.970001,133.860001,134.169998,104.301231,4469900.00
2017-08-17,134.179993,134.740005,133.029999,133.039993,103.422775,5741400.00
2017-08-18,132.669998,133.779999,132.380005,132.630005,103.104088,4792800.00
2017-08-21,132.279999,133.649994,132.190002,133.449997,103.741508,4660000.00
2017-08-22,133.270004,134.789993,132.899994,134.699997,104.713249,4150300.00
2017-08-23,134.429993,134.490005,132.649994,132.800003,103.236244,5129900.00
2017-08-24,132.820007,133.080002,132.270004,132.889999,103.306206,5398400.00
2017-08-25,131.910004,132.559998,131.619995,131.679993,103.016716,4133300.00
2017-08-28,131.679993,132.119995,131.490005,131.740005,103.063667,5349200.00
2017-08-29,131.570007,132.449997,131.300003,132.210007,103.431351,3277900.00
2017-08-30,132.000000,132.000000,130.899994,131.070007,102.539505,5430800.00
2017-08-31,131.389999,132.500000,131.250000,132.369995,103.556526,7407100.00
2017-09-01,132.600006,132.649994,130.940002,131.029999,102.508224,3820800.00
2017-09-05,130.720001,131.179993,129.720001,129.899994,101.624199,5146600.00
2017-09-06,130.539993,131.000000,130.210007,130.669998,102.226585,5601900.00
2017-09-07,130.860001,132.520004,130.250000,132.190002,103.415733,3800200.00
2017-09-08,132.000000,132.339996,130.869995,130.979996,102.469109,4854400.00
2017-09-11,131.369995,133.339996,131.020004,133.210007,104.213707,5724200.00
2017-09-12,133.830002,133.880005,131.929993,132.630005,103.759964,5465200.00
2017-09-13,132.669998,133.750000,131.850006,132.449997,103.619148,4679500.00
2017-09-14,132.139999,134.470001,131.990005,134.179993,104.972542,6274500.00
2017-09-15,134.789993,135.449997,134.179993,134.449997,105.183784,15522000.00
2017-09-18,134.440002,135.770004,134.110001,135.380005,105.911346,5260800.00
2017-09-19,135.020004,135.789993,134.350006,135.220001,105.786171,4903800.00
2017-09-20,133.250000,134.289993,132.339996,133.220001,104.221512,8705500.00
2017-09-21,133.309998,133.820007,131.380005,131.750000,103.071472,6051800.00
2017-09-22,131.990005,132.389999,131.270004,131.389999,102.789841,4334900.00
2017-09-25,131.470001,131.759995,130.830002,131.169998,102.617760,6017400.00
2017-09-26,131.500000,131.940002,130.820007,130.940002,102.437836,4516200.00
2017-09-27,131.000000,131.089996,129.429993,129.750000,101.506844,5796100.00
2017-09-28,129.910004,130.270004,129.289993,129.470001,101.287796,3992700.00
2017-09-29,129.580002,130.470001,129.050003,130.009995,101.710243,5736900.00
2017-10-02,130.160004,131.330002,130.020004,131.220001,102.656860,4492900.00
2017-10-03,131.649994,132.399994,131.360001,132.100006,103.345322,3900800.00
2017-10-04,132.399994,133.179993,132.100006,132.889999,103.963348,3589000.00
2017-10-05,132.889999,133.309998,132.360001,133.190002,104.198044,3741100.00
2017-10-06,133.000000,133.250000,132.479996,133.220001,104.221512,2469500.00
2017-10-09,133.660004,133.820007,133.169998,133.449997,104.401443,3750500.00
2017-10-10,133.559998,134.130005,132.919998,133.899994,104.753502,4184600.00
2017-10-11,134.880005,137.080002,134.369995,136.649994,106.904907,8269400.00
2017-10-12,136.339996,137.520004,136.020004,136.830002,107.045715,5172800.00
2017-10-13,136.600006,137.419998,136.339996,136.429993,106.732765,4106600.00
2017-10-16,136.449997,137.259995,135.539993,136.119995,106.490257,5120100.00
2017-10-17,137.669998,141.119995,137.059998,140.789993,110.143692,11717300.00
2017-10-18,140.789993,141.580002,140.070007,140.679993,110.057663,6827700.00
2017-10-19,140.710007,142.979996,140.539993,142.039993,111.121643,9181300.00
2017-10-20,142.380005,143.619995,141.830002,142.399994,111.403244,5634500.00
2017-10-23,142.130005,144.350006,142.080002,143.619995,112.357689,6686000.00
2017-10-24,143.380005,143.380005,140.929993,141.639999,110.808708,6585800.00
2017-10-25,141.160004,143.229996,140.960007,142.360001,111.371979,6563600.00
2017-10-26,142.509995,143.750000,141.380005,141.809998,110.941719,5841100.00
2017-10-27,141.000000,142.699997,140.199997,141.779999,110.918243,5140100.00
2017-10-30,141.080002,141.210007,139.320007,140.000000,109.525688,6034300.00
2017-10-31,140.020004,140.259995,138.979996,139.410004,109.064102,4832100.00
2017-11-01,139.830002,140.589996,139.339996,139.979996,109.510040,5006800.00
2017-11-02,140.110001,140.289993,139.110001,139.929993,109.470901,3494100.00
2017-11-03,139.729996,140.399994,139.300003,140.080002,109.588272,2737000.00
2017-11-06,140.009995,140.490005,139.720001,139.759995,109.337914,4220700.00
2017-11-07,140.080002,140.149994,138.910004,139.770004,109.345734,4201900.00
2017-11-08,139.699997,141.869995,139.460007,141.320007,110.558388,4440700.00
2017-11-09,140.860001,141.410004,139.800003,140.350006,109.799522,3517100.00
2017-11-10,140.130005,140.130005,138.610001,139.559998,109.181450,4240800.00
2017-11-13,139.009995,140.020004,138.419998,139.759995,109.337914,4322300.00
2017-11-14,139.570007,140.279999,138.919998,139.490005,109.126686,4078200.00
2017-11-15,139.229996,139.830002,138.750000,139.100006,108.821609,4811500.00
2017-11-16,139.419998,139.679993,138.639999,138.869995,108.641655,4193800.00
2017-11-17,138.300003,138.860001,137.889999,138.000000,107.961037,4247400.00
2017-11-20,138.149994,138.559998,137.740005,137.929993,107.906281,4266300.00
2017-11-21,138.449997,139.259995,138.190002,138.339996,108.227028,5660600.00
2017-11-22,138.300003,138.380005,136.600006,137.289993,107.405594,3917000.00
2017-11-24,137.500000,138.380005,137.309998,138.009995,107.968857,2606800.00
2017-11-27,137.509995,138.309998,137.479996,138.100006,108.700897,3933100.00
2017-11-28,138.300003,140.529999,138.250000,140.020004,110.212166,5052800.00
2017-11-29,140.220001,140.630005,138.949997,139.809998,110.046852,5851400.00
2017-11-30,140.059998,140.279999,138.479996,139.330002,109.669052,8941900.00
2017-12-01,139.570007,140.529999,138.600006,139.979996,110.180656,5990500.00
2017-12-04,140.619995,141.500000,138.929993,139.009995,109.417130,5916700.00
2017-12-05,139.789993,140.809998,139.199997,139.669998,109.936623,6745300.00
2017-12-06,140.839996,141.960007,140.190002,141.059998,111.030746,5591700.00
2017-12-07,140.009995,141.500000,139.259995,140.009995,110.204285,4713100.00
2017-12-08,140.000000,140.759995,139.800003,140.589996,110.660782,5101300.00
2017-12-11,140.899994,141.169998,139.830002,141.139999,111.093742,4358600.00
2017-12-12,142.600006,143.570007,142.039993,142.600006,112.242897,8016700.00
2017-12-13,142.500000,143.429993,142.210007,142.889999,112.471161,6118400.00
2017-12-14,143.520004,143.619995,141.610001,141.649994,111.495132,5337900.00
2017-12-15,142.479996,143.139999,141.779999,142.460007,112.132706,12517000.00
2017-12-18,142.559998,143.800003,141.399994,141.800003,111.613213,5833200.00
2017-12-19,141.889999,142.380005,141.360001,141.779999,111.597466,6580100.00
2017-12-20,142.259995,142.580002,141.080002,141.160004,111.109467,6289800.00
2017-12-21,141.589996,142.169998,141.020004,141.059998,111.030746,6284700.00
2017-12-22,141.000000,141.350006,140.039993,140.119995,110.290855,4665600.00
2017-12-26,140.460007,140.539993,139.679993,140.089996,110.267258,3271100.00
2017-12-27,140.419998,141.149994,140.199997,140.570007,110.645096,3753600.00
2017-12-28,140.699997,141.000000,140.330002,140.559998,110.637199,2485000.00
2017-12-29,140.979996,141.210007,139.580002,139.720001,109.976021,4452900.00
2018-01-02,139.660004,139.949997,138.720001,139.229996,109.590309,6842100.00
2018-01-03,139.360001,140.679993,138.899994,140.559998,110.637199,5350500.00
2018-01-04,140.449997,141.139999,140.220001,140.550003,110.629326,4837600.00
2018-01-05,140.690002,141.820007,140.279999,141.710007,111.542366,6158800.00
2018-01-08,141.699997,142.000000,140.919998,141.889999,111.684067,5129800.00
2018-01-09,142.369995,145.679993,142.259995,144.139999,113.455093,8897000.00
2018-01-10,143.550003,144.160004,143.320007,143.970001,113.321236,6558600.00
2018-01-11,144.130005,144.899994,143.690002,144.789993,113.966667,4962200.00
2018-01-12,144.990005,146.419998,144.899994,145.759995,114.730194,5450600.00
2018-01-16,146.419998,148.059998,146.029999,146.860001,115.596054,8804000.00
2018-01-17,147.839996,148.320007,145.479996,146.979996,115.690475,10619700.00
2018-01-18,146.929993,147.440002,145.970001,146.919998,115.643257,5554800.00
2018-01-19,147.460007,147.649994,146.419998,147.360001,115.989586,8738800.00
2018-01-22,147.009995,148.139999,146.720001,148.139999,116.603539,7010400.00
2018-01-23,146.960007,147.440002,141.619995,141.830002,111.636848,17473600.00
2018-01-24,143.500000,143.559998,141.800003,142.070007,111.825729,13034400.00
2018-01-25,142.309998,144.660004,142.210007,144.399994,113.659691,7938800.00
2018-01-26,144.500000,145.600006,144.130005,145.330002,114.391716,8065600.00
2018-01-29,144.850006,144.940002,143.529999,143.679993,113.092987,8013400.00
2018-01-30,143.399994,143.820007,142.429993,142.429993,112.109062,8376100.00
2018-01-31,142.570007,142.570007,138.100006,138.190002,108.771736,13137400.00
2018-02-01,137.529999,140.669998,137.000000,140.020004,110.212166,9393600.00
2018-02-02,139.020004,140.360001,137.380005,137.679993,108.370300,9262500.00
2018-02-05,136.580002,137.000000,122.150002,130.389999,102.632210,19954100.00
2018-02-06,130.009995,132.990005,128.000000,131.830002,103.765663,19193500.00
2018-02-07,131.889999,133.429993,131.350006,131.419998,103.442940,10550400.00
2018-02-08,130.910004,131.250000,126.110001,126.360001,99.460129,11680200.00
2018-02-09,127.519997,130.919998,125.440002,129.529999,101.955292,15030900.00
2018-02-12,130.000000,131.320007,127.680000,130.270004,102.537750,9963900.00
2018-02-13,129.210007,130.600006,128.699997,129.960007,102.293770,6339000.00
2018-02-14,129.440002,130.009995,128.389999,129.669998,102.065460,6259700.00
2018-02-15,130.100006,131.279999,129.399994,131.229996,103.293396,5606400.00
2018-02-16,130.960007,134.449997,130.839996,133.149994,104.804649,7970100.00
2018-02-20,132.869995,133.449997,130.660004,130.869995,103.009995,6563500.00
2018-02-21,130.800003,132.429993,129.860001,129.910004,102.254379,6578000.00
2018-02-22,130.100006,131.020004,129.479996,129.910004,102.254379,5732200.00
2018-02-23,130.089996,132.080002,130.020004,132.020004,103.915215,5126800.00
2018-02-26,131.710007,133.410004,131.000000,132.070007,104.620224,6684400.00
2018-02-27,132.210007,133.089996,131.600006,131.669998,104.303360,7158600.00
2018-02-28,131.949997,132.330002,129.869995,129.880005,102.885406,7985900.00
2018-03-01,129.110001,130.119995,126.519997,127.279999,100.825790,9424000.00
2018-03-02,126.910004,129.110001,126.910004,128.820007,102.045738,6910400.00
2018-03-05,128.630005,130.300003,128.179993,129.789993,102.814110,5799800.00
2018-03-06,130.000000,130.199997,127.919998,128.220001,101.570412,5546500.00
2018-03-07,127.480003,129.330002,127.269997,129.039993,102.219978,6391700.00
2018-03-08,129.330002,132.300003,129.330002,132.059998,104.612297,6423400.00
2018-03-09,132.509995,133.820007,131.559998,133.800003,105.990685,7557800.00
2018-03-12,133.800003,134.229996,132.320007,132.630005,105.063828,4942000.00
2018-03-13,133.800003,135.389999,133.449997,134.350006,106.426353,9152300.00
2018-03-14,135.240005,135.699997,131.899994,132.320007,104.818268,6770600.00
2018-03-15,132.550003,134.240005,132.470001,133.059998,105.404449,6147200.00
2018-03-16,133.160004,134.399994,132.100006,133.679993,105.895607,14233500.00
2018-03-19,133.350006,133.470001,129.360001,130.240005,103.170593,6017000.00
2018-03-20,130.779999,131.779999,129.380005,131.210007,103.938988,6214300.00
2018-03-21,131.399994,132.779999,130.660004,131.190002,103.923119,5158700.00
2018-03-22,130.470001,130.679993,127.099998,127.379997,100.905022,7560100.00
2018-03-23,127.629997,127.800003,124.900002,125.099998,99.098892,8452500.00
2018-03-26,126.410004,127.540001,125.209999,127.389999,100.912933,8358200.00
2018-03-27,127.110001,129.100006,126.389999,127.209999,100.770340,7789900.00
2018-03-28,127.629997,129.020004,127.209999,127.449997,100.960457,6868500.00
2018-03-29,127.970001,128.759995,126.820000,128.149994,101.514969,6119400.00
2018-04-02,127.820000,127.879997,123.540001,124.559998,98.671127,8916900.00
2018-04-03,125.180000,128.490005,124.680000,128.350006,101.673409,8035000.00
2018-04-04,126.900002,131.119995,126.389999,130.410004,103.305252,7717100.00
2018-04-05,130.410004,131.199997,129.500000,130.710007,103.542892,5621700.00
2018-04-06,130.220001,130.639999,126.410004,128.100006,101.475388,6399300.00
2018-04-09,128.649994,131.139999,127.680000,129.479996,102.568550,6395800.00
2018-04-10,130.250000,130.910004,129.289993,130.250000,103.178520,6019300.00
2018-04-11,129.139999,130.350006,129.029999,129.630005,102.687355,4575400.00
2018-04-12,130.089996,131.309998,129.860001,130.429993,103.321098,4559800.00
2018-04-13,131.089996,131.419998,129.630005,130.619995,103.471596,4742300.00
2018-04-16,131.410004,132.880005,131.279999,131.759995,104.374657,6379600.00
2018-04-17,132.110001,132.199997,128.809998,130.539993,103.408203,11008700.00
2018-04-18,129.690002,129.899994,126.940002,127.720001,101.174339,9383600.00
2018-04-19,127.629997,128.270004,126.889999,127.550003,101.039680,5959500.00
2018-04-20,128.000000,128.300003,126.169998,126.660004,100.334656,7743900.00
2018-04-23,126.879997,127.300003,125.779999,126.830002,100.469337,7501900.00
2018-04-24,126.940002,127.459999,125.309998,126.190002,99.962349,6577500.00
2018-04-25,125.910004,126.849998,125.279999,126.760002,100.413864,5859600.00
2018-04-26,126.620003,129.220001,126.620003,128.009995,101.404060,8211100.00
2018-04-27,127.730003,128.789993,127.500000,128.270004,101.610039,4266800.00
2018-04-30,128.860001,128.979996,126.489998,126.489998,100.199982,8219400.00
2018-05-01,126.320000,126.639999,124.970001,126.010002,99.819778,5122600.00
2018-05-02,125.519997,126.180000,123.199997,123.500000,97.831429,7390800.00
2018-05-03,123.300003,123.690002,121.279999,123.029999,97.459137,7282900.00
2018-05-04,122.599998,124.510002,121.800003,124.190002,98.378036,6127600.00
2018-05-07,124.139999,125.239998,123.320000,123.589996,97.902740,6707900.00
2018-05-08,122.860001,123.489998,121.690002,122.610001,97.126404,5951800.00
2018-05-09,122.989998,124.050003,122.529999,123.510002,97.839355,6808600.00
2018-05-10,124.220001,126.050003,124.000000,125.349998,99.296936,4948000.00
2018-05-11,125.769997,127.599998,125.760002,127.239998,100.794113,5716700.00
2018-05-14,127.349998,127.610001,125.599998,126.059998,99.859360,6101600.00
2018-05-15,125.540001,125.830002,124.400002,125.129997,99.122643,5875700.00
2018-05-16,125.440002,125.900002,125.000000,125.349998,99.296936,3818100.00
2018-05-17,125.489998,125.589996,123.550003,123.849998,98.108704,6473400.00
2018-05-18,123.779999,124.440002,123.279999,124.239998,98.417641,5433900.00
2018-05-21,124.620003,124.989998,123.320000,123.720001,98.005699,5558700.00
2018-05-22,123.800003,124.239998,122.760002,122.910004,97.364067,7172700.00
2018-05-23,122.870003,123.970001,122.739998,123.449997,97.791832,4940800.00
2018-05-24,123.220001,123.389999,121.550003,122.250000,96.841232,6923600.00
2018-05-25,121.559998,122.800003,121.129997,121.470001,96.936974,4594800.00
2018-05-29,120.500000,120.800003,118.620003,119.400002,95.285072,9821900.00
2018-05-30,120.120003,121.580002,119.540001,120.970001,96.537979,6423700.00
2018-05-31,120.919998,121.250000,119.540001,119.620003,95.460640,10337500.00
2018-06-01,120.379997,121.320000,119.970001,121.260002,96.769424,5741000.00
2018-06-04,121.849998,122.370003,121.019997,121.949997,97.320068,4853000.00
2018-06-05,122.050003,122.559998,120.900002,121.480003,96.944969,5125400.00
2018-06-06,121.970001,122.790001,121.459999,122.790001,97.990425,6799300.00
2018-06-07,123.000000,123.489998,122.269997,123.330002,98.421333,7414100.00
2018-06-08,123.360001,124.849998,123.330002,124.059998,99.003922,6208100.00
2018-06-11,124.269997,124.339996,122.550003,122.660004,97.886665,5571400.00
2018-06-12,123.160004,123.180000,121.949997,122.540001,97.790886,5227300.00
2018-06-13,123.150002,124.089996,122.459999,122.629997,97.862717,5836900.00
2018-06-14,122.709999,123.150002,122.089996,122.410004,97.687157,5239200.00
2018-06-15,122.099998,122.730003,121.239998,122.610001,97.846748,13173500.00
2018-06-18,121.610001,121.809998,120.250000,121.320000,96.817322,6787400.00
2018-06-19,120.660004,123.169998,120.570000,122.570000,97.814857,8572400.00
2018-06-20,122.419998,122.660004,121.660004,122.040001,97.391869,6277200.00
2018-06-21,121.830002,122.239998,121.110001,121.449997,96.921028,4417200.00
2018-06-22,121.680000,123.379997,121.650002,122.839996,98.030289,9501400.00
2018-06-25,122.820000,123.430000,121.510002,122.589996,97.830811,8170500.00
2018-06-26,122.489998,122.889999,121.599998,122.349998,97.639267,5496400.00
2018-06-27,122.129997,122.970001,121.449997,121.610001,97.048729,5666000.00
2018-06-28,121.779999,122.410004,121.070000,122.000000,97.359947,5296800.00
2018-06-29,122.239998,123.180000,121.190002,121.339996,96.833244,7308700.00
2018-07-02,121.339996,121.730003,120.110001,121.580002,97.024788,5481400.00
2018-07-03,121.650002,123.459999,121.260002,122.709999,97.926552,4248100.00
2018-07-05,123.599998,125.120003,123.230003,125.000000,99.754059,7319100.00
2018-07-06,125.160004,125.919998,124.610001,125.750000,100.352585,7297900.00
2018-07-09,126.220001,126.750000,125.599998,126.050003,100.591988,6706100.00
2018-07-10,126.370003,127.519997,126.110001,127.379997,101.653374,5075600.00
2018-07-11,127.410004,127.440002,126.059998,126.239998,100.743607,4827400.00
2018-07-12,127.709999,128.210007,127.169998,127.760002,101.956612,6199000.00
2018-07-13,125.320000,127.500000,125.320000,125.930000,100.496231,8250200.00
2018-07-16,126.000000,126.099998,124.160004,124.690002,99.506668,7314400.00
2018-07-17,128.529999,130.539993,127.559998,129.110001,103.033974,12858700.00
2018-07-18,128.809998,129.050003,127.169998,127.800003,101.988533,7152000.00
2018-07-19,127.529999,127.699997,125.870003,125.940002,100.504196,5984600.00
2018-07-20,125.300003,126.139999,125.120003,125.849998,100.432381,5835500.00
2018-07-23,125.750000,126.680000,125.449997,126.629997,101.054863,4631100.00
2018-07-24,127.239998,129.619995,127.150002,129.360001,103.233475,7158800.00
2018-07-25,129.139999,129.229996,127.650002,128.619995,102.642929,6523000.00
2018-07-26,129.899994,131.220001,129.850006,130.279999,103.967682,7640600.00
2018-07-27,129.979996,132.270004,129.940002,131.550003,104.981163,6620400.00
2018-07-30,131.779999,132.490005,131.250000,132.169998,105.475945,11013100.00
2018-07-31,132.279999,132.639999,131.770004,132.520004,105.755264,7598900.00
2018-08-01,132.389999,132.960007,132.080002,132.639999,105.851013,5770400.00
2018-08-02,132.889999,133.000000,131.089996,131.250000,104.741753,6563300.00
2018-08-03,131.179993,132.699997,130.899994,131.949997,105.300362,6498700.00
2018-08-06,131.639999,132.529999,131.009995,132.020004,105.356262,5840000.00
2018-08-07,131.880005,132.169998,131.300003,131.460007,104.909370,4664600.00
2018-08-08,131.490005,131.800003,130.889999,131.169998,104.677925,3721500.00
2018-08-09,131.539993,131.720001,130.669998,131.199997,104.701881,4057800.00
2018-08-10,131.190002,131.630005,130.259995,130.750000,104.342751,4324000.00
2018-08-13,130.720001,130.899994,129.850006,130.220001,103.919785,3778000.00
2018-08-14,129.669998,130.470001,129.350006,129.500000,103.345222,4542800.00
2018-08-15,129.750000,130.740005,128.929993,130.429993,104.087364,5377300.00
2018-08-16,131.020004,132.880005,130.570007,132.479996,105.723351,7861500.00
2018-08-17,132.449997,135.000000,132.190002,134.470001,107.311440,6700900.00
2018-08-20,134.929993,137.119995,134.000000,136.880005,109.234688,7935000.00
2018-08-21,137.000000,137.429993,135.300003,135.350006,108.013718,5832100.00
2018-08-22,135.559998,135.679993,134.419998,134.610001,107.423164,4688400.00
2018-08-23,134.610001,135.490005,134.100006,135.110001,107.822166,5057600.00
2018-08-24,135.110001,136.149994,134.830002,135.949997,108.492508,4809400.00
2018-08-27,135.500000,136.050003,134.210007,134.919998,108.388084,4325900.00
2018-08-28,134.779999,134.899994,133.889999,134.320007,107.906082,6037500.00
2018-08-29,134.320007,134.940002,133.940002,134.860001,108.339897,4648700.00
2018-08-30,134.699997,135.600006,134.600006,134.949997,108.412178,4821900.00
2018-08-31,134.600006,135.000000,133.970001,134.690002,108.203339,6139500.00
2018-09-04,134.690002,134.750000,133.440002,133.720001,107.424065,4406800.00
2018-09-05,133.479996,135.940002,133.460007,135.860001,109.143242,6174800.00
2018-09-06,135.500000,137.309998,135.179993,136.869995,109.954597,6562000.00
2018-09-07,136.779999,137.690002,135.750000,137.320007,110.316139,6375200.00
2018-09-10,137.529999,138.470001,137.059998,137.210007,110.227745,4892200.00
2018-09-11,137.639999,138.910004,137.220001,138.509995,111.272110,7856800.00
2018-09-12,138.899994,139.990005,138.559998,139.360001,111.954956,6767700.00
2018-09-13,139.889999,140.479996,139.020004,139.889999,112.380753,6456100.00
2018-09-14,140.000000,140.350006,139.100006,139.490005,112.059380,4534800.00
2018-09-17,139.330002,140.399994,139.179993,139.960007,112.436989,5295500.00
2018-09-18,140.270004,140.839996,139.830002,140.539993,112.902908,4581200.00
2018-09-19,140.759995,140.990005,140.050003,140.460007,112.838638,5049900.00
2018-09-20,140.820007,142.139999,140.509995,141.979996,114.059753,5019300.00
2018-09-21,142.179993,143.130005,141.690002,142.880005,114.782753,13283400.00
2018-09-24,142.100006,142.500000,140.229996,140.470001,112.846672,6708000.00
2018-09-25,140.529999,140.960007,138.399994,138.639999,111.376541,7982800.00
2018-09-26,138.949997,140.000000,137.960007,138.160004,110.990982,7133300.00
2018-09-27,138.449997,139.580002,137.570007,138.220001,111.039162,6450500.00
2018-09-28,138.100006,138.559998,137.410004,138.169998,110.998978,6638500.00
2018-10-01,138.259995,139.850006,138.000000,139.690002,112.220078,4871800.00
2018-10-02,139.789993,140.729996,139.649994,140.479996,112.854706,6439100.00
2018-10-03,140.539993,141.270004,138.880005,139.029999,111.689857,5411800.00
2018-10-04,138.550003,139.529999,137.320007,139.350006,111.946922,4738700.00
2018-10-05,139.800003,140.250000,138.559998,139.100006,111.746101,4309300.00
2018-10-08,138.899994,139.679993,138.619995,139.389999,111.979088,5174100.00
2018-10-09,138.740005,139.619995,137.809998,139.199997,111.826424,4475300.00
2018-10-10,139.350006,140.460007,137.729996,137.729996,110.645485,7265600.00
2018-10-11,137.910004,138.660004,132.880005,133.839996,107.520447,11603200.00
2018-10-12,134.399994,134.410004,132.229996,133.869995,107.544571,6998000.00
2018-10-15,133.880005,135.300003,133.509995,133.949997,107.608795,6398700.00
2018-10-16,134.750000,137.990005,134.750000,136.559998,109.705582,9592800.00
2018-10-17,136.229996,140.000000,136.210007,139.460007,112.035316,8261100.00
2018-10-18,139.199997,139.809998,137.710007,139.500000,112.067413,7583900.00
2018-10-19,138.339996,140.000000,137.910004,139.050003,111.705925,5924800.00
2018-10-22,138.610001,139.259995,138.139999,138.679993,111.408646,4864300.00
2018-10-23,137.789993,139.490005,137.449997,138.929993,111.609528,8282700.00
2018-10-24,138.520004,140.110001,137.169998,137.470001,110.436615,8279200.00
2018-10-25,137.460007,139.089996,135.050003,138.470001,111.239983,9720700.00
2018-10-26,137.940002,139.300003,135.330002,136.970001,110.034950,11371400.00
2018-10-29,136.990005,139.100006,136.220001,137.550003,110.500893,6783000.00
2018-10-30,137.929993,141.100006,137.000000,140.750000,113.071609,9646200.00
2018-10-31,141.000000,141.429993,139.610001,139.990005,112.461082,9968900.00
2018-11-01,140.070007,141.580002,139.850006,140.820007,113.127838,6913500.00
2018-11-02,141.970001,142.000000,139.660004,140.679993,113.015366,7673200.00
2018-11-05,141.000000,142.740005,139.000000,142.199997,114.236481,5601400.00
2018-11-06,141.529999,142.830002,141.059998,142.570007,114.533752,5798900.00
2018-11-07,143.100006,144.869995,142.970001,144.750000,116.285027,7173600.00
2018-11-08,144.309998,145.789993,144.000000,145.300003,116.726852,5497100.00
2018-11-09,145.039993,145.740005,144.380005,145.339996,116.758987,5343100.00
2018-11-12,144.990005,146.240005,144.729996,145.619995,116.983917,7013600.00
2018-11-13,146.190002,146.750000,143.419998,144.679993,116.228783,7432300.00
2018-11-14,145.020004,145.309998,143.559998,144.250000,115.883362,6433100.00
2018-11-15,143.410004,144.509995,142.479996,144.500000,116.084198,6657900.00
2018-11-16,144.710007,146.740005,144.550003,145.990005,117.281158,8494300.00
2018-11-19,146.429993,148.440002,146.369995,147.729996,118.679001,8714600.00
2018-11-20,147.500000,148.750000,146.350006,146.449997,117.650757,8937700.00
2018-11-21,146.229996,146.229996,140.779999,141.990005,114.067772,10275400.00
2018-11-23,141.850006,142.729996,141.600006,142.229996,114.260574,3404900.00
2018-11-26,142.000000,142.050003,140.720001,141.369995,114.292915,7590900.00
2018-11-27,140.570007,143.350006,139.660004,143.220001,115.788574,5962100.00
2018-11-28,143.830002,146.559998,143.360001,146.440002,118.391846,8411400.00
2018-11-29,145.619995,147.199997,144.839996,145.850006,117.914841,6900000.00
2018-11-30,145.339996,147.000000,145.100006,146.899994,118.763733,12517600.00
2018-12-03,145.570007,146.630005,144.940002,146.210007,118.205879,8827200.00
2018-12-04,146.320007,148.990005,145.820007,146.029999,118.060364,9803500.00
2018-12-06,144.500000,146.449997,142.789993,145.910004,117.963371,11572500.00
2018-12-07,145.490005,147.339996,144.119995,145.429993,117.575287,9444500.00
2018-12-10,145.389999,145.880005,142.380005,145.259995,117.437851,6848100.00
2018-12-11,146.289993,148.210007,145.789993,146.500000,118.440323,9857400.00
2018-12-12,147.000000,148.490005,147.000000,147.100006,118.925438,8869200.00
2018-12-13,146.960007,148.589996,146.800003,147.839996,119.523720,6008300.00
2018-12-14,144.339996,145.380005,130.199997,133.000000,107.526054,58140200.00
2018-12-17,128.320007,131.649994,126.830002,129.139999,104.405396,36933100.00
2018-12-18,132.050003,132.800003,129.199997,130.419998,105.440201,24640100.00
2018-12-19,129.869995,131.350006,127.089996,127.610001,103.168404,21232100.00
2018-12-20,127.720001,129.750000,126.760002,128.270004,103.702026,16609600.00
2018-12-21,127.800003,130.600006,127.120003,128.089996,103.556488,19732900.00
2018-12-24,127.300003,128.000000,121.000000,122.839996,99.312035,7531900.00
2018-12-26,123.419998,126.760002,122.010002,126.709999,102.440788,9253000.00
2018-12-27,125.870003,127.410004,123.070000,127.410004,103.006721,9918700.00
2018-12-28,127.910004,128.750000,126.750000,127.269997,102.893547,6537200.00
2018-12-31,128.179993,129.550003,127.419998,129.050003,104.332603,7409900.00
2019-01-02,128.130005,128.380005,126.279999,127.750000,103.281624,7631700.00
2019-01-03,128.139999,128.270004,125.360001,125.720001,101.640427,8654500.00
2019-01-04,127.120003,128.649994,126.730003,127.830002,103.346283,8831700.00
2019-01-07,127.629997,128.350006,126.800003,127.010002,102.683334,8404700.00
2019-01-08,128.179993,130.500000,127.730003,129.960007,105.068336,9351600.00
2019-01-09,129.830002,130.240005,128.330002,128.929993,104.235580,7403500.00
2019-01-10,127.690002,129.889999,127.690002,129.710007,104.866203,6224400.00
2019-01-11,129.000000,129.839996,128.309998,129.750000,104.898544,5300400.00
2019-01-14,128.740005,128.960007,127.589996,128.279999,103.710091,7374400.00
2019-01-15,128.520004,129.490005,127.650002,129.360001,104.583252,5194400.00
2019-01-16,129.410004,129.410004,127.900002,128.039993,103.516052,6264200.00
2019-01-17,127.709999,129.520004,127.459999,129.089996,104.364944,7632000.00
2019-01-18,129.899994,131.179993,129.449997,130.690002,105.658501,10593000.00
2019-01-22,128.199997,129.500000,127.010002,128.800003,104.130486,10568100.00
2019-01-23,128.500000,129.300003,127.930000,128.800003,104.130486,9267800.00
2019-01-24,128.490005,128.699997,125.000000,127.029999,102.699509,9917000.00
2019-01-25,128.130005,128.449997,127.029999,128.229996,103.669647,7585100.00
2019-01-28,127.809998,129.149994,127.290001,128.990005,104.284111,6927700.00
2019-01-29,128.949997,130.470001,128.500000,130.330002,105.367455,6669300.00
2019-01-30,130.369995,132.190002,130.300003,131.639999,106.426544,7299300.00
2019-01-31,131.630005,135.190002,130.869995,133.080002,107.590744,17298100.00
2019-02-01,134.020004,134.690002,133.470001,134.199997,108.496201,9575200.00
2019-02-04,133.960007,134.149994,132.210007,132.880005,107.429039,7759000.00
2019-02-05,133.520004,133.880005,132.750000,132.880005,107.429039,6449800.00
2019-02-06,133.080002,133.570007,132.300003,133.000000,107.526047,5066100.00
2019-02-07,132.449997,132.639999,131.529999,132.050003,106.758011,6085300.00
2019-02-08,131.949997,132.460007,131.539993,132.399994,107.040985,4436700.00
2019-02-11,132.309998,132.669998,131.259995,132.000000,106.717598,4962200.00
2019-02-12,132.080002,134.300003,132.080002,134.160004,108.463890,6262300.00
2019-02-13,134.070007,134.979996,133.210007,134.449997,108.698334,7902200.00
2019-02-14,134.300003,134.820007,133.350006,134.309998,108.585129,3910400.00
2019-02-15,135.190002,136.410004,135.009995,136.380005,110.258644,6665000.00
2019-02-19,136.139999,136.380005,135.630005,135.690002,109.700829,5935500.00
2019-02-20,135.970001,136.729996,135.729996,136.350006,110.234428,6089800.00
2019-02-21,134.979996,135.789993,134.270004,135.419998,109.482544,6665500.00
2019-02-22,135.289993,136.639999,134.820007,136.600006,110.436531,5223900.00
2019-02-25,136.350006,137.490005,135.860001,136.199997,110.843445,6846600.00
2019-02-26,136.440002,136.960007,136.050003,136.110001,110.770187,5106900.00
2019-02-27,135.520004,136.250000,135.389999,135.869995,110.574898,4378100.00
2019-02-28,135.949997,137.949997,135.690002,136.639999,111.201523,10133200.00
2019-03-01,137.220001,138.610001,137.009995,138.350006,112.593201,5641600.00
2019-03-04,138.850006,139.410004,137.509995,138.479996,112.698959,8377700.00
2019-03-05,138.809998,139.139999,138.360001,138.770004,112.935013,6568900.00
2019-03-06,139.470001,139.649994,138.600006,139.089996,113.195412,6236900.00
2019-03-07,138.529999,139.119995,137.699997,138.240005,112.503647,6100400.00
2019-03-08,138.089996,139.300003,136.419998,138.059998,112.357170,7046700.00
2019-03-11,138.110001,139.029999,137.520004,138.559998,112.764091,6150400.00
2019-03-12,138.649994,140.000000,138.500000,139.179993,113.268677,5552900.00
2019-03-13,139.589996,139.839996,139.020004,139.410004,113.455826,6446900.00
2019-03-14,138.339996,138.800003,137.940002,138.020004,112.324623,8493600.00
2019-03-15,138.000000,138.259995,136.830002,137.600006,111.982803,11922500.00
2019-03-18,137.649994,137.779999,136.720001,137.169998,111.632843,7369600.00
2019-03-19,137.610001,138.820007,137.470001,138.440002,112.666405,5882500.00
2019-03-20,138.330002,138.509995,136.649994,137.289993,111.730522,5475700.00
2019-03-21,137.000000,138.779999,136.949997,138.100006,112.389702,5765100.00
2019-03-22,137.750000,138.389999,136.860001,136.910004,111.421280,6528800.00
2019-03-25,136.910004,137.009995,135.740005,136.610001,111.177124,4500300.00
2019-03-26,136.929993,139.270004,136.929993,138.570007,112.772194,4758600.00
2019-03-27,138.589996,139.479996,138.070007,138.699997,112.878014,6764900.00
2019-03-28,139.059998,139.460007,138.710007,138.880005,113.024506,4602100.00
2019-03-29,139.279999,139.880005,138.880005,139.789993,113.765091,7168400.00
2019-04-01,139.990005,140.289993,138.740005,138.979996,113.105888,5885200.00
2019-04-02,139.009995,139.009995,136.910004,137.710007,112.072350,5517800.00
2019-04-03,138.199997,138.240005,136.869995,137.169998,111.632843,5947000.00
2019-04-04,136.869995,137.009995,135.130005,135.570007,110.330742,5844600.00
2019-04-05,136.039993,136.580002,135.699997,136.179993,110.827171,4759700.00
2019-04-08,136.050003,136.509995,135.699997,136.139999,110.794609,4329600.00
2019-04-09,136.000000,136.259995,134.559998,135.570007,110.330742,5210300.00
2019-04-10,135.889999,136.130005,135.330002,135.580002,110.338852,4194100.00
2019-04-11,135.960007,136.179993,134.419998,135.210007,110.037743,4485200.00
2019-04-12,135.220001,136.350006,134.750000,135.979996,110.664398,5756800.00
2019-04-15,136.000000,136.789993,135.800003,136.520004,111.103867,5380900.00
2019-04-16,138.320007,140.699997,137.559998,138.020004,112.324623,10745700.00
2019-04-17,139.000000,140.149994,137.669998,138.520004,112.731544,9543700.00
2019-04-18,139.350006,140.240005,135.750000,137.520004,111.917686,10485300.00
2019-04-22,136.979996,138.490005,136.460007,137.830002,112.169983,4666500.00
2019-04-23,137.419998,140.850006,137.250000,139.899994,113.854584,5790500.00
2019-04-24,139.649994,140.139999,138.860001,139.199997,113.284904,5676300.00
2019-04-25,138.520004,139.770004,137.960007,139.649994,113.651176,5218100.00
2019-04-26,139.880005,140.520004,139.309998,140.389999,114.253395,4613600.00
2019-04-29,140.350006,140.429993,139.580002,139.839996,113.805779,4275200.00
2019-04-30,140.190002,141.449997,138.960007,141.199997,114.912567,6003700.00
2019-05-01,140.949997,142.350006,139.750000,141.949997,115.522972,6656300.00
2019-05-02,141.910004,142.149994,140.119995,141.279999,114.977676,8835600.00
2019-05-03,141.289993,142.089996,141.080002,142.009995,115.571754,5281600.00
2019-05-06,140.250000,142.240005,139.929993,142.089996,115.636887,5818900.00
2019-05-07,140.820007,141.380005,139.059998,139.970001,113.911575,6606700.00
2019-05-08,140.199997,140.919998,139.699997,139.789993,113.765091,4667300.00
2019-05-09,138.949997,139.320007,137.639999,138.729996,112.902397,5604200.00
2019-05-10,138.429993,139.250000,136.410004,139.050003,113.162865,4771600.00
2019-05-13,137.850006,138.059998,136.529999,137.199997,111.657288,5560000.00
2019-05-14,137.039993,137.839996,136.729996,136.820007,111.348007,7179400.00
2019-05-15,136.899994,137.490005,135.330002,136.910004,111.421280,6429400.00
2019-05-16,137.389999,139.190002,136.970001,138.210007,112.479240,6857200.00
2019-05-17,137.000000,139.029999,136.860001,138.610001,112.804787,6915300.00
2019-05-20,138.610001,138.960007,137.679993,138.419998,112.650131,4771100.00
2019-05-21,139.119995,139.570007,138.080002,138.119995,112.406006,4859000.00
2019-05-22,138.350006,138.949997,137.490005,138.759995,112.926834,5456800.00
2019-05-23,138.500000,139.850006,137.669998,139.789993,113.765091,6951800.00
2019-05-24,139.500000,139.500000,138.559998,138.850006,113.773285,5473300.00
2019-05-28,139.000000,140.490005,137.050003,137.070007,112.314743,11919600.00
2019-05-29,135.889999,135.889999,128.520004,131.330002,107.611412,23247400.00
2019-05-30,131.440002,132.820007,131.169998,132.110001,108.250549,7360600.00
2019-05-31,131.520004,132.000000,129.610001,131.149994,107.463936,7811000.00
2019-06-03,131.500000,132.399994,131.039993,131.440002,107.701561,8434600.00
2019-06-04,132.600006,134.300003,132.580002,133.729996,109.577957,6648900.00
2019-06-05,134.699997,135.130005,133.860001,134.380005,110.110596,6860600.00
2019-06-06,134.899994,137.660004,134.589996,136.679993,111.995186,9115800.00
2019-06-07,137.589996,139.589996,137.139999,138.550003,113.527473,6533900.00
2019-06-10,138.600006,139.149994,137.600006,139.020004,113.912582,4994700.00
2019-06-11,139.679993,140.660004,139.500000,139.779999,114.535347,8230500.00
2019-06-12,140.300003,142.910004,140.300003,141.679993,116.092163,9216500.00
2019-06-13,141.720001,141.949997,140.210007,140.710007,115.297363,7500800.00
2019-06-14,141.229996,141.490005,140.039993,140.089996,114.789352,6548100.00
2019-06-17,140.000000,140.240005,139.210007,139.440002,114.256729,5562800.00
2019-06-18,140.559998,140.929993,139.789993,140.229996,114.904053,7122700.00
2019-06-19,140.009995,140.970001,139.910004,140.449997,115.084312,6393400.00
2019-06-20,141.250000,142.399994,141.000000,142.210007,116.526466,7335800.00
2019-06-21,141.460007,142.429993,141.009995,142.089996,116.428131,11272200.00
2019-06-24,142.419998,143.699997,142.089996,143.059998,117.222939,5894700.00
2019-06-25,143.270004,144.979996,143.190002,144.240005,118.189857,7517000.00
2019-06-26,143.850006,143.850006,140.759995,141.850006,116.231476,7674100.00
2019-06-27,142.229996,142.500000,140.600006,140.690002,115.280960,5233500.00
2019-06-28,140.740005,141.100006,138.509995,139.279999,114.125633,12792400.00
2019-07-01,140.199997,140.259995,138.720001,139.360001,114.191170,5872300.00
2019-07-02,139.220001,140.029999,138.690002,140.029999,114.740150,4501200.00
2019-07-03,141.000000,142.179993,140.789993,142.139999,116.469124,3436300.00
2019-07-05,141.740005,141.860001,140.369995,140.570007,115.182640,4652400.00
2019-07-08,140.119995,141.080002,139.639999,140.970001,115.510384,4078100.00
2019-07-09,141.460007,142.470001,140.910004,141.410004,115.870934,4217400.00
2019-07-10,141.779999,141.990005,140.669998,141.210007,115.707092,4874400.00
2019-07-11,140.940002,141.210007,139.020004,140.110001,114.805733,5817400.00
2019-07-12,140.119995,140.119995,132.320007,134.300003,110.045036,17780100.00
2019-07-15,135.389999,136.360001,134.449997,134.710007,110.380981,10038200.00
2019-07-16,132.929993,133.830002,131.750000,132.500000,108.570137,10214500.00
2019-07-17,132.490005,133.580002,131.410004,131.860001,108.045685,8862100.00
2019-07-18,132.130005,132.509995,131.169998,132.070007,108.217751,6203100.00
2019-07-19,132.250000,132.389999,130.190002,130.309998,106.775627,8340200.00
2019-07-22,130.000000,130.149994,127.839996,128.639999,105.407257,12624800.00
2019-07-23,128.610001,129.449997,128.160004,128.839996,105.571098,5803600.00
2019-07-24,128.880005,129.789993,128.570007,129.779999,106.341339,6838600.00
2019-07-25,130.059998,131.529999,129.669998,131.119995,107.439331,8897800.00
2019-07-26,131.300003,131.300003,130.490005,130.729996,107.119774,4894600.00
2019-07-29,131.000000,133.309998,130.210007,133.020004,108.996208,7832000.00
2019-07-30,132.470001,132.490005,131.270004,132.080002,108.225967,5509600.00
2019-07-31,131.639999,132.000000,130.179993,130.220001,106.701874,8559200.00
2019-08-01,130.259995,130.740005,129.020004,130.289993,106.759239,7870700.00
2019-08-02,130.860001,131.470001,129.770004,131.070007,107.398376,6574900.00
2019-08-05,130.910004,131.460007,129.009995,130.160004,106.652710,9480000.00
2019-08-06,130.339996,131.220001,129.589996,130.770004,107.152557,7880600.00
2019-08-07,129.360001,130.910004,128.190002,130.210007,106.693695,6771700.00
2019-08-08,130.979996,131.949997,130.229996,131.679993,107.898193,5260500.00
2019-08-09,131.800003,132.759995,131.229996,132.039993,108.193214,4677300.00
2019-08-12,131.500000,132.699997,131.289993,131.929993,108.103050,6852100.00
2019-08-13,132.300003,134.100006,132.000000,133.419998,109.323952,5013200.00
2019-08-14,132.529999,132.539993,130.130005,130.259995,106.734657,7736200.00
2019-08-15,130.169998,131.070007,129.250000,130.539993,106.964111,7251200.00
2019-08-16,131.470001,131.669998,130.600006,131.360001,107.635994,5858900.00
2019-08-19,132.500000,132.570007,131.820007,132.250000,108.365250,4958000.00
2019-08-20,131.960007,132.660004,130.460007,130.600006,107.013283,7302000.00
2019-08-21,131.699997,132.410004,130.850006,131.529999,107.775291,6912800.00
2019-08-22,131.600006,132.130005,130.800003,131.270004,107.562271,7213500.00
2019-08-23,131.070007,131.259995,127.129997,127.730003,104.661598,15714000.00
2019-08-26,127.419998,128.080002,126.629997,127.800003,105.503647,8889500.00
2019-08-27,129.880005,132.399994,129.100006,129.639999,107.022606,20183800.00
2019-08-28,127.860001,128.869995,127.010002,128.679993,106.230103,9878800.00
2019-08-29,128.839996,129.199997,126.830002,128.240005,105.866882,6749900.00
2019-08-30,128.270004,129.100006,127.620003,128.360001,105.965927,7371100.00
2019-09-03,127.989998,128.979996,127.510002,128.740005,106.279648,5710200.00
2019-09-04,129.490005,129.589996,128.080002,128.860001,106.378700,4807200.00
2019-09-05,129.899994,129.899994,128.309998,128.580002,106.147545,4754100.00
2019-09-06,128.880005,129.229996,128.070007,128.210007,105.842117,6758300.00
2019-09-09,128.000000,128.160004,126.589996,126.949997,104.801926,7684700.00
2019-09-10,127.339996,129.550003,126.339996,129.550003,106.948334,8239500.00
2019-09-11,129.860001,131.279999,129.080002,131.169998,108.285690,6203600.00
2019-09-12,131.360001,131.770004,130.059998,130.429993,107.674782,5250000.00
2019-09-13,131.330002,131.570007,129.960007,130.779999,107.963722,5369800.00
2019-09-16,130.110001,130.750000,129.330002,129.539993,106.940063,5101700.00
2019-09-17,129.600006,130.500000,129.110001,129.669998,107.047409,4976400.00
2019-09-18,129.899994,130.559998,128.779999,130.410004,107.658302,4373600.00
2019-09-19,129.630005,131.190002,129.360001,130.110001,107.410629,4730100.00
2019-09-20,131.000000,132.000000,130.289993,131.649994,108.681969,12053100.00
2019-09-23,131.020004,132.050003,130.490005,131.740005,108.756279,5183700.00
2019-09-24,132.100006,132.779999,131.339996,131.550003,108.599411,7102600.00
2019-09-25,131.500000,131.570007,130.229996,130.990005,108.137138,4522900.00
2019-09-26,131.089996,131.309998,128.029999,128.850006,106.370445,7545800.00
2019-09-27,128.610001,129.399994,126.699997,128.600006,106.164070,6006500.00
2019-09-30,129.070007,130.279999,129.000000,129.380005,106.807983,6552100.00
2019-10-01,130.020004,130.800003,129.770004,129.990005,107.311562,7673000.00
2019-10-02,132.759995,134.699997,131.220001,132.000000,108.970894,12051800.00
2019-10-03,131.639999,132.369995,130.009995,131.190002,108.302216,6997600.00
2019-10-04,131.339996,133.720001,131.250000,133.660004,110.341286,7233300.00
2019-10-07,133.089996,133.820007,132.139999,133.160004,109.928528,5427200.00
2019-10-08,132.449997,133.259995,131.490005,131.839996,108.838821,7870400.00
2019-10-09,131.139999,131.250000,128.520004,129.220001,106.675903,7787700.00
2019-10-10,128.949997,130.119995,128.630005,129.059998,106.543816,5119700.00
2019-10-11,131.139999,132.619995,130.820007,131.330002,108.417793,7161400.00
2019-10-14,131.360001,131.360001,130.419998,130.720001,107.914207,5700000.00
2019-10-15,133.000000,134.250000,132.100006,132.839996,109.664330,10008800.00
2019-10-16,134.899994,136.589996,133.800003,135.169998,111.587830,12434200.00
2019-10-17,135.960007,137.490005,135.649994,136.169998,112.413399,8434000.00
2019-10-18,133.309998,134.389999,127.699997,127.699997,105.421082,25868700.00
2019-10-21,128.669998,129.669998,127.059998,128.020004,105.685249,13823600.00
2019-10-22,128.759995,130.539993,128.089996,129.199997,106.659378,7613700.00
2019-10-23,129.660004,130.479996,129.070007,129.899994,107.237244,6693400.00
2019-10-24,130.419998,130.580002,126.099998,127.500000,105.255959,12111600.00
2019-10-25,127.830002,129.100006,127.309998,128.350006,105.957672,6947300.00
2019-10-28,128.619995,130.000000,128.509995,129.179993,106.642876,7876300.00
2019-10-29,129.699997,129.970001,128.559998,129.119995,106.593346,4506300.00
2019-10-30,133.300003,133.529999,131.729996,132.839996,109.664330,9627600.00
2019-10-31,132.380005,132.839996,130.889999,132.039993,109.003937,7686700.00
2019-11-01,132.050003,133.000000,131.139999,131.199997,108.310448,5541800.00
2019-11-04,131.800003,131.949997,130.089996,130.229996,107.509682,6140300.00
2019-11-05,130.529999,131.470001,129.679993,130.419998,107.666534,6257300.00
2019-11-06,130.419998,131.479996,129.699997,130.960007,108.112343,5450000.00
2019-11-07,131.729996,132.380005,131.009995,131.429993,108.500343,5873700.00
2019-11-08,131.300003,133.039993,130.970001,133.000000,109.796402,5003000.00
2019-11-11,132.270004,132.520004,131.330002,131.979996,108.954407,4371400.00
2019-11-12,132.000000,132.089996,131.020004,131.350006,108.434311,5228700.00
2019-11-13,131.039993,131.490005,130.720001,131.270004,108.368263,5885400.00
2019-11-14,131.029999,131.360001,130.139999,130.960007,108.112343,4217500.00
2019-11-15,131.250000,134.970001,130.779999,134.940002,111.397980,10495100.00
2019-11-18,134.220001,135.690002,132.660004,134.830002,111.307175,9291800.00
2019-11-19,135.000000,135.190002,134.210007,134.820007,111.298943,5192200.00
2019-11-20,135.110001,136.339996,134.070007,135.940002,112.223495,7594400.00
2019-11-21,135.940002,136.850006,135.000000,136.440002,112.636284,6424900.00
2019-11-22,136.649994,138.630005,136.500000,138.070007,113.981941,9235800.00
2019-11-25,137.059998,137.649994,136.240005,137.179993,114.031754,6111900.00
2019-11-26,136.470001,137.339996,135.149994,137.169998,114.023453,10636500.00
2019-11-27,137.160004,138.250000,136.899994,137.750000,114.505592,5523000.00
2019-11-29,137.600006,138.270004,136.940002,137.490005,114.289467,3278900.00
2019-12-02,137.720001,137.850006,136.850006,137.360001,114.181419,4717100.00
2019-12-03,136.910004,137.449997,136.160004,137.160004,114.015129,5741400.00
2019-12-04,138.500000,139.740005,138.039993,139.380005,115.860535,7257300.00
2019-12-05,139.350006,139.750000,137.949997,139.559998,116.010185,5472900.00
2019-12-06,139.460007,141.580002,139.460007,140.380005,116.691788,6640400.00
2019-12-09,140.389999,140.809998,140.059998,140.500000,116.791534,4241000.00
2019-12-10,140.800003,141.000000,139.910004,139.990005,116.367615,5310300.00
2019-12-11,140.929993,141.979996,140.630005,140.979996,117.190552,6631500.00
2019-12-12,141.320007,142.059998,140.729996,141.339996,117.489792,5012400.00
2019-12-13,141.100006,141.800003,140.309998,141.380005,117.523056,4257200.00
2019-12-16,141.729996,142.850006,141.490005,141.789993,117.863846,5353100.00
2019-12-17,143.000000,144.050003,142.520004,143.559998,119.335205,10722400.00
2019-12-18,143.720001,143.880005,142.740005,143.190002,119.027649,7849200.00
2019-12-19,143.889999,145.880005,143.610001,145.350006,120.823135,9414700.00
2019-12-20,146.880005,147.839996,144.800003,146.059998,121.413315,14532800.00
2019-12-23,145.740005,146.759995,145.339996,146.440002,121.729218,6558700.00
2019-12-24,146.000000,146.009995,145.259995,145.929993,121.305252,4238900.00
2019-12-26,145.970001,146.179993,145.160004,145.830002,121.222122,3019300.00
2019-12-27,146.199997,146.550003,145.539993,145.750000,121.155624,3432700.00
2019-12-30,145.779999,146.199997,145.029999,145.300003,120.781586,2923300.00
2019-12-31,145.100006,146.009995,144.779999,145.869995,121.255402,4435000.00
2020-01-02,145.869995,146.020004,145.080002,145.970001,121.338524,5777000.00
2020-01-03,143.500000,145.369995,143.000000,144.279999,119.933716,5752400.00
2020-01-06,144.000000,144.199997,142.850006,144.100006,119.784081,7731300.00
2020-01-07,144.009995,145.449997,141.380005,144.979996,120.515602,7382900.00
2020-01-08,144.869995,145.979996,143.699997,144.960007,120.498947,6605800.00
2020-01-09,145.759995,146.029999,144.990005,145.389999,120.856384,6112700.00
2020-01-10,145.750000,146.179993,144.899994,145.059998,120.582054,5042600.00
2020-01-13,145.479996,145.789993,144.720001,145.699997,121.114098,4593200.00
2020-01-14,145.050003,146.610001,144.729996,146.520004,121.795700,7037500.00
2020-01-15,146.399994,147.399994,146.240005,147.009995,122.203049,4960300.00
2020-01-16,147.419998,148.839996,146.199997,148.199997,123.192192,6476000.00
2020-01-17,148.410004,149.410004,147.929993,149.169998,123.998528,9083600.00
2020-01-21,148.580002,150.169998,148.500000,149.270004,124.081688,9543900.00
2020-01-22,146.699997,149.179993,146.000000,148.250000,123.233803,10305300.00
2020-01-23,148.039993,148.770004,146.759995,148.529999,123.466545,8671900.00
2020-01-24,148.580002,148.949997,147.929993,148.320007,123.292007,9051900.00
2020-01-27,147.520004,149.460007,147.000000,148.750000,123.649429,7587100.00
2020-01-28,148.460007,150.570007,148.149994,149.500000,124.272896,7336600.00
2020-01-29,149.449997,151.190002,149.130005,150.539993,125.137383,6288600.00
2020-01-30,150.029999,150.509995,149.050003,150.360001,124.987740,6470600.00
2020-01-31,149.750000,150.000000,148.639999,148.869995,123.749138,8651700.00
2020-02-03,149.419998,150.490005,149.240005,150.169998,124.829811,5765200.00
2020-02-04,151.490005,152.750000,151.199997,151.600006,126.018532,6541400.00
2020-02-05,151.720001,154.020004,151.309998,153.990005,128.005203,5979900.00
2020-02-06,154.250000,154.500000,152.740005,153.529999,127.622810,6201200.00
2020-02-07,153.339996,153.460007,151.550003,151.889999,126.259583,5700300.00
2020-02-10,151.679993,151.910004,150.889999,151.860001,126.234604,4835600.00
2020-02-11,152.289993,152.380005,151.539993,151.990005,126.342682,3715300.00
2020-02-12,151.869995,152.149994,150.919998,151.089996,125.594551,5166800.00
2020-02-13,150.160004,151.039993,149.880005,150.089996,124.763298,5480200.00
2020-02-14,150.559998,150.639999,149.149994,150.130005,124.796555,5716300.00
2020-02-18,150.470001,150.740005,149.059998,149.139999,123.973595,7230700.00
2020-02-19,149.210007,149.759995,148.580002,148.940002,123.807373,6115200.00
2020-02-20,148.610001,149.380005,147.399994,148.369995,123.333542,7464700.00
2020-02-21,148.089996,150.240005,147.539993,149.929993,124.630302,7776800.00
2020-02-24,146.500000,149.000000,145.250000,145.910004,122.062080,10588900.00
2020-02-25,145.990005,146.750000,143.830002,144.649994,121.008011,10529000.00
2020-02-26,145.350006,146.220001,143.589996,143.679993,120.196541,10093800.00
2020-02-27,142.559998,144.770004,138.949997,139.119995,116.381828,12566700.00
2020-02-28,135.360001,137.289993,130.820007,134.479996,112.500221,19820300.00
2020-03-02,134.779999,140.130005,134.009995,140.020004,117.134758,11508200.00
2020-03-03,140.000000,140.990005,133.100006,135.589996,113.428795,13662500.00
2020-03-04,137.679993,143.639999,137.139999,143.479996,120.029213,10560500.00
2020-03-05,140.800003,142.679993,139.839996,142.009995,118.799484,11339200.00
2020-03-06,138.479996,143.009995,137.410004,142.029999,118.816238,12239100.00
2020-03-09,136.330002,139.679993,134.899994,136.440002,114.139885,13848600.00
2020-03-10,139.970001,141.949997,134.229996,141.639999,118.489975,12698100.00
2020-03-11,138.089996,138.750000,131.500000,131.800003,110.258232,17763400.00
2020-03-12,127.309998,133.759995,124.500000,125.410004,104.912659,21539200.00
2020-03-13,129.320007,134.919998,124.650002,134.289993,112.341248,20084200.00
2020-03-16,123.570000,133.759995,122.430000,127.129997,106.351540,18877900.00
2020-03-17,128.550003,136.770004,127.809998,136.589996,114.265366,18911800.00
2020-03-18,131.020004,135.669998,128.710007,134.960007,112.901779,17521100.00
2020-03-19,134.990005,134.990005,126.150002,127.050003,106.284607,18482300.00
2020-03-20,126.830002,127.440002,118.129997,119.889999,100.294853,19785100.00
2020-03-23,117.000000,118.559998,109.160004,111.139999,92.974976,20815200.00
2020-03-24,118.760002,119.650002,113.860001,119.180000,99.700905,17604800.00
2020-03-25,118.910004,123.959999,116.699997,119.400002,99.884926,13986100.00
2020-03-26,120.570000,127.099998,120.379997,126.570000,105.883041,15066800.00
2020-03-27,121.650002,127.620003,120.580002,123.160004,103.030396,12133200.00
2020-03-30,128.460007,133.990005,127.500000,133.009995,111.270462,21754000.00
2020-03-31,134.990005,135.710007,130.050003,131.130005,109.697754,15746100.00
2020-04-01,127.699997,130.229996,125.500000,128.809998,107.756943,12606100.00
2020-04-02,129.119995,134.000000,127.220001,133.149994,111.387596,11594500.00
2020-04-03,132.380005,134.789993,131.580002,134.169998,112.240891,10071200.00
2020-04-06,137.009995,140.970001,135.539993,139.759995,116.917244,14994400.00
2020-04-07,139.860001,142.029999,137.259995,137.479996,115.009903,11567100.00
2020-04-08,137.750000,144.130005,137.300003,143.259995,119.845169,10758200.00
2020-04-09,144.009995,145.419998,140.279999,141.229996,118.146973,11125400.00
2020-04-13,140.000000,141.490005,137.839996,139.770004,116.925621,8153200.00
2020-04-14,145.419998,147.419998,144.050003,146.029999,122.162460,13838000.00
2020-04-15,145.550003,147.910004,143.539993,147.660004,123.526070,11962300.00
2020-04-16,148.309998,150.679993,146.440002,149.669998,125.207542,12181700.00
2020-04-17,151.990005,152.300003,149.600006,152.020004,127.173431,10920000.00
2020-04-20,150.929993,153.000000,150.089996,151.669998,126.880653,12226200.00
2020-04-21,150.119995,151.639999,148.570007,149.679993,125.215858,9951100.00
2020-04-22,152.809998,155.000000,151.729996,152.990005,127.984901,11515600.00
2020-04-23,154.250000,157.000000,153.699997,155.509995,130.092972,10665000.00
2020-04-24,155.570007,156.300003,153.639999,154.860001,129.549240,8653400.00
2020-04-27,154.809998,156.050003,154.000000,154.289993,129.072388,8924000.00
2020-04-28,151.250000,153.100006,150.699997,151.389999,126.646408,8558700.00
2020-04-29,151.380005,151.630005,149.160004,150.240005,125.684357,9285200.00
2020-04-30,148.460007,150.429993,147.160004,150.039993,125.517052,14829600.00
2020-05-01,149.619995,149.669998,146.789993,148.289993,124.053055,7309000.00
2020-05-04,148.770004,149.080002,147.089996,148.270004,124.036316,7198400.00
2020-05-05,149.000000,150.779999,148.639999,149.500000,125.065323,6562300.00
2020-05-06,150.000000,150.320007,148.039993,148.080002,123.877380,6191600.00
2020-05-07,149.369995,149.529999,147.130005,147.589996,123.467476,5570500.00
2020-05-08,148.919998,149.179993,147.889999,148.699997,124.396057,4712100.00
2020-05-11,148.449997,150.100006,148.119995,149.110001,124.739059,5887500.00
2020-05-12,150.100006,150.339996,147.029999,147.139999,123.091049,7039200.00
2020-05-13,146.080002,148.949997,146.009995,147.130005,123.082657,6970500.00
2020-05-14,145.389999,147.759995,144.259995,147.639999,123.509346,6871400.00
2020-05-15,147.869995,150.479996,145.660004,150.440002,125.851685,10340400.00
2020-05-18,152.490005,153.619995,150.460007,150.520004,125.918594,7388400.00
2020-05-19,150.100006,151.100006,148.399994,149.020004,124.663750,6107300.00
2020-05-20,149.750000,150.389999,147.270004,147.679993,123.542755,5713400.00
2020-05-21,148.500000,148.500000,145.820007,146.710007,122.731316,6487300.00
2020-05-22,144.570007,146.289993,144.059998,144.369995,121.610954,6140900.00
2020-05-26,146.190002,146.440002,144.300003,144.559998,121.771049,7072300.00
2020-05-27,144.320007,145.250000,143.009995,144.889999,122.048973,7950000.00
2020-05-28,146.020004,148.110001,145.809998,146.970001,123.801117,6189600.00
2020-05-29,147.960007,149.350006,145.330002,148.750000,125.300522,8504000.00
2020-06-01,147.289993,148.339996,146.009995,147.190002,123.986412,6141800.00
2020-06-02,147.059998,148.350006,146.119995,148.250000,124.879326,6078300.00
2020-06-03,148.520004,149.139999,146.449997,148.649994,125.216286,6339500.00
2020-06-04,146.800003,148.369995,145.580002,146.729996,123.598938,8170500.00
2020-06-05,147.690002,149.639999,146.600006,147.300003,124.079094,9725400.00
2020-06-08,145.880005,147.610001,145.740005,146.770004,123.632668,7555600.00
2020-06-09,148.250000,149.330002,145.649994,145.960007,122.950333,8247200.00
2020-06-10,146.600006,150.029999,146.600006,147.800003,124.500252,10137100.00
2020-06-11,148.580002,149.169998,140.750000,140.869995,118.662712,11913300.00
2020-06-12,142.839996,143.710007,140.279999,142.149994,119.740959,8687400.00
2020-06-15,141.000000,142.399994,139.389999,141.250000,118.982841,8649600.00
2020-06-16,144.089996,145.419998,142.770004,144.460007,121.686768,7579100.00
2020-06-17,144.899994,145.419998,143.470001,144.020004,121.316185,5100100.00
2020-06-18,142.520004,144.119995,141.869995,143.410004,120.802322,4797400.00
2020-06-19,145.789993,145.880005,143.250000,143.830002,121.156105,12206900.00
2020-06-22,143.470001,143.660004,142.029999,143.389999,120.785469,5285600.00
2020-06-23,143.740005,144.080002,142.679993,142.860001,120.339005,5921600.00
2020-06-24,141.490005,142.190002,138.720001,139.820007,117.778290,8211200.00
2020-06-25,140.570007,140.570007,137.539993,139.669998,117.651894,7421200.00
2020-06-26,139.529999,139.600006,137.020004,137.809998,116.085114,12849700.00
2020-06-29,138.740005,139.699997,137.979996,139.039993,117.121231,5309800.00
2020-06-30,139.399994,141.020004,137.839996,140.630005,118.460571,7738300.00
2020-07-01,140.690002,141.389999,140.059998,140.380005,118.249977,6174800.00
2020-07-02,141.250000,141.839996,140.330002,140.970001,118.746964,5152200.00
2020-07-06,142.169998,143.770004,141.880005,142.979996,120.440109,6156400.00
2020-07-07,141.389999,143.970001,141.229996,142.850006,120.330620,5622600.00
2020-07-08,142.869995,143.389999,141.699997,143.270004,120.684380,6257400.00
2020-07-09,142.759995,144.429993,140.580002,142.490005,120.027344,5738600.00
2020-07-10,142.750000,142.869995,141.429993,142.369995,119.926254,4282400.00
2020-07-13,143.610001,146.639999,143.279999,145.210007,122.318581,6951900.00
2020-07-14,145.320007,148.389999,145.259995,147.919998,124.601387,7447100.00
2020-07-15,149.729996,150.210007,148.229996,148.259995,124.887726,8512800.00
2020-07-16,148.679993,149.339996,146.679993,149.250000,125.721664,9304700.00
2020-07-17,150.000000,150.580002,148.690002,149.350006,125.805923,7441100.00
2020-07-20,150.229996,150.320007,148.429993,149.600006,126.016541,6191500.00
2020-07-21,149.600006,151.669998,149.500000,149.740005,126.134445,5575900.00
2020-07-22,149.929993,150.410004,147.850006,150.009995,126.361885,5910200.00
2020-07-23,150.210007,150.850006,149.279999,149.610001,126.024895,6566300.00
2020-07-24,150.500000,150.600006,147.029999,148.119995,124.769806,5405900.00
2020-07-27,147.369995,148.919998,146.860001,147.179993,123.977982,5675200.00
2020-07-28,147.399994,147.990005,146.750000,146.830002,123.683159,4842200.00
2020-07-29,146.389999,147.470001,146.070007,146.539993,123.438873,4489100.00
2020-07-30,147.440002,147.500000,146.139999,146.839996,123.691605,5922500.00
2020-07-31,146.660004,147.449997,143.960007,145.759995,122.781860,8259600.00
2020-08-03,146.389999,147.789993,146.149994,147.350006,124.121201,4078700.00
2020-08-04,146.990005,147.220001,145.820007,147.220001,124.011688,4162200.00
2020-08-05,149.100006,149.309998,147.800003,148.399994,125.005661,5467500.00
2020-08-06,148.399994,149.250000,146.500000,147.550003,124.289673,4837900.00
2020-08-07,147.509995,148.649994,147.149994,148.600006,125.174133,3635100.00
2020-08-10,148.860001,149.009995,147.720001,148.029999,124.694000,4096600.00
2020-08-11,149.139999,149.229996,146.369995,146.970001,123.801117,6388400.00
2020-08-12,147.539993,150.240005,147.490005,149.660004,126.067039,5257300.00
2020-08-13,148.539993,149.190002,147.529999,148.000000,124.668724,5155500.00
2020-08-14,147.610001,149.339996,147.580002,148.240005,124.870911,4240200.00
2020-08-17,148.320007,150.229996,148.229996,148.990005,125.502663,4306900.00
2020-08-18,149.259995,150.100006,148.570007,150.089996,126.429268,4322600.00
2020-08-19,149.580002,151.580002,149.320007,150.389999,126.681969,7816300.00
2020-08-20,149.750000,151.580002,149.550003,151.419998,127.549591,4874700.00
2020-08-21,151.779999,153.649994,150.589996,152.759995,128.678360,6722800.00
2020-08-24,152.740005,152.899994,150.350006,152.149994,129.017548,5387900.00
2020-08-25,152.779999,153.070007,151.539993,152.059998,128.941208,3863500.00
2020-08-26,151.860001,152.649994,150.639999,152.300003,129.144699,8008300.00
2020-08-27,152.419998,153.259995,151.889999,152.979996,129.721375,5575400.00
2020-08-28,152.740005,153.699997,151.899994,153.639999,130.280991,5395700.00
2020-08-31,153.000000,154.399994,152.259995,153.410004,130.085968,6362700.00
2020-09-01,153.869995,154.080002,150.070007,151.520004,128.483353,6307700.00
2020-09-02,150.789993,154.330002,149.250000,153.830002,130.442154,6881900.00
2020-09-03,154.830002,155.470001,148.300003,149.550003,126.812859,8672800.00
2020-09-04,150.169998,150.949997,147.130005,148.589996,125.998787,7200100.00
2020-09-08,150.250000,150.889999,146.899994,147.259995,124.871002,8756800.00
2020-09-09,148.149994,151.100006,148.119995,149.699997,126.940063,6960700.00
2020-09-10,149.250000,149.779999,146.520004,146.910004,124.574219,6191800.00
2020-09-11,147.050003,148.529999,146.630005,147.779999,125.311951,3934700.00
2020-09-14,148.119995,149.470001,148.009995,148.350006,125.795296,4375800.00
2020-09-15,149.449997,150.589996,148.520004,148.889999,126.253174,3658800.00
2020-09-16,149.389999,150.059998,148.350006,148.399994,125.837646,4323000.00
2020-09-17,148.039993,148.630005,146.050003,147.169998,124.794670,5461400.00
2020-09-18,146.509995,149.649994,146.199997,149.179993,126.499092,12174000.00
2020-09-21,147.580002,147.929993,142.960007,145.100006,123.039398,7574500.00
2020-09-22,144.690002,145.350006,143.720001,144.210007,122.284721,5295900.00
2020-09-23,147.479996,147.550003,144.380005,144.440002,122.479713,8784400.00
2020-09-24,144.559998,145.250000,143.339996,144.669998,122.674789,5614800.00
2020-09-25,144.000000,146.250000,143.889999,145.660004,123.514290,5531200.00
2020-09-28,146.729996,148.289993,146.419998,147.110001,124.743767,5843200.00
2020-09-29,147.600006,147.919998,146.059998,147.059998,124.701416,6768600.00
2020-09-30,147.449997,149.729996,146.839996,148.880005,126.244682,8487700.00
2020-10-01,149.309998,149.649994,146.460007,147.320007,124.921890,6457800.00
2020-10-02,146.210007,148.410004,145.830002,146.240005,124.006088,5485600.00
2020-10-05,147.000000,148.380005,146.419998,148.229996,125.693535,4992800.00
2020-10-06,148.279999,148.610001,145.869995,146.259995,124.023033,5118200.00
2020-10-07,146.490005,148.229996,145.809998,147.880005,125.396721,5603100.00
2020-10-08,148.500000,149.850006,148.039993,148.889999,126.253174,4413500.00
2020-10-09,149.649994,151.479996,149.449997,150.970001,128.016968,5054100.00
2020-10-12,151.600006,153.139999,151.020004,151.839996,128.754669,7273200.00
2020-10-13,149.000000,150.119995,147.770004,148.360001,125.803764,11057600.00
2020-10-14,148.820007,149.029999,147.389999,148.100006,125.583290,7706400.00
2020-10-15,147.479996,147.899994,146.330002,147.190002,124.811646,5978600.00
2020-10-16,147.600006,148.759995,147.009995,148.100006,125.583290,6097000.00
2020-10-19,148.529999,148.899994,144.130005,144.320007,122.377998,7250800.00
2020-10-20,144.660004,145.750000,144.119995,144.550003,122.573044,5325400.00
2020-10-21,144.119995,145.339996,143.910004,143.929993,122.047302,5221300.00
2020-10-22,144.160004,145.690002,143.839996,145.080002,123.022438,5279700.00
2020-10-23,145.880005,147.470001,144.350006,145.240005,123.158119,4154400.00
2020-10-26,144.429993,144.770004,142.750000,143.970001,122.081207,6929500.00
2020-10-27,143.740005,144.289993,142.919998,143.149994,121.385872,4890100.00
2020-10-28,141.429993,141.979996,138.179993,138.360001,117.324142,8426100.00
2020-10-29,138.000000,138.699997,136.050003,137.190002,116.332016,7205400.00
2020-10-30,136.679993,137.539993,133.649994,137.110001,116.264168,7364100.00
2020-11-02,138.979996,139.009995,137.490005,138.690002,117.603943,7088000.00
2020-11-03,140.020004,140.960007,137.779999,138.500000,117.442848,6363000.00
2020-11-04,139.490005,142.539993,138.699997,139.399994,118.206009,10263500.00
2020-11-05,140.550003,141.830002,139.259995,139.759995,118.511276,8016200.00
2020-11-06,140.399994,143.190002,139.649994,142.250000,120.622688,5942500.00
2020-11-09,148.429993,148.990005,144.919998,146.080002,123.870407,12351600.00
2020-11-10,147.250000,148.750000,146.259995,148.279999,125.735931,7386500.00
2020-11-11,149.169998,149.199997,146.860001,147.800003,125.328918,6382400.00
2020-11-12,147.610001,148.649994,146.750000,148.300003,125.752846,4710300.00
2020-11-13,149.089996,150.410004,148.410004,149.899994,127.109627,5893500.00
2020-11-16,150.919998,151.300003,149.800003,150.850006,127.915199,6266400.00
2020-11-17,150.000000,150.630005,149.119995,149.350006,126.643234,7297700.00
2020-11-18,148.869995,149.759995,147.369995,147.369995,124.964279,6661000.00
2020-11-19,147.300003,147.460007,145.589996,147.139999,124.769241,7987700.00
2020-11-20,147.050003,147.940002,146.130005,146.360001,124.107826,6354900.00
2020-11-23,146.009995,146.009995,143.039993,143.869995,122.844124,7318300.00
2020-11-24,144.000000,144.759995,143.610001,143.869995,122.844124,11034800.00
2020-11-25,144.059998,144.169998,142.860001,143.679993,122.681923,7594600.00
2020-11-27,144.500000,144.660004,143.220001,144.000000,122.955124,3059000.00
2020-11-30,144.229996,144.860001,143.059998,144.679993,123.535774,15663200.00
2020-12-01,146.289993,149.130005,145.860001,147.449997,125.900940,9738200.00
2020-12-02,147.850006,149.710007,147.699997,148.139999,126.490089,7745500.00
2020-12-03,148.039993,149.580002,147.690002,149.000000,127.224373,7310500.00
2020-12-04,149.789993,150.309998,149.270004,150.270004,128.308807,6747100.00
2020-12-07,149.350006,149.910004,148.509995,148.970001,127.198807,6634700.00
2020-12-08,150.000000,152.139999,149.550003,151.550003,129.401733,8339800.00
2020-12-09,152.830002,153.500000,151.759995,153.100006,130.725204,8440100.00
2020-12-10,152.820007,152.979996,151.679993,152.250000,129.999435,7392900.00
2020-12-11,151.529999,153.410004,151.229996,152.949997,130.597137,5977400.00
2020-12-14,153.250000,153.479996,148.990005,149.070007,127.284203,8547300.00
2020-12-15,150.000000,150.750000,149.529999,150.570007,128.564972,7612600.00
2020-12-16,150.199997,150.919998,149.550003,149.669998,127.796471,8486100.00
2020-12-17,150.089996,153.889999,149.960007,153.619995,131.169205,9920300.00
2020-12-18,153.649994,155.100006,151.669998,154.509995,131.929138,17137200.00
2020-12-21,152.009995,153.410004,150.050003,153.020004,130.656891,7893400.00
2020-12-22,152.399994,153.899994,151.860001,152.720001,130.400742,4699500.00
2020-12-23,152.800003,153.600006,151.899994,151.940002,129.734756,4607300.00
2020-12-24,151.850006,153.039993,151.820007,152.470001,130.187302,2114900.00
2020-12-28,153.320007,153.869995,152.300003,153.190002,130.802063,3855500.00
2020-12-29,154.110001,154.929993,153.800003,154.139999,131.613235,5212000.00
2020-12-30,154.740005,156.380005,154.600006,156.050003,133.244095,5412800.00
2020-12-31,156.529999,157.660004,155.110001,157.380005,134.379700,5099900.00
2021-01-04,157.240005,157.380005,154.130005,156.500000,133.628296,11765900.00
2021-01-05,156.250000,158.759995,155.070007,158.339996,135.199402,9602300.00
2021-01-06,157.240005,160.229996,156.720001,159.830002,136.471695,8230100.00
2021-01-07,159.000000,161.029999,158.350006,160.369995,136.932739,7747200.00
2021-01-08,160.509995,161.100006,159.880005,160.039993,136.650986,8228900.00
2021-01-11,160.559998,161.320007,158.770004,159.369995,136.078857,7066200.00
2021-01-12,159.149994,159.660004,157.330002,158.130005,135.020096,6903200.00
2021-01-13,158.229996,158.460007,156.750000,157.889999,134.815186,6643100.00
2021-01-14,160.449997,161.949997,159.610001,160.649994,137.171814,10030800.00
2021-01-15,160.300003,161.410004,159.110001,160.300003,136.873001,7630800.00
2021-01-19,162.000000,163.039993,161.100006,162.779999,138.990524,9057600.00
2021-01-20,163.199997,164.139999,161.800003,162.380005,138.649002,6839900.00
2021-01-21,161.320007,162.479996,160.059998,161.729996,138.093994,6818000.00
2021-01-22,162.360001,165.160004,161.869995,163.550003,139.648010,8137000.00
2021-01-25,165.009995,166.089996,163.660004,165.979996,141.722839,9924400.00
2021-01-26,169.699997,173.649994,169.389999,170.479996,145.565186,14205700.00
2021-01-27,169.119995,170.919998,167.449997,167.880005,143.345215,14207300.00
2021-01-28,168.199997,170.860001,167.800003,169.160004,144.438095,8944400.00
2021-01-29,164.259995,166.000000,160.550003,163.130005,139.289398,22505900.00
2021-02-01,165.309998,165.309998,162.600006,162.710007,138.930771,9971400.00
2021-02-02,163.380005,163.660004,161.179993,161.250000,137.684158,11443300.00
2021-02-03,160.940002,161.520004,159.570007,160.500000,137.043732,8601900.00
2021-02-04,161.000000,162.089996,159.759995,161.990005,138.315994,7758100.00
2021-02-05,164.860001,165.440002,163.860001,164.449997,140.416443,9495300.00
2021-02-08,165.029999,165.919998,163.880005,164.919998,140.817795,6035300.00
2021-02-09,165.199997,166.589996,164.970001,166.270004,141.970459,5544200.00
2021-02-10,167.889999,167.940002,165.699997,166.809998,142.431519,5921300.00
2021-02-11,167.000000,167.380005,165.600006,166.059998,141.791199,4871300.00
2021-02-12,164.399994,166.850006,164.000000,166.580002,142.235199,4413100.00
2021-02-16,166.580002,167.050003,164.639999,165.070007,140.945847,5656100.00
2021-02-17,164.970001,166.089996,164.360001,165.660004,141.449646,6676700.00
2021-02-18,164.960007,166.160004,164.300003,165.740005,141.517944,5189100.00
2021-02-19,165.600006,165.960007,162.910004,162.979996,139.161285,8190900.00
2021-02-22,161.869995,162.539993,160.289993,161.869995,139.075378,6447100.00
2021-02-23,161.479996,163.190002,160.399994,160.440002,137.846786,7042800.00
2021-02-24,162.399994,164.389999,160.919998,162.589996,139.693970,10286100.00
2021-02-25,163.130005,163.699997,161.990005,162.759995,139.840057,9719700.00
2021-02-26,162.000000,162.410004,157.970001,158.460007,136.145599,14417500.00
2021-03-01,161.449997,161.529999,159.089996,159.320007,136.884491,10551400.00
2021-03-02,159.779999,160.779999,158.600006,159.020004,136.626724,7610900.00
2021-03-03,158.250000,158.899994,156.059998,156.220001,134.221039,8499600.00
2021-03-04,155.990005,156.100006,151.470001,153.070007,131.514603,11033200.00
2021-03-05,153.979996,156.690002,153.130005,156.100006,134.117935,8331600.00
2021-03-08,157.000000,159.330002,155.979996,157.399994,135.234833,6546700.00
2021-03-09,156.889999,160.750000,156.889999,157.699997,135.492615,7461300.00
2021-03-10,158.820007,159.899994,157.360001,159.149994,136.738449,6635600.00
2021-03-11,159.539993,160.630005,158.919998,159.139999,136.729813,6305600.00
2021-03-12,159.279999,160.309998,159.190002,159.600006,137.125031,5474800.00
2021-03-15,159.750000,160.660004,158.500000,160.419998,137.829575,5524100.00
2021-03-16,160.460007,161.679993,160.240005,161.369995,138.645767,6369100.00
2021-03-17,160.830002,161.729996,159.529999,160.770004,138.130325,6001400.00
2021-03-18,160.210007,161.490005,159.960007,160.470001,137.872543,4801800.00
2021-03-19,160.690002,161.500000,159.470001,160.039993,137.503113,14891500.00
2021-03-22,158.309998,160.649994,158.000000,160.500000,137.898300,7544100.00
2021-03-23,160.210007,161.199997,158.880005,160.350006,137.769455,7178300.00
2021-03-24,160.100006,162.479996,159.820007,161.910004,139.109726,6370100.00
2021-03-25,162.440002,162.449997,160.639999,161.970001,139.161301,6269800.00
2021-03-26,162.089996,165.100006,161.380005,164.929993,141.704437,7619200.00
2021-03-29,163.830002,167.029999,163.630005,166.039993,142.658112,8535100.00
2021-03-30,165.020004,165.660004,164.229996,165.009995,141.773193,7236300.00
2021-03-31,164.960007,165.389999,163.699997,164.350006,141.206161,8281500.00
2021-04-01,162.600006,163.839996,162.259995,162.830002,139.900177,7229700.00
2021-04-05,163.639999,164.750000,162.660004,163.429993,140.415695,7387100.00
2021-04-06,164.080002,164.520004,163.000000,163.389999,140.381332,5074200.00
2021-04-07,163.550003,164.279999,163.320007,163.610001,140.570374,4608000.00
2021-04-08,164.000000,164.110001,162.850006,162.970001,140.020493,5039400.00
2021-04-09,162.119995,162.929993,159.779999,161.250000,138.542725,8418300.00
2021-04-12,161.089996,162.080002,160.339996,161.639999,138.877777,5022800.00
2021-04-13,156.860001,159.929993,156.529999,159.479996,137.021927,18424100.00
2021-04-14,157.830002,160.110001,157.539993,159.919998,137.399963,7718300.00
2021-04-15,160.720001,162.389999,160.229996,160.389999,137.803802,7524600.00
2021-04-16,161.339996,162.509995,160.559998,162.240005,139.393311,9049400.00
2021-04-19,162.500000,163.110001,160.839996,162.690002,139.779938,8353500.00
2021-04-20,161.000000,167.789993,161.000000,166.479996,143.036224,14050700.00
2021-04-21,166.369995,166.910004,165.289993,166.589996,143.130707,6333200.00
2021-04-22,165.839996,166.279999,164.619995,165.179993,141.919266,7233000.00
2021-04-23,164.529999,166.059998,164.000000,165.520004,142.211365,6015300.00
2021-04-26,165.210007,165.410004,163.759995,164.119995,141.008560,6027800.00
2021-04-27,163.759995,163.910004,162.470001,163.179993,140.200897,6217700.00
2021-04-28,162.860001,163.199997,161.649994,161.979996,139.169907,7448000.00
2021-04-29,161.899994,164.259995,161.809998,164.199997,141.077286,6394300.00
2021-04-30,164.149994,164.330002,162.520004,162.729996,139.814255,9079100.00
2021-05-03,163.600006,165.320007,163.119995,165.210007,141.945068,6594100.00
2021-05-04,164.830002,167.850006,164.669998,167.770004,144.144547,10179500.00
2021-05-05,167.500000,168.399994,166.789993,167.070007,143.543121,7792300.00
2021-05-06,166.789993,167.889999,166.240005,167.740005,144.118759,5529900.00
2021-05-07,168.300003,169.179993,167.830002,168.500000,144.771713,5316200.00
2021-05-10,169.899994,171.529999,169.229996,170.270004,146.292496,8357500.00
2021-05-11,170.649994,170.869995,168.279999,168.880005,145.098221,8217900.00
2021-05-12,168.539993,169.800003,167.949997,168.199997,144.513992,6758300.00
2021-05-13,166.970001,170.699997,166.970001,169.960007,146.026169,8018600.00
2021-05-14,171.479996,171.610001,170.169998,170.220001,146.249542,5797700.00
2021-05-17,170.399994,171.889999,170.309998,170.389999,146.395569,5722600.00
2021-05-18,169.979996,171.369995,169.529999,170.449997,146.447113,5846000.00
2021-05-19,169.910004,170.160004,168.039993,170.080002,146.129257,5533800.00
2021-05-20,169.940002,171.589996,169.690002,171.070007,146.979874,4853200.00
2021-05-21,171.330002,172.740005,170.869995,170.960007,146.885315,6501800.00
2021-05-24,170.899994,171.350006,169.770004,170.550003,147.447296,5195100.00
2021-05-25,170.669998,171.029999,169.740005,170.080002,147.040909,7444700.00
2021-05-26,170.000000,170.080002,168.279999,169.070007,146.167755,5726400.00
2021-05-27,169.259995,170.169998,168.380005,168.809998,145.942993,8114700.00
2021-05-28,169.520004,171.009995,169.169998,169.250000,146.323380,6400800.00
2021-06-01,170.149994,170.199997,165.380005,165.529999,143.107300,10448400.00
2021-06-02,165.300003,166.729996,165.110001,166.199997,143.686508,6806000.00
2021-06-03,165.889999,167.149994,165.710007,166.039993,143.548187,5808800.00
2021-06-04,167.009995,167.570007,165.869995,165.970001,143.487671,6510300.00
2021-06-07,166.000000,166.320007,164.630005,164.839996,142.510742,5362800.00
2021-06-08,165.279999,165.660004,162.070007,163.389999,141.257202,7746800.00
2021-06-09,163.990005,165.779999,163.660004,165.589996,143.159149,5552600.00
2021-06-10,166.000000,167.580002,165.949997,167.080002,144.447327,6463100.00
2021-06-11,167.070007,167.080002,164.220001,164.960007,142.614502,7389900.00
2021-06-14,164.500000,165.460007,163.899994,165.369995,142.968964,4931300.00
2021-06-15,165.229996,165.860001,164.389999,164.490005,142.208191,5062900.00
2021-06-16,164.800003,165.750000,163.479996,164.429993,142.156281,6988500.00
2021-06-17,164.190002,165.699997,163.500000,165.220001,142.839264,5874700.00
2021-06-18,163.270004,164.190002,161.789993,161.979996,140.038193,12993000.00
2021-06-21,162.770004,164.259995,162.250000,163.839996,141.646179,6592300.00
2021-06-22,163.710007,164.039993,163.279999,163.619995,141.455978,5627800.00
2021-06-23,163.690002,163.690002,162.479996,162.630005,140.600128,4493400.00
2021-06-24,163.270004,164.199997,162.800003,163.369995,141.239868,4549200.00
2021-06-25,162.940002,164.779999,162.889999,164.210007,141.966110,10963800.00
2021-06-28,164.440002,165.070007,163.520004,164.020004,141.801880,5604000.00
2021-06-29,164.000000,164.639999,163.410004,164.029999,141.810486,3749500.00
2021-06-30,164.000000,164.970001,163.669998,164.740005,142.424316,6151700.00
2021-07-01,164.740005,166.009995,164.630005,165.960007,143.479019,6320200.00
2021-07-02,166.020004,169.300003,165.639999,168.979996,146.089951,9059900.00
2021-07-06,167.910004,168.860001,166.990005,167.970001,145.216782,6098500.00
2021-07-07,167.479996,169.500000,167.479996,169.410004,146.461716,6293500.00
2021-07-08,168.699997,169.460007,167.580002,169.080002,146.176437,5755500.00
2021-07-09,169.369995,170.369995,169.240005,169.750000,146.755646,6120900.00
2021-07-12,169.729996,171.179993,168.539993,169.479996,146.522217,7840500.00
2021-07-13,168.970001,169.759995,168.669998,169.270004,146.340668,4691200.00
2021-07-14,170.000000,170.830002,169.039993,170.419998,147.334900,6162900.00
2021-07-15,169.300003,169.899994,167.720001,168.369995,145.562622,6656900.00
2021-07-16,168.339996,169.089996,167.949997,168.100006,145.329132,5834900.00
2021-07-19,166.479996,168.190002,165.320007,166.880005,144.274399,8219700.00
2021-07-20,166.899994,170.809998,166.839996,168.449997,145.631729,9902800.00
2021-07-21,169.300003,169.690002,167.479996,169.490005,146.530869,7585200.00
2021-07-22,169.360001,171.070007,168.649994,169.979996,146.954529,5281900.00
2021-07-23,171.000000,172.179993,170.380005,171.789993,148.519318,5014900.00
2021-07-26,171.820007,172.139999,170.860001,171.869995,148.588455,4484900.00
2021-07-27,171.800003,172.720001,170.669998,172.660004,149.271454,7089300.00
2021-07-28,172.729996,173.380005,172.080002,172.179993,148.856491,5750700.00
2021-07-29,172.740005,173.339996,171.089996,172.179993,148.856491,4214100.00
2021-07-30,172.539993,172.979996,171.839996,172.199997,148.873764,5346400.00
2021-08-02,172.470001,172.839996,171.300003,172.270004,148.934296,3721500.00
2021-08-03,172.729996,174.500000,172.440002,174.389999,150.767105,6033000.00
2021-08-04,174.199997,174.589996,173.259995,173.360001,149.876602,4793100.00
2021-08-05,173.850006,173.850006,172.419998,173.690002,150.161926,4291000.00
2021-08-06,173.940002,173.940002,172.449997,173.110001,149.660507,4581100.00
2021-08-09,173.720001,174.250000,172.929993,173.710007,150.179184,3950200.00
2021-08-10,173.259995,174.110001,172.779999,173.770004,150.231064,3678300.00
2021-08-11,174.250000,174.470001,173.559998,173.800003,150.257034,4221300.00
2021-08-12,173.820007,175.289993,173.589996,175.199997,151.467377,4300400.00
2021-08-13,175.289993,176.289993,175.119995,176.250000,152.375153,5882100.00
2021-08-16,176.550003,177.889999,175.949997,177.839996,153.749771,4782800.00
2021-08-17,177.309998,179.509995,177.309998,179.470001,155.158936,6041900.00
2021-08-18,179.500000,179.500000,177.130005,177.190002,153.187805,7134100.00
2021-08-19,176.619995,179.330002,176.070007,178.570007,154.380890,5615000.00
2021-08-20,178.889999,179.919998,178.070007,179.440002,155.133011,5428700.00
2021-08-23,178.389999,178.929993,177.539993,177.610001,154.463379,6461700.00
2021-08-24,176.990005,177.210007,175.279999,175.389999,152.532684,5734800.00
2021-08-25,175.690002,175.899994,173.889999,174.229996,151.523865,5700300.00
2021-08-26,173.949997,174.720001,173.050003,173.300003,150.715057,5031600.00
2021-08-27,174.279999,174.279999,172.750000,172.929993,150.393326,7046100.00
2021-08-30,172.789993,174.279999,172.779999,173.660004,151.028168,3252700.00
2021-08-31,173.490005,174.490005,172.479996,173.130005,150.567230,7106800.00
2021-09-01,172.899994,173.740005,172.059998,173.740005,151.097717,5327400.00
2021-09-02,174.339996,175.190002,173.910004,174.929993,152.132675,4544300.00
2021-09-03,175.100006,175.220001,173.809998,175.039993,152.228302,4096900.00
2021-09-07,174.350006,175.029999,171.669998,172.320007,149.862778,6859900.00
2021-09-08,171.619995,172.979996,171.080002,171.899994,149.497543,4661700.00
2021-09-09,171.190002,171.479996,167.699997,168.070007,146.166687,7114600.00
2021-09-10,168.550003,169.089996,166.869995,166.970001,145.210007,6699300.00
2021-09-13,167.919998,168.119995,165.130005,165.800003,144.192505,6273500.00
2021-09-14,166.399994,166.539993,164.509995,164.800003,143.322815,5259600.00
2021-09-15,165.000000,165.960007,164.309998,165.419998,143.861984,7935300.00
2021-09-16,165.649994,166.460007,164.190002,165.220001,143.688080,5665400.00
2021-09-17,164.300003,164.910004,163.559998,164.750000,143.279327,13419800.00
2021-09-20,163.479996,165.169998,162.169998,163.809998,142.461807,7270800.00
2021-09-21,164.610001,165.979996,164.240005,164.529999,143.087997,6663600.00
2021-09-22,165.350006,165.949997,163.630005,163.929993,142.566147,5657100.00
2021-09-23,164.399994,165.770004,164.149994,164.860001,143.374969,4697900.00
2021-09-24,164.750000,165.649994,163.889999,164.360001,142.940155,4399300.00
2021-09-27,164.000000,164.360001,162.850006,163.169998,141.905243,5775500.00
2021-09-28,163.100006,163.910004,161.770004,162.809998,141.592148,7610400.00
2021-09-29,163.000000,164.660004,162.779999,164.020004,142.644470,5124100.00
2021-09-30,164.639999,165.399994,161.410004,161.500000,140.452835,6972300.00
2021-10-01,161.529999,161.899994,158.619995,160.470001,139.557129,8568300.00
2021-10-04,159.990005,161.000000,157.669998,159.220001,138.470016,8620700.00
2021-10-05,159.860001,161.110001,159.149994,159.580002,138.783066,5129000.00
2021-10-06,159.869995,159.949997,157.839996,159.910004,139.070084,7312600.00
2021-10-07,160.020004,162.610001,160.020004,161.339996,140.313751,5309200.00
2021-10-08,161.320007,161.610001,160.250000,160.929993,139.957169,4343200.00
2021-10-11,160.860001,161.850006,159.940002,160.250000,139.365768,4101600.00
2021-10-12,160.000000,160.179993,157.339996,157.690002,137.139404,6686400.00
2021-10-13,157.820007,160.080002,157.750000,159.199997,138.452621,6901100.00
2021-10-14,159.710007,161.139999,159.600006,160.110001,139.244034,4579200.00
2021-10-15,161.029999,161.809998,160.410004,161.300003,140.278931,6918400.00
2021-10-18,160.250000,160.889999,159.199997,160.119995,139.252701,7465500.00
2021-10-19,160.899994,165.149994,160.729996,163.869995,142.514008,10081300.00
2021-10-20,163.979996,164.750000,163.259995,163.779999,142.435745,6003200.00
2021-10-21,164.300003,164.389999,162.279999,163.399994,142.105270,4524100.00
2021-10-22,163.059998,164.059998,162.960007,163.720001,142.383545,4304300.00
2021-10-25,163.720001,164.309998,161.710007,164.080002,142.696609,6715400.00
2021-10-26,164.559998,166.029999,164.050003,165.750000,144.149002,6939100.00
2021-10-27,165.679993,165.759995,163.309998,163.740005,142.400955,7018800.00
2021-10-28,163.770004,165.199997,162.320007,162.850006,141.626953,6278800.00
2021-10-29,162.350006,163.250000,160.610001,162.880005,141.653015,8526800.00
2021-11-01,163.160004,163.979996,159.399994,163.020004,141.774750,5846400.00
2021-11-02,163.699997,166.979996,162.979996,165.589996,144.009842,8450600.00
2021-11-03,165.039993,165.770004,163.429993,165.059998,143.548950,6717800.00
2021-11-04,164.940002,164.990005,162.669998,164.600006,143.148849,8224400.00
2021-11-05,162.479996,164.600006,162.199997,163.429993,142.131378,6215900.00
2021-11-08,163.679993,164.169998,162.009995,162.869995,141.644302,5578800.00
2021-11-09,162.610001,163.589996,162.020004,162.509995,141.331253,6112800.00
2021-11-10,162.529999,164.839996,162.350006,164.270004,142.861893,6225100.00
2021-11-11,163.490005,163.809998,162.490005,163.059998,141.809555,4118800.00
2021-11-12,167.429993,167.619995,164.610001,165.009995,143.505417,18995200.00
2021-11-15,165.000000,165.460007,163.220001,163.520004,142.209595,7496200.00
2021-11-16,163.179993,164.350006,162.619995,162.669998,141.470444,7594700.00
2021-11-17,162.869995,163.860001,161.789993,163.279999,142.000946,5414500.00
2021-11-18,163.449997,164.470001,162.130005,162.399994,141.235580,6358700.00
2021-11-19,163.039993,163.190002,161.779999,162.889999,141.661743,7620700.00
2021-11-22,161.029999,162.639999,159.649994,159.699997,139.797195,7634500.00
2021-11-23,159.520004,161.000000,158.779999,160.690002,140.663818,7734000.00
2021-11-24,160.139999,160.619995,159.380005,160.240005,140.269897,5230900.00
2021-11-26,160.600006,161.160004,158.660004,159.199997,139.359512,8523100.00
2021-11-29,159.500000,160.419998,158.419998,159.750000,139.840958,9188500.00
2021-11-30,158.509995,159.000000,155.850006,155.929993,136.497025,14981700.00
2021-12-01,156.880005,160.080002,156.250000,158.080002,138.379089,9835800.00
2021-12-02,157.259995,159.289993,156.750000,157.089996,137.512451,11334700.00
2021-12-03,157.910004,159.669998,157.589996,159.380005,139.517075,8750500.00
2021-12-06,160.190002,163.520004,159.830002,162.940002,142.633408,9692000.00
2021-12-07,164.000000,164.270004,162.410004,163.360001,143.001053,8311300.00
2021-12-08,163.470001,164.570007,162.639999,164.339996,143.858887,6216400.00
2021-12-09,164.179993,165.979996,163.490005,165.899994,145.224518,8574200.00
2021-12-10,165.570007,166.690002,164.649994,165.490005,144.865601,6572200.00
2021-12-13,164.750000,169.199997,163.800003,168.449997,147.456665,11142300.00
2021-12-14,168.330002,170.970001,167.160004,170.289993,149.067368,10482400.00
2021-12-15,169.850006,171.300003,169.419998,171.139999,149.811462,8552200.00
2021-12-16,171.259995,173.509995,170.839996,173.009995,151.448364,8998600.00
2021-12-17,169.639999,170.779999,167.660004,168.229996,147.264114,16726200.00
2021-12-20,167.809998,168.509995,166.550003,167.750000,146.843918,7954500.00
2021-12-21,168.059998,168.100006,165.979996,167.210007,146.371216,7954200.00
2021-12-22,167.059998,168.169998,166.119995,167.929993,147.001495,4178200.00
2021-12-23,167.880005,168.949997,167.360001,168.250000,147.281631,3501500.00
2021-12-27,169.139999,169.850006,168.699997,169.669998,148.524628,3704800.00
2021-12-28,169.789993,170.639999,169.589996,170.350006,149.119919,3187000.00
2021-12-29,170.000000,171.990005,169.910004,171.550003,150.170380,3662000.00
2021-12-30,172.119995,172.880005,171.750000,172.309998,150.835602,4231800.00
2021-12-31,172.529999,172.679993,171.029999,171.070007,149.750198,4409500.00
2022-01-03,170.210007,171.600006,169.100006,171.539993,150.161606,6012200.00
2022-01-04,171.059998,172.289993,170.600006,171.080002,149.758957,6748400.00
2022-01-05,172.000000,173.470001,171.619995,172.220001,150.756882,7016100.00
2022-01-06,172.149994,172.500000,170.800003,171.630005,150.240356,7301600.00
2022-01-07,171.460007,174.300003,171.130005,173.949997,152.271255,6986000.00
2022-01-10,173.690002,173.690002,172.160004,173.089996,151.518448,7698400.00
2022-01-11,172.990005,173.389999,170.110001,171.250000,149.907730,8341100.00
2022-01-12,169.610001,170.080002,168.339996,169.789993,148.629715,8116200.00
2022-01-13,169.000000,170.419998,168.460007,168.759995,147.728058,6159400.00
2022-01-14,168.630005,168.649994,167.149994,167.839996,146.922714,5847700.00
2022-01-18,167.100006,167.720001,166.009995,167.100006,146.274963,7815600.00
2022-01-19,167.199997,168.720001,166.320007,166.580002,145.819763,5926500.00
2022-01-20,167.289993,167.860001,164.929993,165.250000,144.655502,6011300.00
2022-01-21,166.190002,167.990005,164.470001,164.869995,144.322861,10550300.00
2022-01-24,164.000000,164.169998,158.259995,162.970001,142.659637,14054600.00
2022-01-25,162.360001,168.410004,161.580002,167.630005,146.738907,14081200.00
2022-01-26,167.539993,169.220001,166.229996,168.380005,147.395416,9963200.00
2022-01-27,169.389999,171.910004,169.000000,170.589996,149.329987,9066700.00
2022-01-28,170.860001,171.839996,169.300003,171.789993,150.380417,9783100.00
2022-01-31,171.500000,172.619995,170.820007,172.289993,150.818100,8054800.00
2022-02-01,171.740005,171.979996,169.429993,170.880005,149.583862,8154700.00
2022-02-02,169.649994,172.990005,169.649994,172.770004,151.238297,7382800.00
2022-02-03,172.259995,173.619995,171.039993,172.759995,151.229538,6240400.00
2022-02-04,171.000000,172.979996,170.119995,171.630005,150.240356,6392200.00
2022-02-07,171.410004,171.740005,170.009995,171.059998,149.741409,6065700.00
2022-02-08,171.020004,172.050003,170.479996,171.509995,150.135361,6296100.00
2022-02-09,172.070007,172.240005,171.250000,171.490005,150.117813,5387500.00
2022-02-10,171.210007,171.220001,169.300003,169.419998,148.305801,10355300.00
2022-02-11,169.119995,170.149994,167.539993,167.710007,146.808914,13125300.00
2022-02-14,167.710007,167.970001,163.809998,165.600006,144.961899,8967600.00
2022-02-15,166.130005,168.100006,166.009995,167.309998,146.458771,6631400.00
2022-02-16,166.490005,167.839996,165.710007,167.210007,146.371216,8482400.00
2022-02-17,167.210007,167.449997,164.919998,166.190002,145.478333,6227600.00
2022-02-18,164.979996,165.360001,162.940002,163.360001,143.919006,6423200.00
2022-02-22,163.570007,163.740005,160.440002,161.139999,141.963165,6868900.00
2022-02-23,161.509995,162.639999,160.850006,161.220001,142.033646,8016900.00
2022-02-24,159.779999,160.130005,155.720001,158.139999,139.320236,12883400.00
2022-02-25,160.000000,166.990005,159.699997,166.000000,146.244812,11340400.00
2022-02-28,162.869995,165.179993,162.380005,164.570007,144.985001,9373500.00
2022-03-01,163.039993,164.750000,162.410004,164.000000,144.482803,8737800.00
2022-03-02,164.410004,167.630005,164.039993,166.039993,146.280075,6793300.00
2022-03-03,166.699997,169.339996,166.320007,168.479996,148.429688,7333700.00
2022-03-04,167.639999,169.860001,166.850006,169.479996,149.310669,6302500.00
2022-03-07,168.300003,173.119995,167.360001,172.210007,151.715775,11663400.00
2022-03-08,172.039993,173.119995,168.509995,168.720001,148.641113,11100300.00
2022-03-09,170.009995,170.229996,167.889999,169.360001,149.204956,7248200.00
2022-03-10,168.559998,170.149994,168.080002,169.660004,149.469254,6171400.00
2022-03-11,169.130005,171.460007,169.020004,169.350006,149.196136,5188000.00
2022-03-14,170.679993,174.119995,170.350006,171.690002,151.257690,7729500.00
2022-03-15,173.330002,176.520004,172.550003,176.139999,155.178085,10554400.00
2022-03-16,175.460007,176.949997,172.559998,174.520004,153.750870,9603300.00
2022-03-17,175.210007,176.839996,174.199997,176.800003,155.759552,7472100.00
2022-03-18,177.000000,177.000000,173.660004,174.839996,154.032806,13809500.00
2022-03-21,174.660004,177.160004,174.320007,175.830002,154.904984,7574900.00
2022-03-22,175.830002,176.369995,173.910004,175.000000,154.173782,8442100.00
2022-03-23,175.229996,175.539993,174.089996,174.339996,153.592300,5254200.00
2022-03-24,175.000000,175.539993,174.070007,175.240005,154.385223,5012300.00
2022-03-25,175.690002,177.699997,175.220001,176.919998,155.865234,4809500.00
2022-03-28,176.649994,178.179993,176.350006,177.830002,156.666977,5604200.00
2022-03-29,178.619995,179.399994,176.800003,177.740005,156.587692,5933400.00
2022-03-30,178.440002,179.860001,177.679993,179.589996,158.217499,6277600.00
2022-03-31,179.589996,180.210007,176.979996,177.229996,156.138412,11490400.00
2022-04-01,177.050003,178.429993,175.600006,178.190002,156.984116,6525600.00
2022-04-04,178.190002,178.190002,175.520004,176.470001,155.468857,6860600.00
2022-04-05,176.470001,179.649994,176.289993,177.610001,156.473129,7446100.00
2022-04-06,179.389999,182.600006,178.619995,182.229996,160.543335,10330900.00
2022-04-07,181.669998,182.949997,180.229996,181.759995,160.129242,7385200.00
2022-04-08,181.330002,183.190002,180.429993,182.119995,160.446411,7144500.00
2022-04-11,183.000000,184.199997,179.600006,179.839996,158.437759,5932000.00
2022-04-12,179.199997,180.809998,178.199997,179.899994,158.490631,5957500.00
2022-04-13,179.899994,180.839996,179.240005,180.660004,159.160156,5643100.00
2022-04-14,180.000000,181.399994,179.729996,179.899994,158.490631,6188200.00
2022-04-18,179.729996,180.389999,176.740005,177.660004,156.517181,6318700.00
2022-04-19,180.720001,185.940002,179.949997,183.080002,161.292191,14380800.00
2022-04-20,182.240005,184.320007,181.899994,183.889999,162.005768,8044900.00
2022-04-21,183.929993,184.869995,182.559998,183.360001,161.538849,6969200.00
2022-04-22,182.470001,183.149994,181.380005,181.539993,159.935440,8003600.00
2022-04-25,182.339996,186.690002,182.100006,186.009995,163.873489,11176500.00
2022-04-26,185.100006,186.570007,184.179993,184.679993,162.701752,10190000.00
2022-04-27,184.240005,184.820007,181.740005,182.100006,160.428787,11090100.00
2022-04-28,182.250000,184.500000,181.919998,183.460007,161.626953,9403900.00
2022-04-29,182.500000,182.550003,180.199997,180.460007,158.984009,8463100.00
2022-05-02,180.470001,181.410004,177.029999,178.639999,157.380585,7145400.00
2022-05-03,178.800003,180.630005,177.679993,178.289993,157.072220,5898700.00
2022-05-04,178.149994,180.500000,177.149994,180.199997,158.754959,5923000.00
2022-05-05,179.419998,179.710007,175.270004,176.759995,155.724289,7089200.00
2022-05-06,175.139999,176.869995,174.690002,176.369995,155.380722,6434000.00
2022-05-09,175.449997,178.559998,174.589996,177.330002,156.226456,7855200.00
2022-05-10,178.229996,179.179993,176.500000,177.089996,156.015015,8186700.00
2022-05-11,175.960007,178.320007,175.880005,176.130005,155.169281,6138900.00
2022-05-12,176.470001,177.949997,174.710007,177.869995,156.702225,6898600.00
2022-05-13,178.699997,178.889999,175.800003,176.850006,155.803604,7732200.00
2022-05-16,176.850006,179.130005,176.169998,178.080002,156.887192,5516700.00
2022-05-17,178.720001,179.699997,176.589996,178.820007,157.539108,5751100.00
2022-05-18,178.839996,179.369995,175.169998,175.500000,154.614243,8608800.00
2022-05-19,174.720001,174.800003,172.690002,173.940002,153.239929,6874500.00
2022-05-20,174.850006,177.160004,174.050003,176.979996,155.918137,7522100.00
2022-05-23,177.600006,179.929993,177.460007,179.440002,159.101227,7040800.00
2022-05-24,179.250000,181.740005,179.100006,181.399994,160.839066,6419800.00
2022-05-25,180.529999,181.550003,179.059998,179.619995,159.260773,6558900.00
2022-05-26,181.000000,181.000000,178.600006,179.460007,159.118973,6897600.00
2022-05-27,179.759995,181.160004,178.229996,181.089996,160.564163,5853600.00
2022-05-31,178.000000,180.169998,175.009995,179.529999,159.181015,16391400.00
2022-06-01,179.149994,179.830002,175.899994,177.710007,157.567307,5175400.00
2022-06-02,177.740005,177.809998,174.589996,177.149994,157.070755,8666500.00
2022-06-03,177.070007,178.669998,176.149994,176.419998,156.423523,4234200.00
2022-06-06,177.210007,178.500000,176.000000,176.399994,156.405792,5386500.00
2022-06-07,176.979996,179.300003,176.399994,178.339996,158.125870,5447800.00
2022-06-08,178.100006,179.449997,176.800003,177.279999,157.186050,4333100.00
2022-06-09,177.210007,178.649994,173.639999,173.710007,154.020676,5509600.00
2022-06-10,172.169998,173.970001,170.619995,172.550003,152.992142,6647300.00
2022-06-13,170.080002,172.250000,170.080002,170.809998,151.449417,7997000.00
2022-06-14,171.059998,171.110001,167.259995,168.190002,149.126373,7116800.00
2022-06-15,169.639999,171.440002,168.639999,169.990005,150.722305,7796100.00
2022-06-16,168.399994,170.210007,167.410004,170.080002,150.802124,7056700.00
2022-06-17,170.630005,172.199997,169.240005,169.460007,150.252411,12486600.00
2022-06-21,170.750000,173.860001,169.559998,173.009995,153.400024,8219700.00
2022-06-22,172.000000,177.919998,171.690002,175.740005,155.820587,10593100.00
2022-06-23,177.000000,179.820007,176.520004,179.660004,159.296265,10223500.00
2022-06-24,180.779999,182.529999,179.979996,182.289993,161.628159,9374400.00
2022-06-27,181.639999,183.350006,181.500000,182.119995,161.477448,5908600.00
2022-06-28,182.169998,182.970001,176.309998,176.940002,156.884583,9245700.00
2022-06-29,177.220001,178.300003,176.429993,176.990005,156.928879,7097900.00
2022-06-30,176.860001,178.289993,175.029999,177.509995,157.389954,10777200.00
2022-07-01,177.449997,179.720001,176.690002,179.520004,159.172150,5498400.00
2022-07-05,178.830002,179.130005,174.610001,178.139999,157.948563,5676400.00
2022-07-06,178.070007,179.440002,177.410004,178.300003,158.090424,5335600.00
2022-07-07,177.860001,179.119995,177.509995,178.500000,158.267746,5725800.00
2022-07-08,178.330002,179.990005,177.770004,178.279999,158.072662,3828300.00
2022-07-11,177.699997,179.020004,177.520004,178.350006,158.134750,3645200.00
2022-07-12,177.979996,178.449997,175.199997,175.850006,155.918137,4708800.00
2022-07-13,175.660004,176.330002,174.500000,175.440002,155.554596,5291700.00
2022-07-14,172.529999,176.009995,172.300003,175.679993,155.767410,5359600.00
2022-07-15,177.710007,178.509995,176.550003,178.229996,158.028351,5691100.00
2022-07-18,177.740005,178.190002,173.910004,174.229996,154.481750,7605700.00
2022-07-19,176.330002,176.750000,169.880005,171.690002,152.229630,13256400.00
2022-07-20,172.199997,172.550003,169.759995,170.710007,151.360733,7455800.00
2022-07-21,170.050003,171.389999,169.770004,171.309998,151.892685,5729200.00
2022-07-22,171.600006,172.490005,171.059998,172.119995,152.610901,4257000.00
2022-07-25,172.119995,172.979996,171.720001,172.460007,152.912369,4437300.00
2022-07-26,172.559998,174.979996,172.490005,173.679993,153.994064,4525500.00
2022-07-27,172.630005,174.100006,171.130005,173.199997,153.568466,4648500.00
2022-07-28,173.399994,176.089996,171.440002,174.199997,154.455093,5513000.00
2022-07-29,173.789993,174.850006,172.910004,174.520004,154.738907,6451400.00
2022-08-01,174.169998,175.160004,173.539993,173.910004,154.198044,5461400.00
2022-08-02,175.009995,175.490005,172.699997,172.919998,153.320206,5794200.00
2022-08-03,172.550003,175.259995,171.770004,174.589996,154.800980,5010000.00
2022-08-04,174.809998,175.089996,171.600006,171.789993,152.318298,5651600.00
2022-08-05,171.300003,171.529999,169.789993,171.110001,151.715363,5235500.00
2022-08-08,171.300003,171.479996,169.440002,170.199997,150.908508,4629800.00
2022-08-09,170.539993,171.119995,169.729996,170.179993,150.890778,5532500.00
2022-08-10,171.020004,171.240005,169.529999,170.669998,151.325226,5603400.00
2022-08-11,168.520004,169.949997,166.979996,167.139999,148.195374,9328700.00
2022-08-12,167.539993,167.940002,165.149994,165.300003,146.563919,14606900.00
2022-08-15,166.000000,166.750000,165.130005,166.089996,147.264404,10072000.00
2022-08-16,165.860001,168.250000,165.600006,167.570007,148.576614,7453600.00
2022-08-17,166.410004,168.559998,166.410004,167.580002,148.585464,7406600.00
2022-08-18,167.679993,168.300003,165.929993,166.770004,147.867340,8312100.00
2022-08-19,167.100006,170.119995,167.000000,169.309998,150.119415,8128500.00
2022-08-22,168.899994,168.919998,167.169998,167.589996,149.592743,5462600.00
2022-08-23,167.000000,167.770004,165.800003,166.130005,148.289551,5566300.00
2022-08-24,166.559998,166.589996,165.070007,165.580002,147.798645,5684300.00
2022-08-25,165.949997,167.240005,164.699997,167.130005,149.182190,5678700.00
2022-08-26,167.460007,167.500000,164.199997,164.270004,146.629288,5667100.00
2022-08-29,163.470001,163.839996,162.020004,163.000000,145.495682,5259200.00
2022-08-30,163.300003,163.539993,162.029999,162.429993,144.986893,6973300.00
2022-08-31,163.229996,163.550003,161.270004,161.339996,144.013947,8741700.00
2022-09-01,161.490005,165.500000,161.479996,165.339996,147.584396,7509600.00
2022-09-02,165.860001,166.199997,162.009995,162.740005,145.263611,5803700.00
2022-09-06,163.940002,166.220001,162.820007,163.179993,145.656342,7394600.00
2022-09-07,162.910004,164.419998,162.160004,164.070007,146.450760,4590600.00
2022-09-08,163.880005,165.419998,163.080002,165.389999,147.629013,5838400.00
2022-09-09,164.990005,166.199997,164.389999,165.710007,147.914673,5500600.00
2022-09-12,166.110001,166.570007,165.220001,165.639999,147.852142,6365300.00
2022-09-13,163.570007,164.440002,160.809998,161.330002,144.005020,6726400.00
2022-09-14,162.380005,165.360001,162.380005,164.660004,146.977417,9555700.00
2022-09-15,164.449997,166.070007,164.100006,165.080002,147.352341,7174500.00
2022-09-16,165.320007,167.630005,164.750000,167.600006,149.601700,20201500.00
2022-09-19,166.300003,166.429993,164.080002,166.279999,148.423462,7380900.00
2022-09-20,165.220001,165.899994,164.320007,164.970001,147.254105,7143400.00
2022-09-21,165.020004,166.800003,163.240005,163.279999,145.745605,8071200.00
2022-09-22,163.149994,167.160004,162.830002,166.179993,148.334167,7401100.00
2022-09-23,165.740005,167.479996,164.660004,166.720001,148.816208,9598600.00
2022-09-26,165.800003,166.839996,164.380005,165.699997,147.905731,8735500.00
2022-09-27,166.360001,167.669998,164.399994,164.940002,147.227341,8686700.00
2022-09-28,166.250000,167.380005,165.100006,166.360001,148.494858,8660900.00
2022-09-29,166.479996,167.169998,163.889999,164.529999,146.861374,7008100.00
2022-09-30,165.000000,165.740005,163.320007,163.360001,145.817001,8985200.00
2022-10-03,164.289993,164.380005,161.699997,163.199997,145.674194,8657000.00
2022-10-04,163.850006,166.000000,162.919998,165.619995,147.834320,6236100.00
2022-10-05,165.020004,166.039993,164.210007,165.110001,147.379105,4539400.00
2022-10-06,164.789993,165.000000,161.690002,161.910004,144.522705,5890700.00
2022-10-07,161.770004,162.220001,159.169998,160.199997,142.996353,6363500.00
2022-10-10,160.630005,161.279999,159.179993,160.410004,143.183838,5315600.00
2022-10-11,160.369995,164.110001,160.369995,162.729996,145.254684,6212200.00
2022-10-12,162.940002,164.880005,162.500000,162.690002,145.218933,4341700.00
2022-10-13,160.889999,165.990005,160.750000,165.149994,147.414780,6465100.00
2022-10-14,164.440002,165.679993,163.600006,164.460007,146.798889,5684600.00
2022-10-17,165.399994,167.210007,165.009995,166.589996,148.700165,6710800.00
2022-10-18,165.000000,167.169998,163.050003,166.009995,148.182404,10883600.00
2022-10-19,166.000000,166.250000,163.889999,164.690002,147.004196,10044600.00
2022-10-20,165.000000,165.740005,164.330002,165.110001,147.379105,5659900.00
2022-10-21,164.710007,169.369995,164.429993,168.710007,150.592499,8487600.00
2022-10-24,169.809998,172.080002,169.250000,170.979996,152.618744,6855500.00
2022-10-25,170.169998,171.110001,168.520004,170.710007,152.377762,5661900.00
2022-10-26,171.320007,172.570007,170.520004,172.210007,153.716660,6123800.00
2022-10-27,172.350006,173.429993,171.720001,172.309998,153.805862,5390900.00
2022-10-28,173.000000,175.389999,172.589996,174.869995,156.090958,6073900.00
2022-10-31,174.520004,175.160004,173.419998,173.970001,155.287643,7810000.00
2022-11-01,174.059998,174.630005,170.419998,173.089996,154.502121,6985000.00
2022-11-02,172.889999,173.940002,170.289993,170.429993,152.127792,6877300.00
2022-11-03,169.809998,171.470001,168.940002,170.720001,152.386612,4819900.00
2022-11-04,171.559998,172.500000,169.240005,171.479996,153.065018,5300900.00
2022-11-07,171.669998,173.850006,171.440002,172.979996,154.403946,6621000.00
2022-11-08,173.130005,174.690002,172.179993,173.839996,155.171570,5148400.00
2022-11-09,174.270004,175.000000,172.339996,172.449997,153.930847,6150000.00
2022-11-10,174.350006,174.770004,172.039993,174.470001,155.733948,7877500.00
2022-11-11,172.729996,173.110001,166.820007,169.250000,151.074493,11074700.00
2022-11-14,170.250000,173.259995,170.250000,171.910004,153.448837,6581500.00
2022-11-15,172.190002,173.000000,170.520004,172.389999,153.877304,9351000.00
2022-11-16,173.639999,174.990005,173.130005,173.460007,154.832382,5500900.00
2022-11-17,173.000000,174.990005,172.979996,174.860001,156.082062,4464100.00
2022-11-18,175.000000,176.639999,174.619995,176.199997,157.278152,6555700.00
2022-11-21,175.889999,176.550003,174.830002,175.970001,158.086716,5706600.00
2022-11-22,176.399994,177.190002,176.330002,176.820007,158.850311,4707900.00
2022-11-23,176.440002,177.399994,176.009995,177.009995,159.020996,5389200.00
2022-11-25,177.380005,178.119995,176.860001,177.240005,159.227646,3058600.00
2022-11-28,176.750000,177.770004,176.559998,177.330002,159.308472,6183100.00
2022-11-29,177.009995,177.259995,174.660004,176.089996,158.194458,6700500.00
2022-11-30,176.369995,178.009995,174.779999,178.000000,159.910385,13288000.00
2022-12-01,179.000000,179.960007,177.770004,178.740005,160.575195,6282600.00
2022-12-02,177.500000,178.960007,176.960007,178.880005,160.700943,5823900.00
2022-12-05,178.360001,179.360001,178.000000,178.779999,160.611099,5120600.00
2022-12-06,179.919998,180.000000,175.929993,176.100006,158.203506,7943500.00
2022-12-07,176.570007,177.880005,176.229996,177.169998,159.164703,5702600.00
2022-12-08,176.820007,177.470001,176.339996,177.199997,159.191681,4798500.00
2022-12-09,177.119995,177.889999,175.660004,175.740005,157.880051,4561000.00
2022-12-12,175.949997,177.869995,175.600006,177.839996,159.766617,4882400.00
2022-12-13,179.100006,180.199997,178.309998,179.210007,160.997421,9177500.00
2022-12-14,178.580002,181.039993,178.580002,179.759995,161.491501,9533600.00
2022-12-15,179.199997,179.839996,176.399994,177.490005,159.452209,7602400.00
2022-12-16,177.000000,177.000000,174.860001,175.669998,157.817154,18841800.00
2022-12-19,175.350006,176.169998,174.070007,175.479996,157.646484,5736000.00
2022-12-20,176.000000,176.440002,175.169998,175.669998,157.817154,6174700.00
2022-12-21,176.270004,178.179993,175.649994,177.679993,159.622910,5472000.00
2022-12-22,176.770004,177.509995,175.339996,177.029999,159.038971,5709100.00
2022-12-23,176.669998,177.520004,175.809998,177.479996,159.443207,3683400.00
2022-12-27,178.110001,178.350006,176.990005,177.429993,159.398300,3067300.00
2022-12-28,177.759995,178.449997,176.649994,176.660004,158.706558,2645400.00
2022-12-29,177.550003,178.300003,177.070007,177.559998,159.515091,2828800.00
2022-12-30,177.490005,177.770004,175.399994,176.649994,158.697601,4216600.00
2023-01-03,176.160004,178.380005,176.009995,178.190002,160.081100,6344900.00
2023-01-04,178.889999,180.190002,178.479996,180.130005,161.823944,9788800.00
2023-01-05,179.020004,179.990005,178.410004,178.800003,160.629105,6255300.00
2023-01-06,180.130005,180.929993,179.389999,180.250000,161.931702,5706000.00
2023-01-09,179.300003,179.759995,175.179993,175.580002,157.736328,7925300.00
2023-01-10,175.699997,176.139999,174.320007,175.160004,157.359009,5047500.00
2023-01-11,175.570007,175.720001,172.110001,174.880005,157.107483,6494800.00
2023-01-12,174.259995,174.710007,172.800003,174.000000,156.316895,4269400.00
2023-01-13,173.190002,174.009995,172.380005,173.429993,155.804825,6088000.00
2023-01-17,174.000000,174.580002,172.089996,172.360001,154.843552,6053300.00
2023-01-18,171.649994,172.000000,169.710007,169.759995,152.507782,7047800.00
2023-01-19,169.029999,171.279999,168.710007,169.529999,152.301163,6939500.00
2023-01-20,170.100006,170.110001,167.479996,168.740005,151.591461,8620600.00
2023-01-23,169.100006,169.630005,167.949997,168.309998,151.205139,8425400.00
2023-01-24,169.020004,170.990005,166.009995,168.309998,151.205139,10541800.00
2023-01-25,167.169998,169.509995,167.080002,169.509995,152.283188,7099800.00
2023-01-26,169.550003,169.910004,168.649994,168.889999,151.726212,6946100.00
2023-01-27,168.539993,168.869995,167.770004,168.229996,151.133286,6058100.00
2023-01-30,167.929993,168.539993,161.080002,162.000000,145.536407,23259100.00
2023-01-31,161.699997,163.429993,161.050003,163.419998,146.812103,11612500.00
2023-02-01,162.990005,165.979996,162.399994,164.919998,148.159637,9865300.00
2023-02-02,163.000000,166.220001,162.820007,165.539993,148.716660,10099000.00
2023-02-03,166.029999,166.339996,163.889999,164.610001,147.881165,6868500.00
2023-02-06,164.550003,164.850006,163.100006,163.360001,146.758194,7021000.00
2023-02-07,161.600006,163.880005,161.419998,163.399994,146.794128,7310800.00
2023-02-08,163.300003,164.559998,162.899994,163.610001,146.982803,6054700.00
2023-02-09,163.630005,164.800003,161.070007,161.399994,144.997375,7949500.00
2023-02-10,161.770004,162.789993,161.350006,162.149994,145.671143,7028000.00
2023-02-13,161.330002,162.820007,161.149994,162.750000,146.210190,6414700.00
2023-02-14,162.740005,162.970001,161.759995,162.039993,145.572357,6316000.00
2023-02-15,161.949997,161.979996,159.289993,159.369995,143.173676,12621800.00
2023-02-16,159.070007,159.649994,157.919998,158.240005,142.158508,11177000.00
2023-02-17,157.020004,161.110001,156.619995,160.389999,145.126373,12401900.00
2023-02-21,159.649994,160.350006,157.889999,158.000000,142.963837,9423900.00
2023-02-22,158.500000,158.850006,157.369995,157.779999,142.764801,9820200.00
2023-02-23,157.710007,158.589996,156.669998,157.729996,142.719528,9385100.00
2023-02-24,156.649994,156.850006,155.210007,155.970001,141.127014,8689700.00
2023-02-27,156.449997,156.899994,155.080002,155.630005,140.819412,7267100.00
2023-02-28,154.979996,155.270004,153.039993,153.259995,138.674927,9062300.00
2023-03-01,153.009995,153.240005,151.910004,152.570007,138.050613,6767000.00
2023-03-02,151.750000,152.759995,151.229996,152.449997,137.942017,8762500.00
2023-03-03,153.369995,154.119995,152.839996,154.020004,139.362595,5747200.00
2023-03-06,154.660004,155.729996,154.570007,155.559998,140.756027,8148200.00
2023-03-07,156.089996,156.250000,153.350006,154.089996,139.425919,7457700.00
2023-03-08,153.979996,154.199997,152.479996,152.960007,138.403488,6230500.00
2023-03-09,153.460007,153.600006,150.710007,151.240005,136.847122,7439400.00
2023-03-10,151.860001,153.490005,151.100006,151.610001,137.181915,8504300.00
2023-03-13,152.089996,155.910004,151.570007,153.059998,138.493927,10799600.00
2023-03-14,153.279999,154.029999,151.899994,153.919998,139.272079,8421200.00
2023-03-15,152.839996,154.889999,152.529999,154.350006,139.661209,7757700.00
2023-03-16,153.449997,154.369995,152.600006,154.029999,139.371613,7605500.00
2023-03-17,154.479996,154.949997,152.300003,152.380005,137.878662,20540700.00
2023-03-20,152.470001,154.070007,152.380005,153.889999,139.244980,7129000.00
2023-03-21,154.000000,154.130005,152.169998,153.889999,139.244980,8376800.00
2023-03-22,153.850006,154.059998,151.029999,151.050003,136.675247,7943500.00
2023-03-23,151.179993,151.690002,150.110001,151.130005,136.747620,9051500.00
2023-03-24,151.479996,152.759995,150.830002,152.649994,138.122940,5696200.00
2023-03-27,154.199997,154.539993,153.110001,153.300003,138.711136,6772300.00
2023-03-28,152.389999,153.449997,151.729996,151.820007,137.371948,6115300.00
2023-03-29,152.240005,153.380005,152.070007,153.309998,138.720154,6012000.00
2023-03-30,153.580002,153.800003,152.809998,153.429993,138.828751,4555700.00
2023-03-31,153.789993,155.190002,153.240005,155.000000,140.249313,9890000.00
2023-04-03,154.949997,157.009995,153.940002,156.850006,141.923264,6841900.00
2023-04-04,156.970001,158.970001,156.589996,158.490005,143.407227,8314500.00
2023-04-05,164.369995,165.660004,162.759995,165.610001,149.849625,16704200.00
2023-04-06,165.990005,167.229996,164.800003,165.149994,149.433380,9615400.00
2023-04-10,164.630005,164.839996,163.639999,164.320007,148.682388,5354000.00
2023-04-11,164.419998,165.279999,164.039993,164.270004,148.637146,5903800.00
2023-04-12,163.940002,164.839996,163.100006,163.919998,148.320465,5764100.00
2023-04-13,164.179993,166.330002,163.809998,166.110001,150.302063,5640600.00
2023-04-14,165.970001,166.119995,164.059998,165.839996,150.057724,7225100.00
2023-04-17,165.740005,166.240005,164.940002,165.669998,149.903915,8046400.00
2023-04-18,164.250000,164.690002,159.649994,161.009995,145.687393,14571500.00
2023-04-19,161.990005,162.679993,161.169998,162.529999,147.062729,6752000.00
2023-04-20,162.429993,163.820007,160.960007,163.580002,148.012802,9498800.00
2023-04-21,164.440002,164.970001,161.970001,162.690002,147.207458,7014200.00
2023-04-24,162.690002,163.809998,161.869995,163.679993,148.103271,5278900.00
2023-04-25,164.309998,165.350006,164.160004,165.179993,149.460556,6263100.00
2023-04-26,164.089996,164.389999,162.240005,162.619995,147.144180,5518200.00
2023-04-27,162.899994,163.410004,162.130005,163.000000,147.488037,5739700.00
2023-04-28,162.809998,163.759995,162.559998,163.699997,148.121384,6024900.00
2023-05-01,163.600006,164.300003,162.240005,163.600006,148.030930,4893400.00
2023-05-02,164.339996,165.479996,163.559998,165.029999,149.324799,7541700.00
2023-05-03,165.550003,166.179993,162.509995,162.869995,147.370361,5937200.00
2023-05-04,162.679993,162.899994,161.250000,162.130005,146.700806,5128000.00
2023-05-05,162.839996,163.130005,161.690002,162.679993,147.198471,5194500.00
2023-05-08,161.990005,162.570007,161.339996,162.309998,146.863678,4994900.00
2023-05-09,161.750000,162.130005,160.789993,161.050003,145.723602,5520500.00
2023-05-10,161.199997,161.970001,160.059998,161.649994,146.266495,6756600.00
2023-05-11,161.830002,162.190002,159.389999,160.990005,145.669281,5867600.00
2023-05-12,161.360001,161.559998,160.009995,160.779999,145.479263,3904200.00
2023-05-15,160.800003,161.029999,158.940002,159.550003,144.366318,5104500.00
2023-05-16,159.059998,160.250000,158.529999,159.339996,144.176346,5599200.00
2023-05-17,159.789993,160.059998,157.770004,158.990005,143.859619,6840700.00
2023-05-18,158.660004,158.929993,157.559998,158.479996,143.398148,5173000.00
2023-05-19,158.589996,159.929993,158.139999,158.910004,143.787231,6527100.00
2023-05-22,158.000000,159.139999,156.779999,156.869995,143.012314,5675900.00
2023-05-23,157.100006,158.270004,156.369995,156.809998,142.957626,5793000.00
2023-05-24,157.080002,157.139999,155.919998,156.660004,142.820862,5015100.00
2023-05-25,156.050003,156.289993,153.720001,154.410004,140.769638,6886100.00
2023-05-26,154.690002,155.279999,154.199997,154.350006,140.714935,6845400.00
2023-05-30,153.970001,155.380005,153.320007,154.369995,140.733154,5593100.00
2023-05-31,154.699997,155.690002,153.850006,155.059998,141.362228,11324600.00
2023-06-01,154.539993,155.039993,153.149994,154.539993,140.888138,7901300.00
2023-06-02,154.720001,157.309998,154.089996,156.970001,143.103485,7659700.00
2023-06-05,156.750000,158.639999,156.750000,158.320007,144.334244,6430500.00
2023-06-06,159.580002,159.610001,157.399994,158.179993,144.206604,5073600.00
2023-06-07,158.100006,158.800003,157.440002,158.520004,144.516571,6504300.00
2023-06-08,158.500000,160.419998,157.820007,160.259995,146.102875,5818400.00
2023-06-09,160.419998,160.729996,159.470001,160.009995,145.874939,6264400.00
2023-06-12,160.000000,160.250000,158.729996,159.899994,145.774628,6510600.00
2023-06-13,159.729996,160.839996,159.149994,160.740005,146.540466,6066800.00
2023-06-14,161.600006,162.080002,160.979996,161.559998,147.288010,6699100.00
2023-06-15,162.050003,163.910004,161.429993,163.729996,149.266312,7138300.00
2023-06-16,164.479996,164.990005,163.869995,164.229996,149.722168,13426600.00
2023-06-20,164.259995,165.309998,163.809998,164.130005,149.630981,7995800.00
2023-06-21,163.580002,164.919998,162.690002,163.880005,149.403076,7177500.00
2023-06-22,163.899994,165.720001,163.789993,165.619995,150.989349,5485900.00
2023-06-23,166.110001,166.270004,165.029999,165.479996,150.861725,9450700.00
2023-06-26,164.979996,164.979996,161.330002,163.630005,149.175140,6978800.00
2023-06-27,163.679993,163.880005,162.440002,163.289993,148.865204,4927500.00
2023-06-28,163.199997,163.199997,161.910004,162.960007,148.564362,6780400.00
2023-06-29,162.639999,164.320007,162.229996,164.100006,149.603653,4547500.00
2023-06-30,164.860001,165.940002,164.350006,165.520004,150.898178,7580000.00
2023-07-03,164.339996,164.389999,162.960007,163.350006,148.919907,4033700.00
2023-07-05,162.990005,163.919998,162.729996,162.809998,148.427567,7224600.00
2023-07-06,162.250000,162.369995,161.000000,161.600006,147.324478,6332500.00
2023-07-07,160.470001,161.039993,159.199997,159.250000,145.182068,7022200.00
2023-07-10,159.429993,160.300003,159.000000,159.509995,145.419098,5739200.00
2023-07-11,159.130005,160.300003,157.600006,158.630005,144.616837,6606700.00
2023-07-12,158.940002,158.940002,157.880005,158.080002,144.115448,6940400.00
2023-07-13,158.000000,159.130005,157.410004,158.809998,144.780945,6401700.00
2023-07-14,159.179993,160.229996,158.979996,159.869995,145.747314,5362200.00
2023-07-17,159.750000,159.869995,158.149994,159.070007,145.017990,5486800.00
2023-07-18,159.070007,160.889999,158.190002,159.059998,145.008835,6332500.00
2023-07-19,157.910004,160.410004,157.330002,158.740005,144.717133,7522600.00
2023-07-20,161.940002,169.139999,161.300003,168.380005,153.505554,21892900.00
2023-07-21,168.179993,170.820007,168.179993,170.190002,155.155655,12080000.00
2023-07-24,171.500000,173.820007,170.990005,171.080002,155.967026,15155400.00
2023-07-25,170.449997,172.679993,169.750000,172.389999,157.161316,13790100.00
2023-07-26,172.000000,173.850006,171.399994,172.720001,157.462158,14288200.00
2023-07-27,172.179993,174.289993,172.039993,173.690002,158.346451,12446400.00
2023-07-28,174.000000,175.360001,173.229996,174.479996,159.066666,14138800.00
2023-07-31,169.690002,170.220001,166.710007,167.529999,152.730621,22632700.00
2023-08-01,166.369995,169.089996,166.059998,168.889999,153.970490,15810300.00
2023-08-02,168.850006,171.240005,168.850006,169.910004,154.900375,14595600.00
2023-08-03,169.949997,171.320007,169.669998,170.639999,155.565903,17424800.00
2023-08-04,170.339996,172.679993,167.889999,169.039993,154.107239,23415100.00
2023-08-07,169.490005,173.339996,169.360001,173.100006,157.808578,17736400.00
2023-08-08,172.990005,173.550003,171.389999,173.179993,157.881516,27378700.00
2023-08-09,173.000000,174.250000,172.050003,173.070007,157.781265,42974400.00
2023-08-10,174.000000,175.970001,171.639999,172.169998,156.960739,48213800.00
2023-08-11,172.479996,173.949997,171.619995,173.850006,158.492325,45905600.00
2023-08-14,173.520004,175.600006,171.750000,173.440002,158.118546,64036900.00
2023-08-15,172.800003,174.559998,172.139999,172.940002,157.662720,88958100.00
2023-08-16,172.529999,174.729996,172.130005,172.389999,157.161316,85832700.00
2023-08-17,172.860001,175.389999,172.759995,174.009995,158.638214,70904200.00
2023-08-18,173.169998,173.990005,171.309998,172.490005,157.252487,49631700.00
2023-08-21,169.690002,169.850006,165.960007,167.350006,152.566544,151319500.00
2023-08-22,166.860001,167.839996,165.410004,166.020004,151.353989,56834800.00
2023-08-23,165.899994,166.500000,163.470001,164.529999,149.995651,119011400.00
2023-08-24,164.029999,166.669998,163.860001,165.089996,150.506134,70755100.00
2023-08-25,164.300003,167.779999,164.059998,166.250000,152.664124,18185500.00
2023-08-28,165.000000,166.210007,163.169998,164.289993,150.864288,18458000.00
2023-08-29,164.869995,165.679993,162.770004,164.309998,150.882645,12208600.00
2023-08-30,165.110001,165.830002,163.679993,163.729996,150.350067,9939100.00
2023-08-31,163.369995,163.570007,161.279999,161.679993,148.467560,15333000.00
2023-09-01,161.419998,162.479996,160.009995,160.479996,147.365646,8610100.00
2023-09-05,160.559998,161.970001,160.279999,160.679993,147.549301,9019800.00
2023-09-06,159.839996,160.000000,157.350006,158.009995,145.097473,9753800.00
2023-09-07,159.139999,161.059998,158.979996,160.029999,146.952438,9931800.00
2023-09-08,159.589996,160.679993,159.190002,160.559998,147.439102,6957000.00
2023-09-11,161.059998,162.690002,160.449997,162.660004,149.367477,6309300.00
2023-09-12,162.220001,163.929993,161.529999,163.580002,150.212326,6045800.00
2023-09-13,163.759995,164.949997,163.000000,163.990005,150.588821,7397500.00
2023-09-14,164.679993,165.270004,163.440002,163.740005,150.359222,7758400.00
2023-09-15,163.979996,164.820007,161.210007,161.449997,148.256393,13392100.00
2023-09-18,162.119995,163.149994,160.750000,162.470001,149.193039,5789000.00
2023-09-19,162.250000,162.850006,161.380005,162.199997,148.945084,5550800.00
2023-09-20,162.190002,163.539993,161.660004,162.910004,149.597076,3837400.00
2023-09-21,162.570007,163.500000,161.589996,161.660004,148.449234,4526700.00
2023-09-22,161.300003,161.399994,160.250000,160.500000,147.384018,4976700.00
2023-09-25,160.070007,160.360001,158.729996,160.259995,147.163589,6722500.00
2023-09-26,159.809998,160.080002,158.860001,159.020004,146.024948,4904800.00
2023-09-27,158.580002,158.759995,155.259995,157.110001,144.271057,10211600.00
2023-09-28,157.500000,157.960007,156.220001,156.880005,144.059845,7861900.00
2023-09-29,157.369995,157.600006,155.350006,155.750000,143.022171,7680700.00
2023-10-02,155.419998,155.419998,153.320007,155.149994,142.471222,7259700.00
2023-10-03,154.679993,155.500000,153.889999,155.339996,142.645706,5740800.00
2023-10-04,155.570007,155.929993,154.570007,155.520004,142.810974,4955200.00
2023-10-05,156.270004,158.039993,156.070007,157.139999,144.298599,5993300.00
2023-10-06,157.080002,158.300003,156.589996,157.639999,144.757751,5802200.00
2023-10-09,157.179993,158.880005,157.089996,158.539993,145.584183,4414100.00
2023-10-10,158.380005,159.270004,157.899994,158.360001,145.418915,5273500.00
2023-10-11,158.460007,159.050003,156.039993,156.179993,143.417053,6922900.00
2023-10-12,155.919998,156.559998,155.070007,156.330002,143.554779,5792400.00
2023-10-13,156.729996,157.360001,156.050003,156.850006,144.032303,5359800.00
2023-10-16,157.820007,158.250000,156.839996,157.529999,144.656723,6408100.00
2023-10-17,155.979996,158.949997,154.610001,156.089996,143.334396,12244400.00
2023-10-18,155.410004,155.949997,152.050003,152.729996,140.248978,9097300.00
2023-10-19,151.669998,153.110001,150.149994,152.320007,139.872498,7733800.00
2023-10-20,152.740005,153.869995,152.330002,153.000000,140.496902,7207000.00
2023-10-23,152.860001,153.500000,151.210007,151.389999,139.018478,5874000.00
2023-10-24,150.750000,151.960007,150.130005,151.229996,138.871567,6155300.00
2023-10-25,151.240005,152.169998,150.229996,151.570007,139.183762,5880800.00
2023-10-26,151.970001,151.970001,148.880005,149.000000,136.823792,7612500.00
2023-10-27,148.490005,148.660004,144.949997,145.600006,133.701660,11385800.00
2023-10-30,146.089996,147.240005,146.000000,147.029999,135.014786,8205300.00
2023-10-31,147.539993,148.539993,146.639999,148.339996,136.217712,7576900.00
2023-11-01,149.190002,149.759995,148.460007,148.690002,136.539108,5733000.00
2023-11-02,147.710007,150.399994,147.539993,150.240005,137.962463,5349100.00
2023-11-03,151.210007,152.270004,150.149994,151.339996,138.972565,4926800.00
2023-11-06,151.779999,152.429993,151.369995,151.699997,139.303116,4851400.00
2023-11-07,151.929993,152.250000,150.679993,150.899994,138.568542,4840400.00
2023-11-08,151.350006,151.830002,150.339996,150.350006,138.063477,5460000.00
2023-11-09,150.500000,150.500000,147.259995,147.419998,135.372925,6973600.00
2023-11-10,148.250000,148.500000,145.639999,147.250000,135.216797,6930700.00
2023-11-13,147.250000,147.899994,146.649994,147.630005,135.565735,5889300.00
2023-11-14,147.639999,148.539993,146.970001,147.660004,135.593307,6713600.00
2023-11-15,147.350006,149.419998,147.270004,148.800003,136.640137,6729100.00
2023-11-16,149.500000,150.169998,148.639999,150.100006,137.833908,6875600.00
2023-11-17,150.550003,150.789993,149.070007,149.789993,137.549240,7023300.00
2023-11-20,147.910004,150.399994,147.539993,149.910004,138.761826,8851700.00
2023-11-21,150.100006,151.289993,149.610001,151.119995,139.881836,5916300.00
2023-11-22,151.630005,152.039993,150.389999,150.820007,139.604141,4633500.00
2023-11-24,150.860001,152.679993,150.860001,152.500000,141.159210,3351400.00
2023-11-27,152.289993,152.320007,150.970001,151.279999,140.029953,6449700.00
2023-11-28,151.399994,151.809998,150.839996,151.630005,140.353897,5909000.00
2023-11-29,151.330002,152.199997,151.070007,152.110001,140.798203,5190000.00
2023-11-30,152.259995,155.139999,151.919998,154.660004,143.158585,12481900.00
2023-12-01,156.440002,158.460007,155.470001,158.380005,146.601944,10342900.00
2023-12-04,158.000000,160.020004,158.000000,158.880005,147.064758,8920300.00
2023-12-05,158.800003,159.630005,158.220001,158.550003,146.759293,7268200.00
2023-12-06,158.520004,158.660004,156.169998,156.619995,144.972824,6642900.00
2023-12-07,156.580002,156.580002,154.710007,155.399994,143.843536,6532400.00
2023-12-08,155.419998,155.850006,153.839996,154.419998,142.936432,6254700.00
2023-12-11,154.500000,155.479996,154.350006,155.059998,143.528839,6090400.00
2023-12-12,155.000000,155.320007,153.649994,155.070007,143.538086,5324400.00
2023-12-13,153.660004,155.940002,151.770004,155.789993,144.204544,10764600.00
2023-12-14,156.470001,157.160004,155.050003,156.869995,145.204239,9240700.00
2023-12-15,155.490005,156.690002,153.759995,155.160004,143.621399,21727800.00
2023-12-18,155.210007,156.440002,154.759995,155.440002,143.880569,7231400.00
2023-12-19,155.300003,156.500000,154.940002,156.460007,144.824738,6651500.00
2023-12-20,156.539993,156.660004,153.110001,153.270004,141.871918,7008300.00
2023-12-21,153.690002,155.130005,153.300003,154.839996,143.325195,4598600.00
2023-12-22,155.250000,156.529999,155.020004,155.460007,143.899139,3798900.00
2023-12-26,155.000000,156.350006,154.850006,156.139999,144.528503,4170000.00
2023-12-27,155.500000,156.520004,155.419998,156.350006,144.722900,5288100.00
2023-12-28,156.000000,157.240005,155.990005,156.580002,144.935806,4377500.00
2023-12-29,156.509995,156.899994,155.979996,156.740005,145.083908,4313700.00
2024-01-02,156.929993,161.639999,156.789993,159.970001,148.073669,9622100.00
2024-01-03,160.639999,161.440002,159.800003,160.970001,148.999344,8232000.00
2024-01-04,161.589996,161.979996,160.419998,160.630005,148.684616,6766600.00
2024-01-05,160.500000,161.339996,159.470001,161.130005,149.147430,5602500.00
2024-01-08,161.100006,161.660004,159.610001,161.529999,149.517700,6569800.00
2024-01-09,161.630005,163.279999,160.600006,161.630005,149.610245,6357000.00
2024-01-10,161.820007,162.619995,161.199997,161.869995,149.832413,4945100.00
2024-01-11,162.070007,162.199997,160.779999,161.149994,149.165924,4946000.00
2024-01-12,161.839996,162.470001,161.690002,162.389999,150.313721,4496900.00
2024-01-16,161.570007,162.250000,160.179993,160.520004,148.582779,6923200.00
2024-01-17,160.250000,161.300003,159.869995,160.429993,148.499481,5072100.00
2024-01-18,160.000000,161.369995,159.690002,161.210007,149.221497,5368500.00
2024-01-19,161.149994,161.919998,160.279999,161.679993,149.656525,7071300.00
2024-01-22,162.000000,163.580002,161.339996,162.470001,150.387787,6824200.00
2024-01-23,159.660004,160.509995,156.910004,159.809998,147.925583,9149800.00
2024-01-24,159.750000,160.600006,158.160004,158.960007,147.138809,7247900.00
2024-01-25,159.000000,159.619995,158.470001,159.559998,147.694199,5478900.00
2024-01-26,160.429993,160.740005,159.360001,159.500000,147.638657,5591900.00
2024-01-29,159.009995,160.070007,158.960007,159.360001,147.509048,6483200.00
2024-01-30,159.350006,159.759995,158.130005,158.770004,146.962952,7200500.00
2024-01-31,160.399994,160.619995,158.669998,158.899994,147.083237,8256800.00
2024-02-01,158.160004,158.490005,157.050003,158.360001,146.583435,8012000.00
2024-02-02,157.970001,158.309998,155.940002,156.610001,144.963547,8295900.00
2024-02-05,156.610001,156.889999,155.339996,155.800003,144.213821,9121600.00
2024-02-06,155.830002,158.729996,155.600006,158.059998,146.305725,9229900.00
2024-02-07,157.800003,159.369995,157.690002,157.979996,146.231689,8690300.00
2024-02-08,157.339996,157.339996,155.309998,156.399994,144.769180,9755000.00
2024-02-09,156.270004,157.199997,155.669998,156.759995,145.102417,6529200.00
2024-02-12,156.580002,158.410004,156.350006,157.850006,146.111343,6701500.00
2024-02-13,157.639999,158.449997,155.750000,156.470001,144.834000,8621000.00
2024-02-14,156.350006,156.460007,154.839996,155.740005,144.158279,9098800.00
2024-02-15,155.979996,158.479996,155.889999,157.919998,146.176132,7462500.00
2024-02-16,156.600006,157.259995,155.669998,156.550003,146.008286,8541000.00
2024-02-20,156.559998,158.610001,156.440002,157.860001,147.230072,9501700.00
2024-02-21,158.020004,158.690002,157.130005,158.679993,147.994827,7472500.00
2024-02-22,158.979996,160.740005,157.770004,160.449997,149.645645,8065000.00
2024-02-23,160.880005,162.250000,160.160004,161.839996,150.942032,6726000.00
2024-02-26,161.800003,162.009995,160.570007,160.789993,149.962753,5465400.00
2024-02-27,160.339996,161.039993,159.639999,160.979996,150.139954,5078600.00
2024-02-28,161.000000,161.610001,160.289993,161.550003,150.671585,6071100.00
2024-02-29,162.000000,162.190002,160.940002,161.380005,150.513031,9849100.00
2024-03-01,161.830002,162.570007,161.089996,162.119995,151.203201,5670100.00
2024-03-04,161.320007,161.610001,158.270004,159.839996,149.076721,8532900.00
2024-03-05,160.619995,161.240005,159.199997,159.970001,149.197983,8298200.00
2024-03-06,159.460007,160.929993,159.220001,159.339996,148.610413,5773700.00
2024-03-07,160.000000,160.360001,158.240005,158.869995,148.172028,5188700.00
2024-03-08,158.869995,160.389999,158.429993,159.520004,148.778290,5284000.00
2024-03-11,159.490005,161.320007,158.880005,161.229996,150.373123,4620800.00
2024-03-12,161.580002,163.110001,161.130005,162.740005,151.781448,8018700.00
2024-03-13,162.529999,162.679993,159.809998,161.100006,150.251907,6260000.00
2024-03-14,160.940002,161.539993,158.690002,159.210007,148.489166,6988300.00
2024-03-15,158.059998,159.190002,157.100006,158.179993,147.528503,13165500.00
2024-03-18,158.570007,158.690002,156.500000,156.759995,146.204117,6602300.00
2024-03-19,156.669998,156.860001,155.660004,156.210007,145.691162,7840600.00
2024-03-20,155.699997,156.440002,155.210007,155.759995,145.271469,5982300.00
2024-03-21,155.589996,156.949997,155.100006,155.750000,145.262131,5915800.00
2024-03-22,155.690002,156.360001,155.110001,155.229996,144.777145,7248600.00
2024-03-25,155.399994,155.979996,154.899994,155.220001,144.767853,7498100.00
2024-03-26,155.610001,156.229996,154.759995,155.770004,145.280777,6864100.00
2024-03-27,155.990005,158.220001,155.440002,157.960007,147.323318,8461600.00
2024-03-28,158.199997,159.139999,158.110001,158.190002,147.537827,6181500.00
2024-04-01,157.720001,158.149994,156.770004,157.779999,147.155426,4364700.00
2024-04-02,156.570007,157.830002,155.949997,157.729996,147.108810,6102300.00
2024-04-03,157.789993,158.050003,154.250000,154.259995,143.872467,8098200.00
2024-04-04,155.309998,155.500000,152.410004,152.500000,142.230988,6947400.00
2024-04-05,152.029999,153.009995,151.610001,152.389999,142.128387,6783000.00
2024-04-08,151.990005,153.039993,151.559998,151.589996,141.382263,5935400.00
2024-04-09,151.550003,152.529999,150.940002,152.289993,142.035141,6135300.00
2024-04-10,151.529999,151.820007,149.759995,150.199997,140.085861,6809500.00
2024-04-11,150.800003,150.869995,148.389999,148.789993,138.770782,8374400.00
2024-04-12,148.059998,149.070007,147.149994,147.520004,137.586319,7100200.00
2024-04-15,148.369995,149.490005,147.369995,147.589996,137.651611,8502300.00
2024-04-16,145.009995,146.250000,143.389999,144.449997,134.723038,12774900.00
2024-04-17,145.000000,145.410004,143.539993,144.770004,135.021500,9378100.00
2024-04-18,144.979996,145.800003,143.130005,145.740005,135.926193,9887700.00
2024-04-19,146.149994,148.130005,144.539993,147.910004,137.950089,9750800.00
2024-04-22,148.509995,150.270004,147.300003,149.119995,139.078598,10118700.00
2024-04-23,149.860001,150.490005,148.199997,149.559998,139.488953,10110400.00
2024-04-24,148.139999,148.990005,146.860001,148.529999,138.528320,9756300.00
2024-04-25,149.369995,149.580002,146.330002,146.820007,136.933472,7642700.00
2024-04-26,146.699997,147.179993,145.949997,146.139999,136.299225,6183000.00
2024-04-29,146.139999,147.220001,145.990005,146.820007,136.933472,6149600.00
2024-04-30,146.880005,146.880005,144.529999,144.589996,134.853622,8817700.00
2024-05-01,148.740005,151.850006,147.619995,151.179993,140.999863,14470900.00
2024-05-02,152.039993,152.330002,149.139999,149.919998,139.824707,8459800.00
2024-05-03,149.889999,149.889999,147.820007,149.270004,139.218491,6532700.00
2024-05-06,149.869995,150.050003,147.910004,148.580002,138.574936,5042800.00
2024-05-07,149.380005,149.729996,148.449997,148.720001,138.705521,7333500.00
2024-05-08,149.119995,149.729996,148.699997,148.949997,138.920029,7735100.00
2024-05-09,148.979996,150.100006,148.889999,149.850006,139.759445,6546200.00
2024-05-10,150.000000,150.089996,149.190002,149.910004,139.815399,5710600.00
2024-05-13,150.039993,152.000000,149.710007,151.220001,141.037170,5628500.00
2024-05-14,151.850006,152.210007,150.699997,151.380005,141.186432,8254200.00
2024-05-15,151.820007,152.949997,151.300003,152.669998,142.389526,5548000.00
2024-05-16,153.000000,154.380005,152.330002,154.279999,143.891144,7591000.00
2024-05-17,154.860001,154.860001,153.710007,154.639999,144.226913,6521800.00
2024-05-20,153.100006,153.389999,151.259995,151.270004,142.224258,7742300.00
2024-05-21,151.779999,152.589996,150.789993,151.240005,142.196045,5492400.00
2024-05-22,150.839996,154.080002,150.320007,153.500000,144.320908,6609800.00
2024-05-23,152.750000,152.839996,149.380005,149.699997,140.748123,8000400.00
2024-05-24,149.529999,149.809998,146.759995,146.970001,138.181381,9520600.00
2024-05-28,146.789993,146.789993,144.149994,144.380005,135.746262,10499800.00
2024-05-29,143.820007,145.419998,143.710007,144.440002,135.802673,8263800.00
2024-05-30,144.619995,145.610001,144.020004,145.279999,136.592468,8490300.00
2024-05-31,145.570007,147.479996,145.190002,146.669998,137.899323,14621200.00
2024-06-03,147.250000,148.899994,146.770004,147.740005,138.905350,7329200.00
2024-06-04,147.479996,148.309998,146.190002,147.800003,138.961761,8876400.00
2024-06-05,147.970001,147.990005,145.850006,145.970001,137.241196,5891300.00
2024-06-06,145.500000,147.000000,144.660004,146.419998,137.664261,5016300.00
2024-06-07,146.679993,148.300003,146.339996,147.080002,138.284805,5111600.00
2024-06-10,146.529999,147.559998,145.600006,147.130005,138.331787,5749900.00
2024-06-11,146.809998,147.160004,145.440002,146.759995,137.983932,5661200.00
2024-06-12,147.059998,147.210007,144.779999,145.410004,136.714676,6180500.00
2024-06-13,145.070007,146.000000,143.880005,145.449997,136.752289,6840400.00
2024-06-14,145.139999,145.970001,144.479996,145.539993,136.836884,4075300.00
2024-06-17,145.020004,146.429993,144.740005,145.949997,137.222382,6666600.00
2024-06-18,145.960007,146.389999,145.259995,145.649994,136.940323,6156600.00
2024-06-20,145.270004,148.080002,145.009995,147.779999,138.942932,8749700.00
2024-06-21,147.889999,149.080002,147.369995,148.750000,139.854935,15172300.00
2024-06-24,149.000000,149.720001,148.169998,149.119995,140.202805,6914700.00
2024-06-25,149.179993,149.199997,146.940002,147.190002,138.388214,5912500.00
2024-06-26,146.199997,147.190002,145.779999,146.820007,138.040359,5267800.00
2024-06-27,146.800003,147.360001,144.839996,145.800003,137.081345,5739200.00
2024-06-28,146.039993,147.070007,145.649994,146.160004,137.419846,10495700.00
2024-07-01,146.070007,148.699997,145.619995,146.440002,137.683090,5144400.00
2024-07-02,146.429993,147.149994,145.740005,146.029999,137.297592,5492000.00
2024-07-03,146.199997,146.649994,144.740005,145.690002,136.977921,3246200.00
2024-07-05,145.770004,146.550003,144.500000,146.479996,137.720688,4888500.00
2024-07-08,146.399994,147.220001,145.250000,145.479996,136.780457,5260200.00
2024-07-09,145.669998,147.130005,145.179993,147.050003,138.256622,5890400.00
2024-07-10,147.259995,149.470001,146.679993,149.429993,140.494263,6093200.00
2024-07-11,149.580002,150.580002,148.639999,149.699997,140.748123,6350400.00
2024-07-12,150.000000,150.880005,149.240005,149.880005,140.917389,5336400.00
2024-07-15,150.080002,150.250000,148.869995,149.240005,140.315628,6711400.00
2024-07-16,149.690002,151.080002,149.160004,151.009995,141.979797,6469600.00
2024-07-17,151.550003,157.490005,151.419998,156.580002,147.216721,13801400.00
2024-07-18,155.600006,157.070007,154.619995,155.419998,146.126068,10166200.00
2024-07-19,156.509995,156.509995,154.119995,154.690002,145.439743,7398000.00
2024-07-22,154.770004,155.110001,153.589996,154.240005,145.016647,6840600.00
2024-07-23,153.309998,153.500000,151.570007,152.350006,143.239655,6261900.00
2024-07-24,152.759995,156.410004,152.330002,156.279999,146.934631,7168200.00
2024-07-25,156.479996,160.580002,156.000000,159.639999,150.093735,10019600.00
2024-07-26,159.750000,161.580002,159.470001,160.639999,151.033905,8356900.00
2024-07-29,159.970001,160.000000,158.050003,158.559998,149.078293,5625000.00
2024-07-30,158.539993,161.550003,158.360001,161.330002,151.682678,6545700.00
2024-07-31,159.850006,160.350006,157.740005,157.850006,148.410797,8293200.00
2024-08-01,158.479996,160.809998,157.710007,160.759995,151.146744,7213400.00
2024-08-02,161.899994,164.850006,161.000000,164.139999,154.324631,11280400.00
2024-08-05,163.789993,165.779999,160.580002,161.250000,151.607452,12032200.00
2024-08-06,161.050003,161.479996,158.940002,158.970001,149.463791,7607100.00
2024-08-07,158.869995,160.619995,158.190002,158.899994,149.397964,5993000.00
2024-08-08,158.570007,160.699997,158.029999,160.220001,150.639038,5094800.00
2024-08-09,160.119995,160.929993,159.339996,160.619995,151.015137,4579200.00
2024-08-12,160.970001,161.699997,158.710007,159.880005,150.319397,7605400.00
2024-08-13,160.270004,160.369995,156.440002,158.389999,148.918472,9711400.00
2024-08-14,157.830002,159.550003,157.399994,158.479996,149.003098,5141200.00
2024-08-15,158.369995,159.500000,157.839996,159.089996,149.576645,7237800.00
2024-08-16,159.139999,159.940002,158.179993,159.389999,149.858688,5012800.00
2024-08-19,159.460007,160.289993,159.130005,159.630005,150.084335,4408400.00
2024-08-20,160.000000,160.929993,159.669998,160.160004,150.582657,7275100.00
2024-08-21,160.399994,161.479996,160.309998,161.429993,151.776688,5019400.00
2024-08-22,162.000000,162.490005,160.789993,162.350006,152.641693,6552100.00
2024-08-23,162.500000,164.220001,161.699997,164.130005,154.315262,7093400.00
2024-08-26,164.169998,165.710007,163.539993,164.610001,154.766541,6870600.00
2024-08-27,163.500000,164.039993,162.160004,162.949997,154.368637,4388700.00
2024-08-28,163.000000,165.000000,162.710007,163.919998,155.287582,5187000.00
2024-08-29,164.630005,164.720001,163.360001,164.229996,155.581268,7390100.00
2024-08-30,164.119995,165.979996,163.809998,165.860001,157.125412,7971000.00
2024-09-03,165.240005,167.809998,164.770004,167.160004,158.356964,6956500.00
2024-09-04,167.809998,168.850006,166.039993,167.360001,158.546417,6939100.00
2024-09-05,167.199997,167.369995,164.830002,164.990005,156.301239,4600400.00
2024-09-06,165.179993,165.940002,164.119995,164.380005,155.723343,6016900.00
2024-09-09,164.839996,167.410004,164.470001,166.610001,157.835907,7538200.00
2024-09-10,167.500000,168.460007,166.750000,167.380005,158.565369,6559600.00
2024-09-11,166.789993,166.789993,164.089996,164.820007,156.140198,5920200.00
2024-09-12,164.199997,165.100006,162.710007,164.639999,155.969635,4540900.00
2024-09-13,164.740005,165.750000,163.820007,165.520004,156.803299,3693400.00
2024-09-16,166.360001,167.250000,165.779999,166.990005,158.195923,5187800.00
2024-09-17,166.240005,167.720001,165.929993,167.070007,158.271713,5066500.00
2024-09-18,166.630005,168.350006,165.740005,166.149994,157.400131,4722800.00
2024-09-19,166.229996,166.369995,164.419998,164.820007,156.140198,4956100.00
2024-09-20,164.300003,164.869995,163.550003,164.160004,155.514938,11839000.00
2024-09-23,164.399994,164.500000,162.720001,163.220001,154.624435,4671600.00
2024-09-24,162.789993,163.490005,161.550003,162.779999,154.207596,6041600.00
2024-09-25,163.000000,163.320007,160.360001,160.600006,152.142410,5420000.00
2024-09-26,160.240005,161.539993,160.020004,161.389999,152.890823,6122000.00
2024-09-27,162.000000,163.429993,161.339996,161.399994,152.900269,7553800.00
2024-09-30,161.570007,162.179993,160.679993,162.059998,153.525528,6010000.00
2024-10-01,162.429993,162.750000,161.179993,161.990005,153.459229,4408000.00
2024-10-02,161.509995,162.119995,160.649994,161.169998,152.682404,4684400.00
2024-10-03,160.779999,161.440002,160.220001,160.500000,152.047684,4791200.00
2024-10-04,159.630005,160.500000,158.779999,160.289993,151.848709,5331100.00
2024-10-07,160.250000,160.860001,159.220001,159.529999,151.128754,4266000.00
2024-10-08,159.490005,160.250000,158.949997,159.690002,151.280334,4766300.00
2024-10-09,159.919998,161.220001,159.509995,160.649994,152.189774,6047200.00
2024-10-10,161.360001,161.389999,160.000000,160.509995,152.057159,4793900.00
2024-10-11,162.179993,162.660004,161.199997,161.460007,152.957123,5253500.00
2024-10-14,161.399994,162.139999,160.899994,161.600006,153.089767,5964000.00
2024-10-15,160.000000,166.750000,159.000000,164.100006,155.458084,10548000.00
2024-10-16,164.000000,164.990005,162.639999,164.279999,155.628632,5982100.00
2024-10-17,164.259995,165.000000,163.630005,164.470001,155.808609,4798000.00
2024-10-18,164.889999,165.289993,163.929993,165.119995,156.424393,5908000.00
2024-10-21,165.100006,165.250000,162.309998,162.830002,154.254974,6082700.00
2024-10-22,162.320007,163.729996,161.899994,163.449997,154.842316,5680300.00
2024-10-23,162.820007,166.000000,162.419998,165.860001,157.125412,7441600.00
2024-10-24,165.000000,165.509995,163.339996,163.669998,155.050735,5386300.00
2024-10-25,163.679993,163.919998,160.610001,160.880005,152.407654,6400400.00
2024-10-28,161.130005,161.970001,161.000000,161.600006,153.089767,4842500.00
2024-10-29,161.460007,162.169998,160.059998,160.089996,151.659256,5216900.00
2024-10-30,159.449997,161.279999,159.029999,160.610001,152.151901,5820500.00
2024-10-31,159.990005,160.869995,159.460007,159.860001,151.441391,8613900.00
2024-11-01,160.580002,161.059998,159.880005,160.130005,151.697144,5256400.00
2024-11-04,159.699997,160.279999,158.070007,158.240005,149.906708,4644000.00
2024-11-05,157.669998,158.589996,156.350006,158.350006,150.010910,6547100.00
2024-11-06,159.899994,160.850006,157.350006,157.880005,149.565674,8926600.00
2024-11-07,158.470001,158.750000,156.509995,156.729996,148.476227,7522800.00
2024-11-08,157.000000,157.080002,155.410004,155.470001,147.282562,8926100.00
2024-11-11,155.619995,157.580002,154.910004,155.039993,146.875214,7146800.00
2024-11-12,154.529999,155.039993,152.369995,152.639999,144.601608,7181400.00
2024-11-13,152.500000,153.509995,151.419998,153.240005,145.170013,7161900.00
2024-11-14,153.179993,153.589996,150.759995,151.869995,143.872162,7716400.00
2024-11-15,150.899994,154.429993,150.899994,154.000000,145.889984,11328500.00
2024-11-18,152.589996,155.330002,152.330002,154.770004,146.619446,7510600.00
2024-11-19,153.949997,153.990005,152.050003,153.000000,144.942642,8233700.00
2024-11-20,153.029999,153.250000,151.809998,153.110001,145.046844,9061300.00
2024-11-21,153.619995,156.059998,152.809998,155.500000,147.311005,10141100.00
2024-11-22,155.899994,157.119995,154.110001,155.169998,146.998352,8266000.00
2024-11-25,155.169998,157.039993,155.139999,155.779999,147.576248,12256200.00
2024-11-26,155.160004,155.250000,153.160004,154.520004,147.557144,5683500.00
2024-11-27,154.630005,156.630005,154.600006,155.399994,148.397476,4140400.00
2024-11-29,154.889999,155.669998,154.169998,155.009995,148.025070,5687800.00
2024-12-02,154.750000,155.000000,153.929993,154.800003,147.824524,6946500.00
2024-12-03,154.800003,154.800003,152.309998,152.360001,145.494492,8674400.00
2024-12-04,151.289993,151.559998,149.750000,150.470001,143.689667,10333100.00
2024-12-05,150.000000,150.380005,148.949997,149.520004,142.782471,7898100.00
2024-12-06,149.389999,150.050003,148.380005,149.309998,142.581909,8389600.00
2024-12-09,149.289993,150.889999,148.440002,149.600006,142.858856,8410300.00
2024-12-10,149.929993,150.830002,148.330002,149.229996,142.505539,9398700.00
2024-12-11,148.500000,148.500000,146.369995,146.639999,140.032227,13446700.00
2024-12-12,147.199997,147.770004,146.009995,146.240005,139.650269,6176300.00
2024-12-13,145.660004,146.929993,145.039993,146.619995,140.013138,8324900.00
2024-12-16,146.729996,147.250000,143.520004,143.850006,137.367966,8732400.00
2024-12-17,143.839996,146.660004,143.710007,146.410004,139.812592,10343000.00
2024-12-18,145.679993,146.740005,144.669998,144.750000,138.227402,9336100.00
2024-12-19,144.139999,145.220001,143.369995,143.580002,137.110123,9516700.00
2024-12-20,143.050003,145.470001,142.750000,144.470001,137.959991,17702800.00
2024-12-23,144.630005,145.330002,143.449997,145.270004,138.723969,8720800.00
2024-12-24,145.000000,145.850006,144.330002,145.850006,139.277832,3164100.00
2024-12-26,145.509995,146.369995,145.089996,145.580002,139.019974,4656300.00
2024-12-27,144.869995,146.600006,144.679993,145.050003,138.513870,5588300.00
2024-12-30,144.839996,144.880005,142.949997,143.339996,136.880920,6268700.00
2024-12-31,143.759995,144.669998,143.309998,144.619995,138.103226,5811400.00
2025-01-02,145.229996,145.770004,143.779999,144.020004,137.530289,6051300.00
2025-01-03,144.070007,144.570007,143.619995,144.190002,137.692642,5878800.00
2025-01-06,143.509995,144.820007,142.929993,143.660004,137.186523,7910500.00
2025-01-07,143.759995,147.179993,143.589996,146.229996,139.640701,8422000.00
2025-01-08,145.490005,145.589996,141.440002,142.270004,135.859146,11175600.00
2025-01-10,141.000000,143.669998,140.679993,142.059998,135.658600,8821500.00
2025-01-13,142.979996,145.070007,142.309998,144.470001,137.959991,10376400.00
2025-01-14,144.500000,144.809998,142.860001,144.750000,138.227402,8681700.00
2025-01-15,145.309998,146.050003,144.259995,144.970001,138.437485,7434600.00
2025-01-16,144.320007,148.070007,144.059998,147.770004,141.111328,8964000.00
2025-01-17,147.440002,148.380005,146.610001,147.029999,140.404648,10773100.00
2025-01-21,147.559998,148.860001,147.050003,148.149994,141.474182,11111700.00
2025-01-22,144.000000,145.470001,142.110001,145.270004,138.723969,16834700.00
2025-01-23,145.440002,147.910004,144.809998,146.639999,140.032227,10506400.00
2025-01-24,146.809998,147.630005,146.380005,146.820007,140.204117,9887300.00
2025-01-27,148.449997,153.449997,148.000000,152.889999,146.000595,15152300.00
2025-01-28,152.660004,152.970001,150.300003,150.380005,143.603714,10320600.00
2025-01-29,150.500000,151.880005,150.000000,151.149994,144.338989,7156400.00
2025-01-30,151.910004,154.139999,151.360001,152.869995,145.981476,8911000.00
2025-01-31,152.619995,153.179993,152.059998,152.149994,145.293930,8457800.00
2025-02-03,152.000000,152.470001,150.779999,151.869995,145.026566,6687500.00
2025-02-04,151.360001,154.179993,150.949997,153.490005,146.573578,9645000.00
2025-02-05,153.820007,154.729996,153.309998,154.690002,147.719498,8947000.00
2025-02-06,154.789993,154.839996,153.380005,153.509995,146.592667,7418100.00
2025-02-07,153.529999,154.490005,152.800003,153.119995,146.220230,6204900.00
2025-02-10,153.610001,154.369995,152.289993,154.240005,147.289764,6936200.00
2025-02-11,154.110001,156.389999,153.940002,156.130005,149.094589,7554500.00
2025-02-12,155.270004,155.660004,154.270004,155.259995,148.263794,7746000.00
2025-02-13,155.259995,158.130005,154.789993,157.250000,150.164124,10704700.00
2025-02-14,157.289993,157.470001,156.059998,156.149994,149.113693,6411800.00
2025-02-18,154.139999,155.449997,153.240005,154.990005,149.190704,9670700.00
2025-02-19,155.000000,158.300003,154.750000,157.889999,151.982178,7974700.00
2025-02-20,156.949997,159.949997,156.949997,159.679993,153.705231,7224000.00
2025-02-21,159.880005,163.509995,159.279999,162.300003,156.227173,12546900.00
2025-02-24,162.679993,164.869995,162.050003,163.740005,157.613297,10201900.00
2025-02-25,164.100006,166.429993,163.940002,166.089996,159.875366,12303700.00
2025-02-26,165.080002,165.130005,162.559998,163.080002,156.977997,11396400.00
2025-02-27,162.309998,163.949997,161.729996,163.729996,157.603668,8364600.00
2025-02-28,164.309998,165.940002,162.699997,165.020004,158.845428,12037200.00
2025-03-03,164.960007,167.330002,164.839996,167.279999,161.020828,9191500.00
2025-03-04,168.080002,169.990005,165.320007,165.419998,159.230438,11999700.00
2025-03-05,164.509995,166.460007,163.529999,165.119995,158.941681,8744800.00
2025-03-06,165.000000,165.869995,163.509995,165.830002,159.625107,8037900.00
2025-03-07,165.130005,168.460007,164.699997,166.690002,160.452927,9637600.00
2025-03-10,167.479996,169.899994,167.050003,167.699997,161.425125,17559000.00
2025-03-11,167.199997,167.300003,165.050003,165.860001,159.653976,9890300.00
2025-03-12,163.729996,164.210007,162.229996,162.850006,156.756638,8010700.00
2025-03-13,163.429993,164.539993,162.660004,162.990005,156.891357,5286700.00
2025-03-14,162.119995,163.149994,161.100006,162.809998,156.718094,6235800.00
2025-03-17,162.410004,163.500000,161.729996,162.839996,156.746964,6669800.00
2025-03-18,163.440002,164.860001,162.970001,164.250000,158.104218,7348800.00
2025-03-19,163.970001,164.360001,162.210007,162.990005,156.891357,5936400.00
2025-03-20,163.000000,163.199997,161.929993,163.020004,156.920258,7485900.00
2025-03-21,163.000000,164.130005,162.479996,163.630005,157.507431,17047100.00
2025-03-24,162.839996,164.389999,162.500000,163.289993,157.180130,8046400.00
2025-03-25,163.520004,164.190002,160.559998,161.020004,154.995102,7456200.00
2025-03-26,161.210007,162.490005,160.639999,161.720001,155.668884,7223500.00
2025-03-27,162.350006,164.070007,161.320007,163.130005,157.026138,6752500.00
2025-03-28,163.589996,164.520004,162.910004,163.710007,157.584442,5760300.00
2025-03-31,164.369995,166.630005,164.229996,165.839996,159.634705,12481400.00
2025-04-01,160.729996,161.809998,153.130005,153.250000,147.515793,23303100.00
2025-04-02,154.009995,155.789993,153.449997,155.360001,149.546860,10356900.00
2025-04-03,158.750000,160.649994,157.479996,159.820007,153.839981,13249300.00
2025-04-04,159.160004,159.820007,152.929993,153.240005,147.506195,16601700.00
2025-04-07,151.279999,152.710007,147.399994,150.619995,144.984222,18083000.00
2025-04-08,153.589996,153.589996,148.000000,150.000000,144.387421,12018400.00
2025-04-09,142.199997,153.190002,141.500000,150.970001,145.321136,18773700.00
2025-04-10,150.369995,151.199997,145.130005,148.690002,143.126419,13830500.00
2025-04-11,149.330002,152.350006,148.190002,151.729996,146.052673,9943900.00
2025-04-14,151.589996,154.669998,151.169998,154.360001,148.584274,10685300.00
2025-04-15,155.699997,156.300003,152.100006,153.619995,147.871964,10847700.00
2025-04-16,155.369995,155.630005,152.240005,153.910004,148.151123,7986900.00
2025-04-17,154.160004,159.440002,154.160004,157.470001,151.577896,10981100.00
2025-04-21,157.960007,158.229996,155.490005,156.919998,151.048492,6285400.00
2025-04-22,157.550003,158.720001,156.259995,157.750000,151.847427,7136300.00
2025-04-23,156.490005,157.100006,154.330002,155.380005,149.566101,9099400.00
2025-04-24,155.800003,155.899994,153.440002,154.929993,149.132950,8310400.00
2025-04-25,154.320007,154.899994,152.449997,154.580002,148.796051,8643600.00
2025-04-28,155.500000,155.809998,153.820007,155.350006,149.537262,5815200.00
2025-04-29,155.449997,157.020004,154.289993,155.910004,150.076279,5246700.00
2025-04-30,158.199997,158.199997,155.020004,156.309998,150.461304,9598200.00
2025-05-01,155.000000,155.089996,153.360001,154.460007,148.680542,7325800.00
2025-05-02,156.070007,156.720001,155.039993,156.119995,150.278412,5974500.00
2025-05-05,156.669998,156.789993,154.729996,155.000000,149.200348,5464100.00
2025-05-06,154.820007,155.899994,153.690002,154.470001,148.690170,8644200.00
2025-05-07,154.740005,157.940002,154.500000,157.300003,151.414291,7853100.00
2025-05-08,155.820007,157.029999,154.779999,155.660004,149.835617,7606100.00
2025-05-09,155.419998,156.059998,153.809998,154.220001,148.449509,6520400.00
2025-05-12,152.020004,155.360001,151.179993,154.139999,148.372513,9023800.00
2025-05-13,151.699997,151.699997,148.080002,148.440002,142.885773,10549600.00
2025-05-14,148.669998,148.820007,146.119995,146.360001,140.883606,10216000.00
2025-05-15,148.000000,149.649994,147.330002,149.610001,144.011993,7945800.00
2025-05-16,149.669998,151.500000,149.220001,151.330002,145.667679,8051200.00
2025-05-19,151.889999,152.660004,151.050003,152.490005,146.784256,12639900.00
2025-05-20,152.330002,154.039993,152.119995,153.660004,147.910461,7351500.00
2025-05-21,153.190002,154.429993,153.000000,153.179993,147.448425,7032200.00
2025-05-22,152.649994,153.320007,151.369995,152.610001,146.899750,7535300.00
2025-05-23,153.000000,153.479996,152.210007,152.940002,147.217407,6727300.00
2025-05-27,152.520004,154.039993,151.929993,153.250000,148.780441,6990700.00
2025-05-28,153.279999,153.639999,151.929993,152.429993,147.984360,8459300.00
2025-05-29,151.750000,154.039993,151.559998,153.580002,149.100815,6810600.00
2025-05-30,153.899994,155.710007,153.220001,155.210007,150.683273,15529700.00
2025-06-02,154.479996,155.539993,152.300003,155.399994,150.867752,6669300.00
2025-06-03,154.800003,155.660004,154.080002,154.419998,149.916321,8209800.00
2025-06-04,154.929993,154.929993,153.130005,153.220001,148.751328,6983900.00
2025-06-05,153.679993,154.089996,152.639999,153.660004,149.178482,5295400.00
2025-06-06,154.000000,156.029999,154.000000,155.029999,150.508530,5391500.00
2025-06-09,154.850006,155.990005,154.449997,155.229996,150.702698,5319000.00
2025-06-10,155.429993,157.440002,155.020004,156.449997,151.887131,6791600.00
2025-06-11,156.300003,156.600006,154.729996,155.259995,150.731827,6016000.00
2025-06-12,156.240005,156.679993,155.169998,156.660004,152.090988,7075500.00
2025-06-13,155.970001,157.669998,155.970001,157.100006,152.518173,6587500.00
2025-06-16,156.419998,156.500000,154.449997,155.220001,150.692993,7024000.00
2025-06-17,154.970001,155.279999,152.100006,152.380005,147.935837,6407100.00
2025-06-18,152.570007,152.649994,150.710007,150.729996,146.333939,8325200.00
2025-06-20,151.259995,151.399994,149.039993,149.789993,145.421356,22605500.00
2025-06-23,149.740005,151.429993,149.740005,151.320007,146.906738,7397900.00
2025-06-24,151.500000,152.720001,150.979996,152.190002,147.751373,9544200.00
2025-06-25,151.380005,153.070007,150.729996,152.279999,147.838745,7153700.00
2025-06-26,152.699997,153.220001,151.529999,152.009995,147.576599,7156900.00
2025-06-27,152.009995,153.330002,151.009995,152.410004,147.964966,10010800.00
2025-06-30,152.160004,152.970001,151.520004,152.750000,148.295029,9039300.00
2025-07-01,153.000000,157.750000,152.809998,155.919998,151.372574,10896700.00
2025-07-02,156.000000,156.300003,155.070007,155.559998,151.023071,5544000.00
2025-07-03,155.429993,156.279999,154.880005,156.009995,151.459946,3482500.00
2025-07-07,156.020004,156.350006,154.889999,155.270004,150.741531,6270900.00
2025-07-08,154.479996,156.759995,154.210007,155.789993,151.246353,6438200.00
2025-07-09,155.789993,156.690002,155.070007,156.279999,151.722076,6147400.00
2025-07-10,156.100006,159.240005,155.820007,157.690002,153.090958,6732900.00
2025-07-11,157.089996,157.179993,155.179993,156.899994,152.323990,7872000.00
2025-07-14,156.869995,157.470001,155.520004,156.820007,152.246323,10185600.00
2025-07-15,156.360001,157.190002,154.800003,155.169998,150.644440,6873200.00
2025-07-16,160.300003,166.119995,159.800003,164.779999,159.974182,22134800.00
2025-07-17,163.179993,164.699997,162.300003,162.979996,158.226669,11295700.00
2025-07-18,163.929993,165.100006,163.360001,163.699997,158.925659,9792600.00
2025-07-21,163.770004,164.919998,162.779999,164.360001,159.566422,8254000.00
2025-07-22,165.000000,168.059998,164.710007,167.929993,163.032303,9288000.00
2025-07-23,168.600006,169.119995,166.589996,169.100006,164.168182,10617600.00
2025-07-24,169.500000,169.990005,168.880005,169.559998,164.614761,6636900.00
2025-07-25,169.750000,169.880005,167.440002,168.300003,163.391510,6254900.00
2025-07-28,167.860001,167.940002,165.050003,166.220001,161.372177,8014600.00
2025-07-29,166.669998,168.779999,166.369995,168.110001,163.207062,7663400.00
2025-07-30,167.699997,168.610001,166.779999,167.259995,162.381836,6189200.00
2025-07-31,165.929993,167.070007,164.229996,164.740005,159.935349,11036200.00
2025-08-01,165.479996,167.619995,164.789993,167.330002,162.449799,8927800.00
2025-08-04,167.029999,171.190002,166.639999,171.039993,166.051575,12679100.00
2025-08-05,170.539993,171.559998,169.649994,170.740005,165.760376,7934400.00
2025-08-06,169.910004,172.179993,169.679993,170.589996,165.614731,8957200.00
2025-08-07,171.169998,171.619995,169.919998,171.529999,166.527313,9315900.00
2025-08-08,171.020004,173.960007,170.389999,173.330002,168.274826,7686800.00
2025-08-11,173.399994,174.600006,173.050003,173.820007,168.750519,7256800.00
2025-08-12,174.000000,174.759995,171.809998,172.779999,167.740845,7916700.00
2025-08-13,173.000000,174.539993,172.699997,174.419998,169.333023,5878700.00
2025-08-14,174.309998,175.720001,172.720001,174.720001,169.624268,8241700.00
2025-08-15,175.570007,177.270004,174.960007,176.639999,171.488281,9477600.00
2025-08-18,176.500000,177.570007,176.100006,176.250000,171.109650,9284000.00
2025-08-19,176.039993,178.179993,175.979996,177.800003,172.614456,9274200.00
2025-08-20,178.500000,180.610001,178.000000,178.839996,173.624100,9030000.00
2025-08-21,178.550003,180.080002,178.160004,178.929993,173.711502,8859600.00
2025-08-22,180.039993,181.160004,177.470001,179.289993,174.060974,9524000.00
2025-08-25,179.520004,180.259995,178.289993,178.410004,173.206650,6229100.00
2025-08-26,176.750000,177.160004,175.770004,176.490005,172.600342,9145000.00
2025-08-27,176.970001,177.690002,176.160004,176.789993,172.893707,5951100.00
2025-08-28,176.369995,176.490005,174.630005,175.449997,171.583237,6424700.00
2025-08-29,175.970001,177.410004,175.449997,177.169998,173.265335,6942300.00
2025-09-02,177.470001,179.199997,176.889999,178.059998,174.135712,9049000.00
2025-09-03,177.669998,178.289993,176.529999,178.000000,174.077042,7111700.00
2025-09-04,178.000000,178.899994,177.550003,178.759995,174.820297,7854800.00
2025-09-05,178.000000,179.509995,176.559998,178.429993,174.497559,9733800.00
2025-09-08,177.360001,179.449997,176.699997,178.130005,174.204178,8382500.00
2025-09-09,178.000000,178.089996,176.449997,176.960007,173.059967,6005700.00
2025-09-10,176.300003,176.610001,174.330002,175.789993,171.915741,6891600.00
2025-09-11,175.750000,178.850006,175.630005,178.500000,174.566025,5792500.00
2025-09-12,177.710007,178.800003,176.720001,178.059998,174.135712,7220200.00
2025-09-15,177.759995,178.990005,176.929993,177.399994,173.490250,4768100.00
2025-09-16,177.570007,177.619995,175.649994,176.460007,172.570999,7959300.00
2025-09-17,176.710007,178.509995,176.589996,177.199997,173.294678,6714900.00
2025-09-18,176.600006,177.020004,173.869995,174.160004,170.321686,8200900.00
2025-09-19,174.690002,177.160004,173.330002,176.190002,172.306946,25621000.00
2025-09-22,176.089996,176.639999,174.119995,174.210007,170.370575,7193900.00
2025-09-23,174.889999,176.970001,174.830002,176.580002,172.688324,8350400.00
2025-09-24,176.139999,176.949997,175.740005,176.690002,172.795898,6676800.00
2025-09-25,177.199997,178.399994,175.910004,177.729996,173.812988,8475000.00
2025-09-26,178.600006,179.910004,177.320007,179.710007,175.749359,8634400.00
2025-09-29,179.830002,181.869995,179.800003,181.619995,177.617264,8597100.00
2025-09-30,181.699997,185.990005,181.070007,185.419998,181.333511,11569000.00
2025-10-01,186.000000,186.559998,183.910004,186.050003,181.949631,13063800.00
2025-10-02,184.190002,186.589996,184.089996,185.979996,181.881180,7728100.00
2025-10-03,187.059998,189.779999,186.910004,188.639999,184.482544,8675100.00
2025-10-06,188.000000,189.919998,187.369995,188.160004,184.013138,5806100.00
2025-10-07,183.770004,189.229996,182.940002,188.889999,184.727036,8776800.00
2025-10-08,188.869995,190.220001,188.270004,189.690002,185.509399,5751200.00
2025-10-09,190.000000,192.100006,189.729996,191.080002,186.868774,7484800.00
2025-10-10,192.009995,192.070007,189.850006,190.720001,186.516708,9598000.00
2025-10-13,189.830002,191.300003,189.279999,190.899994,186.692749,7979500.00
2025-10-14,192.919998,194.399994,185.880005,190.850006,186.643845,13613300.00
2025-10-15,191.479996,193.570007,189.300003,191.169998,186.956787,9473000.00
2025-10-16,191.339996,193.050003,190.429993,192.119995,187.885849,10611800.00
2025-10-17,192.500000,193.600006,191.679993,193.220001,188.961624,7764400.00
2025-10-20,193.500000,194.479996,192.330002,193.720001,189.450577,8034700.00
2025-10-21,193.009995,193.550003,191.770004,191.880005,187.651138,6716000.00
2025-10-22,192.000000,193.449997,191.779999,192.940002,188.687790,6343100.00
2025-10-23,192.559998,194.000000,191.539993,192.470001,188.228149,8882500.00
2025-10-24,192.199997,192.309998,189.419998,190.399994,186.203751,6903400.00
2025-10-27,189.990005,190.800003,189.529999,190.300003,186.105972,7126000.00
2025-10-28,189.259995,189.509995,186.619995,186.929993,182.810226,8329500.00
2025-10-29,186.699997,187.100006,184.660004,186.600006,182.487534,10551100.00
2025-10-30,187.080002,189.380005,186.910004,189.050003,184.883530,7072500.00
2025-10-31,187.460007,189.500000,186.759995,188.869995,184.707474,8791700.00
2025-11-03,189.000000,189.029999,185.520004,186.259995,182.154999,7542600.00
2025-11-04,186.830002,187.820007,185.619995,186.860001,182.741791,7209400.00
2025-11-05,186.639999,187.830002,185.399994,186.000000,181.900742,5049400.00
2025-11-06,186.759995,187.520004,185.369995,186.970001,182.849350,6767400.00
2025-11-07,187.740005,188.350006,185.699997,186.570007,182.458176,6959200.00
2025-11-10,186.000000,188.419998,185.119995,188.410004,184.257629,5323800.00
2025-11-11,189.389999,193.919998,189.050003,193.830002,189.558182,7465600.00
2025-11-12,193.360001,195.550003,193.070007,194.389999,190.105820,8803000.00
2025-11-13,194.210007,196.000000,193.449997,195.250000,190.946869,8631600.00
2025-11-14,195.000000,197.179993,193.550003,195.929993,191.611893,8824800.00
2025-11-17,196.960007,200.279999,195.899994,199.580002,195.181458,13257000.00
2025-11-18,199.009995,200.300003,198.529999,200.000000,195.592194,12468600.00
2025-11-19,200.000000,203.479996,199.380005,202.509995,198.046860,14690800.00
2025-11-20,202.000000,204.509995,201.570007,203.070007,198.594513,10612600.00
2025-11-21,203.960007,206.940002,202.990005,203.899994,199.406235,13189100.00
2025-11-24,203.710007,206.119995,203.000000,206.050003,201.508850,14803900.00
2025-11-25,205.179993,207.720001,205.179993,206.669998,203.398468,10275300.00
2025-11-26,206.490005,207.809998,205.940002,207.559998,204.274368,6729000.00
2025-11-28,207.000000,207.460007,204.630005,206.919998,203.644501,5638300.00
2025-12-01,206.500000,207.699997,205.339996,205.339996,202.089493,8473700.00
2025-12-02,205.240005,205.610001,203.100006,205.419998,202.168259,8393600.00
2025-12-03,205.899994,207.020004,204.990005,205.330002,202.079666,8363300.00
2025-12-04,204.589996,204.860001,201.710007,202.479996,199.274780,9049900.00
2025-12-05,202.979996,203.449997,200.809998,201.929993,198.733475,7785300.00
2025-12-08,202.660004,203.259995,200.990005,201.619995,198.428391,7785700.00
2025-12-09,202.919998,205.539993,199.910004,199.960007,196.794678,7509400.00
2025-12-10,200.589996,206.800003,200.179993,206.539993,203.270508,11599800.00
2025-12-11,207.899994,211.240005,207.830002,210.009995,206.685577,9009000.00
2025-12-12,210.279999,212.270004,208.960007,211.580002,208.230743,6922700.00
2025-12-15,210.350006,215.190002,209.009995,214.169998,210.779724,8467000.00
2025-12-16,214.000000,214.729996,208.809998,209.300003,205.986816,9949800.00
2025-12-17,209.389999,211.520004,208.460007,210.330002,207.000519,8457600.00
2025-12-18,209.800003,211.059998,207.759995,208.309998,205.012497,7499900.00
2025-12-19,207.559998,209.240005,206.029999,206.369995,203.103210,24803900.00
2025-12-22,206.130005,208.080002,205.500000,207.320007,204.038177,8187800.00
2025-12-23,205.020004,206.529999,203.279999,205.779999,202.522537,7047300.00
2025-12-24,206.000000,207.940002,205.570007,207.779999,204.490891,2376500.00
2025-12-26,207.529999,208.039993,206.710007,207.630005,204.343277,2316700.00
2025-12-29,208.000000,209.470001,207.380005,207.559998,204.274368,4348900.00
2025-12-30,207.509995,207.690002,206.520004,206.910004,203.634659,3937400.00
2025-12-31,206.910004,207.500000,206.369995,206.949997,203.674026,4083800.00
2026-01-02,206.820007,207.389999,203.679993,207.350006,204.067703,6325500.00
2026-01-05,205.869995,205.940002,200.910004,204.309998,201.075806,9477000.00
2026-01-06,204.600006,206.710007,204.119995,204.789993,201.548203,8107900.00
2026-01-07,205.259995,208.259995,205.029999,207.490005,204.205475,7545900.00
2026-01-08,206.929993,208.979996,204.970001,205.750000,202.493011,6557800.00
2026-01-09,205.910004,206.699997,204.009995,204.389999,201.154556,6154300.00
2026-01-12,205.550003,209.899994,203.850006,209.720001,206.400192,11794300.00
2026-01-13,209.910004,214.389999,208.860001,213.649994,210.267975,11379600.00
2026-01-14,214.729996,218.860001,214.149994,218.550003,215.090393,11858800.00
2026-01-15,218.229996,219.750000,215.910004,219.570007,216.094269,8492100.00
2026-01-16,219.039993,220.110001,218.139999,218.660004,215.198654,10021500.00
2026-01-20,217.089996,218.729996,214.500000,218.210007,214.755783,14057100.00
2026-01-21,211.000000,218.679993,210.500000,218.009995,214.558945,14762900.00
2026-01-22,218.770004,222.169998,218.100006,218.490005,215.031342,13160000.00
2026-01-23,219.800003,221.210007,217.839996,220.139999,216.655212,6950600.00
2026-01-26,220.210007,222.029999,220.000000,221.490005,217.983871,6856700.00
2026-01-27,222.000000,225.500000,220.699997,224.440002,220.887146,8154100.00
2026-01-28,226.399994,228.570007,226.080002,227.720001,224.115250,9026500.00
2026-01-29,228.809998,230.000000,227.080002,227.289993,223.692047,9645300.00
2026-01-30,228.259995,228.500000,225.330002,227.250000,223.652664,11045500.00
2026-02-02,228.320007,231.190002,227.250000,230.750000,227.097290,8187500.00
2026-02-03,231.500000,235.199997,230.479996,233.100006,229.410080,9346600.00
2026-02-04,235.000000,235.830002,232.940002,234.470001,230.758392,8641400.00
2026-02-05,235.000000,239.580002,234.990005,237.789993,234.025818,10267500.00
2026-02-06,238.960007,240.940002,237.979996,239.990005,236.191010,8274000.00
2026-02-09,240.250000,240.740005,237.039993,238.639999,234.862366,9378500.00
2026-02-10,239.979996,240.500000,237.880005,238.350006,234.576981,6723300.00
2026-02-11,239.339996,241.259995,237.399994,240.860001,237.047241,6803900.00
2026-02-12,240.479996,246.350006,239.679993,244.550003,240.678833,10254300.00
2026-02-13,244.589996,244.949997,242.610001,243.449997,239.596237,13268500.00
2026-02-17,244.130005,244.490005,241.869995,243.330002,239.478134,12703000.00
2026-02-18,243.240005,245.070007,242.820007,244.990005,241.111877,8129700.00
2026-02-19,244.619995,246.960007,244.270004,246.910004,243.001465,7553900.00
2026-02-20,246.470001,246.880005,240.279999,242.490005,238.651443,13565800.00
2026-02-23,243.630005,246.809998,242.600006,245.839996,241.948395,9622700.00
2026-02-24,245.350006,247.250000,244.539993,246.279999,243.669952,7246300.00
2026-02-25,244.860001,247.250000,243.720001,245.169998,242.571716,7698200.00
2026-02-26,245.110001,245.470001,242.020004,243.470001,240.889740,7172600.00
2026-02-27,244.029999,248.940002,242.500000,248.429993,245.797180,16428600.00
2026-03-02,249.190002,251.710007,246.869995,248.559998,245.925797,9042400.00
2026-03-03,246.460007,247.880005,244.360001,246.750000,244.134979,6178700.00
2026-03-04,245.750000,246.570007,243.179993,245.300003,242.700348,5768000.00
2026-03-05,242.630005,243.000000,235.929993,239.630005,237.090439,9375400.00
2026-03-06,238.119995,240.789993,235.429993,240.399994,237.852264,7179800.00
2026-03-09,240.869995,244.089996,240.039993,242.589996,240.019073,7844000.00
2026-03-10,242.300003,245.000000,240.820007,243.710007,241.127213,7214100.00
2026-03-11,242.869995,243.690002,241.360001,242.990005,240.414825,6933200.00
2026-03-12,241.460007,244.399994,240.300003,242.039993,239.474899,7710200.00
2026-03-13,244.210007,245.589996,241.500000,241.520004,238.960419,6415300.00
2026-03-16,243.919998,245.059998,241.669998,243.190002,240.612717,7571500.00
2026-03-17,243.580002,244.139999,237.220001,238.110001,235.586548,7281800.00
2026-03-18,237.869995,239.110001,235.419998,237.279999,234.765350,6811500.00
2026-03-19,238.339996,239.259995,236.309998,237.600006,235.081955,7511500.00
2026-03-20,236.830002,238.289993,234.500000,235.369995,232.875580,17156600.00
2026-03-23,237.399994,238.309998,234.250000,235.419998,232.925049,7313700.00
2026-03-24,234.139999,236.000000,232.240005,235.270004,232.776642,9046200.00
2026-03-25,236.800003,241.460007,235.729996,239.929993,237.387253,6456400.00
2026-03-26,240.000000,241.649994,238.929993,239.240005,236.704590,5171400.00
2026-03-27,241.190002,242.679993,239.130005,240.449997,237.901749,7617600.00
2026-03-30,243.490005,244.210007,240.509995,242.490005,239.920135,7241300.00
2026-03-31,243.009995,245.330002,242.649994,244.440002,241.849472,7554200.00
2026-04-01,245.600006,247.199997,243.740005,244.119995,241.532852,6314600.00
2026-04-02,245.110001,247.210007,241.869995,243.039993,240.464294,6878700.00
2026-04-06,242.649994,243.520004,240.500000,240.970001,238.416245,4442400.00
2026-04-07,240.779999,240.779999,236.009995,238.410004,235.883377,6241100.00
2026-04-08,236.639999,241.330002,233.899994,241.300003,238.742752,8771100.00
2026-04-09,241.300003,244.199997,240.539993,241.309998,238.752640,6216500.00
2026-04-10,242.000000,242.259995,237.910004,238.460007,235.932846,7354500.00
2026-04-13,237.710007,238.389999,235.179993,237.960007,235.438141,7663600.00
2026-04-14,235.009995,242.190002,233.250000,240.100006,237.555466,10318700.00
2026-04-15,239.940002,240.419998,236.750000,238.669998,236.140610,6463500.00
2026-04-16,237.419998,238.139999,232.119995,234.539993,232.054367,8668900.00
2026-04-17,234.360001,235.539993,232.039993,234.179993,231.698196,8946300.00
2026-04-20,234.809998,235.259995,229.529999,230.690002,228.245193,7810500.00
2026-04-21,229.350006,229.690002,224.699997,226.160004,223.763199,11681200.00
2026-04-22,226.179993,227.479996,223.779999,226.100006,223.703842,9003400.00
2026-04-23,227.250000,231.389999,227.029999,230.649994,228.205597,7097600.00
2026-04-24,229.029999,229.990005,227.020004,227.500000,225.089005,6067500.00
2026-04-27,225.770004,227.910004,224.350006,225.339996,222.951874,7897800.00
2026-04-28,227.729996,231.029999,226.369995,227.789993,225.375916,7179800.00
2026-04-29,225.520004,228.710007,224.860001,227.350006,224.940598,7071100.00
2026-04-30,227.949997,231.160004,227.809998,229.850006,227.414093,8157200.00
2026-05-01,229.059998,229.770004,227.020004,227.190002,224.782272,6863600.00
2026-05-04,225.509995,227.070007,223.580002,224.199997,221.823959,8215200.00
2026-05-05,225.389999,226.529999,224.899994,225.550003,223.159668,5556700.00
2026-05-06,225.250000,226.339996,222.949997,224.619995,222.239517,7982300.00
2026-05-07,224.779999,224.779999,220.630005,222.509995,220.151855,7269700.00
2026-05-08,222.940002,223.369995,220.919998,221.320007,218.974487,5550600.00
2026-05-11,221.320007,223.279999,220.369995,221.429993,219.083313,6223200.00
2026-05-12,223.000000,227.649994,221.649994,224.259995,221.883331,8632500.00
2026-05-13,225.820007,230.800003,225.440002,230.419998,227.978043,7464500.00
2026-05-14,231.000000,231.759995,229.160004,230.800003,228.354019,6974400.00
2026-05-15,230.770004,232.139999,226.440002,226.710007,224.307373,12167000.00
2026-05-18,226.710007,229.699997,225.860001,228.919998,226.493942,10141600.00
2026-05-19,228.940002,230.850006,228.039993,230.000000,227.562485,9677900.00
2026-05-20,231.690002,232.000000,229.169998,229.320007,226.889709,7353800.00
2026-05-21,229.320007,231.889999,227.350006,231.729996,229.274155,5239000.00
2026-05-22,233.000000,235.500000,232.720001,234.339996,231.856506,5462300.00
2026-05-26,233.000000,233.240005,229.080002,230.179993,229.050339,6619600.00
2026-05-27,229.979996,232.889999,229.020004,231.289993,230.154892,5835500.00
2026-05-28,230.029999,231.869995,229.729996,230.800003,229.667297,7193400.00
2026-05-29,231.229996,231.500000,224.589996,225.330002,224.224136,13897700.00
2026-06-01,223.199997,224.440002,220.839996,223.509995,222.413071,8041000.00
2026-06-02,222.580002,225.500000,221.169998,222.889999,221.796112,5669000.00
2026-06-03,222.449997,224.929993,222.000000,223.240005,222.144409,6507200.00
2026-06-04,227.089996,228.669998,225.899994,228.169998,227.050201,7274800.00
2026-06-05,230.000000,235.220001,229.000000,232.770004,231.627640,8034900.00
2026-06-08,232.770004,234.949997,230.559998,232.160004,231.020630,7559800.00
2026-06-09,232.380005,237.710007,230.410004,237.000000,235.836868,8354500.00
2026-06-10,238.850006,240.929993,237.050003,238.490005,237.319565,8350800.00
2026-06-11,240.000000,241.600006,238.139999,238.330002,237.160339,7399000.00
2026-06-12,240.000000,240.910004,237.520004,240.869995,239.687866,6459400.00
2026-06-15,239.000000,239.500000,233.580002,235.660004,234.503448,7732000.00
2026-06-16,236.369995,236.369995,231.020004,235.179993,234.025787,7718100.00
2026-06-17,234.029999,235.429993,230.699997,234.199997,233.050613,8548000.00
2026-06-18,231.779999,232.750000,227.600006,228.389999,227.269119,18989800.00
2026-06-22,228.949997,231.449997,227.500000,231.289993,230.154892,8518300.00
2026-06-23,235.639999,239.800003,234.350006,239.080002,237.906662,11802000.00
2026-06-24,239.889999,243.039993,238.750000,241.000000,239.817230,8139200.00
2026-06-25,241.270004,248.190002,240.889999,244.880005,243.678207,10130400.00
2026-06-26,248.270004,255.110001,247.869995,254.660004,253.410202,16316800.00
2026-06-29,253.190002,258.579987,252.029999,258.510010,257.241302,8608400.00
2026-06-30,259.000000,259.899994,253.169998,253.970001,252.723587,8469500.00
2026-07-01,253.250000,254.199997,251.080002,253.979996,252.733536,6516500.00
2026-07-02,255.779999,263.100006,254.000000,263.040009,261.749084,7998700.00
2026-07-06,260.230011,261.380005,255.929993,259.329987,258.057251,6803700.00
2026-07-07,264.890015,269.429993,264.049988,267.239990,265.928436,9089700.00
2026-07-08,268.600006,268.600006,263.130005,263.399994,262.107300,6769400.00
2026-07-09,260.630005,263.450012,258.130005,259.100006,257.828400,6426100.00
2026-07-10,260.190002,261.299988,255.520004,256.980011,255.718826,6534700.00
2026-07-13,257.950012,259.529999,256.149994,257.769989,256.504913,5272200.00
2026-07-14,255.529999,256.390015,252.139999,253.850006,252.604187,8770600.00
2026-07-15,250.089996,256.829987,246.050003,247.020004,245.807693,10547300.00
2026-07-16,248.899994,253.550003,246.300003,249.970001,248.743210,11097600.00
2026-07-17,252.589996,255.660004,251.949997,253.039993,251.798141,10167700.00
2026-07-20,252.009995,254.179993,248.630005,248.820007,247.598862,8114700.00
2026-07-21,247.449997,251.339996,245.490005,250.610001,249.380081,7793100.00
2026-07-22,252.759995,256.290009,251.210007,255.630005,254.375443,9100200.00
2026-07-23,255.240005,260.200012,254.419998,259.269989,257.997559,8063300.00
2026-07-24,261.429993,263.709991,259.609985,263.399994,262.107300,6351800.00
2026-07-27,262.549988,268.799988,261.350006,265.950012,264.644806,9647900.00
2026-07-28,270.000000,274.899994,266.179993,266.730011,265.420959,10491000.00
2026-07-29,268.500000,269.339996,264.790009,265.529999,264.226837,6105600.00
2026-07-30,259.029999,260.519989,254.559998,255.820007,254.564514,8216500.00
2026-07-31,256.010010,258.480011,253.289993,256.350006,255.091904,6782100.00
2026-08-03,254.970001,257.750000,250.910004,254.410004,253.161423,8136300.00
2026-08-04,254.410004,255.520004,250.440002,254.929993,253.678864,7362400.00
2026-08-05,255.250000,259.320007,254.470001,257.589996,256.325806,6472600.00
2026-08-06,261.709991,262.109985,255.279999,256.980011,255.718826,6931800.00
2026-08-07,255.889999,259.600006,255.119995,259.239990,257.967712,6532100.00
2026-08-10,259.059998,262.000000,258.549988,261.809998,260.525116,8985100.00
2026-08-11,261.230011,264.149994,258.359985,259.799988,258.524963,5945900.00
2026-08-12,256.000000,261.410004,255.259995,260.859985,259.579742,4629300.00
2026-08-13,261.730011,262.619995,259.649994,262.079987,260.793762,4852700.00
2026-08-14,260.649994,261.709991,259.160004,260.350006,259.072266,4998100.00
2026-08-17,258.869995,264.279999,258.010010,262.369995,261.082367,5515500.00
2026-08-18,267.670013,271.730011,266.329987,271.109985,269.779449,7838200.00
2026-08-19,273.000000,276.470001,270.559998,273.410004,272.068176,7728500.00
2026-08-20,273.399994,273.399994,267.369995,267.369995,266.057831,6475900.00
2026-08-21,267.829987,272.660004,267.000000,270.239990,268.913727,6186800.00
2026-08-24,269.739990,273.980011,268.570007,273.040009,271.700012,5436100.00
2026-08-25,271.000000,273.799988,270.179993,273.140015,273.140015,4687000.00
2026-08-26,271.970001,272.910004,269.549988,270.000000,270.000000,7214100.00
2026-08-27,268.450012,268.450012,263.829987,265.769989,265.769989,7306200.00
2026-08-28,265.779999,268.380005,264.269989,268.040009,268.040009,5765600.00
2026-08-31,267.130005,267.769989,265.170013,265.850006,265.850006,7900100.00
2026-09-01,270.829987,271.910004,267.019989,271.190002,271.190002,6033600.00
2026-09-02,274.739990,281.070007,273.529999,275.209991,275.209991,7910600.00
2026-09-03,277.320007,278.890015,273.160004,278.429993,278.429993,5940300.00
2026-09-04,275.130005,277.799988,274.750000,275.230011,275.230011,4320100.00
2026-09-08,271.279999,271.989990,266.880005,269.119995,269.119995,8084700.00
2026-09-09,268.510010,270.100006,266.730011,267.079987,267.079987,6124600.00
2026-09-10,270.209991,271.269989,265.720001,266.350006,266.350006,4929500.00
2026-09-11,268.029999,270.399994,265.250000,265.579987,265.579987,4701200.00
2026-09-14,271.000000,271.549988,266.190002,266.320007,266.320007,4740800.00
2026-09-15,265.809998,267.200012,260.679993,267.200012,267.200012,5283500.00
2026-09-16,266.809998,268.649994,266.299988,267.279999,267.279999,4887300.00
2026-09-17,268.000000,270.869995,267.109985,270.220001,270.220001,6568800.00
2026-09-18,269.450012,272.109985,267.200012,269.989990,269.989990,16428400.00
2026-09-21,271.739990,273.730011,268.500000,269.470001,269.470001,4485300.00
2026-09-22,267.510010,270.100006,265.040009,269.190002,269.190002,5680700.00
2026-09-23,269.470001,272.140015,266.500000,269.170013,269.170013,6632700.00
2026-09-24,269.519989,275.230011,269.010010,270.679993,270.679993,6320600.00
2026-09-25,271.700012,272.250000,269.260010,271.220001,271.220001,4085700.00
2026-09-28,270.170013,273.779999,269.269989,271.950012,271.950012,7185600.00
2026-09-29,269.109985,271.890015,265.589996,267.570007,267.570007,5620500.00
2026-09-30,267.910004,268.480011,264.510010,264.739990,264.739990,6341000.00
2026-10-01,263.679993,263.980011,258.329987,258.660004,258.660004,8289000.00
2026-10-02,259.380005,259.380005,255.119995,256.029999,256.029999,10940400.00
