date,open,high,low,close,adjclose,volume
2009-01-02,31.190001,31.639999,30.469999,31.350000,20.480757,32494900.00
2009-01-05,30.730000,30.770000,29.080000,29.250000,19.108831,44069400.00
2009-01-06,29.790001,30.420000,29.510000,29.879999,19.520403,44216300.00
2009-01-07,29.150000,29.400000,28.000000,28.090000,18.351009,42156500.00
2009-01-08,27.900000,27.950001,26.860001,27.219999,17.782640,52075800.00
2009-01-09,27.549999,27.549999,25.809999,25.969999,16.966028,42597500.00
2009-01-12,25.920000,26.150000,24.500000,24.910000,16.273535,59360000.00
2009-01-13,25.209999,26.590000,24.270000,26.350000,17.214285,73422800.00
2009-01-14,25.590000,26.280001,24.760000,25.910000,16.926836,73907300.00
2009-01-15,26.540001,27.049999,23.760000,24.340000,15.901158,136759300.00
2009-01-16,24.830000,25.000000,20.530001,22.820000,14.908154,156843400.00
2009-01-20,21.000000,21.270000,17.700001,18.090000,11.818076,142090400.00
2009-01-21,19.290001,22.840000,18.879999,22.629999,14.784027,136421400.00
2009-01-22,22.360001,23.830000,21.209999,23.100000,15.091073,110240800.00
2009-01-23,21.920000,24.580000,21.809999,24.280001,15.861967,74369200.00
2009-01-26,25.000000,25.750000,23.740000,24.500000,16.005688,74278400.00
2009-01-27,25.120001,25.170000,24.059999,25.059999,16.371531,50766500.00
2009-01-28,27.190001,27.770000,26.340000,27.660000,18.070089,91373900.00
2009-01-29,26.740000,27.180000,25.250000,25.430000,16.613245,58624200.00
2009-01-30,25.809999,26.980000,24.600000,25.510000,16.665512,74937200.00
2009-02-02,25.000000,25.680000,24.350000,25.200001,16.462997,51532900.00
2009-02-03,25.030001,25.450001,23.700001,24.049999,15.711706,66166300.00
2009-02-04,24.250000,25.500000,23.740000,24.040001,15.705173,55330300.00
2009-02-05,23.740000,25.320000,22.490000,24.540001,16.031822,79815500.00
2009-02-06,25.510000,27.799999,25.299999,27.629999,18.050491,76845200.00
2009-02-09,26.650000,27.969999,26.299999,27.280001,17.821840,54360000.00
2009-02-10,26.860001,27.610001,24.299999,24.620001,16.084078,91948700.00
2009-02-11,25.250000,26.620001,25.139999,26.090000,17.044420,64712000.00
2009-02-12,25.350000,26.219999,24.170000,26.190001,17.109755,80536400.00
2009-02-13,25.250000,25.889999,24.660000,24.690001,16.129810,58580600.00
2009-02-17,22.799999,23.200001,21.650000,21.650000,14.143797,91424800.00
2009-02-18,22.180000,22.299999,21.000000,21.510000,14.052339,82868300.00
2009-02-19,22.070000,22.299999,20.540001,20.600000,13.457846,66502700.00
2009-02-20,19.709999,21.000000,18.750000,19.900000,13.000532,135941600.00
2009-02-23,20.900000,21.559999,19.480000,19.510000,12.745755,101615400.00
2009-02-24,20.129999,21.100000,18.959999,21.020000,13.732223,186379900.00
2009-02-25,20.830000,23.219999,20.120001,21.730000,14.196058,135790100.00
2009-02-26,23.320000,24.180000,22.799999,23.049999,15.058410,125043400.00
2009-02-27,21.629999,23.600000,21.549999,22.850000,14.927752,109872500.00
2009-03-02,21.700001,22.430000,21.070000,21.160000,13.823689,94984900.00
2009-03-03,21.680000,21.900000,20.600000,21.010000,13.725697,85590100.00
2009-03-04,21.740000,21.740000,18.799999,19.299999,12.608562,145009700.00
2009-03-05,18.500000,19.000000,16.040001,16.600000,10.844668,153808900.00
2009-03-06,17.190001,17.670000,14.960000,15.930000,10.406961,155154800.00
2009-03-09,15.370000,17.290001,15.020000,15.900000,10.387366,132882900.00
2009-03-10,17.350000,19.500000,17.129999,19.500000,12.739221,149090800.00
2009-03-11,20.350000,20.910000,19.120001,20.400000,13.327190,155421000.00
2009-03-12,20.150000,23.330000,20.000000,23.200001,15.156402,151894700.00
2009-03-13,23.590000,24.330000,22.910000,23.750000,15.515713,120464600.00
2009-03-16,24.309999,25.270000,22.959999,23.090000,15.084542,125001900.00
2009-03-17,23.299999,25.219999,22.270000,25.139999,16.423794,99884700.00
2009-03-18,24.820000,27.330000,24.180000,27.110001,17.710777,142105800.00
2009-03-19,27.250000,27.410000,24.590000,24.950001,16.299677,124920200.00
2009-03-20,24.660000,24.780001,23.150000,23.150000,15.123746,108922700.00
2009-03-23,25.299999,29.170000,25.129999,28.860001,18.854042,146776000.00
2009-03-24,28.049999,29.299999,26.200001,26.400000,17.246943,133143000.00
2009-03-25,27.190001,28.709999,25.930000,28.559999,18.658052,149452500.00
2009-03-26,29.049999,29.600000,27.650000,29.100000,19.010838,133663400.00
2009-03-27,28.270000,29.200001,27.280001,27.400000,17.900232,108610200.00
2009-03-30,25.670000,26.370001,24.780001,24.850000,16.234339,104860500.00
2009-03-31,25.730000,27.100000,24.850000,26.580000,17.364536,84307400.00
2009-04-01,25.290001,28.280001,25.290001,28.139999,18.383678,106016900.00
2009-04-02,29.580000,29.670000,27.410000,28.160000,18.429485,131840800.00
2009-04-03,27.980000,29.280001,27.500000,29.280001,19.162472,80949500.00
2009-04-06,28.270000,28.900000,27.680000,28.200001,18.455666,72188000.00
2009-04-07,27.280001,28.049999,27.010000,27.250000,17.833927,73652600.00
2009-04-08,27.450001,27.830000,26.510000,27.430000,17.951725,66538300.00
2009-04-09,30.440001,33.090000,30.200001,32.750000,21.433434,147913000.00
2009-04-13,32.009998,34.150002,31.809999,33.700001,22.055174,110196200.00
2009-04-14,33.040001,33.250000,30.650000,30.700001,20.091805,109541400.00
2009-04-15,30.620001,32.970001,30.270000,32.560001,21.309101,108069400.00
2009-04-16,34.009998,34.009998,32.360001,33.240002,21.754126,132956000.00
2009-04-17,33.349998,33.980000,32.529999,33.259998,21.767216,104962100.00
2009-04-20,31.780001,32.419998,29.639999,29.690001,19.430809,109372200.00
2009-04-21,29.070000,32.910000,28.870001,32.529999,21.289454,115629300.00
2009-04-22,31.639999,34.139999,31.320000,31.900000,20.877155,124080300.00
2009-04-23,32.230000,33.750000,31.660000,33.209999,21.734486,89366500.00
2009-04-24,33.660000,34.500000,32.250000,33.380001,21.845747,117098100.00
2009-04-27,32.529999,33.770000,32.400002,32.779999,21.453068,67832500.00
2009-04-28,32.349998,33.720001,32.279999,32.790001,21.459620,65809900.00
2009-04-29,33.439999,34.560001,33.250000,34.480000,22.565653,84731300.00
2009-04-30,35.009998,35.209999,32.750000,33.000000,21.597050,94556900.00
2009-05-01,32.849998,33.770000,32.060001,32.490002,21.263279,68254100.00
2009-05-04,33.060001,35.980000,32.900002,35.790001,23.422979,100918400.00
2009-05-05,35.450001,35.950001,34.459999,34.820000,22.788160,63488200.00
2009-05-06,35.820000,37.349998,35.560001,37.220001,24.358856,102644800.00
2009-05-07,38.500000,38.720001,34.730000,35.240002,23.063038,113228400.00
2009-05-08,36.799999,38.939999,36.200001,38.939999,25.484520,110026400.00
2009-05-11,37.349998,38.180000,35.830002,35.830002,23.449165,86808000.00
2009-05-12,36.240002,36.259998,34.060001,35.360001,23.141567,94148900.00
2009-05-13,34.700001,35.270000,33.680000,34.049999,22.284229,82160700.00
2009-05-14,34.119999,35.619999,33.820000,35.540001,23.259369,68764300.00
2009-05-15,35.450001,35.680000,34.400002,34.910000,22.847065,68301000.00
2009-05-18,35.709999,37.349998,35.200001,37.259998,24.385042,71730900.00
2009-05-19,37.299999,37.680000,35.770000,35.810001,23.436073,59860600.00
2009-05-20,36.610001,36.759998,34.259998,34.549999,22.611452,77073900.00
2009-05-21,34.189999,35.360001,33.669998,34.900002,22.840523,65068100.00
2009-05-22,35.259998,35.299999,34.410000,34.410000,22.519836,39227200.00
2009-05-26,34.119999,36.560001,34.119999,36.540001,23.913836,65462400.00
2009-05-27,36.500000,36.720001,34.660000,34.660000,22.683456,76374100.00
2009-05-28,35.139999,36.669998,34.599998,36.650002,23.985821,66107300.00
2009-05-29,36.349998,37.070000,35.680000,36.900002,24.149441,61932300.00
2009-06-01,37.400002,37.730000,35.770000,36.110001,23.632416,90184500.00
2009-06-02,35.070000,35.520000,34.450001,34.500000,22.578737,159381700.00
2009-06-03,34.400002,34.970001,33.650002,33.980000,22.238422,72136300.00
2009-06-04,34.400002,35.439999,34.230000,35.349998,23.135029,70954200.00
2009-06-05,35.720001,35.759998,34.500000,34.549999,22.611452,61583800.00
2009-06-08,34.549999,35.730000,34.549999,35.389999,23.161200,61615100.00
2009-06-09,35.720001,35.779999,35.090000,35.259998,23.076124,58992300.00
2009-06-10,35.570000,35.669998,34.369999,34.840000,22.801254,60176100.00
2009-06-11,35.070000,35.869999,34.540001,34.939999,22.866701,66560900.00
2009-06-12,34.860001,35.439999,34.799999,35.130001,22.991051,41157300.00
2009-06-15,34.880001,35.040001,33.930000,34.000000,22.251511,55388500.00
2009-06-16,34.270000,34.389999,33.380001,33.500000,21.924278,56344000.00
2009-06-17,33.430000,33.520000,32.180000,32.730000,21.420351,65456600.00
2009-06-18,32.849998,34.310001,32.840000,34.169998,22.362768,63861500.00
2009-06-19,34.650002,35.119999,33.790001,35.000000,22.905966,77009100.00
2009-06-22,34.689999,35.000000,32.860001,32.869999,21.511972,70388300.00
2009-06-23,33.110001,34.090000,32.930000,33.570000,21.970089,59046500.00
2009-06-24,33.779999,33.930000,33.070000,33.459999,21.898113,50429500.00
2009-06-25,33.480000,34.180000,32.810001,34.139999,22.343136,57205700.00
2009-06-26,33.880001,34.740002,33.480000,34.450001,22.546015,46722500.00
2009-06-29,34.549999,34.700001,34.040001,34.599998,22.644184,34914800.00
2009-06-30,34.599998,34.790001,33.869999,34.110001,22.323505,39470600.00
2009-07-01,34.270000,34.570000,33.650002,33.770000,22.133423,36463700.00
2009-07-02,33.360001,33.770000,32.270000,32.270000,21.150297,38352200.00
2009-07-06,32.029999,32.599998,31.590000,32.599998,21.366590,60664000.00
2009-07-07,32.630001,33.400002,32.130001,32.810001,21.504234,56704900.00
2009-07-08,32.930000,33.490002,31.790001,32.709999,21.438686,71784600.00
2009-07-09,32.889999,33.750000,32.869999,33.619999,22.035112,41655600.00
2009-07-10,33.310001,33.669998,32.209999,32.340000,21.196184,51037400.00
2009-07-13,32.869999,34.709999,32.430000,34.709999,22.749519,70454200.00
2009-07-14,34.529999,35.090000,34.060001,34.700001,22.742973,52924000.00
2009-07-15,35.110001,36.770000,35.009998,36.259998,23.765411,84050100.00
2009-07-16,35.500000,36.410000,35.220001,36.130001,23.680208,71465100.00
2009-07-17,36.419998,37.200001,36.180000,36.889999,24.178326,61742300.00
2009-07-20,37.020000,37.439999,36.590000,36.980000,24.237314,43554400.00
2009-07-21,37.200001,37.310001,36.599998,36.939999,24.211092,43509400.00
2009-07-22,36.400002,37.330002,36.209999,36.830002,24.139000,40137700.00
2009-07-23,36.950001,38.470001,36.570000,38.150002,25.004156,56528800.00
2009-07-24,38.049999,38.250000,37.400002,37.919998,24.853407,35328600.00
2009-07-27,37.970001,39.470001,37.570000,38.130001,24.991055,30479300.00
2009-07-28,37.740002,38.200001,37.650002,38.080002,24.958282,29035900.00
2009-07-29,37.790001,38.240002,37.439999,37.770000,24.755091,29931400.00
2009-07-30,38.130001,39.279999,37.900002,38.470001,25.213892,38531000.00
2009-07-31,38.380001,38.650002,37.930000,38.650002,25.331861,39085700.00
2009-08-03,39.119999,39.750000,38.990002,39.599998,25.954510,42957800.00
2009-08-04,39.270000,40.500000,39.169998,40.209999,26.354305,43363800.00
2009-08-05,40.340000,42.200001,40.259998,41.779999,27.383327,63334100.00
2009-08-06,42.279999,42.459999,40.220001,40.750000,26.708233,54175600.00
2009-08-07,41.279999,43.130001,41.180000,42.360001,27.763454,65696000.00
2009-08-10,42.029999,43.220001,42.009998,42.689999,27.979738,43700600.00
2009-08-11,42.279999,42.509998,40.939999,41.240002,27.029392,50698800.00
2009-08-12,41.189999,42.450001,41.029999,42.209999,27.665133,43077100.00
2009-08-13,42.730000,43.000000,41.810001,42.900002,28.117386,40385300.00
2009-08-14,42.630001,42.849998,41.799999,42.450001,27.822451,38413900.00
2009-08-17,41.209999,41.580002,40.709999,40.730000,26.695126,39162800.00
2009-08-18,41.099998,41.880001,41.060001,41.700001,27.330894,29053600.00
2009-08-19,41.150002,41.900002,41.000000,41.410000,27.140818,29394100.00
2009-08-20,41.529999,42.630001,41.480000,42.419998,27.802784,29634300.00
2009-08-21,42.860001,43.810001,42.529999,43.660000,28.615496,42863600.00
2009-08-24,43.860001,44.240002,42.950001,43.009998,28.189472,40385200.00
2009-08-25,43.389999,44.139999,43.299999,43.580002,28.563070,34835700.00
2009-08-26,43.389999,43.779999,42.919998,43.299999,28.379543,31908400.00
2009-08-27,43.049999,43.630001,42.540001,43.450001,28.477869,28975700.00
2009-08-28,43.810001,43.860001,42.509998,42.919998,28.130484,27263600.00
2009-08-31,42.439999,43.599998,42.060001,43.459999,28.484413,32251100.00
2009-09-01,43.080002,43.820000,41.560001,41.669998,27.311220,51475400.00
2009-09-02,41.509998,42.110001,40.750000,40.860001,26.780336,35898500.00
2009-09-03,41.230000,42.250000,41.110001,42.110001,27.599611,35019600.00
2009-09-04,42.330002,42.490002,41.790001,42.340000,27.750353,21880200.00
2009-09-08,42.790001,43.040001,41.849998,42.540001,27.881430,28089300.00
2009-09-09,42.599998,43.070000,42.389999,42.860001,28.091167,29031600.00
2009-09-10,42.730000,43.150002,42.200001,43.020000,28.196032,25112100.00
2009-09-11,43.130001,43.389999,42.480000,42.500000,27.855221,27289900.00
2009-09-14,42.080002,43.849998,42.009998,43.750000,28.674494,28945000.00
2009-09-15,43.610001,44.200001,42.549999,43.189999,28.307447,49985400.00
2009-09-16,43.349998,44.680000,43.209999,44.650002,29.264370,38721900.00
2009-09-17,44.290001,45.110001,44.200001,44.959999,29.467541,35705700.00
2009-09-18,45.240002,45.340000,44.700001,44.950001,29.460991,39492000.00
2009-09-21,44.540001,44.799999,44.220001,44.549999,29.198822,24070000.00
2009-09-22,44.810001,46.490002,44.480000,46.470001,30.457222,41148100.00
2009-09-23,46.400002,46.500000,44.980000,45.060001,29.533091,34427200.00
2009-09-24,45.209999,45.799999,44.259998,44.369999,29.080851,42231400.00
2009-09-25,44.150002,44.279999,43.340000,43.650002,28.608946,31056100.00
2009-09-28,43.970001,44.830002,43.689999,44.810001,29.369221,25826100.00
2009-09-29,44.889999,45.200001,44.430000,44.880001,29.415115,23930600.00
2009-09-30,44.799999,44.889999,43.430000,43.820000,28.720367,40904000.00
2009-10-01,43.400002,43.560001,41.360001,41.369999,27.114595,50562700.00
2009-10-02,40.820000,42.400002,40.529999,41.860001,27.468954,43061100.00
2009-10-05,42.480000,43.930000,42.349998,43.799999,28.741991,34430200.00
2009-10-06,44.360001,45.000000,44.070000,44.910000,29.470388,41695700.00
2009-10-07,44.599998,45.820000,44.459999,45.700001,29.988800,36148700.00
2009-10-08,46.040001,46.439999,45.049999,45.299999,29.726311,36627700.00
2009-10-09,45.459999,45.939999,45.080002,45.849998,30.087229,26034200.00
2009-10-12,46.369999,46.419998,45.349998,46.080002,30.238167,24220600.00
2009-10-13,45.650002,46.029999,44.529999,45.660000,29.962555,45701900.00
2009-10-14,47.189999,47.470001,46.630001,47.160000,30.946861,70368700.00
2009-10-15,46.360001,47.320000,46.360001,47.160000,30.946861,36096800.00
2009-10-16,46.700001,46.880001,46.000000,46.060001,30.225035,37459000.00
2009-10-19,46.419998,46.430000,45.450001,45.980000,30.172527,30415400.00
2009-10-20,45.810001,46.590000,45.770000,46.029999,30.205343,30614800.00
2009-10-21,46.020000,46.419998,44.650002,44.650002,29.299778,32991600.00
2009-10-22,44.919998,45.869999,44.830002,45.709999,29.995369,32388900.00
2009-10-23,45.700001,46.200001,44.959999,45.230000,29.680378,27638200.00
2009-10-26,45.119999,45.209999,43.549999,43.820000,28.755131,42085500.00
2009-10-27,43.990002,44.660000,43.669998,43.900002,28.807621,38075200.00
2009-10-28,43.730000,43.810001,42.500000,42.680000,28.007053,45679500.00
2009-10-29,43.220001,44.400002,42.759998,44.349998,29.102911,35898600.00
2009-10-30,43.950001,43.970001,41.730000,41.770000,27.409899,58853300.00
2009-11-02,42.180000,42.849998,41.520000,42.580002,27.941423,44598100.00
2009-11-03,42.090000,42.959999,41.980000,42.700001,28.020174,29387800.00
2009-11-04,43.209999,43.689999,42.119999,42.209999,27.698616,42548800.00
2009-11-05,42.599998,43.930000,42.400002,43.869999,28.787933,32893300.00
2009-11-06,43.139999,43.689999,42.910000,43.480000,28.532017,27140000.00
2009-11-09,43.930000,44.389999,43.299999,44.349998,29.102911,38845500.00
2009-11-10,44.139999,44.320000,43.549999,44.169998,28.984802,30980200.00
2009-11-11,44.340000,44.990002,43.779999,44.320000,29.083227,32669300.00
2009-11-12,44.080002,44.650002,43.000000,43.299999,28.413898,34649600.00
2009-11-13,43.160000,43.290001,42.360001,42.900002,28.151407,36650700.00
2009-11-16,43.250000,43.610001,42.759998,43.040001,28.243277,43516700.00
2009-11-17,42.919998,43.189999,42.540001,43.160000,28.322027,25859700.00
2009-11-18,43.139999,43.500000,42.939999,43.380001,28.466385,20422300.00
2009-11-19,43.099998,43.180000,42.259998,42.549999,27.921738,26878000.00
2009-11-20,42.470001,42.740002,42.150002,42.459999,27.862686,25328200.00
2009-11-23,42.950001,43.639999,42.700001,43.279999,28.400761,29810700.00
2009-11-24,43.259998,43.279999,42.240002,42.480000,27.875803,31881800.00
2009-11-25,42.669998,42.669998,41.939999,42.160000,27.665806,26123800.00
2009-11-27,40.980000,41.900002,40.750000,41.330002,27.121168,26230100.00
2009-11-30,41.560001,42.650002,41.490002,42.490002,27.882374,38240600.00
2009-12-01,42.610001,42.709999,41.619999,42.220001,27.705187,39211100.00
2009-12-02,42.150002,42.150002,41.470001,41.930000,27.514885,32519700.00
2009-12-03,42.299999,43.090000,41.310001,41.400002,27.167093,53314400.00
2009-12-04,42.250000,42.509998,41.220001,41.740002,27.390203,61485000.00
2009-12-07,41.630001,41.959999,41.060001,41.250000,27.068666,32949600.00
2009-12-08,41.009998,41.400002,40.630001,41.209999,27.042416,41878900.00
2009-12-09,41.250000,41.509998,40.599998,41.189999,27.029299,42492800.00
2009-12-10,41.360001,41.560001,40.660000,41.270000,27.081781,36380900.00
2009-12-11,40.990002,41.250000,40.750000,40.959999,26.878365,46616100.00
2009-12-14,41.009998,41.930000,40.700001,41.770000,27.409899,35340800.00
2009-12-15,41.500000,41.700001,40.619999,40.860001,26.812748,40244400.00
2009-12-16,41.169998,41.700001,40.880001,41.360001,27.140839,43562800.00
2009-12-17,41.060001,41.119999,40.189999,40.270000,26.425570,44272800.00
2009-12-18,40.529999,41.189999,40.040001,40.950001,26.871805,48126800.00
2009-12-21,41.549999,42.240002,41.500000,41.900002,27.495197,35991900.00
2009-12-22,42.000000,42.099998,41.689999,41.939999,27.521452,24754800.00
2009-12-23,41.840000,41.939999,41.450001,41.560001,27.272093,24503600.00
2009-12-24,41.680000,41.889999,41.509998,41.889999,27.488634,7956500.00
2009-12-28,41.849998,42.130001,41.560001,41.720001,27.377069,13039900.00
2009-12-29,41.730000,41.799999,41.459999,41.490002,27.226160,15593000.00
2009-12-30,41.270000,41.619999,41.230000,41.529999,27.252399,15501800.00
2009-12-31,41.619999,42.130001,41.450001,41.669998,27.344269,20143100.00
2010-01-04,41.790001,42.990002,41.669998,42.849998,28.152376,35460500.00
2010-01-05,42.790001,43.840000,42.779999,43.680000,28.697699,41208300.00
2010-01-06,43.450001,44.090000,43.310001,43.919998,28.855362,27729000.00
2010-01-07,43.790001,45.119999,43.610001,44.790001,29.426968,44864700.00
2010-01-08,44.369999,44.700001,44.080002,44.680000,29.354681,33110100.00
2010-01-11,45.119999,45.189999,44.310001,44.529999,29.256147,31878700.00
2010-01-12,43.990002,44.150002,42.939999,43.490002,28.572851,47109600.00
2010-01-13,43.549999,44.529999,42.869999,44.250000,29.072187,39622000.00
2010-01-14,44.200001,44.790001,44.099998,44.689999,29.361258,37938300.00
2010-01-15,44.299999,44.430000,43.340000,43.680000,28.697699,69738500.00
2010-01-19,43.400002,43.750000,42.900002,43.279999,28.434891,41731500.00
2010-01-20,43.009998,43.680000,42.709999,43.400002,28.513735,39934400.00
2010-01-21,43.040001,43.150002,40.320000,40.540001,26.634706,137547700.00
2010-01-22,40.650002,41.200001,38.820000,39.160000,25.728065,106634900.00
2010-01-25,39.759998,39.889999,38.840000,39.209999,25.760908,56572200.00
2010-01-26,39.000000,39.840000,38.279999,38.439999,25.255014,52975300.00
2010-01-27,38.349998,39.490002,38.070000,39.330002,25.839756,66314300.00
2010-01-28,39.680000,40.040001,38.720001,39.480000,25.938290,65047400.00
2010-01-29,39.650002,39.849998,38.799999,38.939999,25.583513,53649000.00
2010-02-01,39.099998,39.930000,38.950001,39.630001,26.036837,37408200.00
2010-02-02,39.799999,40.680000,39.700001,40.549999,26.641287,45968500.00
2010-02-03,40.580002,41.099998,40.169998,40.290001,26.470467,37373300.00
2010-02-04,39.790001,39.919998,38.349998,38.349998,25.195887,57211800.00
2010-02-05,38.639999,38.880001,37.029999,38.299999,25.163034,75224100.00
2010-02-08,38.290001,38.290001,37.320000,37.700001,24.768833,58321000.00
2010-02-09,38.189999,38.700001,37.840000,38.389999,25.222172,45173500.00
2010-02-10,38.639999,39.500000,38.520000,38.869999,25.537531,39331800.00
2010-02-11,38.840000,39.369999,38.360001,39.020000,25.636082,33830600.00
2010-02-12,38.669998,39.180000,38.360001,38.950001,25.590075,38051100.00
2010-02-16,39.330002,40.139999,38.750000,40.070000,26.325922,46425300.00
2010-02-17,40.259998,40.450001,39.759998,40.040001,26.306210,34644100.00
2010-02-18,39.939999,40.509998,39.770000,40.410000,26.549303,31809500.00
2010-02-19,40.110001,40.700001,39.900002,40.029999,26.299648,40290200.00
2010-02-22,40.400002,41.299999,40.250000,40.849998,26.838387,43898900.00
2010-02-23,40.900002,41.250000,39.759998,39.880001,26.201105,52233100.00
2010-02-24,40.049999,40.970001,40.000000,40.849998,26.838387,44645000.00
2010-02-25,40.160000,40.689999,39.700001,40.639999,26.700415,46718100.00
2010-02-26,40.689999,42.310001,40.599998,41.970001,27.574213,67699100.00
2010-03-01,42.029999,42.180000,41.410000,41.830002,27.482241,34606800.00
2010-03-02,41.980000,42.400002,41.360001,41.619999,27.344265,33891600.00
2010-03-03,41.650002,42.060001,41.340000,41.529999,27.285141,27562500.00
2010-03-04,41.910000,42.080002,41.660000,41.919998,27.541370,25450700.00
2010-03-05,42.320000,42.869999,42.189999,42.810001,28.126099,34790800.00
2010-03-08,42.849998,43.029999,42.470001,42.590000,27.981550,28524900.00
2010-03-09,42.389999,42.820000,42.049999,42.419998,27.869869,37107100.00
2010-03-10,42.869999,43.490002,42.810001,42.930000,28.204939,40903700.00
2010-03-11,42.910000,43.200001,42.799999,43.180000,28.369183,30119600.00
2010-03-12,43.340000,43.540001,42.849998,43.150002,28.349482,31367300.00
2010-03-15,42.919998,43.209999,42.599998,43.070000,28.296915,29142000.00
2010-03-16,43.349998,43.380001,42.689999,43.240002,28.408606,28553800.00
2010-03-17,43.310001,44.110001,43.270000,43.790001,28.769968,32918800.00
2010-03-18,43.750000,43.790001,43.150002,43.639999,28.671412,26012000.00
2010-03-19,43.450001,43.889999,43.130001,43.450001,28.546576,37014400.00
2010-03-22,43.070000,43.790001,43.040001,43.740002,28.737104,23257200.00
2010-03-23,43.849998,44.740002,43.779999,44.580002,29.288986,33735700.00
2010-03-24,44.439999,44.970001,44.200001,44.939999,29.525509,35849200.00
2010-03-25,44.980000,46.049999,44.889999,44.939999,29.525509,45019400.00
2010-03-26,45.040001,45.889999,44.790001,45.020000,29.578068,39727000.00
2010-03-29,45.250000,45.380001,44.459999,44.860001,29.472950,30628400.00
2010-03-30,44.900002,45.049999,44.360001,44.580002,29.288986,30296300.00
2010-03-31,44.310001,45.000000,44.250000,44.750000,29.400681,39043000.00
2010-04-01,45.029999,45.310001,44.990002,45.180000,29.716385,23894600.00
2010-04-05,45.279999,45.400002,44.790001,45.340000,29.821617,21342400.00
2010-04-06,45.230000,45.939999,45.150002,45.840000,30.150490,28192100.00
2010-04-07,45.830002,46.049999,45.020000,45.320000,29.808477,28890100.00
2010-04-08,45.160000,45.970001,44.810001,45.759998,30.097878,28869900.00
2010-04-09,45.880001,46.220001,45.450001,45.980000,30.242571,22881200.00
2010-04-12,46.029999,46.470001,45.900002,46.139999,30.347822,24645900.00
2010-04-13,46.040001,46.380001,45.849998,45.869999,30.170225,27988900.00
2010-04-14,47.400002,47.930000,46.779999,47.730000,31.393597,72533100.00
2010-04-15,47.650002,48.200001,47.490002,47.810001,31.446228,45412100.00
2010-04-16,47.669998,47.750000,45.139999,45.549999,29.959738,121203900.00
2010-04-19,45.230000,45.700001,44.590000,45.389999,29.854511,72136600.00
2010-04-20,45.770000,46.150002,45.560001,45.880001,30.176807,39310700.00
2010-04-21,46.040001,46.389999,45.000000,45.349998,29.828199,46320600.00
2010-04-22,44.910000,45.119999,44.029999,44.740002,29.426992,63176900.00
2010-04-23,44.730000,45.070000,44.250000,44.939999,29.558533,32483800.00
2010-04-26,44.779999,44.810001,43.730000,43.889999,28.867920,42889300.00
2010-04-27,43.480000,44.369999,42.299999,42.410000,27.894466,66296100.00
2010-04-28,42.840000,43.709999,42.779999,43.459999,28.585089,48578900.00
2010-04-29,43.889999,44.330002,43.599998,44.000000,28.940260,36520300.00
2010-04-30,44.020000,44.049999,42.230000,42.580002,28.006279,54121100.00
2010-05-03,42.970001,43.730000,42.889999,43.529999,28.631128,31230900.00
2010-05-04,42.970001,43.360001,42.250000,42.470001,27.933933,48982200.00
2010-05-05,42.110001,43.369999,41.619999,42.630001,28.039175,43062100.00
2010-05-06,42.630001,42.779999,39.290001,40.810001,26.842094,78226200.00
2010-05-07,41.029999,41.840000,39.779999,40.759998,26.809202,72976300.00
2010-05-10,42.320000,43.299999,41.419998,41.950001,27.591911,66578300.00
2010-05-11,41.459999,42.549999,41.150002,41.549999,27.328812,50771200.00
2010-05-12,41.740002,41.790001,40.810001,41.689999,27.420895,47700000.00
2010-05-13,41.439999,41.599998,40.779999,40.810001,26.842094,35320800.00
2010-05-14,40.099998,40.099998,39.209999,39.889999,26.236973,60719400.00
2010-05-17,39.930000,40.040001,38.770000,39.840000,26.204090,56506200.00
2010-05-18,40.619999,40.619999,38.549999,39.020000,25.664759,61735000.00
2010-05-19,38.540001,39.660000,38.520000,39.380001,25.901533,64600500.00
2010-05-20,38.549999,39.250000,37.310001,37.830002,24.882038,76564100.00
2010-05-21,37.020000,40.160000,37.020000,40.049999,26.342211,89588800.00
2010-05-24,40.160000,40.250000,38.500000,38.619999,25.401661,49141600.00
2010-05-25,37.669998,39.009998,37.349998,38.939999,25.612125,66813700.00
2010-05-26,39.189999,39.500000,38.470001,38.779999,25.506893,50719600.00
2010-05-27,39.580002,40.490002,39.400002,40.419998,26.585573,44843000.00
2010-05-28,40.330002,40.349998,39.360001,39.580002,26.033079,41252400.00
2010-06-01,39.320000,39.959999,38.500000,38.540001,25.349047,37848600.00
2010-06-02,39.169998,39.619999,38.669998,39.549999,26.013346,39618500.00
2010-06-03,39.860001,39.939999,38.619999,39.099998,25.717371,30950400.00
2010-06-04,38.490002,38.700001,37.500000,37.619999,24.743919,52868900.00
2010-06-07,37.790001,38.130001,36.660000,36.720001,24.151970,44528300.00
2010-06-08,36.860001,37.799999,36.549999,37.779999,24.849165,51017900.00
2010-06-09,38.150002,38.160000,37.009998,37.119999,24.415052,42586000.00
2010-06-10,37.680000,38.369999,37.410000,38.290001,25.184608,44302600.00
2010-06-11,37.790001,38.169998,37.520000,38.090000,25.053064,31147600.00
2010-06-14,37.970001,38.270000,37.230000,37.330002,24.553183,48662200.00
2010-06-15,37.549999,38.279999,37.259998,38.250000,25.158287,45355600.00
2010-06-16,38.020000,38.880001,37.990002,38.520000,25.335878,37217100.00
2010-06-17,38.599998,38.900002,37.919998,38.439999,25.283264,34755100.00
2010-06-18,38.599998,39.270000,38.380001,39.180000,25.769987,37270800.00
2010-06-21,39.549999,39.779999,38.660000,38.869999,25.566082,33665100.00
2010-06-22,38.930000,39.580002,38.220001,38.330002,25.210913,42245700.00
2010-06-23,38.290001,39.110001,38.020000,38.889999,25.579241,45046000.00
2010-06-24,38.549999,38.700001,37.419998,38.029999,25.013594,73843400.00
2010-06-25,38.779999,39.599998,38.279999,39.439999,25.940992,70734200.00
2010-06-28,39.549999,39.639999,38.470001,38.540001,25.349047,39962900.00
2010-06-29,37.910000,37.910000,36.880001,37.060001,24.375587,56694200.00
2010-06-30,37.020000,37.490002,36.509998,36.610001,24.079609,35332500.00
2010-07-01,36.540001,36.689999,35.160000,36.080002,23.763464,56642900.00
2010-07-02,36.310001,36.689999,35.340000,35.830002,23.598810,36796000.00
2010-07-06,36.689999,36.880001,35.860001,36.330002,23.928127,35953600.00
2010-07-07,36.639999,38.240002,36.410000,38.150002,25.126841,44602900.00
2010-07-08,38.779999,38.820000,37.150002,38.160000,25.133417,41498200.00
2010-07-09,37.750000,38.889999,37.680000,38.849998,25.587879,30422300.00
2010-07-12,38.860001,39.340000,38.599998,39.189999,25.811815,24998900.00
2010-07-13,39.810001,40.689999,39.740002,40.480000,26.661451,48564800.00
2010-07-14,40.150002,40.380001,39.840000,40.349998,26.575825,37320600.00
2010-07-15,40.720001,40.840000,39.310001,40.459999,26.648275,81876200.00
2010-07-16,40.279999,40.349998,38.860001,39.000000,25.686672,58507400.00
2010-07-19,39.029999,39.360001,38.119999,39.040001,25.713017,35404900.00
2010-07-20,38.320000,39.639999,38.279999,39.630001,26.101604,43538200.00
2010-07-21,40.250000,40.250000,38.340000,38.419998,25.304670,41115600.00
2010-07-22,38.959999,39.599998,38.730000,39.349998,25.917198,35494400.00
2010-07-23,39.169998,39.959999,38.970001,39.830002,26.233341,28241000.00
2010-07-26,39.799999,40.360001,39.500000,40.330002,26.562649,27209400.00
2010-07-27,40.740002,41.240002,40.610001,40.689999,26.799755,44872200.00
2010-07-28,40.439999,40.900002,40.150002,40.320000,26.556074,23945400.00
2010-07-29,40.709999,40.830002,39.910000,40.209999,26.483625,28994300.00
2010-07-30,39.720001,40.689999,39.720001,40.279999,26.529722,26406500.00
2010-08-02,40.980000,41.700001,40.730000,41.639999,27.425470,35566700.00
2010-08-03,41.500000,41.650002,40.869999,41.080002,27.056635,29967900.00
2010-08-04,41.220001,41.400002,40.860001,41.290001,27.194942,23078100.00
2010-08-05,40.970001,41.430000,40.939999,41.270000,27.181757,19830500.00
2010-08-06,40.740002,40.950001,39.970001,40.439999,26.635113,34906600.00
2010-08-09,40.549999,40.560001,39.660000,39.820000,26.226763,37790900.00
2010-08-10,39.669998,39.730000,39.160000,39.169998,25.798639,34166500.00
2010-08-11,38.650002,38.779999,37.750000,37.770000,24.876554,46201600.00
2010-08-12,37.360001,37.990002,37.220001,37.810001,24.902899,35387300.00
2010-08-13,37.799999,38.040001,37.500000,37.500000,24.698723,24564100.00
2010-08-16,37.320000,37.820000,37.279999,37.689999,24.823866,28334100.00
2010-08-17,37.970001,38.070000,37.400002,37.480000,24.685558,33883800.00
2010-08-18,37.389999,38.189999,37.389999,37.889999,24.955599,27041700.00
2010-08-19,37.660000,37.970001,37.000000,37.070000,24.415525,35384700.00
2010-08-20,37.110001,37.360001,36.810001,37.139999,24.461617,30862000.00
2010-08-23,37.209999,37.410000,36.840000,36.880001,24.290379,29282800.00
2010-08-24,36.590000,36.700001,35.919998,36.209999,23.849091,48709200.00
2010-08-25,35.950001,36.439999,35.669998,36.230000,23.862267,36058000.00
2010-08-26,36.360001,36.619999,35.619999,35.630001,23.467083,31873200.00
2010-08-27,35.869999,36.689999,35.549999,36.599998,24.105961,38448800.00
2010-08-30,36.400002,36.599998,35.830002,35.849998,23.611986,27306500.00
2010-08-31,35.939999,36.639999,35.730000,36.360001,23.947886,34784400.00
2010-09-01,36.740002,37.799999,36.660000,37.740002,24.856794,36770500.00
2010-09-02,37.840000,38.200001,37.490002,38.160000,25.133417,31282900.00
2010-09-03,38.470001,39.169998,38.470001,39.169998,25.798639,34135600.00
2010-09-07,38.730000,38.840000,38.220001,38.279999,25.212465,31885500.00
2010-09-08,38.340000,39.430000,38.340000,39.119999,25.765718,30781000.00
2010-09-09,39.930000,40.320000,39.119999,40.099998,26.411179,33438800.00
2010-09-10,39.919998,40.250000,39.669998,39.759998,26.187241,21928600.00
2010-09-13,40.639999,41.470001,40.639999,41.119999,27.082973,41643200.00
2010-09-14,40.970001,41.230000,40.459999,40.720001,26.819525,42754100.00
2010-09-15,40.509998,41.139999,40.340000,40.980000,26.990767,25399500.00
2010-09-16,40.720001,41.099998,40.549999,40.990002,26.997349,25207500.00
2010-09-17,41.029999,41.080002,39.990002,40.060001,26.384821,45938300.00
2010-09-20,40.240002,41.310001,40.029999,41.189999,27.129078,33337500.00
2010-09-21,41.310001,41.500000,40.470001,40.590000,26.733900,33548900.00
2010-09-22,40.430000,40.840000,39.750000,39.939999,26.305786,34546000.00
2010-09-23,39.630001,39.700001,38.990002,39.099998,25.752544,33471100.00
2010-09-24,39.509998,39.799999,39.299999,39.750000,26.180647,28855100.00
2010-09-27,39.540001,39.669998,39.009998,39.080002,25.739357,25684900.00
2010-09-28,39.360001,39.400002,38.610001,38.950001,25.653744,31442600.00
2010-09-29,38.790001,38.880001,38.060001,38.410000,25.298084,40207000.00
2010-09-30,38.490002,38.950001,37.959999,38.060001,25.067568,54885200.00
2010-10-01,38.340000,39.090000,38.290001,38.810001,25.561535,38973800.00
2010-10-04,38.980000,39.540001,38.709999,38.950001,25.686838,38886100.00
2010-10-05,39.360001,39.820000,39.070000,39.639999,26.141874,42379500.00
2010-10-06,39.560001,40.070000,39.419998,39.900002,26.313345,31559900.00
2010-10-07,40.110001,40.320000,39.200001,39.520000,26.062744,26923900.00
2010-10-08,39.669998,39.779999,39.130001,39.310001,25.924263,28178500.00
2010-10-11,39.520000,39.910000,39.400002,39.730000,26.201241,24601000.00
2010-10-12,39.470001,40.490002,39.470001,40.400002,26.643089,38798100.00
2010-10-13,40.660000,40.720001,39.580002,39.840000,26.273785,69607700.00
2010-10-14,39.250000,39.380001,38.099998,38.720001,25.535162,76504900.00
2010-10-15,38.869999,38.939999,36.540001,37.150002,24.499775,142280400.00
2010-10-18,37.150002,38.259998,37.009998,38.200001,25.192226,55058700.00
2010-10-19,37.900002,38.650002,37.500000,37.689999,24.855896,70595100.00
2010-10-20,38.000000,38.299999,37.459999,38.099998,25.126282,43497200.00
2010-10-21,38.189999,38.400002,36.209999,37.700001,24.862488,38250300.00
2010-10-22,37.500000,37.790001,37.320000,37.700001,24.862488,24876900.00
2010-10-25,37.970001,38.070000,37.000000,37.070000,24.447018,37893500.00
2010-10-26,36.980000,37.259998,36.779999,37.200001,24.532742,39188100.00
2010-10-27,37.060001,37.630001,37.000000,37.540001,24.756968,30777500.00
2010-10-28,37.700001,37.959999,37.330002,37.509998,24.737183,30614600.00
2010-10-29,37.450001,37.740002,37.320000,37.630001,24.816320,19803300.00
2010-11-01,37.610001,38.000000,37.099998,37.419998,24.677828,36941900.00
2010-11-02,37.529999,37.570000,36.830002,36.959999,24.374464,39913100.00
2010-11-03,36.980000,37.830002,36.959999,37.720001,24.875673,35299600.00
2010-11-04,38.139999,39.849998,37.860001,39.799999,26.247395,77569400.00
2010-11-05,39.889999,41.340000,39.779999,40.939999,26.999207,75684800.00
2010-11-08,40.860001,41.200001,40.209999,40.509998,26.715630,32967000.00
2010-11-09,40.430000,40.680000,39.730000,39.900002,26.313345,32800100.00
2010-11-10,39.869999,40.639999,39.590000,40.619999,26.788185,35587900.00
2010-11-11,40.270000,40.439999,39.849998,40.020000,26.392487,25499700.00
2010-11-12,39.860001,40.259998,39.380001,39.610001,26.122097,33504800.00
2010-11-15,39.820000,40.639999,39.709999,40.080002,26.432051,28772500.00
2010-11-16,39.740002,39.970001,39.040001,39.610001,26.122097,46023000.00
2010-11-17,39.580002,39.680000,38.980000,39.180000,25.838518,32027500.00
2010-11-18,39.570000,40.000000,39.360001,39.660000,26.155066,30987600.00
2010-11-19,39.410000,39.639999,39.259998,39.410000,25.990206,26542000.00
2010-11-22,39.060001,39.099998,38.209999,38.509998,25.396671,33249500.00
2010-11-23,38.009998,38.220001,37.599998,37.630001,24.816320,35340400.00
2010-11-24,37.830002,38.240002,37.590000,38.160000,25.165840,24248300.00
2010-11-26,37.709999,37.980000,37.500000,37.500000,24.730583,12819100.00
2010-11-29,37.470001,38.090000,37.110001,37.910000,25.000980,30911400.00
2010-11-30,37.490002,37.790001,37.240002,37.400002,24.664644,33716700.00
2010-12-01,37.950001,38.189999,37.650002,38.150002,25.159254,33157200.00
2010-12-02,38.430000,39.380001,38.330002,39.310001,25.924263,41526000.00
2010-12-03,39.070000,39.669998,38.700001,39.610001,26.122097,30070200.00
2010-12-06,39.480000,40.049999,39.299999,39.900002,26.313345,25364500.00
2010-12-07,40.349998,40.459999,39.240002,39.250000,25.884678,40908200.00
2010-12-08,39.360001,40.330002,39.060001,40.259998,26.550762,38115900.00
2010-12-09,40.669998,41.099998,40.570000,40.810001,26.913473,43001900.00
2010-12-10,40.889999,41.500000,40.770000,41.430000,27.322357,28449000.00
2010-12-13,41.570000,41.990002,41.160000,41.509998,27.375114,35730400.00
2010-12-14,41.439999,41.500000,40.470001,40.790001,26.900278,34010800.00
2010-12-15,40.730000,41.000000,40.060001,40.209999,26.517792,30264000.00
2010-12-16,40.419998,40.680000,39.820000,40.009998,26.385891,37123200.00
2010-12-17,40.060001,40.070000,39.529999,39.669998,26.161665,52004800.00
2010-12-20,39.830002,40.270000,39.689999,39.950001,26.346319,22978200.00
2010-12-21,40.160000,41.240002,39.980000,41.000000,27.038773,30757800.00
2010-12-22,41.169998,42.540001,41.160000,42.160000,27.803772,47280400.00
2010-12-23,42.150002,42.270000,41.820000,42.080002,27.751020,18927900.00
2010-12-27,41.820000,42.680000,41.799999,42.669998,28.140114,17203200.00
2010-12-28,42.700001,43.119999,42.470001,42.610001,28.100555,20386600.00
2010-12-29,42.580002,42.770000,42.299999,42.360001,27.935665,13637400.00
2010-12-30,42.310001,42.470001,42.049999,42.230000,27.849939,12901900.00
2010-12-31,42.110001,42.450001,42.040001,42.419998,27.975246,12199700.00
2011-01-03,43.000000,44.040001,42.959999,43.580002,28.740248,43278500.00
2011-01-04,43.779999,44.299999,43.340000,44.160000,29.156191,40036800.00
2011-01-05,43.919998,44.950001,43.900002,44.700001,29.512716,50032500.00
2011-01-06,44.400002,44.799999,44.250000,44.480000,29.367472,31606200.00
2011-01-07,44.540001,44.590000,42.650002,43.639999,28.812864,69579400.00
2011-01-10,43.270000,43.770000,43.000000,43.400002,28.654413,30098100.00
2011-01-11,43.700001,44.020000,43.419998,43.599998,28.786453,28067100.00
2011-01-12,44.439999,44.900002,44.250000,44.709999,29.519318,44296900.00
2011-01-13,44.939999,44.970001,44.169998,44.450001,29.347668,42133000.00
2011-01-14,44.509998,45.939999,44.450001,44.910000,29.651379,86983800.00
2011-01-18,45.020000,45.419998,44.500000,44.750000,29.545738,46237700.00
2011-01-19,44.549999,44.970001,43.599998,43.709999,28.859074,44989200.00
2011-01-20,43.830002,44.990002,43.610001,44.750000,29.545738,46977700.00
2011-01-21,45.049999,45.540001,44.849998,45.290001,29.902269,44767400.00
2011-01-24,45.209999,45.480000,44.860001,45.020000,29.723989,27826800.00
2011-01-25,44.820000,45.430000,44.259998,44.869999,29.624956,36022400.00
2011-01-26,45.200001,45.480000,44.869999,44.980000,29.697592,25639400.00
2011-01-27,44.980000,45.380001,44.689999,45.099998,29.776810,26740900.00
2011-01-28,45.049999,45.880001,44.400002,44.540001,29.407087,38593900.00
2011-01-31,44.410000,45.099998,44.400002,44.939999,29.671190,23574500.00
2011-02-01,45.200001,46.000000,45.160000,45.930000,30.324823,28255500.00
2011-02-02,45.790001,45.980000,45.340000,45.450001,30.007898,24104900.00
2011-02-03,45.480000,45.750000,44.840000,45.459999,30.014505,23322400.00
2011-02-04,45.000000,45.169998,44.299999,44.590000,29.440104,38172900.00
2011-02-07,44.750000,45.750000,44.650002,45.500000,30.040911,36790900.00
2011-02-08,45.490002,45.820000,45.310001,45.740002,30.199371,28649500.00
2011-02-09,45.360001,45.500000,44.650002,45.110001,29.783417,33491000.00
2011-02-10,45.099998,45.540001,44.950001,45.529999,30.060728,22688600.00
2011-02-11,45.400002,46.889999,45.400002,46.570000,30.747372,40812800.00
2011-02-14,46.599998,46.900002,46.470001,46.540001,30.727570,28699200.00
2011-02-15,46.560001,47.340000,46.540001,46.820000,30.912426,35972900.00
2011-02-16,47.150002,48.360001,47.099998,47.939999,31.651896,44327800.00
2011-02-17,47.770000,47.990002,47.500000,47.820000,31.572678,22932600.00
2011-02-18,47.820000,48.130001,47.549999,48.000000,31.691515,23844300.00
2011-02-22,47.200001,47.270000,45.849998,46.009998,30.377638,44561900.00
2011-02-23,46.040001,46.500000,45.290001,45.959999,30.344639,36264800.00
2011-02-24,45.630001,46.060001,45.209999,45.910000,30.311623,31926900.00
2011-02-25,46.250000,46.860001,46.119999,46.680000,30.820013,26782100.00
2011-02-28,46.810001,47.180000,46.419998,46.689999,30.826599,25985300.00
2011-03-01,46.470001,46.689999,45.590000,45.599998,30.106937,33682600.00
2011-03-02,45.389999,45.970001,45.070000,45.209999,29.849440,28600000.00
2011-03-03,45.720001,46.330002,45.709999,46.080002,30.423864,23043600.00
2011-03-04,45.980000,46.040001,45.099998,45.520000,30.054121,27716900.00
2011-03-07,45.619999,45.650002,44.759998,45.189999,29.836245,28110800.00
2011-03-08,45.380001,46.689999,45.299999,46.400002,30.635130,32941500.00
2011-03-09,46.330002,47.099998,46.020000,46.560001,30.740776,25174700.00
2011-03-10,46.080002,46.250000,45.259998,45.529999,30.060728,33783700.00
2011-03-11,45.279999,45.840000,45.250000,45.740002,30.199371,20337600.00
2011-03-14,45.419998,45.540001,44.630001,45.299999,29.908867,24508900.00
2011-03-15,44.549999,44.990002,43.849998,44.610001,29.453302,35606000.00
2011-03-16,44.639999,44.779999,43.660000,43.810001,28.925114,41962900.00
2011-03-17,44.459999,44.610001,43.400002,44.560001,29.420292,46741800.00
2011-03-18,45.240002,46.180000,44.750000,45.740002,30.199371,77421000.00
2011-03-21,46.279999,46.320000,45.320000,45.630001,30.126740,28985300.00
2011-03-22,45.660000,45.709999,45.349998,45.470001,30.021126,19756600.00
2011-03-23,45.290001,45.689999,44.770000,45.599998,30.106937,26688900.00
2011-03-24,45.700001,45.840000,45.090000,45.730000,30.192772,21748100.00
2011-03-25,45.700001,46.380001,45.669998,45.860001,30.278593,20710400.00
2011-03-28,46.099998,46.500000,45.950001,45.959999,30.344639,19039400.00
2011-03-29,45.830002,46.040001,45.520000,46.020000,30.384232,17913300.00
2011-03-30,46.529999,46.849998,46.220001,46.450001,30.668137,26829100.00
2011-03-31,46.049999,46.340000,45.959999,46.099998,30.437050,23340500.00
2011-04-01,46.549999,46.880001,46.180000,46.349998,30.602108,25387300.00
2011-04-04,46.119999,46.520000,46.049999,46.340000,30.761440,15708000.00
2011-04-05,46.169998,46.770000,46.049999,46.580002,30.920759,21058400.00
2011-04-06,46.810001,47.730000,46.630001,47.639999,31.624401,31203300.00
2011-04-07,47.639999,47.799999,46.959999,47.400002,31.465090,29972000.00
2011-04-08,47.520000,47.660000,46.630001,46.840000,31.093355,23808000.00
2011-04-11,47.000000,47.270000,46.750000,46.860001,31.106617,25641600.00
2011-04-12,46.549999,47.110001,46.250000,46.639999,30.960579,27231300.00
2011-04-13,47.240002,47.369999,45.880001,46.250000,30.701685,55383900.00
2011-04-14,45.680000,45.750000,44.910000,44.970001,29.852011,45214600.00
2011-04-15,45.240002,45.369999,44.830002,44.889999,29.798910,32475000.00
2011-04-18,44.270000,44.349998,43.529999,43.959999,29.181547,50958800.00
2011-04-19,44.259998,44.709999,43.759998,44.650002,29.639574,26705000.00
2011-04-20,44.900002,44.970001,43.939999,44.560001,29.579828,35542800.00
2011-04-21,44.680000,44.840000,44.119999,44.680000,29.659475,24368100.00
2011-04-25,44.650002,45.020000,44.380001,44.610001,29.613024,17358900.00
2011-04-26,44.849998,45.430000,44.610001,45.119999,29.951586,25900000.00
2011-04-27,45.299999,45.630001,45.049999,45.500000,30.203812,20857200.00
2011-04-28,45.610001,45.930000,45.410000,45.849998,30.436167,19859000.00
2011-04-29,45.810001,46.020000,45.400002,45.630001,30.290121,23363000.00
2011-05-02,45.939999,45.990002,45.110001,45.180000,29.991400,25904000.00
2011-05-03,44.950001,46.070000,44.860001,45.919998,30.482620,30025500.00
2011-05-04,45.980000,46.040001,45.279999,45.500000,30.203812,22727400.00
2011-05-05,45.240002,45.709999,44.990002,45.169998,29.984770,26154500.00
2011-05-06,45.470001,45.709999,44.759998,45.040001,29.898470,26332300.00
2011-05-09,44.750000,45.110001,44.320000,44.959999,29.845360,22469500.00
2011-05-10,45.060001,45.500000,44.980000,45.160000,29.978128,20534200.00
2011-05-11,45.020000,45.040001,44.110001,44.230000,29.360773,31519600.00
2011-05-12,44.099998,44.330002,43.549999,44.090000,29.267845,29567900.00
2011-05-13,44.060001,44.099998,42.980000,43.150002,28.643852,32872500.00
2011-05-16,42.970001,43.480000,42.720001,42.880001,28.464611,34951100.00
2011-05-17,42.680000,44.020000,42.650002,43.810001,29.081972,36277100.00
2011-05-18,43.720001,44.240002,43.410000,44.080002,29.261206,24372100.00
2011-05-19,44.320000,44.349998,43.750000,44.000000,29.208086,19518000.00
2011-05-20,43.830002,44.090000,43.090000,43.130001,28.630577,29946700.00
2011-05-23,42.400002,42.900002,42.299999,42.549999,28.245550,32299500.00
2011-05-24,42.770000,42.919998,41.689999,42.340000,28.106144,39341400.00
2011-05-25,42.110001,42.750000,42.099998,42.270000,28.059692,26505300.00
2011-05-26,42.119999,42.590000,42.099998,42.450001,28.179178,21648100.00
2011-05-27,42.700001,43.150002,42.540001,42.790001,28.404867,24747300.00
2011-05-31,43.240002,43.380001,42.770000,43.240002,28.703602,28746300.00
2011-06-01,42.869999,42.990002,41.730000,41.759998,27.721134,38628700.00
2011-06-02,41.930000,42.200001,40.830002,41.610001,27.621565,45964000.00
2011-06-03,41.090000,42.250000,41.020000,41.570000,27.595011,31833100.00
2011-06-06,41.099998,41.240002,40.369999,40.529999,26.904648,40895900.00
2011-06-07,40.919998,41.310001,40.650002,40.720001,27.030771,36312000.00
2011-06-08,40.580002,41.070000,40.200001,40.389999,26.811708,38890700.00
2011-06-09,40.590000,41.240002,40.540001,40.980000,27.203365,30082300.00
2011-06-10,40.590000,41.500000,40.099998,41.049999,27.249828,48545700.00
2011-06-13,41.290001,41.820000,40.720001,41.669998,27.661398,31767100.00
2011-06-14,42.130001,42.439999,41.480000,41.610001,27.621565,32103500.00
2011-06-15,41.020000,41.400002,40.250000,40.680000,27.004215,37336400.00
2011-06-16,40.630001,40.709999,39.700001,40.360001,26.791800,50316600.00
2011-06-17,40.849998,41.060001,40.540001,40.799999,27.083876,31999600.00
2011-06-20,40.500000,40.810001,40.119999,40.480000,26.871450,21565400.00
2011-06-21,40.680000,41.230000,40.250000,40.910000,27.156895,34241100.00
2011-06-22,40.669998,41.529999,40.480000,40.689999,27.010851,27306300.00
2011-06-23,40.119999,40.250000,39.619999,40.070000,26.599276,48307500.00
2011-06-24,40.049999,40.180000,39.439999,39.490002,26.214272,36136800.00
2011-06-27,39.400002,40.110001,39.330002,39.880001,26.473162,30632700.00
2011-06-28,40.070000,40.070000,39.240002,39.540001,26.247450,41558700.00
2011-06-29,40.040001,40.560001,39.919998,40.450001,26.851540,44775900.00
2011-06-30,40.720001,41.070000,40.369999,40.939999,27.176804,28000100.00
2011-07-01,40.810001,41.720001,40.770000,41.580002,27.771242,32136800.00
2011-07-05,41.509998,41.509998,40.970001,41.029999,27.403881,23805800.00
2011-07-06,40.590000,40.650002,40.180000,40.560001,27.089977,23865700.00
2011-07-07,41.189999,41.790001,41.099998,41.320000,27.597569,28550800.00
2011-07-08,40.700001,40.970001,40.560001,40.740002,27.210194,20680000.00
2011-07-11,40.189999,40.220001,39.290001,39.430000,26.335253,38328000.00
2011-07-12,39.240002,40.119999,39.240002,39.389999,26.308538,33808300.00
2011-07-13,39.669998,40.369999,39.410000,39.619999,26.462156,34020600.00
2011-07-14,41.180000,41.240002,40.290001,40.349998,26.949713,65327400.00
2011-07-15,40.610001,40.750000,39.500000,39.980000,26.702597,46544900.00
2011-07-18,39.790001,40.000000,38.930000,39.830002,26.602423,47603200.00
2011-07-19,39.919998,40.490002,39.709999,40.389999,26.976437,34837400.00
2011-07-20,40.689999,41.360001,40.619999,40.959999,27.357145,31250900.00
2011-07-21,41.570000,42.549999,41.230000,42.290001,28.245443,45552200.00
2011-07-22,42.270000,42.320000,41.759998,42.189999,28.178648,19986100.00
2011-07-25,41.520000,41.910000,41.290001,41.689999,27.844706,22522300.00
2011-07-26,41.500000,41.790001,41.290001,41.439999,27.677727,24350600.00
2011-07-27,41.200001,41.400002,40.590000,40.669998,27.163448,32361100.00
2011-07-28,40.689999,41.240002,40.619999,40.680000,27.170128,23370200.00
2011-07-29,40.240002,40.750000,39.900002,40.450001,27.016510,37793400.00
2011-08-01,41.160000,41.369999,39.959999,40.439999,27.009823,34039300.00
2011-08-02,40.099998,40.380001,39.840000,39.840000,26.609102,42119000.00
2011-08-03,39.759998,40.020000,39.349998,39.900002,26.649160,41110100.00
2011-08-04,39.310001,39.590000,37.820000,37.919998,25.326719,59931100.00
2011-08-05,38.299999,38.750000,36.720001,37.599998,25.112993,85507800.00
2011-08-08,36.230000,37.720001,33.689999,34.060001,22.748640,107650300.00
2011-08-09,35.380001,36.590000,33.689999,36.400002,24.311516,78985700.00
2011-08-10,35.520000,35.849998,33.990002,34.369999,22.955685,83975700.00
2011-08-11,34.630001,37.299999,34.630001,36.689999,24.505219,69583500.00
2011-08-12,37.130001,37.849998,35.580002,35.910000,23.984249,44072800.00
2011-08-15,36.529999,37.139999,36.389999,36.880001,24.632111,34827900.00
2011-08-16,36.270000,36.570000,35.770000,36.029999,24.064392,42266600.00
2011-08-17,36.459999,37.259998,36.320000,36.570000,24.425062,30131400.00
2011-08-18,35.270000,35.470001,34.500000,35.189999,23.503374,57130300.00
2011-08-19,34.759998,35.500000,34.259998,34.349998,22.942331,52960800.00
2011-08-22,35.119999,35.180000,33.349998,33.410000,22.314501,50971400.00
2011-08-23,33.290001,34.799999,32.310001,34.779999,23.229527,55807900.00
2011-08-24,34.820000,36.009998,34.680000,35.830002,23.930815,41959800.00
2011-08-25,37.790001,38.570000,35.419998,35.720001,23.857349,55387600.00
2011-08-26,35.279999,36.480000,34.820000,36.209999,24.184624,35114200.00
2011-08-29,36.820000,37.639999,36.470001,37.639999,25.139721,27943900.00
2011-08-30,37.400002,37.720001,36.750000,37.060001,24.752329,28818700.00
2011-08-31,37.419998,38.029999,37.220001,37.560001,25.086277,30051100.00
2011-09-01,37.619999,37.820000,36.290001,36.299999,24.244722,36862300.00
2011-09-02,35.060001,35.250000,34.509998,34.630001,23.129339,41677300.00
2011-09-06,33.110001,33.500000,32.779999,33.439999,22.334539,57071200.00
2011-09-07,34.099998,34.980000,33.869999,34.820000,23.256241,36145900.00
2011-09-08,34.439999,34.910000,33.439999,33.509998,22.381296,44815300.00
2011-09-09,33.080002,33.200001,31.930000,32.080002,21.426207,67187400.00
2011-09-12,31.350000,32.419998,31.209999,32.419998,21.653276,53377600.00
2011-09-13,32.810001,33.410000,32.169998,32.490002,21.700035,50137600.00
2011-09-14,32.730000,33.189999,31.860001,32.799999,21.907080,44442500.00
2011-09-15,33.369999,33.820000,33.130001,33.810001,22.581657,35847800.00
2011-09-16,34.049999,34.270000,33.020000,33.430000,22.327860,52683800.00
2011-09-19,32.689999,32.889999,32.130001,32.490002,21.700035,33154800.00
2011-09-20,32.770000,32.799999,32.240002,32.250000,21.539736,34085100.00
2011-09-21,32.230000,32.450001,30.260000,30.340000,20.264051,57389200.00
2011-09-22,29.350000,29.629999,28.530001,29.270000,19.549398,86285600.00
2011-09-23,28.959999,29.799999,28.860001,29.590000,19.763134,51731300.00
2011-09-26,30.059999,31.809999,29.959999,31.650000,21.138996,58696100.00
2011-09-27,32.619999,33.130001,31.250000,31.570000,21.085566,58242900.00
2011-09-28,31.620001,32.000000,30.420000,30.469999,20.350883,38725900.00
2011-09-29,31.580000,32.110001,30.440001,31.389999,20.965347,51014100.00
2011-09-30,30.740000,30.950001,30.110001,30.120001,20.117115,42420600.00
2011-10-03,30.030001,30.700001,28.639999,28.650000,19.135303,51002700.00
2011-10-04,28.250000,30.430000,27.850000,30.260000,20.388529,69800000.00
2011-10-05,30.230000,31.170000,29.400000,30.840000,20.779318,51117200.00
2011-10-06,30.709999,32.459999,30.420000,32.380001,21.816938,53214000.00
2011-10-07,32.580002,32.610001,30.650000,30.700001,20.684990,49320600.00
2011-10-10,31.600000,32.320000,31.580000,32.299999,21.763039,37324800.00
2011-10-11,31.980000,32.680000,31.410000,32.299999,21.763039,38161700.00
2011-10-12,32.759998,33.869999,32.689999,33.200001,22.369438,55462500.00
2011-10-13,32.450001,32.490002,30.920000,31.600000,21.291393,78830000.00
2011-10-14,31.870001,32.320000,31.400000,31.889999,21.486794,51899600.00
2011-10-17,31.639999,32.090000,30.969999,31.040001,20.914078,40865400.00
2011-10-18,31.360001,33.419998,31.139999,32.869999,22.147089,64392400.00
2011-10-19,32.770000,34.009998,32.029999,32.250000,21.729349,50119300.00
2011-10-20,32.320000,33.189999,31.670000,33.130001,22.322275,41657100.00
2011-10-21,33.480000,34.040001,33.009998,33.419998,22.517670,48445300.00
2011-10-24,33.610001,34.689999,33.570000,34.570000,23.292515,45697200.00
2011-10-25,34.180000,34.250000,33.360001,33.490002,22.564838,38679100.00
2011-10-26,34.110001,34.410000,33.500000,34.180000,23.029737,36350900.00
2011-10-27,36.560001,37.540001,35.700001,37.020000,24.943275,76438300.00
2011-10-28,36.610001,36.980000,36.189999,36.689999,24.720928,39891200.00
2011-10-31,35.930000,36.000000,34.730000,34.759998,23.420532,46429800.00
2011-11-01,32.470001,33.639999,31.840000,32.709999,22.039280,74052400.00
2011-11-02,33.709999,33.740002,33.060001,33.639999,22.665903,34325900.00
2011-11-03,34.119999,34.520000,32.840000,34.380001,23.164497,40084700.00
2011-11-04,33.990002,34.060001,33.450001,33.970001,22.888250,30858700.00
2011-11-07,34.029999,34.340000,33.709999,34.240002,23.070169,25925900.00
2011-11-08,34.529999,35.180000,34.020000,35.020000,23.595711,30193100.00
2011-11-09,33.840000,33.990002,32.380001,32.540001,21.924751,52990400.00
2011-11-10,32.919998,33.230000,32.279999,32.740002,22.059502,30427400.00
2011-11-11,33.279999,33.849998,33.020000,33.279999,22.423338,29983400.00
2011-11-14,32.950001,32.980000,32.220001,32.549999,21.931482,27596300.00
2011-11-15,32.090000,33.110001,32.080002,32.700001,22.032549,31260500.00
2011-11-16,32.340000,32.490002,31.400000,31.469999,21.203800,40761800.00
2011-11-17,31.400000,31.500000,30.340000,30.490000,20.543503,55130100.00
2011-11-18,30.670000,30.850000,30.330000,30.620001,20.631090,39029900.00
2011-11-21,30.020000,30.190001,29.600000,29.910000,20.152710,39658100.00
2011-11-22,29.900000,30.100000,29.379999,29.410000,19.815817,36466200.00
2011-11-23,29.110001,29.150000,28.330000,28.379999,19.121824,44468500.00
2011-11-25,28.280001,29.170000,28.280001,28.480000,19.189207,21423200.00
2011-11-28,29.709999,30.070000,28.820000,29.160000,19.647371,45280100.00
2011-11-29,28.980000,29.129999,28.480000,28.559999,19.243107,45104700.00
2011-11-30,30.150000,31.000000,29.799999,30.969999,20.866909,61412600.00
2011-12-01,30.860001,30.969999,30.030001,30.459999,20.523291,33189700.00
2011-12-02,30.879999,33.270000,30.809999,32.330002,21.783253,90515100.00
2011-12-05,33.639999,34.099998,33.220001,33.509998,22.578316,52207600.00
2011-12-06,33.259998,33.580002,32.680000,33.230000,22.389648,38782900.00
2011-12-07,32.820000,34.189999,32.720001,34.000000,22.908461,44722800.00
2011-12-08,33.549999,33.700001,32.080002,32.220001,21.709141,47788900.00
2011-12-09,32.360001,33.310001,32.360001,33.180000,22.355965,39104600.00
2011-12-12,32.549999,32.599998,31.760000,32.040001,21.587854,35977900.00
2011-12-13,32.369999,32.630001,30.870001,31.290001,21.082523,49475100.00
2011-12-14,30.879999,31.940001,30.830000,31.510000,21.230753,41291500.00
2011-12-15,32.099998,32.279999,31.570000,31.760000,21.399197,33457300.00
2011-12-16,32.160000,32.599998,31.809999,31.889999,21.486794,52596800.00
2011-12-19,31.870001,31.900000,30.420000,30.700001,20.684990,47388000.00
2011-12-20,31.400000,32.439999,31.240000,32.209999,21.702404,49091600.00
2011-12-21,32.000000,32.410000,31.900000,32.320000,21.776508,30893000.00
2011-12-22,32.689999,33.549999,32.540001,33.450001,22.537878,35543200.00
2011-12-23,33.619999,33.700001,33.130001,33.570000,22.618732,21958800.00
2011-12-27,33.220001,33.689999,33.029999,33.029999,22.254900,16891600.00
2011-12-28,32.990002,33.090000,32.570000,32.650002,21.998861,19242700.00
2011-12-29,32.709999,33.520000,32.709999,33.419998,22.517670,19792000.00
2011-12-30,33.110001,33.419998,33.060001,33.250000,22.403118,18196900.00
2012-01-03,34.060001,35.189999,34.009998,34.980000,23.568766,44102800.00
2012-01-04,34.439999,35.150002,34.330002,34.950001,23.718067,36571200.00
2012-01-05,34.709999,35.919998,34.400002,35.680000,24.213463,38381400.00
2012-01-06,35.689999,35.770000,35.139999,35.360001,23.996300,33160600.00
2012-01-09,35.439999,35.680000,34.990002,35.299999,23.955572,23001800.00
2012-01-10,36.070000,36.349998,35.759998,36.049999,24.464560,35972800.00
2012-01-11,35.799999,36.740002,35.660000,36.660000,24.878521,29852900.00
2012-01-12,36.820000,37.049999,36.169998,36.849998,25.007456,39420700.00
2012-01-13,35.259998,35.919998,35.130001,35.919998,24.376335,61571500.00
2012-01-17,34.849998,35.680000,34.500000,34.910000,23.690912,55115100.00
2012-01-18,34.540001,36.680000,34.529999,36.540001,24.797087,55502100.00
2012-01-19,36.840000,37.150002,36.709999,36.930000,25.061747,37000400.00
2012-01-20,36.779999,37.400002,36.619999,37.360001,25.353556,34716500.00
2012-01-23,37.310001,37.939999,37.270000,37.660000,25.557148,27499200.00
2012-01-24,37.180000,37.889999,36.799999,37.660000,25.557148,25403800.00
2012-01-25,37.360001,37.820000,37.119999,37.599998,25.516424,29860700.00
2012-01-26,37.880001,38.099998,37.250000,37.490002,25.441786,33284600.00
2012-01-27,37.230000,37.660000,37.150002,37.209999,25.251764,27674600.00
2012-01-30,36.660000,37.169998,36.360001,37.009998,25.116039,24423600.00
2012-01-31,37.529999,37.540001,36.930000,37.299999,25.312840,29649500.00
2012-02-01,37.889999,38.029999,37.500000,37.599998,25.516424,41957800.00
2012-02-02,37.689999,38.160000,37.419998,37.549999,25.482494,26784200.00
2012-02-03,38.270000,38.500000,38.049999,38.279999,25.977888,41074400.00
2012-02-06,38.060001,38.320000,37.810001,38.139999,25.882875,23106200.00
2012-02-07,37.860001,38.119999,37.700001,37.869999,25.699656,21091900.00
2012-02-08,38.049999,38.349998,37.970001,38.299999,25.991474,23258700.00
2012-02-09,38.599998,38.680000,37.840000,37.860001,25.692873,28608400.00
2012-02-10,37.220001,37.770000,37.110001,37.610001,25.523205,22618800.00
2012-02-13,38.080002,38.340000,37.779999,38.299999,25.991474,24828000.00
2012-02-14,38.230000,38.259998,37.439999,37.919998,25.733589,27031900.00
2012-02-15,38.080002,38.400002,37.310001,37.400002,25.380703,26534900.00
2012-02-16,37.150002,38.119999,37.049999,38.000000,25.787876,22139600.00
2012-02-17,38.599998,38.639999,38.230000,38.470001,26.106833,28009300.00
2012-02-21,38.650002,38.970001,38.410000,38.459999,26.100048,22804200.00
2012-02-22,38.299999,38.389999,37.900002,38.070000,25.835379,23416900.00
2012-02-23,38.060001,38.520000,37.750000,38.490002,26.120409,31361400.00
2012-02-24,38.660000,38.680000,38.189999,38.279999,25.977888,17586400.00
2012-02-27,38.070000,39.230000,37.790001,39.060001,26.507227,34030400.00
2012-02-28,39.130001,39.549999,38.849998,39.209999,26.609028,37900900.00
2012-02-29,39.330002,39.939999,39.020000,39.240002,26.629381,41187700.00
2012-03-01,39.509998,40.450001,39.470001,40.369999,27.396229,44376700.00
2012-03-02,40.430000,40.880001,40.230000,40.630001,27.572674,34897900.00
2012-03-05,40.700001,40.709999,40.000000,40.400002,27.416588,30806900.00
2012-03-06,39.450001,39.869999,39.119999,39.320000,26.683668,33927500.00
2012-03-07,39.459999,40.060001,39.380001,39.950001,27.111212,22875100.00
2012-03-08,40.470001,40.750000,40.220001,40.439999,27.443722,22052300.00
2012-03-09,40.750000,41.439999,40.500000,41.029999,27.844116,33494200.00
2012-03-12,40.860001,40.980000,40.200001,40.540001,27.511604,30763800.00
2012-03-13,41.020000,43.730000,40.820000,43.389999,29.445684,77277600.00
2012-03-14,43.619999,44.000000,43.070000,43.580002,29.574631,68028700.00
2012-03-15,43.639999,44.919998,42.930000,44.700001,30.334690,57117700.00
2012-03-16,44.869999,44.919998,44.220001,44.570000,30.246473,48844500.00
2012-03-19,44.439999,45.349998,44.209999,45.000000,30.538286,41509300.00
2012-03-20,44.529999,45.599998,44.369999,45.380001,30.796160,34796200.00
2012-03-21,45.529999,45.669998,44.860001,45.119999,30.619713,27267900.00
2012-03-22,44.720001,45.099998,44.410000,44.650002,30.300753,27457200.00
2012-03-23,44.450001,45.250000,44.439999,45.160000,30.646856,30639300.00
2012-03-26,45.480000,46.169998,45.400002,46.169998,31.332287,33529400.00
2012-03-27,45.919998,46.490002,45.830002,45.889999,31.142256,33026400.00
2012-03-28,45.759998,46.310001,45.360001,46.270000,31.400139,29755800.00
2012-03-29,45.919998,46.020000,45.270000,45.669998,30.992958,32262300.00
2012-03-30,46.080002,46.130001,45.500000,45.980000,31.203339,25945800.00
2012-04-02,45.750000,46.349998,45.459999,46.130001,31.305120,27669300.00
2012-04-03,45.740002,45.990002,44.970001,45.419998,31.025066,31036400.00
2012-04-04,44.680000,44.860001,43.959999,44.410000,30.335173,41342900.00
2012-04-05,44.130001,44.730000,43.810001,44.340000,30.287352,28832300.00
2012-04-09,43.189999,44.279999,43.070000,43.889999,29.979967,29376400.00
2012-04-10,43.880001,44.009998,42.660000,42.959999,29.344711,38841000.00
2012-04-11,43.590000,44.209999,43.570000,44.009998,30.061939,32142200.00
2012-04-12,44.119999,44.990002,44.000000,44.840000,30.628897,33631100.00
2012-04-13,44.950001,44.950001,43.060001,43.209999,29.515482,58183900.00
2012-04-16,43.380001,43.799999,42.840000,43.330002,29.597450,40387600.00
2012-04-17,43.689999,44.000000,43.160000,43.900002,29.986805,26887000.00
2012-04-18,43.619999,43.910000,43.270000,43.290001,29.570127,20242900.00
2012-04-19,43.439999,43.689999,42.770000,43.220001,29.522314,25961800.00
2012-04-20,43.509998,43.580002,42.709999,42.720001,29.180782,26178100.00
2012-04-23,41.919998,42.959999,41.799999,42.849998,29.269560,25536300.00
2012-04-24,42.980000,43.310001,42.810001,43.279999,29.563307,21420400.00
2012-04-25,43.650002,43.889999,42.980000,43.160000,29.481319,31694000.00
2012-04-26,43.220001,43.889999,43.060001,43.799999,29.918497,28100300.00
2012-04-27,43.939999,43.990002,43.230000,43.340000,29.604271,26242900.00
2012-04-30,43.330002,43.369999,42.540001,42.980000,29.358391,23518000.00
2012-05-01,43.000000,44.240002,42.959999,43.790001,29.911671,26359700.00
2012-05-02,43.459999,43.529999,42.840000,43.200001,29.508663,22462200.00
2012-05-03,43.380001,43.389999,42.669998,43.009998,29.378859,19536400.00
2012-05-04,42.330002,42.680000,41.709999,41.750000,28.518208,31279900.00
2012-05-07,41.430000,42.400002,41.369999,41.779999,28.538685,25910100.00
2012-05-08,41.500000,41.840000,40.950001,41.380001,28.265461,28049700.00
2012-05-09,40.720001,41.020000,40.119999,40.639999,27.759993,38769900.00
2012-05-10,41.230000,41.400002,40.540001,40.740002,27.828300,35827100.00
2012-05-11,37.139999,37.990002,36.619999,36.959999,25.246294,217294200.00
2012-05-14,36.099998,36.470001,35.759998,35.790001,24.447096,96488500.00
2012-05-15,36.189999,37.270000,36.119999,36.240002,24.754477,89903700.00
2012-05-16,36.790001,36.980000,35.459999,35.459999,24.221687,68729600.00
2012-05-17,35.040001,35.099998,33.880001,33.930000,23.176592,95429200.00
2012-05-18,33.990002,33.990002,32.970001,33.490002,22.876038,82650100.00
2012-05-21,33.520000,33.709999,32.259998,32.509998,22.206623,99554800.00
2012-05-22,33.320000,34.580002,32.990002,34.009998,23.231236,84721000.00
2012-05-23,33.619999,34.419998,33.209999,34.259998,23.401997,52512900.00
2012-05-24,34.439999,34.480000,33.619999,33.970001,23.203907,37843800.00
2012-05-25,34.000000,34.130001,33.290001,33.500000,22.882868,28796400.00
2012-05-29,33.980000,34.000000,33.360001,33.630001,22.971664,35855200.00
2012-05-30,33.299999,33.439999,32.950001,32.959999,22.514011,34203600.00
2012-05-31,32.959999,33.470001,32.910000,33.150002,22.643795,42124900.00
2012-06-01,32.410000,32.650002,31.770000,31.930000,21.810452,50472200.00
2012-06-04,32.160000,32.169998,30.830000,31.000000,21.175190,60492400.00
2012-06-05,30.889999,32.130001,30.860001,31.990000,21.851425,46502800.00
2012-06-06,32.709999,33.310001,32.270000,33.070000,22.589142,47980500.00
2012-06-07,33.770000,33.830002,32.799999,32.810001,22.411547,53888800.00
2012-06-08,32.770000,33.680000,32.549999,33.680000,23.005817,34238200.00
2012-06-11,34.369999,34.439999,32.779999,32.820000,22.418381,46404900.00
2012-06-12,32.880001,33.779999,32.509998,33.770000,23.067291,43334400.00
2012-06-13,33.689999,35.070000,33.630001,34.299999,23.429323,72456600.00
2012-06-14,34.410000,34.889999,34.070000,34.650002,23.668400,44428000.00
2012-06-15,34.889999,35.070000,34.410000,35.029999,23.927967,40917100.00
2012-06-18,34.709999,35.299999,34.500000,34.619999,23.647902,31084400.00
2012-06-19,34.990002,35.630001,34.730000,35.380001,24.167046,32489000.00
2012-06-20,36.029999,36.939999,35.830002,36.450001,24.897923,61149700.00
2012-06-21,36.490002,37.029999,35.430000,35.509998,24.255836,95637000.00
2012-06-22,36.020000,36.490002,35.959999,35.990002,24.583706,44193500.00
2012-06-25,35.259998,35.470001,34.639999,35.320000,24.126051,33115800.00
2012-06-26,36.060001,36.119999,35.580002,35.709999,24.392448,35053600.00
2012-06-27,35.639999,36.820000,35.500000,36.779999,25.123333,34156800.00
2012-06-28,35.320000,35.930000,34.849998,35.880001,24.508579,69904800.00
2012-06-29,36.700001,36.799999,35.250000,35.730000,24.406115,56063200.00
2012-07-02,36.270000,36.360001,35.590000,36.279999,24.781807,34274900.00
2012-07-03,35.959999,36.139999,35.540001,35.880001,24.712917,26705900.00
2012-07-05,35.610001,35.660000,34.220001,34.380001,23.679775,58519800.00
2012-07-06,33.919998,34.119999,33.730000,33.900002,23.349167,32057200.00
2012-07-09,33.810001,34.119999,33.540001,33.959999,23.390495,30545000.00
2012-07-10,34.220001,34.450001,33.810001,34.250000,23.590248,33175500.00
2012-07-11,34.209999,34.799999,34.119999,34.590000,23.824417,35144300.00
2012-07-12,34.330002,34.570000,33.939999,34.040001,23.445597,39301500.00
2012-07-13,35.060001,36.200001,34.860001,36.070000,24.843794,83001000.00
2012-07-16,35.759998,35.849998,34.730000,35.090000,24.168802,52368300.00
2012-07-17,35.439999,35.480000,34.270000,34.990002,24.099934,43998300.00
2012-07-18,34.750000,35.230000,34.650002,34.959999,24.079260,28944900.00
2012-07-19,35.020000,35.169998,34.310001,34.459999,23.734873,34384700.00
2012-07-20,34.049999,34.130001,33.900002,33.900002,23.349167,36301200.00
2012-07-23,33.240002,34.500000,33.099998,34.439999,23.721104,41248300.00
2012-07-24,34.580002,34.889999,34.220001,34.730000,23.920845,29920400.00
2012-07-25,34.980000,35.450001,34.790001,35.169998,24.223904,32127700.00
2012-07-26,35.779999,35.939999,35.340000,35.810001,24.664711,28900500.00
2012-07-27,36.009998,37.200001,35.509998,36.889999,25.408579,63636200.00
2012-07-30,36.500000,36.520000,35.939999,36.139999,24.892010,30698200.00
2012-07-31,36.110001,36.330002,35.910000,36.000000,24.795586,19681600.00
2012-08-01,36.189999,36.400002,35.820000,36.000000,24.795586,22180200.00
2012-08-02,35.619999,35.840000,34.759998,35.169998,24.223904,36675000.00
2012-08-03,35.820000,36.290001,35.500000,36.090000,24.857569,24516300.00
2012-08-06,36.240002,36.799999,36.110001,36.299999,25.002203,18979200.00
2012-08-07,36.570000,37.869999,36.570000,37.009998,25.491232,37225800.00
2012-08-08,36.849998,37.480000,36.750000,37.160000,25.594545,18672400.00
2012-08-09,36.720001,37.259998,36.590000,36.919998,25.429234,23406700.00
2012-08-10,36.759998,37.000000,36.400002,36.970001,25.463682,15492700.00
2012-08-13,36.869999,37.090000,36.650002,36.990002,25.477465,14453500.00
2012-08-14,37.419998,37.639999,36.980000,37.099998,25.553230,18065100.00
2012-08-15,37.070000,37.410000,36.950001,37.070000,25.532558,17521300.00
2012-08-16,37.180000,37.349998,36.799999,37.099998,25.553230,15894100.00
2012-08-17,37.200001,37.200001,36.799999,36.980000,25.470566,17079800.00
2012-08-20,36.919998,37.500000,36.799999,37.369999,25.739185,17922100.00
2012-08-21,37.630001,38.860001,37.560001,38.040001,26.200655,36880600.00
2012-08-22,37.880001,38.180000,37.560001,37.830002,26.056019,16899400.00
2012-08-23,37.810001,37.889999,37.200001,37.230000,25.642759,16429500.00
2012-08-24,36.939999,37.439999,36.669998,37.169998,25.601427,20019300.00
2012-08-27,37.310001,37.439999,36.900002,37.230000,25.642759,17618200.00
2012-08-28,37.099998,37.490002,36.900002,37.130001,25.573881,18050500.00
2012-08-29,37.320000,37.490002,37.060001,37.299999,25.690979,13681900.00
2012-08-30,37.060001,37.130001,36.709999,36.900002,25.415474,13700700.00
2012-08-31,37.139999,37.400002,36.860001,37.139999,25.580769,16771600.00
2012-09-04,36.980000,37.240002,36.779999,37.009998,25.491232,13631400.00
2012-09-05,37.080002,37.290001,36.939999,37.110001,25.560104,13537500.00
2012-09-06,37.580002,38.869999,37.500000,38.689999,26.648357,41346800.00
2012-09-07,39.040001,39.529999,39.000000,39.299999,27.068514,28082400.00
2012-09-10,39.230000,39.779999,38.730000,38.759998,26.696566,20853500.00
2012-09-11,38.799999,39.630001,38.730000,39.599998,27.275129,22378900.00
2012-09-12,39.880001,40.250000,39.790001,39.919998,27.495531,29882200.00
2012-09-13,39.840000,41.580002,39.590000,41.400002,28.514921,47018600.00
2012-09-14,41.959999,42.090000,41.230000,41.570000,28.632004,43471600.00
2012-09-17,41.000000,41.439999,40.950001,41.189999,28.370279,19740100.00
2012-09-18,41.049999,41.330002,40.660000,41.259998,28.418486,25186600.00
2012-09-19,41.330002,41.759998,41.040001,41.340000,28.473589,22887200.00
2012-09-20,40.959999,41.279999,40.549999,41.250000,28.411592,20997400.00
2012-09-21,41.529999,41.700001,40.770000,40.880001,28.156750,28287400.00
2012-09-24,40.610001,41.470001,40.590000,41.230000,28.397818,20499500.00
2012-09-25,41.549999,41.549999,40.529999,40.549999,27.929470,21988200.00
2012-09-26,40.150002,40.630001,39.700001,40.240002,27.715944,23782700.00
2012-09-27,40.400002,40.990002,40.209999,40.680000,28.019014,20843400.00
2012-09-28,40.419998,40.630001,40.160000,40.480000,27.881248,21380700.00
2012-10-01,40.880001,41.500000,40.799999,40.970001,28.218742,21956400.00
2012-10-02,41.139999,41.240002,40.560001,40.919998,28.184296,26946100.00
2012-10-03,40.830002,41.000000,40.419998,40.860001,28.350832,22419100.00
2012-10-04,41.160000,41.990002,40.910000,41.820000,29.016932,24326500.00
2012-10-05,42.040001,42.439999,41.459999,41.709999,28.940599,22774400.00
2012-10-08,41.330002,41.840000,41.110001,41.660000,28.905910,18631300.00
2012-10-09,41.770000,41.950001,41.299999,41.380001,28.711653,19947500.00
2012-10-10,41.549999,42.000000,41.330002,41.770000,28.982246,25797600.00
2012-10-11,42.369999,42.639999,41.849998,42.099998,29.211214,27755000.00
2012-10-12,41.599998,42.430000,41.150002,41.619999,28.878151,44564000.00
2012-10-15,41.910000,42.410000,41.730000,42.380001,29.405479,26268000.00
2012-10-16,42.790001,43.110001,42.270000,42.830002,29.717724,28588100.00
2012-10-17,42.930000,43.540001,42.770000,43.320000,30.057711,26177500.00
2012-10-18,43.090000,43.349998,42.750000,43.009998,29.842623,23630400.00
2012-10-19,42.799999,42.820000,42.060001,42.320000,29.363855,29747500.00
2012-10-22,42.250000,42.520000,41.500000,42.090000,29.204260,27993000.00
2012-10-23,41.470001,41.740002,41.049999,41.330002,28.676947,22896400.00
2012-10-24,41.680000,41.880001,41.340000,41.709999,28.940599,18918900.00
2012-10-25,42.240002,42.279999,41.400002,41.669998,28.912846,17311700.00
2012-10-26,41.419998,41.660000,40.869999,41.160000,28.558985,21892700.00
2012-10-31,41.450001,41.790001,41.150002,41.680000,28.919798,19423500.00
2012-11-01,41.700001,42.900002,41.580002,42.840000,29.724663,23325400.00
2012-11-02,43.040001,43.070000,42.330002,42.419998,29.433235,17029200.00
2012-11-05,42.330002,42.360001,41.860001,42.270000,29.329170,13252500.00
2012-11-06,42.570000,43.049999,42.410000,42.880001,29.752415,17190900.00
2012-11-07,42.009998,42.009998,40.310001,40.480000,28.087164,47631200.00
2012-11-08,41.279999,41.500000,40.400002,40.400002,28.031656,27830900.00
2012-11-09,40.310001,41.230000,39.860001,40.619999,28.184296,27553200.00
2012-11-12,40.849998,40.910000,40.299999,40.580002,28.156548,12816000.00
2012-11-13,40.180000,40.520000,40.000000,40.040001,27.781866,19793500.00
2012-11-14,40.209999,40.369999,39.130001,39.290001,27.261482,30986600.00
2012-11-15,39.060001,39.720001,38.970001,39.389999,27.330864,24858700.00
2012-11-16,39.430000,39.669998,38.830002,39.529999,27.428001,32458000.00
2012-11-19,40.090000,40.700001,40.090000,40.590000,28.163500,26781200.00
2012-11-20,40.330002,41.180000,40.250000,40.700001,28.239811,19375900.00
2012-11-21,40.939999,40.980000,40.349998,40.730000,28.260626,13030200.00
2012-11-23,41.099998,41.220001,40.970001,41.090000,28.510429,8316700.00
2012-11-26,40.790001,40.880001,40.090000,40.880001,28.364698,20376600.00
2012-11-27,40.869999,41.200001,40.639999,40.750000,28.274517,19875000.00
2012-11-28,40.490002,40.880001,39.880001,40.830002,28.330015,26106900.00
2012-11-29,41.150002,41.349998,40.910000,41.220001,28.600620,18915000.00
2012-11-30,40.990002,41.340000,40.849998,41.080002,28.503487,20066600.00
2012-12-03,41.270000,41.369999,40.750000,40.810001,28.316137,18955500.00
2012-12-04,40.779999,40.919998,40.200001,40.570000,28.149607,24031100.00
2012-12-05,40.689999,41.490002,40.500000,41.200001,28.586742,25515600.00
2012-12-06,41.250000,41.549999,41.110001,41.470001,28.774078,20541700.00
2012-12-07,41.840000,42.570000,41.730000,42.560001,29.530382,34552900.00
2012-12-10,42.540001,42.669998,42.009998,42.310001,29.356915,22394500.00
2012-12-11,42.599998,43.090000,42.419998,42.639999,29.585882,21955000.00
2012-12-12,43.000000,43.380001,42.700001,42.770000,29.676094,23110600.00
2012-12-13,42.650002,42.919998,42.500000,42.779999,29.683035,18457000.00
2012-12-14,42.770000,43.110001,42.709999,42.810001,29.703846,16208600.00
2012-12-17,43.000000,43.509998,42.810001,43.480000,30.168720,23879800.00
2012-12-18,43.830002,43.939999,43.310001,43.869999,30.439327,33858600.00
2012-12-19,43.990002,44.389999,43.419998,43.529999,30.203424,34348500.00
2012-12-20,43.689999,44.540001,43.410000,44.529999,30.897278,25014900.00
2012-12-21,43.820000,44.200001,43.340000,44.000000,30.529530,38973500.00
2012-12-24,43.720001,44.020000,43.709999,43.919998,30.474022,8621200.00
2012-12-26,43.950001,44.180000,43.720001,43.959999,30.501778,11498900.00
2012-12-27,43.959999,44.020000,42.900002,43.630001,30.272799,19567000.00
2012-12-28,43.099998,43.689999,43.090000,43.240002,30.002205,15401200.00
2012-12-31,43.099998,44.000000,43.049999,43.970001,30.508722,24209600.00
2013-01-02,44.980000,45.000000,44.220001,44.660000,31.200350,31413000.00
2013-01-03,44.740002,44.750000,44.200001,44.570000,31.137466,24227700.00
2013-01-04,44.450001,45.430000,44.439999,45.360001,31.689386,24487700.00
2013-01-07,45.090000,45.490002,45.020000,45.410000,31.724300,24456900.00
2013-01-08,45.400002,45.500000,44.959999,45.500000,31.787178,19624200.00
2013-01-09,45.560001,46.200001,45.139999,45.470001,31.766233,25920600.00
2013-01-10,45.889999,46.160000,45.529999,46.150002,32.241283,23413600.00
2013-01-11,45.970001,46.150002,45.470001,46.139999,32.234299,19723900.00
2013-01-14,45.889999,46.180000,45.480000,45.880001,32.052673,19079500.00
2013-01-15,45.490002,46.470001,45.349998,46.349998,32.381012,29898000.00
2013-01-16,45.910000,46.830002,45.570000,46.820000,32.709370,43453600.00
2013-01-17,46.400002,46.869999,46.290001,46.439999,32.443886,41086800.00
2013-01-18,46.380001,46.599998,46.180000,46.459999,32.457870,28679100.00
2013-01-22,46.250000,46.549999,46.130001,46.540001,32.513760,24257300.00
2013-01-23,46.230000,46.439999,45.919998,46.230000,32.297180,19105100.00
2013-01-24,46.240002,46.799999,46.080002,46.369999,32.394989,20008200.00
2013-01-25,46.740002,47.160000,46.610001,47.160000,32.946892,26009100.00
2013-01-28,46.840000,47.000000,46.480000,46.639999,32.583614,19706800.00
2013-01-29,46.279999,47.160000,46.250000,47.119999,32.918949,19907400.00
2013-01-30,47.040001,47.349998,46.959999,47.130001,32.925938,18631300.00
2013-01-31,47.009998,47.220001,46.880001,47.049999,32.870045,19536000.00
2013-02-01,47.400002,48.000000,47.209999,47.849998,33.428944,24520000.00
2013-02-04,47.540001,47.810001,47.380001,47.680000,33.310184,20822600.00
2013-02-05,47.939999,48.799999,47.930000,48.790001,34.085651,28067500.00
2013-02-06,48.419998,48.830002,48.320000,48.610001,33.959896,28282600.00
2013-02-07,48.650002,48.750000,47.900002,48.230000,33.694424,21429600.00
2013-02-08,48.330002,48.689999,48.259998,48.630001,33.973854,15218300.00
2013-02-11,48.509998,48.900002,48.380001,48.660000,33.994827,13935900.00
2013-02-12,48.799999,49.310001,48.599998,49.139999,34.330154,16388000.00
2013-02-13,49.349998,49.450001,48.500000,48.680000,34.008801,21635600.00
2013-02-14,48.400002,49.290001,48.369999,49.220001,34.386055,18017800.00
2013-02-15,49.349998,49.459999,48.570000,48.880001,34.148521,20016200.00
2013-02-19,49.119999,49.680000,49.119999,49.450001,34.546726,20445900.00
2013-02-20,49.349998,49.540001,48.360001,48.610001,33.959896,24786700.00
2013-02-21,48.410000,48.450001,47.830002,48.250000,33.708389,24437700.00
2013-02-22,48.630001,48.910000,48.410000,48.910000,34.169479,23584100.00
2013-02-25,49.099998,49.200001,47.650002,47.700001,33.324139,32775500.00
2013-02-26,48.220001,48.259998,46.849998,47.599998,33.254280,39401400.00
2013-02-27,47.849998,49.400002,47.759998,49.279999,34.427967,31921200.00
2013-02-28,49.160000,49.549999,48.750000,48.919998,34.176460,24711500.00
2013-03-01,48.599998,49.419998,48.369999,48.910000,34.169479,25923400.00
2013-03-04,48.730000,49.139999,48.330002,49.099998,34.302219,17695200.00
2013-03-05,49.490002,50.110001,49.310001,49.490002,34.574673,25561100.00
2013-03-06,49.880001,50.189999,49.619999,50.029999,34.951935,19607900.00
2013-03-07,50.049999,50.860001,50.009998,50.630001,35.371113,24245400.00
2013-03-08,50.590000,50.849998,49.610001,50.200001,35.070698,32711900.00
2013-03-11,50.230000,50.770000,49.910000,50.480000,35.266304,19473000.00
2013-03-12,50.349998,50.669998,50.049999,50.279999,35.126583,18003400.00
2013-03-13,50.290001,50.430000,50.110001,50.160000,35.042751,16680200.00
2013-03-14,50.250000,51.000000,50.189999,51.000000,35.629601,26378700.00
2013-03-15,49.970001,50.290001,49.150002,50.020000,34.944946,60880800.00
2013-03-18,49.189999,49.660000,48.950001,49.509998,34.588661,28011400.00
2013-03-19,49.650002,49.990002,48.680000,49.200001,34.372078,24411500.00
2013-03-20,49.570000,49.639999,49.040001,49.119999,34.316200,19385300.00
2013-03-21,48.790001,49.230000,48.349998,48.349998,33.778252,23535900.00
2013-03-22,48.630001,49.000000,48.340000,48.779999,34.078655,22791500.00
2013-03-25,49.040001,49.320000,48.160000,48.520000,33.897026,23581400.00
2013-03-26,48.740002,48.970001,48.320000,48.639999,33.980854,16417500.00
2013-03-27,48.200001,48.310001,47.560001,47.770000,33.373055,26530100.00
2013-03-28,47.840000,47.930000,47.279999,47.459999,33.156471,27506700.00
2013-04-01,47.549999,47.990002,47.490002,47.830002,33.414970,17442200.00
2013-04-02,48.009998,48.380001,47.880001,48.279999,33.729347,17273700.00
2013-04-03,48.029999,48.070000,46.529999,46.849998,32.934967,33467400.00
2013-04-04,46.959999,47.540001,46.900002,47.490002,33.384888,21514000.00
2013-04-05,46.790001,48.040001,46.750000,47.910000,33.680153,22961500.00
2013-04-08,47.880001,48.590000,47.590000,48.580002,34.151146,18672300.00
2013-04-09,48.740002,48.959999,48.459999,48.680000,34.221447,20066700.00
2013-04-10,48.939999,49.560001,48.880001,49.250000,34.622143,20388900.00
2013-04-11,49.209999,49.599998,48.830002,49.310001,34.664337,22584700.00
2013-04-12,48.900002,49.580002,48.450001,49.009998,34.453423,37805900.00
2013-04-15,48.389999,49.340000,47.900002,47.930000,33.694206,31527300.00
2013-04-16,48.430000,48.520000,47.590000,48.490002,34.087868,23865500.00
2013-04-17,48.110001,48.180000,46.380001,46.790001,32.892792,43466300.00
2013-04-18,46.799999,47.330002,46.049999,46.639999,32.787346,26106800.00
2013-04-19,47.150002,47.360001,46.700001,47.230000,33.202099,19746100.00
2013-04-22,47.400002,47.490002,46.869999,47.349998,33.286476,15230100.00
2013-04-23,47.680000,48.240002,47.389999,48.169998,33.862923,20568500.00
2013-04-24,48.320000,48.919998,48.160000,48.720001,34.249561,16459300.00
2013-04-25,49.020000,49.630001,48.889999,49.000000,34.446396,19058800.00
2013-04-26,48.860001,49.090000,48.610001,48.880001,34.362053,13929000.00
2013-04-29,49.080002,49.099998,48.650002,48.919998,34.390152,13496300.00
2013-04-30,48.959999,49.250000,48.720001,49.009998,34.453423,13802600.00
2013-05-01,48.759998,48.910000,47.849998,48.009998,33.750443,17686400.00
2013-05-02,48.250000,48.250000,47.709999,48.080002,33.799656,15529300.00
2013-05-03,48.630001,48.700001,46.980000,47.570000,33.441124,43257900.00
2013-05-06,47.709999,48.389999,47.570000,48.180000,33.869942,20829500.00
2013-05-07,48.570000,49.389999,48.259998,49.139999,34.544811,24291600.00
2013-05-08,49.220001,49.990002,49.110001,49.759998,34.980652,23559300.00
2013-05-09,49.700001,49.810001,48.919998,49.040001,34.474518,18103100.00
2013-05-10,49.049999,49.230000,48.639999,48.959999,34.418274,16199600.00
2013-05-13,48.840000,49.700001,48.610001,49.669998,34.917393,23979500.00
2013-05-14,49.770000,50.419998,49.660000,50.230000,35.311077,24188400.00
2013-05-15,50.200001,51.430000,50.150002,51.090000,35.915638,27467000.00
2013-05-16,50.869999,51.660000,50.840000,50.970001,35.831280,21389500.00
2013-05-17,51.259998,52.330002,51.250000,52.299999,36.766254,26080300.00
2013-05-20,52.279999,52.630001,51.910000,52.290001,36.759224,22020000.00
2013-05-21,52.529999,53.669998,52.450001,53.020000,37.272411,37112600.00
2013-05-22,53.430000,54.959999,53.290001,53.630001,37.701229,46968300.00
2013-05-23,52.820000,53.790001,52.660000,53.349998,37.504395,25294200.00
2013-05-24,52.900002,53.660000,52.720001,53.660000,37.722313,18342300.00
2013-05-28,54.560001,54.650002,54.029999,54.599998,38.383118,27162300.00
2013-05-29,54.090000,54.959999,53.910000,54.669998,38.432331,20482600.00
2013-05-30,54.599998,55.900002,54.529999,55.619999,39.100170,24890800.00
2013-05-31,55.709999,55.830002,54.590000,54.590000,38.376087,24990100.00
2013-06-03,54.599998,54.860001,53.040001,54.490002,38.305801,28279600.00
2013-06-04,54.540001,55.389999,53.869999,54.040001,37.989464,22022600.00
2013-06-05,53.779999,54.270000,52.700001,53.029999,37.279438,24326000.00
2013-06-06,52.840000,53.520000,52.270000,53.500000,37.609829,23940900.00
2013-06-07,53.770000,54.480000,53.410000,54.270000,38.151134,21691000.00
2013-06-10,54.639999,54.840000,54.020000,54.360001,38.214417,16007000.00
2013-06-11,53.459999,54.049999,53.110001,53.490002,37.602810,17600800.00
2013-06-12,53.900002,54.099998,52.970001,53.180000,37.384892,18479100.00
2013-06-13,53.000000,54.240002,52.970001,54.169998,38.080849,17090200.00
2013-06-14,54.040001,54.130001,52.910000,53.130001,37.349735,17185300.00
2013-06-17,53.700001,54.259998,53.540001,53.849998,37.855881,16856600.00
2013-06-18,54.029999,54.270000,53.720001,54.110001,38.038673,13259100.00
2013-06-19,53.990002,54.509998,53.520000,53.549999,37.644989,20840000.00
2013-06-20,53.080002,53.180000,52.270000,52.480000,36.892796,31857100.00
2013-06-21,52.959999,52.980000,51.689999,51.959999,36.527245,44412200.00
2013-06-24,50.880001,51.450001,50.110001,50.919998,35.796124,30736500.00
2013-06-25,51.509998,52.560001,51.509998,52.080002,36.611595,20951400.00
2013-06-26,52.650002,52.799999,51.880001,52.500000,36.906845,19332000.00
2013-06-27,53.029999,53.490002,52.880001,53.150002,37.363792,17093600.00
2013-06-28,53.119999,53.130001,52.580002,52.790001,37.110725,18256000.00
2013-07-01,53.220001,53.630001,52.430000,52.490002,36.899822,23511100.00
2013-07-02,52.570000,53.529999,52.119999,52.799999,37.388432,23935300.00
2013-07-03,52.310001,52.810001,52.209999,52.770000,37.367180,10442300.00
2013-07-05,53.360001,54.000000,53.110001,53.990002,38.231083,17070200.00
2013-07-08,54.540001,54.910000,54.049999,54.700001,38.733837,21786900.00
2013-07-09,55.070000,55.169998,54.189999,54.889999,38.868374,20508700.00
2013-07-10,54.770000,55.150002,54.439999,54.830002,38.825890,16915000.00
2013-07-11,55.840000,55.869999,54.549999,55.139999,39.045406,21322600.00
2013-07-12,55.509998,55.849998,54.750000,54.970001,38.925037,32569200.00
2013-07-15,55.490002,55.500000,54.599998,54.889999,38.868374,28292000.00
2013-07-16,54.900002,55.410000,54.779999,55.009998,38.953358,19222700.00
2013-07-17,55.049999,55.580002,54.840000,55.270000,39.137463,19166600.00
2013-07-18,55.509998,56.529999,55.490002,56.369999,39.916367,24563100.00
2013-07-19,56.509998,56.560001,55.910000,56.160000,39.767689,17762600.00
2013-07-22,56.169998,56.669998,55.950001,56.560001,40.050934,15999700.00
2013-07-23,56.720001,56.889999,56.470001,56.669998,40.128807,10577100.00
2013-07-24,56.919998,56.930000,56.380001,56.630001,40.100498,16665000.00
2013-07-25,56.450001,56.500000,55.889999,56.500000,40.008438,13870200.00
2013-07-26,56.060001,56.220001,55.599998,56.049999,39.689800,16762300.00
2013-07-29,55.980000,56.000000,55.380001,55.689999,39.434872,10049100.00
2013-07-30,55.869999,55.990002,55.080002,55.330002,39.179958,14207400.00
2013-07-31,55.580002,56.270000,55.509998,55.730000,39.463192,19404900.00
2013-08-01,56.360001,56.779999,56.200001,56.540001,40.036766,15979400.00
2013-08-02,56.270000,56.520000,56.009998,56.490002,40.001369,11007300.00
2013-08-05,56.330002,56.580002,56.009998,56.099998,39.725193,9370200.00
2013-08-06,55.990002,56.099998,55.310001,55.490002,39.293255,10588600.00
2013-08-07,55.060001,55.470001,54.779999,55.299999,39.158710,12828400.00
2013-08-08,55.419998,55.730000,54.130001,54.830002,38.825890,18587100.00
2013-08-09,54.689999,55.150002,54.330002,54.520000,38.606365,12652500.00
2013-08-12,54.040001,54.320000,53.680000,54.090000,38.301884,15133000.00
2013-08-13,54.220001,54.700001,53.599998,54.290001,38.443516,15078100.00
2013-08-14,54.330002,54.849998,54.000000,54.150002,38.344368,15785800.00
2013-08-15,53.520000,53.680000,52.889999,53.290001,37.735397,16933200.00
2013-08-16,53.070000,53.779999,53.070000,53.290001,37.735397,17139000.00
2013-08-19,52.889999,52.950001,51.799999,51.830002,36.701550,22793300.00
2013-08-20,51.779999,52.360001,50.660000,52.119999,36.906902,18701500.00
2013-08-21,51.919998,52.220001,51.279999,51.630001,36.559937,17136200.00
2013-08-22,52.000000,52.660000,51.930000,52.209999,36.970623,14658500.00
2013-08-23,52.270000,52.419998,51.900002,52.320000,37.048508,11126800.00
2013-08-26,52.160000,52.540001,51.790001,51.799999,36.680313,16548400.00
2013-08-27,51.020000,51.549999,50.549999,50.599998,35.830559,23596800.00
2013-08-28,50.330002,51.049999,50.130001,50.580002,35.816410,18748100.00
2013-08-29,50.590000,51.180000,50.450001,50.700001,35.901386,13576000.00
2013-08-30,50.820000,50.830002,50.290001,50.529999,35.781002,15863100.00
2013-09-03,51.250000,51.720001,50.830002,51.130001,36.205875,15277200.00
2013-09-04,51.160000,52.099998,50.930000,51.869999,36.729877,19923800.00
2013-09-05,52.029999,52.520000,51.910000,52.110001,36.899818,13913200.00
2013-09-06,52.410000,52.709999,51.279999,52.560001,37.218472,22339900.00
2013-09-09,52.779999,53.189999,52.520000,52.860001,37.430912,19936400.00
2013-09-10,53.830002,53.930000,53.299999,53.669998,38.004475,20233200.00
2013-09-11,53.369999,53.759998,53.060001,53.259998,37.714172,16028600.00
2013-09-12,53.430000,53.709999,52.080002,52.240002,36.991879,21976700.00
2013-09-13,52.290001,52.799999,52.230000,52.590000,37.239708,11942900.00
2013-09-16,53.450001,53.490002,52.980000,53.139999,37.629181,17055300.00
2013-09-17,53.189999,53.320000,52.880001,53.090000,37.593769,13207000.00
2013-09-18,52.689999,53.869999,52.560001,53.410000,37.820366,20844500.00
2013-09-19,53.630001,53.750000,52.529999,52.750000,37.353016,22452200.00
2013-09-20,52.950001,53.470001,52.799999,52.799999,37.388432,30792200.00
2013-09-23,52.080002,52.380001,51.389999,51.459999,36.439552,28189500.00
2013-09-24,51.009998,51.270000,50.299999,50.320000,35.632290,34906900.00
2013-09-25,50.220001,51.900002,50.060001,51.700001,36.609493,39175500.00
2013-09-26,51.930000,52.560001,51.540001,51.889999,36.744045,22298700.00
2013-09-27,51.500000,52.400002,51.389999,52.240002,36.991879,23026000.00
2013-09-30,51.730000,52.090000,51.439999,51.689999,36.602409,21350600.00
2013-10-01,51.639999,52.090000,51.450001,51.959999,36.793606,19188000.00
2013-10-02,51.320000,52.450001,51.290001,52.090000,37.157417,23841200.00
2013-10-03,52.000000,52.200001,51.500000,51.939999,37.050400,18614500.00
2013-10-04,52.070000,52.680000,52.009998,52.669998,37.571133,17407200.00
2013-10-07,52.290001,52.360001,51.830002,51.830002,36.971928,16159300.00
2013-10-08,51.830002,51.959999,50.840000,50.869999,36.287140,19536000.00
2013-10-09,51.169998,51.340000,50.250000,50.750000,36.201550,24721200.00
2013-10-10,51.840000,52.560001,51.380001,52.520000,37.464142,24328700.00
2013-10-11,52.959999,53.349998,52.160000,52.509998,37.457012,32498800.00
2013-10-14,51.939999,52.840000,51.759998,52.709999,37.599667,18881600.00
2013-10-15,52.910000,53.040001,52.180000,52.310001,37.314342,17566500.00
2013-10-16,52.610001,54.049999,52.580002,54.000000,38.519863,24864000.00
2013-10-17,53.790001,54.290001,53.610001,54.209999,38.669666,17791000.00
2013-10-18,54.259998,54.580002,53.799999,54.299999,38.733868,24796600.00
2013-10-21,54.270000,54.849998,53.889999,54.270000,38.712475,19471700.00
2013-10-22,54.650002,54.680000,53.619999,53.619999,38.248802,24820900.00
2013-10-23,53.310001,53.360001,52.720001,52.750000,37.628201,21034400.00
2013-10-24,52.840000,52.889999,52.110001,52.480000,37.435608,17759000.00
2013-10-25,52.160000,52.910000,52.070000,52.770000,37.642483,20889600.00
2013-10-28,52.889999,53.090000,52.500000,52.680000,37.578266,14836800.00
2013-10-29,52.830002,52.990002,52.250000,52.730000,37.613934,23363100.00
2013-10-30,53.000000,53.240002,52.500000,52.599998,37.521202,16157200.00
2013-10-31,52.650002,52.709999,51.540001,51.540001,36.765072,23738000.00
2013-11-01,51.450001,52.709999,51.299999,52.509998,37.457012,25794400.00
2013-11-04,52.740002,52.759998,52.000000,52.040001,37.121738,18891300.00
2013-11-05,51.849998,52.130001,51.660000,51.950001,37.057541,14532200.00
2013-11-06,52.259998,52.340000,51.830002,52.099998,37.164539,14013000.00
2013-11-07,52.130001,52.340000,51.580002,51.650002,36.843533,17348900.00
2013-11-08,51.830002,53.970001,51.799999,53.959999,38.491337,31183100.00
2013-11-11,53.910000,54.150002,53.700001,54.099998,38.591194,12062800.00
2013-11-12,53.930000,54.080002,53.599998,53.970001,38.498466,15964800.00
2013-11-13,53.520000,54.200001,53.150002,54.139999,38.619724,22121900.00
2013-11-14,54.259998,54.500000,53.700001,54.400002,38.805210,17634000.00
2013-11-15,54.270000,54.959999,54.189999,54.869999,39.140461,20530100.00
2013-11-18,55.490002,56.000000,55.299999,55.740002,39.761063,22318800.00
2013-11-19,55.970001,56.639999,55.779999,56.150002,40.053524,22979900.00
2013-11-20,56.430000,56.439999,55.770000,56.099998,40.017860,17682800.00
2013-11-21,56.279999,57.400002,56.279999,57.220001,40.816807,22843600.00
2013-11-22,57.250000,57.520000,57.060001,57.459999,40.987995,16730600.00
2013-11-25,57.500000,58.139999,57.410000,57.650002,41.123528,18649600.00
2013-11-26,57.630001,57.959999,57.169998,57.169998,40.781113,16263300.00
2013-11-27,57.580002,57.830002,57.330002,57.480000,41.002247,11238900.00
2013-11-29,57.580002,57.849998,57.200001,57.220001,40.816807,7128800.00
2013-12-02,57.099998,57.750000,56.900002,56.980000,40.645596,12465300.00
2013-12-03,56.889999,57.220001,56.139999,56.860001,40.559990,20426800.00
2013-12-04,56.439999,57.470001,56.209999,57.189999,40.795387,20287200.00
2013-12-05,56.709999,56.740002,55.750000,55.820000,39.818111,21324900.00
2013-12-06,56.570000,56.759998,55.619999,56.060001,39.989323,18661200.00
2013-12-09,56.279999,56.529999,56.090000,56.509998,40.310322,12714000.00
2013-12-10,56.490002,57.070000,56.349998,56.700001,40.445854,14543700.00
2013-12-11,56.540001,56.770000,55.959999,56.070000,39.996460,17836100.00
2013-12-12,56.049999,56.599998,55.910000,56.310001,40.167667,15325300.00
2013-12-13,56.369999,56.560001,56.040001,56.169998,40.067780,11461300.00
2013-12-16,56.340000,56.939999,56.330002,56.419998,40.246128,26379200.00
2013-12-17,56.660000,56.660000,55.660000,55.720001,39.746799,18338500.00
2013-12-18,55.840000,57.270000,55.400002,57.240002,40.831062,27685900.00
2013-12-19,57.099998,57.540001,56.820000,57.230000,40.823936,16790000.00
2013-12-20,57.209999,58.000000,57.200001,57.700001,41.159191,22001700.00
2013-12-23,57.970001,58.389999,57.799999,58.240002,41.544388,13990600.00
2013-12-24,58.070000,58.290001,58.040001,58.250000,41.551517,4532600.00
2013-12-26,58.349998,58.459999,57.919998,58.200001,41.515854,6677000.00
2013-12-27,58.169998,58.349998,58.060001,58.139999,41.473057,8943700.00
2013-12-30,58.139999,58.270000,57.709999,57.950001,41.337524,8815800.00
2013-12-31,58.200001,58.549999,58.049999,58.480000,41.715580,11017400.00
2014-01-02,58.310001,58.500000,57.970001,58.209999,41.794563,15627600.00
2014-01-03,58.290001,58.950001,58.209999,58.660000,42.117661,14214100.00
2014-01-06,59.160000,59.470001,58.830002,59.000000,42.361786,17550700.00
2014-01-07,59.290001,59.430000,58.110001,58.320000,41.873535,17851200.00
2014-01-08,58.540001,58.910000,58.299999,58.869999,42.268456,14687400.00
2014-01-09,58.980000,59.000000,58.330002,58.759998,42.189465,13242500.00
2014-01-10,58.669998,58.759998,58.180000,58.490002,41.995609,12694900.00
2014-01-13,58.509998,58.669998,57.529999,57.700001,41.428394,20711600.00
2014-01-14,58.299999,58.580002,57.560001,57.740002,41.457108,30272400.00
2014-01-15,57.730000,59.650002,57.730000,59.490002,42.713596,35186600.00
2014-01-16,58.790001,59.820000,58.740002,58.990002,42.354599,21689400.00
2014-01-17,59.209999,59.230000,58.029999,58.110001,41.722771,20997900.00
2014-01-21,58.090000,58.439999,57.580002,58.169998,41.765846,19548300.00
2014-01-22,58.330002,58.330002,57.419998,57.590000,41.349419,15433500.00
2014-01-23,57.090000,57.099998,56.209999,56.470001,40.545265,26234600.00
2014-01-24,56.000000,56.360001,55.090000,55.090000,39.554424,26833100.00
2014-01-27,55.080002,55.799999,54.689999,55.090000,39.554424,23935000.00
2014-01-28,55.389999,56.340000,55.240002,55.740002,40.021122,18041000.00
2014-01-29,54.959999,55.869999,54.849998,55.529999,39.870342,25459000.00
2014-01-30,56.070000,56.389999,55.630001,56.000000,40.207790,17031100.00
2014-01-31,55.500000,56.110001,55.180000,55.360001,39.748276,18174000.00
2014-02-03,55.500000,55.919998,54.200001,54.310001,38.994385,28549900.00
2014-02-04,54.720001,55.349998,54.599998,54.950001,39.453899,20709300.00
2014-02-05,55.099998,55.450001,54.580002,55.209999,39.640583,19491600.00
2014-02-06,55.349998,56.549999,55.200001,56.480000,40.552437,20881600.00
2014-02-07,56.650002,56.930000,56.259998,56.619999,40.652950,23388500.00
2014-02-10,56.770000,56.919998,56.389999,56.740002,40.739120,14715200.00
2014-02-11,56.610001,57.570000,56.580002,57.430000,41.234524,18774100.00
2014-02-12,57.340000,57.709999,57.160000,57.520000,41.299141,13437900.00
2014-02-13,57.070000,58.099998,56.959999,58.029999,41.665333,16605500.00
2014-02-14,57.889999,58.230000,57.750000,58.150002,41.751492,13067300.00
2014-02-18,58.020000,58.650002,57.900002,58.490002,41.995609,14983800.00
2014-02-19,58.360001,58.540001,57.220001,57.259998,41.112469,18669900.00
2014-02-20,57.529999,57.970001,57.270000,57.580002,41.342236,12457000.00
2014-02-21,57.590000,57.840000,57.369999,57.610001,41.363770,16790100.00
2014-02-24,57.619999,58.230000,57.580002,58.029999,41.665333,16151400.00
2014-02-25,57.900002,57.980000,56.919998,57.029999,40.947327,17991800.00
2014-02-26,57.369999,57.380001,56.220001,56.750000,40.746296,23661700.00
2014-02-27,56.779999,56.889999,56.139999,56.689999,40.703209,16277500.00
2014-02-28,56.570000,57.450001,56.389999,56.820000,40.796555,18599000.00
2014-03-03,56.299999,56.419998,55.689999,56.209999,40.358566,19151000.00
2014-03-04,56.950001,57.360001,56.639999,57.259998,41.112469,17157000.00
2014-03-05,57.480000,58.290001,57.360001,58.160000,41.758659,17761500.00
2014-03-06,58.509998,59.090000,58.400002,58.900002,42.289993,19420600.00
2014-03-07,59.349998,59.799999,59.070000,59.400002,42.648979,18602200.00
2014-03-10,59.139999,59.480000,58.869999,59.200001,42.505383,16945200.00
2014-03-11,59.419998,59.450001,58.130001,58.189999,41.780209,19420000.00
2014-03-12,57.700001,57.959999,57.419998,57.919998,41.586346,17932100.00
2014-03-13,58.000000,58.340000,57.189999,57.419998,41.227352,17192500.00
2014-03-14,57.110001,57.529999,56.619999,56.799999,40.782188,18635800.00
2014-03-17,57.209999,57.700001,57.049999,57.580002,41.342236,13581400.00
2014-03-18,57.820000,58.160000,57.619999,58.060001,41.686855,12554800.00
2014-03-19,57.990002,58.930000,57.889999,58.299999,41.859188,21450700.00
2014-03-20,58.360001,60.490002,58.130001,60.110001,43.158756,33736500.00
2014-03-21,60.959999,61.200001,60.000000,60.169998,43.201847,35144100.00
2014-03-24,60.369999,61.189999,60.349998,61.070000,43.848038,25810500.00
2014-03-25,61.110001,61.480000,60.560001,60.930000,43.747513,24053500.00
2014-03-26,61.240002,61.400002,59.889999,59.900002,43.007980,22745200.00
2014-03-27,59.939999,60.549999,59.020000,59.919998,43.022346,24632600.00
2014-03-28,60.209999,60.590000,59.680000,60.040001,43.108498,14708700.00
2014-03-31,60.830002,61.020000,60.599998,60.709999,43.589558,15216700.00
2014-04-01,60.950001,61.290001,60.369999,60.669998,43.560825,14584400.00
2014-04-02,60.369999,60.770000,60.200001,60.480000,43.698109,14012200.00
2014-04-03,60.650002,60.799999,60.279999,60.660000,43.828167,11925200.00
2014-04-04,61.020000,61.060001,59.799999,59.810001,43.214031,16966900.00
2014-04-07,59.689999,60.000000,58.840000,59.000000,42.628788,18685700.00
2014-04-08,58.799999,59.020000,58.250000,58.849998,42.520397,16956500.00
2014-04-09,59.099998,59.450001,58.500000,59.270000,42.823856,15308400.00
2014-04-10,59.349998,59.389999,57.380001,57.400002,41.472744,29977200.00
2014-04-11,55.180000,56.049999,54.549999,55.299999,39.955444,47241300.00
2014-04-14,55.849998,55.939999,54.480000,54.959999,39.709801,31081500.00
2014-04-15,55.090000,55.639999,54.349998,54.799999,39.594193,26691400.00
2014-04-16,55.000000,55.349998,54.689999,55.259998,39.926540,27049400.00
2014-04-17,55.340000,55.570000,55.009998,55.220001,39.897652,17955400.00
2014-04-21,55.259998,55.410000,54.990002,55.029999,39.760372,12384800.00
2014-04-22,55.040001,56.080002,54.939999,55.810001,40.323948,16257600.00
2014-04-23,55.799999,56.119999,55.560001,56.049999,40.497345,11379000.00
2014-04-24,56.070000,56.259998,55.610001,56.189999,40.598507,15360600.00
2014-04-25,56.310001,56.349998,55.639999,55.700001,40.244457,15937700.00
2014-04-28,55.630001,55.700001,54.680000,55.490002,40.092728,21394100.00
2014-04-29,55.730000,56.310001,55.570000,56.099998,40.533470,13453400.00
2014-04-30,56.240002,56.349998,55.720001,55.980000,40.446777,14388100.00
2014-05-01,55.919998,56.189999,55.500000,55.720001,40.258919,12744600.00
2014-05-02,55.830002,56.369999,55.439999,55.580002,40.157764,15153800.00
2014-05-05,53.880001,54.740002,53.700001,54.220001,39.175117,25232300.00
2014-05-06,54.040001,54.060001,53.320000,53.340000,38.539303,25327400.00
2014-05-07,53.549999,54.119999,53.240002,54.049999,39.052307,18502600.00
2014-05-08,54.200001,54.529999,54.060001,54.360001,39.276299,16090800.00
2014-05-09,54.220001,54.310001,53.680000,54.009998,39.023399,12366500.00
2014-05-12,54.270000,54.700001,54.029999,54.650002,39.485817,12825500.00
2014-05-13,54.740002,54.830002,54.500000,54.619999,39.464134,12310700.00
2014-05-14,54.639999,54.700001,54.299999,54.360001,39.276299,10325800.00
2014-05-15,54.200001,54.200001,53.349998,53.509998,38.662128,19763000.00
2014-05-16,53.419998,53.509998,52.970001,53.310001,38.517647,19992400.00
2014-05-19,53.080002,53.910000,53.060001,53.830002,38.893341,12068900.00
2014-05-20,53.720001,54.040001,53.410000,53.720001,38.813885,16888200.00
2014-05-21,54.049999,54.599998,53.980000,54.119999,39.102882,13210200.00
2014-05-22,54.169998,54.599998,54.020000,54.549999,39.413567,11800900.00
2014-05-23,54.549999,54.590000,54.160000,54.529999,39.399113,10876500.00
2014-05-27,54.750000,55.430000,54.689999,55.139999,39.839859,14503700.00
2014-05-28,55.090000,55.599998,55.000000,55.450001,40.063843,11374900.00
2014-05-29,55.750000,55.919998,55.389999,55.720001,40.258919,11741000.00
2014-05-30,55.580002,55.880001,55.310001,55.570000,40.150536,11991900.00
2014-06-02,55.650002,55.650002,55.020000,55.349998,39.991573,9440000.00
2014-06-03,55.090000,55.660000,55.090000,55.599998,40.172211,9131500.00
2014-06-04,55.520000,55.730000,55.250000,55.680000,40.230011,9727800.00
2014-06-05,55.910000,56.660000,55.490002,56.630001,40.916397,16803400.00
2014-06-06,56.759998,57.130001,56.650002,56.970001,41.162071,15399800.00
2014-06-09,56.910000,57.669998,56.900002,57.419998,41.487202,11999700.00
2014-06-10,57.470001,57.939999,57.389999,57.900002,41.834015,11609200.00
2014-06-11,57.480000,57.790001,56.980000,57.270000,41.378819,14232200.00
2014-06-12,57.070000,57.419998,56.869999,57.040001,41.212643,11670200.00
2014-06-13,57.029999,57.669998,56.880001,57.040001,41.212643,12040800.00
2014-06-16,56.849998,56.950001,56.330002,56.869999,41.089806,11199100.00
2014-06-17,56.790001,57.590000,56.680000,57.419998,41.487202,11200500.00
2014-06-18,57.290001,57.810001,56.950001,57.779999,41.747299,13729400.00
2014-06-19,57.689999,57.689999,57.209999,57.299999,41.400494,11624400.00
2014-06-20,57.689999,57.770000,57.349998,57.549999,41.581123,17124800.00
2014-06-23,57.540001,58.220001,57.240002,58.189999,42.043541,16007700.00
2014-06-24,57.880001,58.119999,57.299999,57.419998,41.487202,12322900.00
2014-06-25,57.220001,57.740002,56.869999,57.529999,41.566673,14836600.00
2014-06-26,57.340000,57.490002,56.599998,57.389999,41.465538,11854400.00
2014-06-27,57.330002,57.700001,57.240002,57.529999,41.566673,10178600.00
2014-06-30,57.439999,57.779999,57.380001,57.619999,41.631702,11549000.00
2014-07-01,57.150002,57.990002,57.080002,57.570000,41.886372,14472200.00
2014-07-02,57.270000,57.480000,56.820000,56.970001,41.449814,19189900.00
2014-07-03,57.230000,57.650002,57.000000,57.049999,41.508018,12599800.00
2014-07-07,56.889999,56.990002,56.400002,56.669998,41.231541,13916100.00
2014-07-08,56.349998,56.470001,55.630001,55.759998,40.569450,18343400.00
2014-07-09,55.880001,56.119999,55.610001,56.020000,40.758610,10914300.00
2014-07-10,55.060001,55.810001,54.959999,55.560001,40.423935,12436600.00
2014-07-11,55.290001,55.910000,55.189999,55.799999,40.598557,10230000.00
2014-07-14,56.529999,56.840000,56.200001,56.290001,40.955070,14004400.00
2014-07-15,57.950001,58.689999,57.759998,58.270000,42.395649,36178000.00
2014-07-16,58.509998,58.980000,58.310001,58.709999,42.715790,20507500.00
2014-07-17,58.560001,58.860001,57.759998,57.860001,42.097351,17013500.00
2014-07-18,58.330002,58.480000,57.900002,58.230000,42.366562,12803300.00
2014-07-21,58.119999,58.410000,57.900002,58.240002,42.373825,9141400.00
2014-07-22,58.419998,58.799999,58.369999,58.669998,42.686695,10375200.00
2014-07-23,58.759998,59.189999,58.520000,59.000000,42.926792,11122100.00
2014-07-24,59.070000,59.349998,58.990002,59.169998,43.050480,9844100.00
2014-07-25,58.919998,59.270000,58.840000,59.009998,42.934055,10500600.00
2014-07-28,58.939999,59.259998,58.669998,59.189999,43.065025,12382800.00
2014-07-29,59.130001,59.130001,58.439999,58.639999,42.664845,13498800.00
2014-07-30,59.020000,59.279999,58.610001,58.910000,42.861305,11815700.00
2014-07-31,58.650002,58.680000,57.660000,57.669998,41.959118,15955900.00
2014-08-01,57.389999,57.490002,55.970001,56.480000,41.093311,23915400.00
2014-08-04,56.910000,56.980000,56.340000,56.650002,41.216988,13543900.00
2014-08-05,56.430000,56.599998,55.599998,56.060001,40.787724,16863300.00
2014-08-06,55.889999,56.689999,55.830002,56.230000,40.911404,12190600.00
2014-08-07,56.630001,56.689999,55.680000,55.910000,40.678577,11743800.00
2014-08-08,55.889999,56.360001,55.639999,56.340000,40.991444,12213200.00
2014-08-11,56.540001,56.580002,56.169998,56.320000,40.976887,9066800.00
2014-08-12,56.230000,56.549999,56.130001,56.349998,40.998718,11289600.00
2014-08-13,56.689999,56.840000,56.509998,56.720001,41.267914,7012600.00
2014-08-14,56.770000,57.000000,56.700001,56.980000,41.457092,8275900.00
2014-08-15,57.240002,57.500000,56.389999,56.750000,41.289753,12727400.00
2014-08-18,56.860001,57.430000,56.759998,57.230000,41.638981,8881400.00
2014-08-19,57.599998,57.720001,57.340000,57.560001,41.879074,9040500.00
2014-08-20,57.419998,57.849998,57.389999,57.639999,41.937271,8121400.00
2014-08-21,57.660000,58.770000,57.599998,58.500000,42.563007,12745500.00
2014-08-22,58.439999,59.080002,58.330002,58.490002,42.555717,10228600.00
2014-08-25,58.980000,59.830002,58.860001,59.340000,43.174152,13996800.00
2014-08-26,59.570000,59.950001,59.389999,59.740002,43.465187,10281100.00
2014-08-27,59.849998,59.950001,59.529999,59.590000,43.356049,11410900.00
2014-08-28,59.250000,59.369999,58.810001,59.160000,43.043182,9096100.00
2014-08-29,59.340000,59.650002,59.230000,59.450001,43.254200,8897900.00
2014-09-02,59.459999,59.709999,59.150002,59.669998,43.414268,8671100.00
2014-09-03,60.020000,60.369999,59.459999,59.700001,43.436089,11791800.00
2014-09-04,59.630001,60.139999,59.430000,59.709999,43.443359,9811900.00
2014-09-05,59.619999,59.910000,59.220001,59.910000,43.588882,9600900.00
2014-09-08,59.840000,60.220001,59.740002,59.889999,43.574318,8090000.00
2014-09-09,59.630001,59.680000,58.779999,59.060001,42.970428,14868700.00
2014-09-10,59.150002,59.560001,58.919998,59.220001,43.086849,9153800.00
2014-09-11,59.180000,59.840000,58.970001,59.759998,43.479733,11467000.00
2014-09-12,59.799999,60.410000,59.750000,60.029999,43.676170,14359100.00
2014-09-15,59.779999,59.990002,59.450001,59.939999,43.610718,10685600.00
2014-09-16,59.709999,60.200001,59.619999,59.990002,43.647076,10947900.00
2014-09-17,59.950001,60.590000,59.820000,60.310001,43.879906,15091800.00
2014-09-18,60.540001,61.400002,60.540001,61.320000,44.614746,16973700.00
2014-09-19,61.740002,61.849998,60.980000,61.110001,44.461971,18739300.00
2014-09-22,60.939999,61.450001,60.799999,60.910000,44.316448,13225200.00
2014-09-23,60.820000,61.400002,60.770000,60.939999,44.338272,14328800.00
2014-09-24,61.180000,61.639999,61.020000,61.630001,44.840290,13728200.00
2014-09-25,61.490002,61.500000,60.150002,60.150002,43.763496,16340100.00
2014-09-26,60.330002,60.880001,60.320000,60.560001,44.061783,11948900.00
2014-09-29,60.029999,60.500000,59.730000,60.330002,43.894444,10686500.00
2014-09-30,60.400002,60.740002,60.130001,60.240002,43.828976,14384800.00
2014-10-01,60.240002,60.400002,59.730000,59.770000,43.487003,18995800.00
2014-10-02,59.150002,59.490002,58.610001,58.840000,43.098808,24559100.00
2014-10-03,59.250000,60.389999,59.049999,60.299999,44.168228,18321100.00
2014-10-06,60.779999,60.799999,60.000000,60.180000,44.080318,11578000.00
2014-10-07,59.919998,59.919998,59.189999,59.270000,43.413780,14542000.00
2014-10-08,59.360001,60.430000,59.180000,60.400002,44.241463,15834100.00
2014-10-09,60.330002,60.330002,58.889999,59.080002,43.274601,19189500.00
2014-10-10,59.029999,59.820000,58.509998,58.520000,42.864410,16689400.00
2014-10-13,58.500000,59.150002,58.110001,58.160000,42.600716,17169300.00
2014-10-14,56.689999,58.520000,56.060001,57.990002,42.476208,29096800.00
2014-10-15,57.020000,57.380001,54.259998,55.529999,40.674324,37866900.00
2014-10-16,54.750000,55.980000,54.279999,55.080002,40.344711,31965100.00
2014-10-17,55.730000,56.779999,55.570000,56.200001,41.165062,20183500.00
2014-10-20,56.099998,56.750000,56.070000,56.630001,41.480042,10807600.00
2014-10-21,57.230000,58.009998,57.080002,57.930000,42.432259,14020400.00
2014-10-22,58.040001,58.259998,57.439999,57.450001,42.080658,13750700.00
2014-10-23,58.119999,58.599998,57.939999,58.060001,42.527473,12641900.00
2014-10-24,58.000000,58.779999,58.000000,58.740002,43.025558,13758000.00
2014-10-27,58.450001,58.790001,58.250000,58.639999,42.952309,11087100.00
2014-10-28,58.869999,59.689999,58.810001,59.630001,43.677460,13625000.00
2014-10-29,59.619999,59.779999,58.759998,59.290001,43.428410,16712100.00
2014-10-30,58.939999,59.680000,58.919998,59.389999,43.501667,14709800.00
2014-10-31,60.119999,60.540001,59.869999,60.480000,44.300060,18347600.00
2014-11-03,60.790001,61.150002,60.360001,60.880001,44.593052,11841200.00
2014-11-04,60.240002,60.369999,59.419998,60.250000,44.131596,15295800.00
2014-11-05,60.799999,61.230000,60.389999,61.150002,44.790833,14063800.00
2014-11-06,61.080002,61.310001,60.630001,61.230000,44.849411,10421600.00
2014-11-07,61.070000,61.549999,60.860001,61.470001,45.025211,12384600.00
2014-11-10,61.250000,61.930000,61.200001,61.930000,45.362164,10801000.00
2014-11-11,61.709999,61.889999,61.290001,61.369999,44.951962,12539800.00
2014-11-12,60.419998,60.840000,60.230000,60.560001,44.358662,17219600.00
2014-11-13,60.500000,60.630001,59.990002,60.230000,44.116943,12240400.00
2014-11-14,60.250000,60.619999,60.180000,60.279999,44.153564,6803400.00
2014-11-17,60.000000,60.529999,59.889999,60.380001,44.226807,9017600.00
2014-11-18,60.349998,60.820000,60.200001,60.529999,44.336685,8897800.00
2014-11-19,60.450001,60.790001,60.150002,60.599998,44.387959,9210100.00
2014-11-20,60.200001,60.250000,59.750000,60.119999,44.036377,10917300.00
2014-11-21,61.070000,61.070000,60.299999,60.450001,44.278095,12340500.00
2014-11-24,60.700001,61.310001,60.700001,60.959999,44.651653,8335000.00
2014-11-25,61.160000,61.160000,59.950001,60.299999,44.168228,14802600.00
2014-11-26,60.570000,60.570000,60.200001,60.340000,44.197506,7626600.00
2014-11-28,60.400002,60.560001,60.029999,60.160000,44.065666,6759600.00
2014-12-01,59.980000,60.209999,59.549999,60.000000,43.948463,12771600.00
2014-12-02,60.009998,61.189999,60.000000,61.080002,44.739548,12546600.00
2014-12-03,60.959999,61.619999,60.810001,61.540001,45.076477,12115500.00
2014-12-04,61.099998,61.570000,60.840000,61.380001,44.959297,11515200.00
2014-12-05,62.009998,63.060001,61.880001,62.700001,45.926155,20071100.00
2014-12-08,62.599998,63.160000,62.259998,62.669998,45.904171,15528200.00
2014-12-09,61.849998,62.849998,61.560001,62.450001,45.743038,19676400.00
2014-12-10,62.160000,62.240002,60.369999,60.680000,44.446552,29620600.00
2014-12-11,61.169998,62.060001,61.110001,61.139999,44.783493,16886200.00
2014-12-12,60.529999,61.220001,59.959999,60.040001,43.977776,17405400.00
2014-12-15,60.740002,60.810001,58.790001,59.160000,43.333195,19209900.00
2014-12-16,58.419998,59.860001,58.110001,58.430000,42.798496,20709700.00
2014-12-17,58.570000,59.830002,58.340000,59.770000,43.779999,17856400.00
2014-12-18,60.639999,61.480000,60.439999,61.480000,45.032547,18173400.00
2014-12-19,61.400002,62.349998,61.369999,61.930000,45.362164,22756400.00
2014-12-22,62.160000,62.330002,61.610001,61.939999,45.369473,17073400.00
2014-12-23,62.049999,62.970001,61.930000,62.480000,45.765003,13552600.00
2014-12-24,62.740002,62.869999,62.270000,62.480000,45.765003,7412500.00
2014-12-26,62.669998,62.889999,62.410000,62.549999,45.816296,6086500.00
2014-12-29,62.419998,63.340000,62.250000,62.959999,46.116592,10601200.00
2014-12-30,62.720001,63.279999,62.570000,63.150002,46.255772,7518100.00
2014-12-31,63.299999,63.490002,62.580002,62.580002,45.838261,18529400.00
2015-01-02,62.180000,62.959999,62.070000,62.490002,46.066776,12600000.00
2015-01-05,62.060001,62.279999,60.230000,60.549999,44.636662,20100600.00
2015-01-06,60.639999,60.750000,58.349998,58.980000,43.479267,29074100.00
2015-01-07,59.889999,59.889999,58.669998,59.070000,43.545601,23843200.00
2015-01-08,59.970001,60.900002,59.970001,60.389999,44.518684,16971100.00
2015-01-09,60.720001,60.790001,59.290001,59.340000,43.744644,15396200.00
2015-01-12,59.279999,59.400002,58.270000,58.830002,43.368698,15455200.00
2015-01-13,59.259998,59.700001,58.369999,58.840000,43.376057,21644700.00
2015-01-14,58.840000,58.840000,55.270000,56.810001,41.879562,49602300.00
2015-01-15,55.730000,56.610001,54.500000,54.990002,40.537891,42458100.00
2015-01-16,54.660000,56.000000,54.639999,55.930000,41.230843,29368900.00
2015-01-20,56.040001,56.389999,55.419998,55.709999,41.068657,23477700.00
2015-01-21,55.450001,56.419998,55.189999,55.889999,41.201351,21842400.00
2015-01-22,56.380001,57.730000,55.959999,57.590000,42.454582,31423500.00
2015-01-23,57.720001,57.869999,56.660000,56.680000,41.783726,15458300.00
2015-01-26,56.410000,56.990002,56.200001,56.770000,41.850079,12577700.00
2015-01-27,56.049999,56.610001,55.759998,56.200001,41.429882,15220500.00
2015-01-28,56.619999,56.680000,54.750000,54.750000,40.360970,24354400.00
2015-01-29,55.270000,55.889999,54.680000,55.669998,41.039185,20393300.00
2015-01-30,54.990002,55.500000,54.369999,54.380001,40.088211,26943700.00
2015-02-02,54.529999,55.650002,54.270000,55.470001,40.891743,20308900.00
2015-02-03,55.910000,56.779999,55.869999,56.720001,41.813229,18812500.00
2015-02-04,56.320000,57.070000,56.279999,56.380001,41.562576,14934100.00
2015-02-05,56.860001,57.040001,56.459999,56.770000,41.850079,11293900.00
2015-02-06,57.750000,58.730000,57.540001,57.889999,42.675728,25214000.00
2015-02-09,57.419998,58.099998,57.230000,57.820000,42.624123,14372400.00
2015-02-10,58.419998,58.709999,58.049999,58.459999,43.095928,16367300.00
2015-02-11,58.060001,58.660000,57.840000,58.369999,43.029575,13061900.00
2015-02-12,58.930000,59.709999,58.549999,59.570000,43.914200,23211300.00
2015-02-13,59.459999,60.220001,59.340000,59.669998,43.987907,16479100.00
2015-02-17,59.360001,60.139999,59.320000,60.099998,44.304913,15308800.00
2015-02-18,60.099998,60.099998,59.119999,59.369999,43.766762,14278100.00
2015-02-19,59.150002,59.480000,58.799999,59.230000,43.663563,11256500.00
2015-02-20,58.959999,59.889999,58.349998,59.799999,44.083744,15379000.00
2015-02-23,59.500000,59.529999,58.799999,59.349998,43.752007,16814000.00
2015-02-24,60.250000,61.250000,60.080002,60.820000,44.835690,22937700.00
2015-02-25,60.759998,61.270000,60.750000,61.139999,45.071590,18307900.00
2015-02-26,61.029999,61.700001,60.910000,61.580002,45.395950,15444800.00
2015-02-27,61.130001,61.919998,61.130001,61.279999,45.174797,15225900.00
2015-03-02,61.279999,61.830002,61.029999,61.770000,45.536022,13047300.00
2015-03-03,61.650002,61.990002,61.500000,61.970001,45.683441,13706900.00
2015-03-04,61.639999,62.169998,61.349998,62.130001,45.801395,16625500.00
2015-03-05,62.200001,62.230000,61.599998,62.000000,45.705566,10931300.00
2015-03-06,62.160000,62.869999,60.799999,60.889999,44.887280,22719200.00
2015-03-09,60.840000,61.630001,60.799999,61.500000,45.336975,13001500.00
2015-03-10,60.759998,61.009998,59.959999,59.959999,44.201698,16357700.00
2015-03-11,60.130001,60.650002,59.959999,60.240002,44.408119,13015600.00
2015-03-12,60.650002,61.450001,60.650002,61.369999,45.241142,18159600.00
2015-03-13,61.400002,61.860001,60.430000,61.000000,44.968380,16506200.00
2015-03-16,61.500000,61.919998,61.250000,61.849998,45.594994,15182900.00
2015-03-17,61.340000,61.660000,60.919998,61.610001,45.418053,11718300.00
2015-03-18,61.389999,62.049999,61.090000,61.750000,45.521271,15697900.00
2015-03-19,61.570000,61.650002,60.759998,61.200001,45.115818,11523800.00
2015-03-20,61.320000,62.099998,61.150002,61.750000,45.521271,18368300.00
2015-03-23,61.750000,62.080002,61.119999,61.139999,45.071590,15112900.00
2015-03-24,60.970001,61.240002,60.450001,60.459999,44.570301,12128700.00
2015-03-25,60.529999,60.639999,59.590000,59.610001,43.943703,14950900.00
2015-03-26,59.459999,59.790001,58.869999,59.540001,43.892078,14039600.00
2015-03-27,59.490002,59.779999,59.000000,59.549999,43.899475,11755800.00
2015-03-30,60.880001,61.459999,60.610001,60.959999,44.938885,20656500.00
2015-03-31,60.720001,60.939999,60.419998,60.580002,44.658764,17346700.00
2015-04-01,60.410000,60.570000,59.730000,59.950001,44.488083,18100600.00
2015-04-02,60.070000,60.700001,60.000000,60.520000,44.911064,12697800.00
2015-04-06,59.919998,60.750000,59.650002,60.470001,44.873959,12025200.00
2015-04-07,61.150002,61.500000,60.849998,60.849998,45.155964,11505500.00
2015-04-08,61.060001,61.560001,60.939999,61.049999,45.304371,11734000.00
2015-04-09,61.270000,61.580002,60.830002,61.470001,45.616058,11728500.00
2015-04-10,61.349998,61.779999,61.200001,61.700001,45.786736,9869700.00
2015-04-13,61.639999,62.270000,61.500000,62.070000,46.061295,15468700.00
2015-04-14,62.959999,63.610001,62.740002,63.040001,46.781136,33775400.00
2015-04-15,63.080002,64.480003,63.009998,64.209999,47.649364,28732200.00
2015-04-16,64.080002,64.269997,63.660000,63.810001,47.352539,16640500.00
2015-04-17,63.250000,63.400002,62.490002,62.840000,46.632706,20221200.00
2015-04-20,63.220001,63.520000,63.139999,63.240002,46.929554,12755300.00
2015-04-21,63.330002,63.599998,62.130001,62.310001,46.239399,14985100.00
2015-04-22,62.650002,63.150002,62.029999,62.939999,46.706921,14484700.00
2015-04-23,62.790001,63.209999,62.599998,62.799999,46.603024,12851300.00
2015-04-24,62.630001,62.840000,62.340000,62.599998,46.454597,9597500.00
2015-04-27,62.700001,63.150002,62.310001,62.340000,46.261681,11146400.00
2015-04-28,62.490002,62.779999,61.770000,62.759998,46.573338,12307800.00
2015-04-29,62.560001,63.889999,62.459999,63.599998,47.196690,17601200.00
2015-04-30,63.580002,63.880001,62.919998,63.259998,46.944386,16840900.00
2015-05-01,63.700001,63.869999,63.330002,63.610001,47.204121,11640100.00
2015-05-04,63.680000,64.870003,63.639999,64.720001,48.027847,14972500.00
2015-05-05,64.510002,65.320000,64.290001,64.400002,47.790367,17692400.00
2015-05-06,64.529999,65.070000,63.419998,63.919998,47.434166,18087900.00
2015-05-07,63.669998,64.599998,63.250000,64.500000,47.864571,15039900.00
2015-05-08,64.970001,65.650002,64.599998,65.489998,48.599243,16802600.00
2015-05-11,65.260002,65.639999,65.080002,65.449997,48.569553,13798800.00
2015-05-12,65.309998,65.540001,64.760002,65.360001,48.502781,12762200.00
2015-05-13,65.419998,65.629997,65.059998,65.519997,48.621494,11874100.00
2015-05-14,65.830002,66.180000,65.709999,66.050003,49.014816,11855500.00
2015-05-15,66.129997,66.160004,65.440002,65.879997,48.888634,11152100.00
2015-05-18,65.800003,66.540001,65.800003,66.419998,49.289383,10510900.00
2015-05-19,66.769997,67.190002,66.570000,67.010002,49.727222,14282700.00
2015-05-20,66.949997,67.029999,66.400002,66.480003,49.333900,12446000.00
2015-05-21,66.139999,66.680000,66.010002,66.650002,49.460056,12934500.00
2015-05-22,66.629997,66.830002,66.320000,66.470001,49.326481,9296900.00
2015-05-26,66.199997,66.290001,65.309998,65.730003,48.777340,15571300.00
2015-05-27,65.949997,66.650002,65.820000,66.470001,49.326481,10963700.00
2015-05-28,66.360001,66.400002,65.739998,66.199997,49.126133,11797400.00
2015-05-29,66.180000,66.220001,65.360001,65.779999,48.814445,14310700.00
2015-06-01,65.989998,66.660004,65.970001,66.080002,49.037071,11899300.00
2015-06-02,65.830002,66.389999,65.580002,66.019997,48.992542,12784200.00
2015-06-03,66.430000,67.129997,66.269997,66.699997,49.497166,12927300.00
2015-06-04,66.309998,67.050003,66.010002,66.330002,49.222584,13863300.00
2015-06-05,67.370003,67.839996,67.010002,67.419998,50.031464,20801100.00
2015-06-08,67.459999,67.550003,66.809998,66.889999,49.638176,14558700.00
2015-06-09,66.949997,67.269997,66.470001,67.180000,49.853359,13263500.00
2015-06-10,67.589996,68.500000,67.470001,68.260002,50.654808,17478900.00
2015-06-11,68.360001,68.680000,68.150002,68.519997,50.847755,13739900.00
2015-06-12,68.309998,68.540001,67.870003,68.250000,50.647400,11804700.00
2015-06-15,67.580002,68.209999,67.300003,67.989998,50.454456,14082300.00
2015-06-16,67.769997,68.519997,67.620003,68.370003,50.736454,11692800.00
2015-06-17,68.410004,68.680000,68.040001,68.139999,50.565769,14521900.00
2015-06-18,68.349998,68.820000,67.900002,68.779999,51.040722,16759600.00
2015-06-19,68.459999,68.669998,67.919998,68.080002,50.521240,21606400.00
2015-06-22,68.870003,69.290001,68.750000,68.959999,51.174290,14306700.00
2015-06-23,69.349998,69.820000,69.190002,69.750000,51.760525,15736900.00
2015-06-24,69.510002,69.769997,68.910004,69.019997,51.218800,16995000.00
2015-06-25,69.320000,69.470001,68.639999,68.650002,50.944233,13314300.00
2015-06-26,68.940002,69.290001,68.769997,68.949997,51.166866,14489200.00
2015-06-29,67.680000,68.260002,67.160004,67.199997,49.868198,19934400.00
2015-06-30,67.889999,68.110001,67.160004,67.760002,50.283783,20677400.00
2015-07-01,68.120003,68.389999,67.779999,68.070000,50.843983,13964400.00
2015-07-02,67.949997,68.129997,67.190002,67.519997,50.433167,12822900.00
2015-07-06,66.879997,67.459999,66.540001,67.330002,50.291237,13527100.00
2015-07-07,67.089996,67.220001,65.300003,66.800003,49.895355,22421500.00
2015-07-08,66.000000,66.160004,65.209999,65.430000,48.872059,17707200.00
2015-07-09,66.489998,66.699997,65.989998,66.110001,49.379978,14984700.00
2015-07-10,67.220001,67.400002,66.830002,67.050003,50.082100,12356100.00
2015-07-13,67.889999,68.139999,67.680000,68.089996,50.858917,16175600.00
2015-07-14,67.980003,69.099998,67.760002,69.040001,51.568508,20185100.00
2015-07-15,69.230003,69.430000,68.849998,69.190002,51.680546,16891600.00
2015-07-16,69.629997,69.949997,69.410004,69.559998,51.956909,18035700.00
2015-07-17,69.349998,69.489998,68.919998,69.209999,51.695477,14040700.00
2015-07-20,69.500000,69.769997,69.180000,69.260002,51.732830,11512900.00
2015-07-21,69.160004,69.540001,68.870003,69.099998,51.613312,11659900.00
2015-07-22,69.279999,70.290001,69.199997,70.080002,52.345310,15493000.00
2015-07-23,70.190002,70.610001,69.459999,69.639999,52.016659,14331800.00
2015-07-24,69.440002,69.559998,68.680000,68.910004,51.471401,12413900.00
2015-07-27,68.150002,68.220001,67.570000,68.010002,50.799156,16801600.00
2015-07-28,68.550003,68.599998,67.769997,68.050003,50.829037,14932400.00
2015-07-29,68.320000,69.099998,68.160004,68.940002,51.493813,13059200.00
2015-07-30,68.930000,69.449997,68.540001,69.040001,51.568508,10197200.00
2015-07-31,69.010002,69.040001,68.400002,68.529999,51.187553,11911800.00
2015-08-03,68.589996,68.839996,68.000000,68.529999,51.187553,9980600.00
2015-08-04,68.470001,68.949997,68.309998,68.459999,51.135288,10964000.00
2015-08-05,69.050003,69.419998,68.559998,68.730003,51.336956,11302900.00
2015-08-06,68.750000,68.940002,68.000000,68.250000,50.978439,10803400.00
2015-08-07,68.330002,68.739998,67.550003,68.050003,50.829037,11453300.00
2015-08-10,68.220001,69.010002,68.220001,68.889999,51.456467,12661400.00
2015-08-11,68.230003,68.400002,67.849998,68.230003,50.963493,14800300.00
2015-08-12,67.410004,67.550003,66.070000,67.239998,50.224018,21069000.00
2015-08-13,67.250000,67.800003,66.970001,67.550003,50.455578,11930600.00
2015-08-14,67.419998,67.910004,67.400002,67.889999,50.709530,11248800.00
2015-08-17,67.620003,68.239998,67.400002,68.070000,50.843983,10326500.00
2015-08-18,67.980003,68.360001,67.839996,68.209999,50.948559,10617500.00
2015-08-19,67.930000,68.309998,67.360001,67.599998,50.492901,15198200.00
2015-08-20,66.809998,67.040001,65.940002,65.940002,49.253010,20972300.00
2015-08-21,65.089996,65.440002,63.570000,63.599998,47.505157,28235500.00
2015-08-24,59.290001,62.919998,50.070000,60.250000,45.002937,36339100.00
2015-08-25,63.099998,63.320000,59.730000,59.910000,44.748981,31772500.00
2015-08-26,61.799999,62.980000,60.549999,62.910000,46.989788,33576800.00
2015-08-27,63.980000,64.730003,63.139999,64.480003,48.162472,29045700.00
2015-08-28,64.290001,64.459999,63.599998,64.129997,47.901047,16687300.00
2015-08-31,63.610001,64.349998,63.470001,64.099998,47.878632,14223400.00
2015-09-01,62.849998,62.849998,60.990002,61.450001,45.899246,23637300.00
2015-09-02,62.619999,62.910000,61.540001,62.570000,46.735821,17757900.00
2015-09-03,62.880001,63.660000,62.450001,62.680000,46.817974,17065400.00
2015-09-04,61.799999,61.919998,60.750000,61.500000,45.936607,20189000.00
2015-09-08,62.770000,63.200001,62.330002,63.160000,47.176521,13385100.00
2015-09-09,63.939999,64.339996,62.000000,62.180000,46.444527,13889500.00
2015-09-10,61.860001,63.000000,61.450001,62.660000,46.803062,15751100.00
2015-09-11,62.380001,62.660000,61.990002,62.560001,46.728359,12766700.00
2015-09-14,62.639999,62.689999,62.119999,62.380001,46.593910,10202800.00
2015-09-15,62.759998,63.889999,62.509998,63.580002,47.490234,14023500.00
2015-09-16,63.889999,64.290001,63.209999,64.139999,47.908524,12235900.00
2015-09-17,64.139999,64.639999,62.389999,62.650002,46.795586,21249200.00
2015-09-18,61.830002,61.830002,60.779999,60.939999,45.518333,31008000.00
2015-09-21,61.520000,61.910000,61.080002,61.450001,45.899246,13136400.00
2015-09-22,60.599998,61.090000,60.419998,60.910000,45.495918,14811900.00
2015-09-23,60.799999,61.150002,60.320000,60.639999,45.294247,11712200.00
2015-09-24,60.009998,60.380001,59.459999,60.220001,44.980518,17293400.00
2015-09-25,61.270000,61.860001,60.869999,61.470001,45.914204,18384300.00
2015-09-28,60.919998,61.009998,59.689999,59.980000,44.801262,17452200.00
2015-09-29,59.980000,60.130001,58.730000,59.840000,44.696686,19334900.00
2015-09-30,60.700001,61.000000,60.110001,60.970001,45.540730,18743800.00
2015-10-01,61.119999,61.869999,60.540001,61.419998,45.876858,16863200.00
2015-10-02,59.590000,60.860001,58.529999,60.810001,45.748947,20435100.00
2015-10-05,61.240002,62.240002,61.220001,62.020000,46.659264,13471100.00
2015-10-06,62.110001,62.360001,61.619999,62.049999,46.681835,12134800.00
2015-10-07,62.549999,63.029999,61.759998,62.130001,46.742031,12773100.00
2015-10-08,61.849998,62.250000,61.430000,62.130001,46.742031,13964600.00
2015-10-09,62.389999,62.549999,61.580002,61.930000,46.591560,12112000.00
2015-10-12,61.840000,62.009998,61.400002,61.720001,46.433578,10857400.00
2015-10-13,61.389999,62.160000,61.310001,61.549999,46.305676,15621900.00
2015-10-14,60.759998,60.970001,59.540001,59.990002,45.132053,28989400.00
2015-10-15,60.470001,61.959999,60.099998,61.889999,46.561462,18147900.00
2015-10-16,62.430000,62.650002,62.090000,62.430000,46.967724,17456600.00
2015-10-19,62.000000,62.770000,61.910000,62.220001,46.809738,14510400.00
2015-10-20,62.360001,62.820000,62.080002,62.520000,47.035427,11545100.00
2015-10-21,62.880001,62.959999,62.049999,62.060001,46.689362,12113400.00
2015-10-22,62.419998,63.580002,62.419998,63.189999,47.539490,15295700.00
2015-10-23,63.630001,64.190002,63.500000,63.869999,48.051067,16985200.00
2015-10-26,63.840000,63.990002,63.410000,63.900002,48.073643,13880200.00
2015-10-27,63.529999,63.860001,63.310001,63.639999,47.878040,8831900.00
2015-10-28,63.700001,65.739998,63.689999,65.500000,49.277370,17962000.00
2015-10-29,65.260002,65.830002,64.879997,65.209999,49.059193,12753700.00
2015-10-30,65.300003,65.339996,64.129997,64.250000,48.336960,15731400.00
2015-11-02,64.449997,65.750000,64.389999,65.540001,49.307468,15253300.00
2015-11-03,65.290001,66.099998,65.169998,65.779999,49.488010,11519500.00
2015-11-04,66.010002,66.150002,65.629997,65.849998,49.540680,11388400.00
2015-11-05,65.790001,66.669998,65.750000,66.440002,49.984550,12715900.00
2015-11-06,68.370003,69.029999,68.099998,68.459999,51.504246,23262700.00
2015-11-09,68.699997,68.720001,67.080002,67.389999,50.699268,17143800.00
2015-11-10,67.190002,67.849998,66.930000,67.680000,50.917431,13239700.00
2015-11-11,68.099998,68.169998,67.250000,67.349998,50.669163,8513900.00
2015-11-12,66.860001,66.900002,65.949997,66.000000,49.653526,13576900.00
2015-11-13,65.839996,66.169998,65.230003,65.559998,49.322506,11837000.00
2015-11-16,65.459999,66.580002,65.169998,66.510002,50.037220,11041100.00
2015-11-17,66.669998,66.739998,65.889999,66.129997,49.751320,12354800.00
2015-11-18,66.480003,67.550003,66.370003,67.449997,50.744408,12911400.00
2015-11-19,67.580002,67.820000,67.040001,67.660004,50.902393,12839500.00
2015-11-20,67.989998,68.110001,67.379997,67.540001,50.812111,11209600.00
2015-11-23,67.309998,67.580002,66.779999,66.879997,50.315567,11339000.00
2015-11-24,66.169998,67.139999,66.040001,66.779999,50.240345,10910000.00
2015-11-25,66.930000,67.120003,66.550003,66.860001,50.300526,7772000.00
2015-11-27,67.000000,67.330002,66.639999,67.169998,50.533737,4052500.00
2015-11-30,67.279999,67.519997,66.680000,66.680000,50.165104,15147500.00
2015-12-01,67.339996,67.830002,66.989998,67.610001,50.864773,12708800.00
2015-12-02,67.830002,67.879997,66.480003,66.660004,50.150070,13440900.00
2015-12-03,66.830002,67.029999,65.580002,65.800003,49.503059,14626900.00
2015-12-04,66.099998,68.000000,66.029999,67.889999,51.075413,17786000.00
2015-12-07,67.660004,67.750000,66.400002,67.000000,50.405861,11686000.00
2015-12-08,66.250000,66.959999,65.699997,65.959999,49.623440,13084500.00
2015-12-09,65.610001,66.580002,65.040001,65.459999,49.247269,16770200.00
2015-12-10,65.540001,66.500000,65.080002,65.610001,49.360123,12839000.00
2015-12-11,64.800003,65.160004,63.509998,64.070000,48.201527,17889300.00
2015-12-14,64.230003,64.760002,63.599998,64.269997,48.352005,17638200.00
2015-12-15,65.070000,66.650002,65.070000,66.099998,49.728767,18126600.00
2015-12-16,66.910004,67.739998,65.910004,67.529999,50.804592,21720000.00
2015-12-17,67.900002,68.000000,66.080002,66.279999,49.864174,18122100.00
2015-12-18,65.970001,65.970001,64.400002,64.400002,48.449802,23819600.00
2015-12-21,65.019997,65.559998,64.830002,65.540001,49.307468,18869300.00
2015-12-22,65.919998,66.000000,64.980003,65.680000,49.412777,12149500.00
2015-12-23,66.120003,66.849998,66.050003,66.730003,50.202728,12524500.00
2015-12-24,66.620003,66.889999,66.320000,66.599998,50.104931,4468200.00
2015-12-28,66.290001,66.449997,65.709999,66.379997,49.939407,6610600.00
2015-12-29,66.839996,67.300003,66.739998,67.070000,50.458519,9820800.00
2015-12-30,67.040001,67.050003,66.449997,66.589996,50.097408,7190700.00
2015-12-31,66.190002,66.779999,66.000000,66.029999,49.676086,14654300.00
2016-01-04,63.950001,64.059998,63.009998,63.619999,48.184067,25393200.00
2016-01-05,63.700001,64.129997,63.040001,63.730000,48.267384,16566700.00
2016-01-06,62.720001,63.130001,62.340000,62.810001,47.570595,22961500.00
2016-01-07,61.459999,62.000000,60.080002,60.270000,45.646881,27630900.00
2016-01-08,61.130001,61.270000,58.849998,58.919998,44.624416,22373300.00
2016-01-11,58.830002,59.220001,58.040001,58.830002,44.556255,20925500.00
2016-01-12,59.450001,59.560001,58.099998,58.959999,44.654705,22971600.00
2016-01-13,59.459999,59.680000,56.910000,57.340000,43.427757,28808100.00
2016-01-14,58.160000,59.380001,57.290001,58.200001,44.079113,31296300.00
2016-01-15,56.450001,57.570000,56.220001,57.040001,43.200546,38131700.00
2016-01-19,57.730000,57.970001,56.509998,57.009998,43.177834,22818900.00
2016-01-20,55.630001,56.180000,54.660000,55.509998,42.041763,34646100.00
2016-01-21,55.740002,56.520000,55.060001,55.250000,41.844864,31301100.00
2016-01-22,56.439999,57.160000,56.299999,56.950001,43.132401,22732200.00
2016-01-25,56.480000,56.849998,55.599998,55.660000,42.155380,21114400.00
2016-01-26,55.849998,57.150002,55.810001,57.080002,43.230854,17535700.00
2016-01-27,57.080002,58.270000,56.560001,57.040001,43.200546,20560000.00
2016-01-28,57.520000,57.970001,56.630001,57.279999,43.382320,15497900.00
2016-01-29,57.830002,59.540001,57.509998,59.500000,45.063690,26992200.00
2016-02-01,59.160000,59.650002,58.439999,58.860001,44.578983,16807900.00
2016-02-02,57.880001,57.980000,56.750000,57.029999,43.192993,22448200.00
2016-02-03,57.369999,57.799999,55.020000,57.410000,43.480774,31543200.00
2016-02-04,57.060001,58.520000,57.060001,58.400002,44.230583,21651300.00
2016-02-05,58.580002,59.139999,57.419998,57.750000,43.738293,22001300.00
2016-02-08,56.689999,56.919998,55.540001,56.540001,42.821857,28267600.00
2016-02-09,55.290001,56.689999,55.130001,56.200001,42.564362,26300000.00
2016-02-10,56.570000,57.410000,55.470001,55.520000,42.049347,22389600.00
2016-02-11,53.900002,53.910000,52.500000,53.070000,40.193783,44334700.00
2016-02-12,55.650002,57.570000,55.169998,57.490002,43.541374,37011400.00
2016-02-16,58.230000,58.599998,57.639999,58.349998,44.192719,23730700.00
2016-02-17,58.849998,59.250000,58.389999,58.770000,44.510807,21580100.00
2016-02-18,58.840000,58.860001,57.250000,57.810001,43.783733,17037800.00
2016-02-19,57.500000,58.169998,57.080002,57.820000,43.791309,15658200.00
2016-02-22,58.509998,58.880001,58.419998,58.570000,44.359337,14882800.00
2016-02-23,57.900002,58.090000,55.959999,56.119999,42.503769,31772500.00
2016-02-24,55.200001,56.209999,54.330002,56.139999,42.518921,25560100.00
2016-02-25,56.130001,57.029999,56.040001,57.009998,43.177834,14473300.00
2016-02-26,57.639999,58.110001,57.139999,57.540001,43.579250,20947500.00
2016-02-29,57.410000,57.610001,56.290001,56.299999,42.640102,19554100.00
2016-03-01,56.759998,59.200001,56.669998,59.200001,44.836479,23958100.00
2016-03-02,59.200001,59.900002,58.959999,59.759998,45.260616,20943100.00
2016-03-03,59.580002,59.959999,59.099998,59.959999,45.412079,15790600.00
2016-03-04,60.099998,60.549999,59.529999,60.049999,45.480251,18459000.00
2016-03-07,59.540001,60.049999,59.320000,59.939999,45.396931,12832400.00
2016-03-08,59.209999,59.500000,58.680000,58.779999,44.518375,14132900.00
2016-03-09,59.150002,59.540001,58.680000,59.119999,44.775890,13238800.00
2016-03-10,59.590000,59.669998,57.810001,58.610001,44.389629,21139200.00
2016-03-11,59.389999,59.509998,58.650002,59.340000,44.942516,21055000.00
2016-03-14,59.150002,59.310001,58.599998,59.119999,44.775890,13436100.00
2016-03-15,58.540001,59.209999,58.430000,59.200001,44.836479,10910500.00
2016-03-16,58.980000,59.750000,58.470001,58.919998,44.624416,17423900.00
2016-03-17,58.770000,59.130001,57.990002,58.750000,44.495651,19405700.00
2016-03-18,60.049999,60.970001,59.660000,60.480000,45.805923,29570200.00
2016-03-21,60.220001,60.820000,59.959999,60.459999,45.790771,12684400.00
2016-03-22,59.990002,60.580002,59.619999,60.240002,45.624146,12042700.00
2016-03-23,60.340000,60.509998,59.860001,59.939999,45.396931,11658700.00
2016-03-24,59.299999,59.509998,58.869999,59.480000,45.048542,12921200.00
2016-03-28,59.529999,59.750000,59.180000,59.400002,44.987961,11159700.00
2016-03-29,59.330002,59.330002,58.529999,59.029999,44.707726,15933400.00
2016-03-30,59.459999,60.230000,59.380001,59.709999,45.222744,13307100.00
2016-03-31,59.450001,59.930000,59.110001,59.220001,44.851639,14904700.00
2016-04-01,59.020000,60.060001,58.560001,59.869999,45.343929,15417500.00
2016-04-04,59.439999,59.570000,58.959999,59.200001,45.168434,12305000.00
2016-04-05,58.590000,58.830002,58.209999,58.360001,44.527534,12886600.00
2016-04-06,58.180000,58.880001,57.950001,58.810001,44.870865,12167900.00
2016-04-07,58.259998,58.430000,57.070000,57.320000,43.734047,19226800.00
2016-04-08,57.709999,58.580002,57.689999,57.740002,44.054482,13547700.00
2016-04-11,57.910000,58.880001,57.910000,58.200001,44.405457,17627800.00
2016-04-12,58.340000,59.389999,58.200001,59.279999,45.229469,17779200.00
2016-04-13,60.480000,62.160000,60.380001,61.790001,47.144554,37516800.00
2016-04-14,61.689999,62.910000,61.610001,62.590000,47.754940,24249900.00
2016-04-15,62.880001,62.900002,61.450001,61.869999,47.205597,19290700.00
2016-04-18,61.639999,62.580002,61.529999,62.270000,47.510792,13813100.00
2016-04-19,62.549999,63.480000,62.549999,63.320000,48.311913,19255600.00
2016-04-20,63.480000,64.309998,63.150002,64.239998,49.013859,14594400.00
2016-04-21,64.260002,64.660004,63.340000,63.599998,48.525547,15395800.00
2016-04-22,63.639999,64.379997,63.639999,63.970001,48.807858,12444700.00
2016-04-25,63.599998,63.950001,63.150002,63.599998,48.525547,10687200.00
2016-04-26,63.810001,64.070000,63.330002,63.930000,48.777336,12048000.00
2016-04-27,63.860001,64.639999,63.599998,64.110001,48.914658,15284100.00
2016-04-28,63.639999,64.419998,63.349998,63.599998,48.525547,12852500.00
2016-04-29,63.090000,63.610001,62.700001,63.200001,48.220352,16376400.00
2016-05-02,63.689999,64.000000,63.139999,63.790001,48.670513,10247300.00
2016-05-03,62.900002,62.910000,61.799999,62.560001,47.732048,19120300.00
2016-05-04,61.750000,62.259998,61.270000,61.570000,46.976700,17030200.00
2016-05-05,61.599998,62.000000,61.060001,61.240002,46.724922,14033900.00
2016-05-06,60.700001,61.680000,60.590000,61.599998,46.999588,11057900.00
2016-05-09,61.369999,61.889999,61.049999,61.209999,46.702026,11197100.00
2016-05-10,61.549999,62.259998,61.349998,62.040001,47.335293,11897200.00
2016-05-11,61.970001,62.599998,61.810001,61.810001,47.159817,11254000.00
2016-05-12,62.270000,62.560001,61.369999,61.770000,47.129295,11071700.00
2016-05-13,61.700001,62.400002,61.020000,61.200001,46.694393,15122300.00
2016-05-16,61.209999,61.990002,61.000000,61.660000,47.045364,10951300.00
2016-05-17,61.430000,62.160000,61.150002,61.660000,47.045364,12180900.00
2016-05-18,61.700001,64.169998,61.689999,64.040001,48.861271,24007100.00
2016-05-19,63.529999,64.220001,62.900002,63.389999,48.365326,16076200.00
2016-05-20,63.860001,64.190002,63.369999,63.509998,48.456879,11862000.00
2016-05-23,63.450001,63.869999,63.160000,63.459999,48.418724,9347500.00
2016-05-24,63.939999,64.769997,63.810001,64.540001,49.242744,13839400.00
2016-05-25,64.940002,66.199997,64.919998,65.519997,49.990471,18935200.00
2016-05-26,65.570000,65.580002,64.910004,65.029999,49.616615,9428400.00
2016-05-27,65.209999,65.459999,65.050003,65.430000,49.921795,10116000.00
2016-05-31,65.730003,65.820000,64.959999,65.269997,49.799725,15139400.00
2016-06-01,64.760002,65.919998,64.260002,65.690002,50.120182,14031000.00
2016-06-02,65.519997,65.809998,65.160004,65.809998,50.211735,10637600.00
2016-06-03,64.250000,64.860001,63.549999,64.639999,49.319042,20261700.00
2016-06-06,64.639999,65.760002,64.599998,65.279999,49.807369,13193500.00
2016-06-07,65.449997,65.739998,65.040001,65.059998,49.639503,9924100.00
2016-06-08,64.930000,65.480003,64.919998,65.250000,49.784466,9428000.00
2016-06-09,64.790001,64.900002,64.269997,64.750000,49.402985,10817800.00
2016-06-10,63.930000,64.070000,63.580002,63.840000,48.708668,16678400.00
2016-06-13,63.480000,64.339996,63.259998,63.270000,48.273754,14314900.00
2016-06-14,62.680000,63.470001,61.680000,62.080002,47.365818,19509300.00
2016-06-15,62.410000,62.980000,61.910000,61.970001,47.281883,16982100.00
2016-06-16,61.450001,62.299999,60.900002,62.220001,47.472630,16791200.00
2016-06-17,62.299999,62.709999,61.930000,62.279999,47.518421,15751500.00
2016-06-20,63.450001,63.849998,62.340000,62.369999,47.587086,12213200.00
2016-06-21,62.730000,63.000000,62.139999,62.950001,48.029602,11611600.00
2016-06-22,62.950001,63.709999,62.680000,62.709999,47.846489,12643500.00
2016-06-23,63.700001,64.150002,63.529999,64.050003,48.868900,16583600.00
2016-06-24,60.480000,61.700001,59.340000,59.599998,45.473625,44108700.00
2016-06-27,58.709999,58.750000,57.049999,57.610001,43.955299,37300700.00
2016-06-28,59.189999,59.549999,58.259998,59.520000,45.412594,29088700.00
2016-06-29,60.360001,61.209999,60.000000,61.200001,46.694393,21483000.00
2016-06-30,61.630001,62.189999,61.020000,62.139999,47.411598,21343600.00
2016-07-01,61.660000,62.009998,61.160000,61.259998,47.104034,14217800.00
2016-07-05,60.450001,60.599998,59.099998,59.549999,45.789177,23357700.00
2016-07-06,59.009998,60.290001,58.759998,60.189999,46.281281,20429800.00
2016-07-07,60.520000,61.139999,60.160000,60.580002,46.581165,13771400.00
2016-07-08,61.330002,62.169998,61.330002,61.830002,47.542320,16998800.00
2016-07-11,62.419998,62.950001,62.139999,62.270000,47.880630,13151400.00
2016-07-12,63.029999,63.560001,62.889999,63.200001,48.595726,16588100.00
2016-07-13,63.080002,63.430000,62.639999,63.160000,48.564968,18526900.00
2016-07-14,64.739998,64.980003,64.050003,64.120003,49.303135,28985900.00
2016-07-15,64.750000,64.800003,63.610001,64.180000,49.349274,17607100.00
2016-07-18,64.129997,64.400002,63.900002,63.959999,49.180122,10824400.00
2016-07-19,63.610001,64.099998,63.459999,63.860001,49.103218,9737400.00
2016-07-20,64.110001,64.230003,63.709999,63.930000,49.157051,10411100.00
2016-07-21,64.000000,64.180000,63.630001,63.689999,48.972507,9808700.00
2016-07-22,63.900002,64.089996,63.599998,64.040001,49.241634,8195700.00
2016-07-25,63.980000,64.169998,63.680000,63.869999,49.110901,8168300.00
2016-07-26,63.980000,64.260002,63.709999,64.129997,49.310825,8067800.00
2016-07-27,64.080002,64.690002,64.059998,64.330002,49.464615,11806800.00
2016-07-28,64.000000,64.190002,63.720001,64.099998,49.287758,10013400.00
2016-07-29,63.799999,64.290001,63.750000,63.970001,49.187805,13210400.00
2016-08-01,64.150002,64.309998,63.610001,63.799999,49.057079,11422600.00
2016-08-02,63.590000,64.010002,63.380001,63.650002,48.941750,13550000.00
2016-08-03,63.689999,64.669998,63.650002,64.660004,49.718365,13122300.00
2016-08-04,64.489998,64.820000,64.269997,64.559998,49.641468,9873000.00
2016-08-05,65.139999,66.370003,65.070000,66.300003,50.979382,20752700.00
2016-08-08,66.070000,66.489998,65.839996,66.099998,50.825603,11359200.00
2016-08-09,66.180000,66.279999,65.690002,65.870003,50.648754,10097000.00
2016-08-10,65.919998,66.070000,65.160004,65.279999,50.195103,11556100.00
2016-08-11,65.269997,65.690002,65.019997,65.459999,50.333488,9604500.00
2016-08-12,64.970001,65.349998,64.860001,65.320000,50.225853,7685400.00
2016-08-15,65.559998,65.830002,65.459999,65.720001,50.533398,8371600.00
2016-08-16,65.360001,65.959999,65.239998,65.709999,50.525726,10128900.00
2016-08-17,65.800003,65.980003,65.540001,65.889999,50.664131,11868100.00
2016-08-18,65.620003,65.989998,65.529999,65.949997,50.710251,9313600.00
2016-08-19,65.720001,65.910004,65.220001,65.860001,50.641056,9084900.00
2016-08-22,65.750000,65.879997,65.410004,65.800003,50.594933,9055600.00
2016-08-23,66.070000,66.339996,65.760002,65.769997,50.571857,8949600.00
2016-08-24,65.989998,66.230003,65.769997,65.949997,50.710251,10167200.00
2016-08-25,65.910004,66.139999,65.790001,66.070000,50.802536,9978700.00
2016-08-26,66.330002,66.879997,65.849998,66.220001,50.917873,14038600.00
2016-08-29,66.489998,67.099998,66.459999,66.949997,51.479168,14583100.00
2016-08-30,66.949997,67.599998,66.949997,67.500000,51.902073,13791200.00
2016-08-31,67.459999,67.769997,66.860001,67.500000,51.902073,14952300.00
2016-09-01,67.639999,67.720001,66.650002,67.209999,51.679096,12226500.00
2016-09-02,67.400002,67.580002,66.980003,67.489998,51.894390,13720700.00
2016-09-06,67.500000,67.550003,66.709999,67.440002,51.855953,16649400.00
2016-09-07,67.160004,67.589996,66.959999,67.160004,51.640652,10070400.00
2016-09-08,67.220001,67.680000,67.000000,67.250000,51.709850,12253000.00
2016-09-09,67.029999,67.430000,66.639999,66.650002,51.248508,19686900.00
2016-09-12,66.139999,67.300003,65.760002,67.059998,51.563759,16453000.00
2016-09-13,66.110001,66.860001,65.820000,66.529999,51.156235,18876100.00
2016-09-14,66.269997,67.250000,66.209999,66.400002,51.056297,12648600.00
2016-09-15,66.290001,66.930000,66.089996,66.639999,51.240822,12531300.00
2016-09-16,66.089996,66.260002,65.440002,65.820000,50.610302,25161500.00
2016-09-19,66.150002,66.639999,65.849998,66.190002,50.894798,13466900.00
2016-09-20,66.750000,66.849998,66.239998,66.459999,51.102398,10092200.00
2016-09-21,66.839996,67.129997,66.309998,66.839996,51.394600,14116800.00
2016-09-22,66.989998,67.419998,66.839996,67.389999,51.817524,12781700.00
2016-09-23,67.389999,67.900002,67.180000,67.250000,51.709850,13967400.00
2016-09-26,66.599998,66.800003,65.540001,65.779999,50.579536,16408100.00
2016-09-27,65.410004,66.410004,65.110001,66.360001,51.025517,13711400.00
2016-09-28,66.580002,66.769997,65.989998,66.709999,51.294640,11278000.00
2016-09-29,66.699997,67.209999,65.349998,65.650002,50.479584,18727200.00
2016-09-30,66.080002,67.059998,66.080002,66.589996,51.202362,21680100.00
2016-10-03,66.349998,66.919998,66.260002,66.510002,51.140862,14901700.00
2016-10-04,66.209999,67.180000,66.099998,66.599998,51.582321,17226900.00
2016-10-05,66.889999,68.070000,66.800003,67.690002,52.426540,16280000.00
2016-10-06,67.730003,67.970001,67.050003,67.870003,52.565952,17485000.00
2016-10-07,67.790001,68.180000,67.400002,68.110001,52.751850,18497000.00
2016-10-10,68.339996,69.059998,68.230003,68.639999,53.162327,13027500.00
2016-10-11,68.500000,68.820000,67.930000,68.309998,52.906734,15657100.00
2016-10-12,68.260002,68.589996,68.050003,68.129997,52.767315,11899800.00
2016-10-13,67.459999,67.870003,66.820000,67.739998,52.465252,17890000.00
2016-10-14,68.800003,69.029999,67.300003,67.519997,52.294861,24163800.00
2016-10-17,67.419998,67.790001,66.739998,67.169998,52.023788,14963400.00
2016-10-18,67.849998,68.209999,67.540001,67.699997,52.434284,11870300.00
2016-10-19,67.809998,68.500000,67.809998,68.349998,52.937721,12705800.00
2016-10-20,68.080002,68.680000,67.940002,68.260002,52.868023,14122000.00
2016-10-21,67.809998,68.529999,67.699997,68.489998,53.046150,12175700.00
2016-10-24,68.970001,69.050003,68.500000,68.870003,53.340473,10197100.00
2016-10-25,68.879997,68.930000,68.379997,68.800003,53.286251,9945100.00
2016-10-26,68.370003,69.250000,68.370003,69.129997,53.541843,9801300.00
2016-10-27,69.489998,69.769997,69.099998,69.230003,53.619289,14210700.00
2016-10-28,69.529999,69.550003,68.470001,69.110001,53.526344,12766500.00
2016-10-31,69.430000,69.580002,69.230003,69.260002,53.642517,14336300.00
2016-11-01,69.480003,69.779999,68.330002,68.970001,53.417908,15564500.00
2016-11-02,68.650002,68.849998,68.010002,68.680000,53.193306,12449800.00
2016-11-03,68.860001,69.190002,68.220001,68.379997,52.960960,10369700.00
2016-11-04,68.489998,68.559998,67.639999,67.760002,52.480743,13571300.00
2016-11-07,69.080002,69.970001,69.000000,69.879997,54.122715,16515100.00
2016-11-08,69.699997,70.550003,69.239998,70.029999,54.238895,17531700.00
2016-11-09,71.459999,74.150002,71.320000,73.250000,56.732822,50948400.00
2016-11-10,74.220001,77.250000,74.220001,76.650002,59.366135,56192300.00
2016-11-11,76.300003,76.720001,75.769997,76.690002,59.397129,27574300.00
2016-11-14,77.250000,80.440002,77.250000,79.510002,61.581242,46130700.00
2016-11-15,78.370003,79.410004,77.779999,79.360001,61.465057,28126300.00
2016-11-16,78.220001,78.349998,76.879997,77.400002,59.947041,26054900.00
2016-11-17,77.930000,78.459999,77.599998,78.019997,60.427227,19306700.00
2016-11-18,77.959999,78.419998,77.550003,77.709999,60.187103,19770000.00
2016-11-21,78.000000,78.169998,77.290001,78.050003,60.450447,11983500.00
2016-11-22,78.349998,78.559998,77.760002,78.529999,60.822220,14410100.00
2016-11-23,78.870003,79.239998,77.889999,78.860001,61.077808,13373700.00
2016-11-25,79.099998,79.449997,78.470001,78.830002,61.054592,6185700.00
2016-11-28,78.180000,78.870003,78.019997,78.320000,60.659561,13007200.00
2016-11-29,78.389999,79.160004,78.389999,78.919998,61.124294,14144100.00
2016-11-30,79.919998,80.529999,79.699997,80.169998,62.092430,25351900.00
2016-12-01,80.650002,82.279999,80.650002,81.790001,63.347122,23823600.00
2016-12-02,81.800003,81.830002,80.900002,81.599998,63.199974,16931500.00
2016-12-05,82.300003,83.290001,82.290001,83.260002,64.485649,18529800.00
2016-12-06,83.599998,83.809998,82.430000,83.690002,64.818703,16130000.00
2016-12-07,83.550003,84.089996,82.849998,84.070000,65.112984,18996900.00
2016-12-08,84.230003,85.500000,83.940002,85.120003,65.926247,20844900.00
2016-12-09,85.019997,85.500000,84.139999,85.489998,66.212799,14567200.00
2016-12-12,85.360001,85.790001,84.290001,84.730003,65.624176,14511300.00
2016-12-13,84.980003,85.669998,83.820000,84.760002,65.647423,16669000.00
2016-12-14,83.879997,86.120003,83.760002,84.730003,65.624176,22622600.00
2016-12-15,85.400002,86.489998,84.900002,86.000000,66.607796,19438900.00
2016-12-16,86.290001,86.290001,84.889999,84.940002,65.786812,23008500.00
2016-12-19,84.800003,85.440002,84.190002,85.430000,66.166351,21685100.00
2016-12-20,85.790001,86.540001,85.550003,86.529999,67.018295,14587300.00
2016-12-21,86.430000,86.809998,86.029999,86.750000,67.188705,11400500.00
2016-12-22,86.440002,87.169998,86.209999,86.889999,67.297119,13924200.00
2016-12-23,87.000000,87.150002,86.400002,87.050003,67.421036,10759400.00
2016-12-27,87.050003,87.160004,86.750000,87.129997,67.482994,6946400.00
2016-12-28,87.160004,87.389999,86.349998,86.500000,66.995079,9455600.00
2016-12-29,86.580002,86.669998,85.040001,85.889999,66.522598,14689000.00
2016-12-30,86.099998,86.419998,85.660004,86.290001,66.832405,13617800.00
2017-01-03,87.339996,87.760002,85.980003,87.230003,67.560471,20550700.00
2017-01-04,86.959999,87.180000,86.400002,86.910004,67.685081,15266600.00
2017-01-05,86.809998,87.110001,85.260002,86.110001,67.062035,14300800.00
2017-01-06,86.389999,86.620003,85.940002,86.120003,67.069809,12893300.00
2017-01-09,85.730003,86.769997,85.519997,86.180000,67.116516,12806600.00
2017-01-10,86.070000,86.900002,85.720001,86.430000,67.311241,13989000.00
2017-01-11,86.430000,87.080002,85.910004,87.080002,67.817467,14713100.00
2017-01-12,86.760002,87.269997,86.019997,86.239998,67.163254,21337400.00
2017-01-13,87.110001,88.169998,86.099998,86.699997,67.521515,28296000.00
2017-01-17,84.930000,85.220001,83.279999,83.550003,65.068329,30024600.00
2017-01-18,83.629997,84.230003,83.029999,83.940002,65.372055,21270100.00
2017-01-19,84.059998,84.669998,83.120003,83.300003,64.873596,16555600.00
2017-01-20,83.430000,83.830002,83.290001,83.669998,65.161766,18436800.00
2017-01-23,83.300003,84.000000,83.209999,83.709999,65.192902,12179200.00
2017-01-24,83.919998,85.000000,83.559998,84.720001,65.979500,15175300.00
2017-01-25,85.839996,86.169998,85.169998,86.029999,66.999710,17551000.00
2017-01-26,85.949997,86.949997,85.949997,86.750000,67.560463,15962800.00
2017-01-27,86.660004,86.980003,86.269997,86.930000,67.700623,12535400.00
2017-01-30,86.190002,86.500000,85.320000,86.029999,66.999710,13661900.00
2017-01-31,85.599998,86.150002,84.089996,84.629997,65.909416,15655100.00
2017-02-01,85.540001,86.099998,84.680000,84.949997,66.158630,15430900.00
2017-02-02,84.339996,84.910004,84.160004,84.589996,65.878273,11081400.00
2017-02-03,86.190002,87.309998,85.870003,87.180000,67.895317,17885200.00
2017-02-06,86.790001,87.449997,86.610001,86.769997,67.576019,11828400.00
2017-02-07,87.139999,87.400002,86.480003,86.720001,67.537117,9392800.00
2017-02-08,86.180000,86.309998,85.370003,85.959999,66.945206,13970900.00
2017-02-09,85.959999,87.330002,85.959999,87.199997,67.910934,13749100.00
2017-02-10,87.480003,87.480003,86.889999,87.000000,67.755157,10992500.00
2017-02-13,87.440002,88.739998,87.430000,88.150002,68.650757,18739100.00
2017-02-14,88.300003,89.699997,88.110001,89.559998,69.748856,17932100.00
2017-02-15,90.080002,90.870003,89.349998,90.589996,70.551025,17381800.00
2017-02-16,90.400002,91.040001,89.769997,90.529999,70.504303,17672700.00
2017-02-17,89.820000,90.470001,89.690002,90.230003,70.270668,15776600.00
2017-02-21,90.510002,91.150002,90.459999,91.010002,70.878120,14068300.00
2017-02-22,90.519997,91.300003,90.419998,91.059998,70.917053,11839000.00
2017-02-23,91.180000,91.339996,90.519997,91.129997,70.971565,11067000.00
2017-02-24,90.180000,90.540001,89.730003,90.330002,70.348549,15062300.00
2017-02-27,90.320000,90.730003,90.019997,90.430000,70.426414,12361000.00
2017-02-28,89.849998,90.820000,89.589996,90.620003,70.574402,15183500.00
2017-03-01,92.790001,93.980003,92.610001,93.599998,72.895210,24451400.00
2017-03-02,93.870003,93.919998,92.029999,92.139999,71.758156,16862500.00
2017-03-03,92.139999,93.110001,92.139999,92.800003,72.272163,12817500.00
2017-03-06,92.250000,92.320000,91.099998,91.919998,71.586823,15059200.00
2017-03-07,91.639999,92.089996,91.209999,91.410004,71.189636,11156800.00
2017-03-08,92.680000,92.849998,91.099998,91.209999,71.033882,17378400.00
2017-03-09,91.599998,92.139999,91.150002,91.570000,71.314247,13726200.00
2017-03-10,91.949997,92.000000,90.529999,91.279999,71.088402,13729900.00
2017-03-13,91.309998,91.779999,90.930000,91.360001,71.150688,10004300.00
2017-03-14,91.019997,91.650002,90.769997,91.510002,71.267540,10237700.00
2017-03-15,91.800003,92.550003,91.129997,91.730003,71.438828,16601400.00
2017-03-16,92.029999,92.809998,91.570000,91.639999,71.368759,14492000.00
2017-03-17,91.830002,92.040001,90.650002,90.680000,70.621124,21734700.00
2017-03-20,90.269997,91.169998,89.790001,90.029999,70.114899,14623600.00
2017-03-21,90.360001,90.639999,87.059998,87.389999,68.058899,33089200.00
2017-03-22,86.889999,88.070000,86.010002,87.529999,68.167915,21741000.00
2017-03-23,87.209999,88.500000,87.089996,87.389999,68.058899,16090100.00
2017-03-24,87.790001,88.089996,86.769997,87.290001,67.981010,16093200.00
2017-03-27,85.529999,87.400002,85.230003,87.239998,67.942055,16689300.00
2017-03-28,87.019997,89.019997,86.980003,88.599998,69.001213,16264400.00
2017-03-29,88.599998,88.820000,88.080002,88.269997,68.744209,10207600.00
2017-03-30,88.199997,89.459999,88.120003,89.029999,69.336121,11631000.00
2017-03-31,88.709999,88.739998,87.750000,87.839996,68.409332,16987600.00
2017-04-03,87.989998,88.169998,86.599998,87.519997,68.160118,19831800.00
2017-04-04,86.889999,87.669998,86.720001,87.309998,68.387276,14280800.00
2017-04-05,88.419998,88.540001,86.129997,86.190002,67.509995,17635500.00
2017-04-06,85.980003,86.910004,85.250000,86.480003,67.737183,14379600.00
2017-04-07,85.930000,86.809998,85.709999,86.180000,67.502190,13097100.00
2017-04-10,86.080002,86.690002,85.400002,85.879997,67.267189,15081600.00
2017-04-11,85.540001,85.790001,84.800003,85.730003,67.149712,14690500.00
2017-04-12,85.930000,85.949997,85.029999,85.400002,66.891228,14730600.00
2017-04-13,85.500000,86.989998,84.400002,84.400002,66.107979,30529800.00
2017-04-17,84.440002,86.080002,84.370003,85.860001,67.251541,19071700.00
2017-04-18,85.360001,85.629997,84.739998,85.160004,66.703262,14127000.00
2017-04-19,85.500000,85.919998,84.360001,84.459999,66.154930,17588500.00
2017-04-20,84.980003,85.779999,84.550003,85.550003,67.008705,15635800.00
2017-04-21,85.500000,85.680000,84.510002,84.519997,66.201950,19820600.00
2017-04-24,86.550003,88.050003,86.419998,87.500000,68.536087,25468300.00
2017-04-25,88.550003,89.129997,88.260002,88.260002,69.131378,18253800.00
2017-04-26,88.349998,89.050003,88.139999,88.430000,69.264542,12832200.00
2017-04-27,88.370003,88.370003,87.010002,87.610001,68.622246,13329000.00
2017-04-28,87.599998,87.849998,86.949997,87.000000,68.144478,10755600.00
2017-05-01,87.360001,87.739998,86.559998,87.059998,68.191467,15712300.00
2017-05-02,86.709999,86.879997,86.019997,86.500000,67.752846,14414200.00
2017-05-03,86.059998,87.099998,86.019997,87.000000,68.144478,11540500.00
2017-05-04,87.690002,87.730003,86.570000,87.099998,68.222778,11540100.00
2017-05-05,87.250000,87.339996,86.419998,87.000000,68.144478,9436000.00
2017-05-08,87.040001,87.320000,86.650002,87.099998,68.222778,8162200.00
2017-05-09,87.260002,87.839996,86.500000,86.750000,67.948647,10273900.00
2017-05-10,86.529999,87.480003,86.470001,87.430000,68.481255,8334900.00
2017-05-11,87.089996,87.480003,86.349998,87.160004,68.269775,10907400.00
2017-05-12,86.680000,87.050003,86.339996,86.919998,68.081810,8738800.00
2017-05-15,87.099998,87.489998,86.860001,87.339996,68.410774,8835600.00
2017-05-16,87.360001,88.089996,87.339996,87.610001,68.622246,9795000.00
2017-05-17,87.610001,87.610001,83.970001,84.269997,66.006119,24679700.00
2017-05-18,84.070000,84.800003,83.360001,83.959999,65.763290,23350100.00
2017-05-19,84.209999,85.339996,84.150002,84.779999,66.405617,13412900.00
2017-05-22,85.180000,85.290001,84.209999,84.699997,66.342949,11636000.00
2017-05-23,84.750000,86.070000,84.510002,85.760002,67.173203,11753000.00
2017-05-24,85.879997,85.970001,85.239998,85.709999,67.134048,9833800.00
2017-05-25,85.989998,86.080002,85.080002,85.349998,66.852066,12238500.00
2017-05-26,85.110001,85.559998,85.019997,85.360001,66.859917,8113500.00
2017-05-30,85.129997,85.150002,83.779999,83.900002,65.716331,12603200.00
2017-05-31,83.730003,83.820000,81.639999,82.150002,64.345627,28327900.00
2017-06-01,82.459999,83.080002,81.650002,83.059998,65.058380,17123500.00
2017-06-02,82.290001,82.989998,81.980003,82.639999,64.729393,14998500.00
2017-06-05,82.639999,83.510002,82.580002,82.790001,64.846886,9080200.00
2017-06-06,82.290001,83.220001,82.129997,82.959999,64.980042,12196800.00
2017-06-07,83.309998,84.110001,83.099998,83.910004,65.724152,13711100.00
2017-06-08,83.910004,85.730003,83.889999,84.949997,66.538773,17951000.00
2017-06-09,85.510002,87.050003,85.389999,86.959999,68.113144,19120200.00
2017-06-12,86.959999,87.739998,86.889999,86.980003,68.128815,16053400.00
2017-06-13,87.550003,87.849998,86.980003,87.269997,68.355949,12557200.00
2017-06-14,86.769997,87.309998,85.820000,87.089996,68.214943,16175700.00
2017-06-15,86.250000,87.080002,86.239998,86.570000,67.807640,12509700.00
2017-06-16,86.849998,86.959999,86.019997,86.180000,67.502190,16936600.00
2017-06-19,86.970001,88.230003,86.849998,88.070000,68.982567,15972300.00
2017-06-20,87.750000,87.919998,87.370003,87.519997,68.551750,11197800.00
2017-06-21,87.480003,87.550003,86.760002,87.120003,68.238457,10005900.00
2017-06-22,86.930000,87.360001,86.650002,87.019997,68.160118,12180600.00
2017-06-23,87.660004,88.000000,86.610001,86.860001,68.034790,18812000.00
2017-06-26,87.010002,87.669998,86.620003,87.239998,68.332443,10082400.00
2017-06-27,87.709999,88.940002,87.500000,88.050003,68.966911,15415200.00
2017-06-28,88.599998,90.070000,88.599998,89.820000,70.353279,17466200.00
2017-06-29,92.339996,92.650002,90.309998,91.150002,71.395027,27697800.00
2017-06-30,91.959999,92.000000,91.160004,91.400002,71.590843,16892700.00
2017-07-03,91.559998,93.480003,91.410004,92.750000,73.047852,13208100.00
2017-07-05,93.120003,93.790001,92.610001,93.680000,73.780327,17535400.00
2017-07-06,93.540001,94.510002,92.879997,93.379997,73.544022,16596100.00
2017-07-07,93.959999,94.169998,93.230003,93.849998,73.914200,12817800.00
2017-07-10,93.500000,93.680000,93.089996,93.190002,73.394409,13987200.00
2017-07-11,93.330002,93.330002,92.279999,92.830002,73.110878,13262300.00
2017-07-12,92.610001,92.830002,92.070000,92.510002,72.858856,13540100.00
2017-07-13,92.690002,93.379997,92.339996,93.099998,73.323517,12820100.00
2017-07-14,90.809998,92.610001,90.580002,92.250000,72.654083,22235200.00
2017-07-17,91.820000,91.989998,91.250000,91.389999,71.976768,14374200.00
2017-07-18,90.449997,91.580002,90.320000,91.070000,71.724754,14719400.00
2017-07-19,91.339996,91.620003,91.000000,91.199997,71.827126,11651200.00
2017-07-20,91.150002,91.720001,90.900002,91.199997,71.827126,11561700.00
2017-07-21,91.059998,91.360001,90.519997,90.889999,71.582977,10971300.00
2017-07-24,90.959999,91.540001,90.910004,91.279999,71.890137,10725100.00
2017-07-25,92.370003,93.519997,92.269997,92.800003,73.087250,16447700.00
2017-07-26,93.099998,93.190002,91.680000,91.930000,72.402039,11815500.00
2017-07-27,91.830002,92.059998,91.160004,91.550003,72.102760,12332400.00
2017-07-28,91.449997,91.750000,90.910004,91.279999,71.890137,9351900.00
2017-07-31,91.510002,92.360001,91.500000,91.800003,72.299667,11520300.00
2017-08-01,92.489998,93.139999,92.279999,93.029999,73.268394,12523700.00
2017-08-02,92.870003,93.209999,92.510002,93.110001,73.331406,10165600.00
2017-08-03,92.699997,93.129997,92.239998,92.500000,72.850998,11078800.00
2017-08-04,93.500000,94.400002,93.470001,93.660004,73.764580,14324000.00
2017-08-07,93.889999,94.190002,93.709999,94.019997,74.048073,7978300.00
2017-08-08,93.949997,95.220001,93.599998,93.680000,73.780327,13745400.00
2017-08-09,92.980003,93.680000,92.830002,93.529999,73.662163,11214400.00
2017-08-10,92.900002,93.070000,92.070000,92.190002,72.606827,13252300.00
2017-08-11,92.129997,92.669998,91.239998,91.419998,72.000374,10679500.00
2017-08-14,92.370003,92.900002,92.330002,92.489998,72.843102,10994800.00
2017-08-15,93.309998,93.559998,92.650002,92.730003,73.032089,8812700.00
2017-08-16,93.040001,93.230003,91.879997,92.089996,72.528069,11085400.00
2017-08-17,91.760002,91.959999,90.500000,90.650002,71.393959,13837500.00
2017-08-18,90.309998,91.540001,90.190002,90.739998,71.464821,13040700.00
2017-08-21,90.849998,90.940002,90.160004,90.629997,71.378212,11502100.00
2017-08-22,91.070000,91.709999,91.000000,91.559998,72.110626,9211800.00
2017-08-23,90.870003,92.339996,90.839996,91.669998,72.197273,8811300.00
2017-08-24,91.930000,92.120003,91.410004,91.519997,72.079132,8623200.00
2017-08-25,91.879997,92.480003,91.800003,91.889999,72.370552,11794600.00
2017-08-28,92.160004,92.190002,91.129997,91.599998,72.142159,7292900.00
2017-08-29,90.449997,91.309998,90.309998,91.099998,71.748360,10886100.00
2017-08-30,91.250000,91.879997,91.190002,91.309998,71.913750,9165300.00
2017-08-31,91.809998,91.849998,90.800003,90.889999,71.582977,13217400.00
2017-09-01,91.250000,92.360001,90.949997,91.699997,72.220924,9815800.00
2017-09-05,91.019997,91.110001,89.019997,89.510002,70.496117,16897300.00
2017-09-06,90.000000,90.519997,89.639999,90.110001,70.968643,11845700.00
2017-09-07,90.110001,90.129997,88.080002,88.529999,69.724281,14592300.00
2017-09-08,88.309998,89.419998,88.239998,88.419998,69.637665,14242200.00
2017-09-11,89.389999,90.250000,88.949997,89.790001,70.716652,13219000.00
2017-09-12,90.169998,91.250000,90.099998,90.889999,71.582977,14003800.00
2017-09-13,90.610001,91.500000,90.320000,91.150002,71.787743,12485400.00
2017-09-14,91.199997,91.529999,90.739998,90.970001,71.645966,10562800.00
2017-09-15,91.080002,91.709999,90.760002,91.620003,72.157906,18171800.00
2017-09-18,91.930000,93.139999,91.849998,92.919998,73.181747,11318700.00
2017-09-19,92.709999,94.360001,92.519997,93.940002,73.985085,12626100.00
2017-09-20,94.099998,95.290001,93.709999,94.599998,74.504921,15311600.00
2017-09-21,94.459999,95.370003,94.190002,95.029999,74.843559,10851500.00
2017-09-22,94.699997,94.980003,94.430000,94.830002,74.686028,8358300.00
2017-09-25,94.510002,94.879997,93.449997,94.120003,74.126854,10463400.00
2017-09-26,93.779999,94.029999,93.339996,93.699997,73.796066,9358100.00
2017-09-27,94.970001,95.720001,94.580002,95.180000,74.961662,15090200.00
2017-09-28,95.589996,95.879997,94.910004,95.379997,75.119217,10270400.00
2017-09-29,95.300003,95.519997,95.019997,95.510002,75.221573,11438400.00
2017-10-02,95.769997,96.879997,95.459999,96.839996,76.269073,13797200.00
2017-10-03,96.830002,97.430000,96.769997,97.349998,76.670723,9633500.00
2017-10-04,97.300003,97.440002,96.279999,96.360001,75.891006,12166600.00
2017-10-05,96.000000,97.400002,95.550003,97.089996,76.912926,14236200.00
2017-10-06,97.550003,97.639999,96.470001,96.919998,76.778275,10231900.00
2017-10-09,96.959999,97.070000,96.139999,96.410004,76.374275,7765100.00
2017-10-10,96.459999,97.180000,96.239998,97.129997,76.944611,10631500.00
2017-10-11,96.830002,97.010002,96.139999,96.839996,76.714882,14283600.00
2017-10-12,97.300003,97.500000,95.620003,95.989998,76.041534,18251600.00
2017-10-13,95.480003,96.709999,94.959999,95.860001,75.938553,13190600.00
2017-10-16,96.339996,97.949997,96.339996,97.839996,77.507050,12434000.00
2017-10-17,98.070000,98.180000,97.320000,97.620003,77.332794,10335700.00
2017-10-18,98.150002,98.550003,97.629997,97.989998,77.625908,10158600.00
2017-10-19,97.190002,98.199997,97.089996,98.110001,77.720963,9133900.00
2017-10-20,99.279999,99.889999,98.730003,99.510002,78.830017,15326600.00
2017-10-23,99.510002,99.989998,99.239998,99.339996,78.695358,9238600.00
2017-10-24,99.879997,101.190002,99.760002,100.919998,79.946983,13000800.00
2017-10-25,101.250000,101.449997,100.190002,101.019997,80.026207,14632700.00
2017-10-26,101.349998,102.419998,101.320000,101.739998,80.596573,13054400.00
2017-10-27,101.430000,102.230003,101.050003,101.769997,80.620354,10400400.00
2017-10-30,101.129997,101.930000,100.870003,101.410004,80.335167,8839500.00
2017-10-31,101.370003,101.699997,100.570000,100.610001,79.701424,8690200.00
2017-11-01,101.099998,101.699997,100.730003,100.919998,79.946983,8418200.00
2017-11-02,100.870003,101.769997,100.160004,101.589996,80.477753,8731800.00
2017-11-03,101.099998,101.529999,100.730003,101.410004,80.335167,7103500.00
2017-11-06,101.339996,101.690002,100.660004,100.779999,79.836082,8121500.00
2017-11-07,100.559998,100.750000,98.250000,98.750000,78.227966,18822600.00
2017-11-08,98.269997,98.370003,97.150002,97.639999,77.348663,18524700.00
2017-11-09,97.120003,98.220001,96.809998,97.629997,77.340706,13697800.00
2017-11-10,97.809998,98.339996,97.500000,97.510002,77.245628,9314000.00
2017-11-13,96.690002,98.050003,96.620003,97.860001,77.522911,9303100.00
2017-11-14,97.339996,97.779999,96.849998,97.269997,77.055534,11043800.00
2017-11-15,96.389999,98.739998,95.949997,98.190002,77.784355,15384100.00
2017-11-16,98.529999,99.059998,98.309998,98.470001,78.006142,9808000.00
2017-11-17,97.820000,98.410004,97.570000,98.139999,77.744736,9017900.00
2017-11-20,98.449997,99.150002,97.760002,99.010002,78.433929,9483200.00
2017-11-21,99.500000,99.550003,98.910004,98.930000,78.370560,13389400.00
2017-11-22,99.029999,99.519997,98.589996,98.639999,78.140816,7342200.00
2017-11-24,98.830002,98.900002,98.260002,98.320000,77.887299,3680000.00
2017-11-27,98.309998,99.129997,97.930000,97.930000,77.578369,13076200.00
2017-11-28,98.209999,101.699997,97.970001,101.360001,80.295555,16773000.00
2017-11-29,102.410004,104.220001,101.959999,103.730003,82.173035,21105500.00
2017-11-30,104.739998,106.660004,104.040001,104.519997,82.798820,23945900.00
2017-12-01,104.900002,105.320000,102.199997,104.790001,83.012741,19683500.00
2017-12-04,107.730003,108.400002,106.769997,106.949997,84.723854,23576600.00
2017-12-05,105.580002,107.410004,104.120003,105.720001,83.749451,17193900.00
2017-12-06,105.550003,105.760002,104.529999,104.930000,83.123657,15476200.00
2017-12-07,103.949997,105.190002,103.730003,104.620003,82.878075,13371800.00
2017-12-08,104.750000,105.940002,104.339996,105.930000,83.915794,13506900.00
2017-12-11,105.720001,106.059998,105.309998,105.620003,83.670250,10591200.00
2017-12-12,106.910004,107.370003,105.540001,106.849998,84.644623,15508800.00
2017-12-13,106.699997,107.110001,105.480003,105.510002,83.583092,15020300.00
2017-12-14,106.120003,106.449997,104.639999,104.660004,82.909790,13034200.00
2017-12-15,105.790001,106.519997,105.199997,106.139999,84.082184,29350600.00
2017-12-18,107.190002,107.629997,106.480003,106.959999,84.731781,12713100.00
2017-12-19,107.349998,107.489998,106.440002,106.510002,84.375298,12149900.00
2017-12-20,107.599998,107.730003,106.089996,106.139999,84.082184,13091500.00
2017-12-21,106.589996,108.070000,106.559998,107.830002,85.420982,12323700.00
2017-12-22,108.199997,108.459999,106.809998,107.449997,85.119942,14573400.00
2017-12-26,107.199997,107.989998,106.400002,107.019997,84.779305,7403700.00
2017-12-27,106.669998,107.290001,106.669998,107.220001,84.937752,9496500.00
2017-12-28,107.400002,107.839996,107.160004,107.790001,85.389297,7440600.00
2017-12-29,108.089996,108.279999,106.940002,106.940002,84.715927,8925700.00
2018-01-02,107.629997,108.019997,106.809998,107.949997,85.516052,13578800.00
2018-01-03,107.860001,108.489998,107.480003,108.059998,85.603172,11901000.00
2018-01-04,108.360001,110.029999,108.199997,109.040001,86.829483,12953700.00
2018-01-05,109.260002,109.550003,107.779999,108.339996,86.272057,14155000.00
2018-01-08,108.150002,108.680000,107.699997,108.500000,86.399490,12466500.00
2018-01-09,108.720001,109.629997,108.489998,109.050003,86.837463,13292300.00
2018-01-10,109.470001,110.699997,109.389999,110.250000,87.793007,15834500.00
2018-01-11,110.669998,110.930000,110.050003,110.839996,88.262840,13676800.00
2018-01-12,111.650002,112.849998,110.839996,112.669998,89.720062,18884200.00
2018-01-16,111.510002,113.430000,111.070000,112.269997,89.401558,22703300.00
2018-01-17,111.889999,113.300003,111.309998,112.989998,89.974915,14940300.00
2018-01-18,112.760002,113.720001,112.269997,113.260002,90.189941,14572900.00
2018-01-19,113.940002,114.339996,112.800003,113.010002,89.990829,18785500.00
2018-01-22,112.660004,114.389999,112.500000,114.330002,91.041962,12475700.00
2018-01-23,113.669998,114.639999,113.349998,114.209999,90.946404,12320800.00
2018-01-24,114.860001,116.000000,114.660004,115.669998,92.109009,15904500.00
2018-01-25,116.040001,116.169998,115.080002,115.699997,92.132927,13510000.00
2018-01-26,115.699997,116.320000,114.959999,116.320000,92.626610,13883900.00
2018-01-29,116.019997,117.349998,116.019997,116.199997,92.531052,11679900.00
2018-01-30,115.529999,116.599998,114.980003,115.110001,91.663078,14279100.00
2018-01-31,115.650002,116.660004,115.160004,115.669998,92.109009,13141400.00
2018-02-01,115.769997,116.989998,115.480003,116.870003,93.064590,13800600.00
2018-02-02,116.489998,116.919998,114.089996,114.279999,91.002151,16477300.00
2018-02-05,113.000000,114.589996,103.980003,108.800003,86.638374,30097600.00
2018-02-06,106.849998,112.480003,106.610001,112.110001,89.274155,33114800.00
2018-02-07,111.550003,114.449997,111.150002,112.870003,89.879341,21878300.00
2018-02-08,113.110001,113.110001,107.839996,107.879997,85.905785,27425800.00
2018-02-09,109.099998,111.050003,106.230003,110.040001,87.625778,28188000.00
2018-02-12,111.169998,112.730003,110.070000,111.739998,88.979523,18043300.00
2018-02-13,111.320000,113.050003,110.800003,112.430000,89.528969,16358200.00
2018-02-14,112.629997,115.269997,112.529999,115.029999,91.599388,15186900.00
2018-02-15,115.739998,115.989998,114.220001,115.510002,91.981613,12130200.00
2018-02-16,114.550003,116.070000,114.500000,114.680000,91.320663,13214300.00
2018-02-20,114.650002,115.389999,113.970001,114.709999,91.344551,13461500.00
2018-02-21,115.000000,117.449997,114.669998,115.190002,91.726791,14212500.00
2018-02-22,115.500000,116.430000,114.760002,114.980003,91.559555,17070400.00
2018-02-23,115.309998,117.389999,115.309998,117.309998,93.414970,12162500.00
2018-02-26,118.139999,118.900002,117.320000,118.769997,94.577576,16511200.00
2018-02-27,118.910004,119.330002,117.349998,117.360001,93.454781,17563300.00
2018-02-28,117.820000,118.489998,115.339996,115.500000,91.973656,17735600.00
2018-03-01,115.480003,116.639999,112.650002,113.430000,90.325287,18690000.00
2018-03-02,112.389999,113.559998,111.120003,113.320000,90.237694,18353700.00
2018-03-05,112.050003,115.930000,111.889999,115.059998,91.623276,13933000.00
2018-03-06,115.639999,115.820000,114.320000,115.160004,91.702888,10674400.00
2018-03-07,113.750000,115.099998,113.110001,114.730003,91.360512,13006500.00
2018-03-08,115.110001,115.230003,113.209999,114.739998,91.368439,11173700.00
2018-03-09,116.550003,118.080002,115.669998,118.040001,93.996269,15366600.00
2018-03-12,118.000000,118.750000,117.250000,117.660004,93.693695,12339300.00
2018-03-13,118.199997,118.470001,115.830002,116.250000,92.570869,13312300.00
2018-03-14,116.559998,116.589996,114.599998,114.949997,91.535667,12905100.00
2018-03-15,115.870003,116.000000,114.830002,115.239998,91.766586,8748000.00
2018-03-16,115.339996,116.599998,115.339996,115.440002,91.925865,19888900.00
2018-03-19,115.099998,115.449997,113.300003,114.529999,91.201225,13214900.00
2018-03-20,114.870003,115.449997,114.449997,114.639999,91.288818,9921200.00
2018-03-21,114.809998,116.629997,114.209999,114.739998,91.368439,13633000.00
2018-03-22,113.199997,113.599998,109.540001,109.949997,87.554115,22550400.00
2018-03-23,110.269997,110.919998,106.760002,107.010002,85.212990,23081500.00
2018-03-26,109.190002,111.160004,108.650002,110.309998,87.840805,20217500.00
2018-03-27,111.070000,111.690002,107.300003,108.169998,86.136703,18039900.00
2018-03-28,108.279999,109.169998,106.650002,108.000000,86.001328,19189300.00
2018-03-29,108.500000,110.779999,107.779999,109.970001,87.570030,13274600.00
2018-04-02,109.959999,110.730003,106.080002,107.849998,85.881882,18822500.00
2018-04-03,108.360001,109.500000,107.260002,109.330002,87.060440,14050700.00
2018-04-04,107.099998,111.209999,107.019997,110.989998,88.382309,15302600.00
2018-04-05,111.629997,112.830002,111.389999,111.879997,89.542786,16627000.00
2018-04-06,110.550003,111.550003,107.820000,109.089996,87.309845,18906000.00
2018-04-09,110.010002,112.980003,109.889999,110.400002,88.358276,15974300.00
2018-04-10,112.129997,112.870003,111.419998,112.510002,90.047028,13951400.00
2018-04-11,111.660004,111.809998,110.519997,110.620003,88.534355,14503300.00
2018-04-12,111.559998,114.389999,111.500000,113.370003,90.735306,16435500.00
2018-04-13,115.019997,115.150002,109.050003,110.300003,88.278252,39152800.00
2018-04-16,110.940002,111.470001,109.790001,110.209999,88.206215,16580500.00
2018-04-17,111.370003,111.919998,109.989998,110.209999,88.206215,15501400.00
2018-04-18,110.529999,111.070000,108.889999,109.320000,87.493896,16081400.00
2018-04-19,109.529999,111.870003,109.500000,111.720001,89.414734,17911000.00
2018-04-20,112.300003,112.739998,110.879997,111.470001,89.214645,15584400.00
2018-04-23,111.570000,111.949997,110.629997,110.930000,88.782478,11285800.00
2018-04-24,111.750000,112.900002,109.589996,110.410004,88.366272,16453100.00
2018-04-25,110.269997,110.529999,108.599998,109.989998,88.030136,13548200.00
2018-04-26,109.970001,110.820000,109.339996,110.099998,88.118164,10299500.00
2018-04-27,109.550003,110.160004,109.129997,109.400002,87.557922,9384000.00
2018-04-30,109.750000,110.300003,108.750000,108.779999,87.061699,13744900.00
2018-05-01,108.449997,108.970001,107.540001,108.779999,87.061699,10503400.00
2018-05-02,108.110001,109.489998,107.730003,107.919998,86.373428,12162100.00
2018-05-03,107.589996,107.769997,105.180000,107.239998,85.829185,15379100.00
2018-05-04,106.430000,108.739998,105.980003,108.430000,86.781609,11967900.00
2018-05-07,108.760002,109.680000,108.360001,109.370003,87.533928,9356700.00
2018-05-08,109.529999,111.339996,109.279999,110.989998,88.830498,12543200.00
2018-05-09,111.440002,113.639999,111.029999,113.410004,90.767319,11368100.00
2018-05-10,113.190002,114.440002,112.750000,114.290001,91.471642,9159700.00
2018-05-11,114.489998,114.730003,113.669998,113.860001,91.127464,10253000.00
2018-05-14,114.110001,114.699997,113.739998,113.900002,91.159492,8710700.00
2018-05-15,113.910004,113.910004,112.570000,113.029999,90.463188,11536200.00
2018-05-16,112.889999,113.690002,112.629997,113.339996,90.711288,7571100.00
2018-05-17,113.199997,113.410004,112.199997,112.959999,90.407166,8617200.00
2018-05-18,112.750000,112.800003,110.839996,111.129997,88.942535,11806300.00
2018-05-21,112.050003,112.540001,111.919998,112.150002,89.758873,9441900.00
2018-05-22,112.349998,114.290001,112.290001,113.010002,90.447182,11507600.00
2018-05-23,112.510002,112.769997,111.120003,112.489998,90.030998,11453900.00
2018-05-24,112.139999,112.150002,110.120003,111.230003,89.022560,14084800.00
2018-05-25,110.459999,111.080002,110.199997,110.660004,88.566360,8283500.00
2018-05-29,109.180000,109.199997,104.959999,105.930000,84.780724,30643800.00
2018-05-30,107.639999,108.599998,106.650002,108.349998,86.717575,17490800.00
2018-05-31,107.949997,108.190002,106.419998,107.010002,85.645119,19808200.00
2018-06-01,108.339996,108.940002,107.800003,108.400002,86.757607,13594200.00
2018-06-04,108.989998,109.260002,108.269997,108.449997,86.797600,9415400.00
2018-06-05,108.239998,108.309998,107.070000,107.839996,86.309380,10415200.00
2018-06-06,108.660004,110.739998,108.480003,110.360001,88.326241,15453600.00
2018-06-07,111.180000,111.500000,110.029999,110.800003,88.678452,13444400.00
2018-06-08,110.620003,111.139999,110.059998,111.110001,88.926514,10383200.00
2018-06-11,111.120003,111.910004,110.769997,110.830002,88.702431,12642900.00
2018-06-12,111.139999,111.529999,109.519997,110.190002,88.190193,15294100.00
2018-06-13,110.459999,111.449997,109.580002,109.970001,88.014099,14979700.00
2018-06-14,110.279999,110.360001,107.779999,108.029999,86.461456,20487300.00
2018-06-15,107.800003,108.379997,106.269997,107.900002,86.357414,26028600.00
2018-06-18,107.260002,108.400002,106.690002,108.180000,86.581520,9786800.00
2018-06-19,106.900002,107.879997,106.599998,107.550003,86.077293,12707200.00
2018-06-20,108.180000,108.639999,107.440002,107.540001,86.069283,8876900.00
2018-06-21,107.099998,108.209999,106.529999,107.510002,86.045265,11048700.00
2018-06-22,108.160004,108.370003,105.510002,105.750000,84.636665,19478900.00
2018-06-25,105.660004,105.699997,103.959999,104.790001,83.868332,16907600.00
2018-06-26,104.709999,105.209999,103.110001,104.860001,83.924339,17086800.00
2018-06-27,104.680000,105.919998,103.230003,103.239998,82.627792,16276800.00
2018-06-28,103.680000,105.459999,103.510002,104.930000,83.980385,14491300.00
2018-06-29,106.680000,106.900002,104.150002,104.199997,83.396118,18972400.00
2018-07-02,103.720001,105.089996,103.379997,105.080002,84.100418,11130000.00
2018-07-03,105.410004,105.779999,103.519997,103.610001,82.923927,8311700.00
2018-07-05,104.129997,104.379997,103.529999,103.720001,83.463066,10723400.00
2018-07-06,103.120003,104.500000,102.199997,104.059998,83.736649,12173700.00
2018-07-09,104.709999,107.459999,104.709999,107.279999,86.327789,13900800.00
2018-07-10,108.019997,108.400002,106.529999,106.620003,85.796700,14575900.00
2018-07-11,106.309998,107.059998,106.209999,106.389999,85.611610,10186500.00
2018-07-12,107.419998,107.559998,105.970001,106.849998,85.981766,12456800.00
2018-07-13,107.300003,107.800003,105.139999,106.360001,85.587479,21289100.00
2018-07-16,107.050003,110.769997,106.980003,110.580002,88.983292,24662600.00
2018-07-17,110.690002,110.930000,109.750000,110.500000,88.918915,14821900.00
2018-07-18,110.419998,112.120003,110.199997,111.529999,89.747734,14244900.00
2018-07-19,111.059998,111.089996,109.730003,109.889999,88.428040,16775300.00
2018-07-20,110.000000,111.739998,109.779999,111.279999,89.546562,13578100.00
2018-07-23,111.059998,114.239998,110.930000,113.349998,91.212296,18140000.00
2018-07-24,113.550003,114.779999,113.419998,114.150002,91.856049,14000400.00
2018-07-25,113.879997,115.519997,113.379997,115.180000,92.684883,13329100.00
2018-07-26,115.419998,115.589996,114.580002,114.849998,92.419334,11897800.00
2018-07-27,115.180000,116.300003,114.809998,116.029999,93.368858,12802700.00
2018-07-30,116.279999,117.610001,116.059998,116.730003,93.932159,13411600.00
2018-07-31,117.080002,117.080002,114.820000,114.949997,92.499802,15843800.00
2018-08-01,115.750000,116.690002,115.279999,115.660004,93.071144,13531600.00
2018-08-02,114.570000,116.250000,114.330002,116.150002,93.465408,11058100.00
2018-08-03,116.000000,117.129997,115.940002,117.089996,94.221840,11016100.00
2018-08-06,116.790001,117.529999,116.180000,117.120003,94.246010,9857400.00
2018-08-07,117.739998,118.290001,117.330002,117.550003,94.592033,10562100.00
2018-08-08,117.330002,118.269997,117.279999,117.790001,94.785133,8997100.00
2018-08-09,117.510002,117.720001,116.699997,116.879997,94.052872,9694200.00
2018-08-10,115.500000,115.949997,114.680000,115.730003,93.127480,12630600.00
2018-08-13,115.559998,115.879997,113.820000,113.889999,91.646843,10336300.00
2018-08-14,114.269997,115.040001,113.650002,114.650002,92.258415,10597600.00
2018-08-15,113.820000,114.330002,112.970001,113.699997,91.493919,10152100.00
2018-08-16,114.349998,115.309998,114.300003,114.769997,92.354942,10118600.00
2018-08-17,114.639999,115.070000,114.300003,114.769997,92.354942,8505100.00
2018-08-20,114.589996,115.050003,114.110001,114.620003,92.234268,8618700.00
2018-08-21,115.370003,116.389999,114.879997,115.320000,92.797539,10976700.00
2018-08-22,115.309998,115.410004,114.779999,114.970001,92.515907,8314700.00
2018-08-23,114.959999,115.150002,114.430000,114.730003,92.322777,9265400.00
2018-08-24,114.980003,115.220001,114.449997,114.680000,92.282532,8845700.00
2018-08-27,115.220001,117.279999,115.169998,116.709999,93.916061,13768000.00
2018-08-28,117.000000,117.029999,115.970001,116.139999,93.457390,8302600.00
2018-08-29,116.349998,116.370003,115.360001,115.760002,93.151596,7221700.00
2018-08-30,115.589996,116.040001,114.980003,115.190002,92.692940,8991800.00
2018-08-31,114.830002,114.839996,113.820000,114.580002,92.202057,13065700.00
2018-09-04,114.339996,115.239998,113.629997,115.150002,92.660721,10174200.00
2018-09-05,115.000000,115.699997,114.250000,114.589996,92.210106,11462400.00
2018-09-06,114.500000,114.699997,113.500000,114.099998,91.815834,9877600.00
2018-09-07,114.500000,114.769997,113.629997,114.320000,91.992844,10955600.00
2018-09-10,114.849998,114.970001,113.660004,113.709999,91.501991,8276900.00
2018-09-11,113.540001,114.580002,113.180000,114.430000,92.081360,9333800.00
2018-09-12,114.250000,114.879997,112.849998,113.080002,90.995033,10800800.00
2018-09-13,113.370003,114.129997,112.669998,113.519997,91.349091,12470800.00
2018-09-14,113.809998,114.489998,113.230003,113.500000,91.332985,10337900.00
2018-09-17,113.790001,114.430000,113.300003,113.839996,91.606575,9561300.00
2018-09-18,114.330002,114.660004,113.559998,114.300003,91.976753,7944200.00
2018-09-19,114.440002,118.059998,114.440002,117.620003,94.648338,16052800.00
2018-09-20,118.500000,119.239998,118.080002,118.629997,95.461082,15590000.00
2018-09-21,119.129997,119.230003,117.739998,117.849998,94.833450,24788200.00
2018-09-24,117.760002,118.459999,116.430000,116.720001,93.924118,12492500.00
2018-09-25,117.040001,117.970001,116.320000,116.389999,93.658562,9308300.00
2018-09-26,116.750000,116.870003,114.660004,115.019997,92.556129,14023600.00
2018-09-27,115.419998,115.760002,114.160004,114.519997,92.153778,13283000.00
2018-09-28,113.650002,114.239998,112.519997,112.839996,90.801903,15815100.00
2018-10-01,113.370003,114.610001,113.040001,113.500000,91.332985,10146300.00
2018-10-02,113.360001,114.120003,112.809998,113.970001,91.711189,13753100.00
2018-10-03,114.940002,115.660004,114.480003,115.040001,92.572197,17142000.00
2018-10-04,114.550003,116.809998,114.209999,115.269997,93.406853,16357400.00
2018-10-05,115.830002,116.099998,114.019997,114.620003,92.880173,13777600.00
2018-10-08,114.250000,115.779999,113.349998,115.320000,93.447372,14370900.00
2018-10-09,114.669998,115.029999,113.669998,114.519997,92.799126,14069500.00
2018-10-10,114.699997,114.949997,111.470001,111.470001,90.327606,23086400.00
2018-10-11,110.970001,111.470001,107.379997,108.129997,87.621117,33705600.00
2018-10-12,110.370003,110.830002,105.599998,106.949997,86.664909,32075700.00
2018-10-15,107.199997,108.849998,106.320000,106.339996,86.170601,18903200.00
2018-10-16,107.160004,108.779999,106.730003,108.620003,88.018173,19302800.00
2018-10-17,108.379997,110.800003,108.230003,109.830002,88.998657,18794500.00
2018-10-18,109.019997,109.839996,107.809998,108.089996,87.588699,17582500.00
2018-10-19,107.650002,109.220001,107.269997,107.910004,87.442863,15234500.00
2018-10-22,108.150002,108.339996,106.110001,106.360001,86.186829,16199100.00
2018-10-23,104.199997,106.160004,103.699997,105.250000,85.287338,21407500.00
2018-10-24,104.760002,105.029999,102.910004,103.290001,83.699104,23168900.00
2018-10-25,104.180000,105.900002,103.720001,104.860001,84.971313,17464700.00
2018-10-26,104.000000,104.559998,102.730003,103.419998,83.804443,19174900.00
2018-10-29,104.459999,106.629997,103.699997,104.849998,84.963196,18445200.00
2018-10-30,105.709999,106.980003,104.860001,106.699997,86.462326,18019700.00
2018-10-31,108.080002,110.480003,107.790001,109.019997,88.342300,20860000.00
2018-11-01,109.620003,110.220001,108.320000,108.980003,88.309883,13065000.00
2018-11-02,109.900002,110.809998,107.489998,108.379997,87.823685,19009200.00
2018-11-05,108.610001,109.290001,108.419998,109.089996,88.399017,10276400.00
2018-11-06,108.669998,109.669998,107.760002,109.599998,88.812286,10825000.00
2018-11-07,110.370003,111.730003,109.349998,111.480003,90.335739,12679600.00
2018-11-08,111.010002,112.930000,111.000000,112.379997,91.065002,11662500.00
2018-11-09,112.230003,112.360001,110.830002,111.290001,90.181740,10432200.00
2018-11-12,111.419998,111.940002,108.599998,108.949997,88.285561,13279700.00
2018-11-13,109.099998,111.120003,109.099998,109.589996,88.804192,13746100.00
2018-11-14,110.230003,110.709999,105.980003,107.330002,86.972847,18361400.00
2018-11-15,108.239998,110.080002,106.809998,110.070000,89.193130,19100000.00
2018-11-16,109.449997,110.760002,108.550003,109.989998,89.128319,13798600.00
2018-11-19,109.959999,111.199997,109.529999,110.830002,89.809021,13987000.00
2018-11-20,109.779999,110.489998,107.980003,108.449997,87.880409,18936200.00
2018-11-21,109.029999,109.610001,107.639999,107.639999,87.224037,10619600.00
2018-11-23,106.739998,107.389999,106.059998,106.650002,86.421814,6488400.00
2018-11-26,107.720001,109.980003,107.449997,109.260002,88.536797,13948300.00
2018-11-27,108.760002,110.029999,108.629997,109.720001,88.909523,9238200.00
2018-11-28,109.800003,111.400002,108.870003,110.940002,89.898117,13977300.00
2018-11-29,110.269997,110.800003,109.639999,110.059998,89.185028,11144300.00
2018-11-30,109.849998,111.320000,109.580002,111.190002,90.100716,18652700.00
2018-12-03,112.379997,112.889999,111.739998,112.239998,90.951561,16034500.00
2018-12-04,111.599998,111.599998,106.730003,107.230003,86.891800,23555900.00
2018-12-06,105.010002,105.360001,102.879997,105.190002,85.238739,27213900.00
2018-12-07,105.160004,106.980003,102.910004,103.290001,83.699104,19248600.00
2018-12-10,102.870003,103.489998,99.279999,101.360001,82.135170,23636400.00
2018-12-11,103.129997,103.660004,100.209999,100.370003,81.332932,16860700.00
2018-12-12,101.660004,102.900002,100.059998,101.019997,81.859642,22621500.00
2018-12-13,101.550003,101.970001,100.669998,101.120003,81.940697,17250900.00
2018-12-14,99.989998,101.940002,99.860001,100.290001,81.268112,19879500.00
2018-12-17,99.769997,100.559998,98.440002,99.010002,80.230896,25113500.00
2018-12-18,99.419998,100.889999,98.120003,98.540001,79.850006,20837200.00
2018-12-19,98.410004,100.580002,96.599998,97.290001,78.837112,28767900.00
2018-12-20,96.610001,98.279999,95.690002,96.449997,78.156433,31825200.00
2018-12-21,96.680000,98.430000,93.690002,94.169998,76.308868,41313900.00
2018-12-24,92.889999,94.220001,92.139999,92.139999,74.663918,17009300.00
2018-12-26,92.690002,95.959999,91.110001,95.959999,77.759369,22542900.00
2018-12-27,94.820000,97.150002,93.550003,97.040001,78.634521,20304700.00
2018-12-28,97.949997,98.320000,96.440002,96.830002,78.464355,17963300.00
2018-12-31,97.589996,98.809998,96.769997,97.620003,79.104523,13237200.00
2019-01-02,95.949997,99.779999,95.940002,99.309998,80.473991,15670900.00
2019-01-03,98.639999,98.889999,96.690002,97.110001,79.330315,16286400.00
2019-01-04,99.110001,100.930000,98.279999,100.690002,82.254845,16935200.00
2019-01-07,100.430000,101.470001,99.709999,100.760002,82.312035,15430700.00
2019-01-08,101.629997,101.820000,99.550003,100.570000,82.156807,13578800.00
2019-01-09,100.809998,101.489998,99.930000,100.400002,82.017944,14230300.00
2019-01-10,100.019997,100.730003,99.269997,100.389999,82.009781,14376100.00
2019-01-11,99.889999,100.169998,98.949997,99.910004,81.617668,15439900.00
2019-01-14,98.870003,101.360001,98.660004,100.940002,82.459076,21258500.00
2019-01-15,98.889999,102.470001,98.599998,101.680000,83.063583,26504900.00
2019-01-16,102.250000,103.449997,101.800003,102.500000,83.733467,18533000.00
2019-01-17,102.110001,103.500000,101.919998,102.919998,84.076561,14247600.00
2019-01-18,103.769997,104.900002,102.830002,104.589996,85.440826,16428700.00
2019-01-22,103.080002,103.589996,102.129997,102.940002,84.092911,17083700.00
2019-01-23,103.440002,103.699997,101.970001,102.680000,83.880501,12146700.00
2019-01-24,102.129997,103.089996,101.940002,102.739998,83.929512,11296800.00
2019-01-25,103.510002,104.309998,102.739998,103.389999,84.460503,14369400.00
2019-01-28,102.889999,104.239998,102.589996,103.879997,84.860802,12283100.00
2019-01-29,103.879997,105.110001,103.730003,104.169998,85.097694,9743300.00
2019-01-30,104.139999,105.239998,103.779999,104.410004,85.293770,12526300.00
2019-01-31,103.410004,103.800003,102.730003,103.500000,84.550346,17520600.00
2019-02-01,104.000000,104.849998,103.519997,103.879997,84.860802,13000800.00
2019-02-04,103.790001,104.250000,103.010002,104.250000,85.163033,9871500.00
2019-02-05,104.519997,104.550003,103.290001,103.790001,84.787277,12763000.00
2019-02-06,103.709999,104.620003,103.470001,103.739998,84.746429,8745000.00
2019-02-07,103.250000,103.500000,101.440002,102.379997,83.635429,13177500.00
2019-02-08,102.080002,102.339996,100.059998,101.360001,82.802177,12892600.00
2019-02-11,101.760002,102.010002,100.769997,100.879997,82.410049,10978500.00
2019-02-12,101.949997,102.919998,101.889999,102.599998,83.815140,12852300.00
2019-02-13,102.900002,103.849998,102.900002,103.089996,84.215431,10754100.00
2019-02-14,102.470001,103.099998,101.349998,102.419998,83.668098,11518500.00
2019-02-15,103.900002,105.699997,103.660004,105.550003,86.225044,14716900.00
2019-02-19,104.910004,105.370003,103.809998,105.180000,85.922775,12764900.00
2019-02-20,105.209999,105.800003,104.879997,105.690002,86.339417,10030300.00
2019-02-21,105.449997,105.989998,104.959999,105.470001,86.159698,8400100.00
2019-02-22,105.699997,106.089996,104.779999,105.000000,85.775742,10647300.00
2019-02-25,105.750000,107.269997,105.690002,106.099998,86.674362,11230700.00
2019-02-26,104.500000,105.470001,103.940002,105.290001,86.012650,15465400.00
2019-02-27,105.180000,105.379997,104.510002,105.160004,85.906456,9968800.00
2019-02-28,105.010002,105.209999,104.180000,104.360001,85.252930,15156900.00
2019-03-01,105.099998,105.910004,104.199997,104.430000,85.310104,13813300.00
2019-03-04,104.919998,105.919998,103.269997,104.190002,85.114059,12466300.00
2019-03-05,104.129997,104.550003,103.260002,104.110001,85.048676,10856600.00
2019-03-06,103.860001,104.570000,103.550003,103.720001,84.730095,9070800.00
2019-03-07,103.250000,103.470001,102.160004,102.970001,84.117409,12705700.00
2019-03-08,101.989998,103.230003,101.989998,103.010002,84.150101,10582400.00
2019-03-11,103.980003,104.550003,103.660004,104.349998,85.244743,9763200.00
2019-03-12,104.589996,104.790001,103.750000,104.040001,84.991508,10219100.00
2019-03-13,104.190002,104.980003,103.949997,104.389999,85.277420,13022200.00
2019-03-14,104.500000,105.870003,104.459999,105.339996,86.053482,10926500.00
2019-03-15,105.410004,106.800003,105.230003,106.550003,87.041954,24811700.00
2019-03-18,106.550003,107.790001,106.500000,107.190002,87.564789,12935500.00
2019-03-19,108.199997,108.400002,106.550003,106.800003,87.246193,12889300.00
2019-03-20,106.430000,106.650002,104.410004,104.519997,85.383629,14920700.00
2019-03-21,103.489998,103.489998,102.279999,102.870003,84.035728,19751000.00
2019-03-22,101.820000,102.320000,99.519997,99.760002,81.495117,31115200.00
2019-03-25,99.589996,100.570000,98.089996,98.930000,80.817085,21032300.00
2019-03-26,99.820000,100.400002,98.820000,99.919998,81.625816,15987100.00
2019-03-27,99.879997,100.449997,99.080002,99.580002,81.348099,12753200.00
2019-03-28,100.000000,100.800003,99.739998,100.709999,82.271172,12454100.00
2019-03-29,101.540001,101.989998,100.589996,101.230003,82.695984,14523400.00
2019-04-01,102.150002,104.680000,102.120003,104.639999,85.481651,17499300.00
2019-04-02,104.599998,105.440002,104.330002,105.139999,85.890106,10295400.00
2019-04-03,105.809998,106.360001,104.790001,105.349998,86.061653,11499200.00
2019-04-04,104.550003,105.730003,104.449997,105.559998,86.893036,11952100.00
2019-04-05,105.800003,106.110001,104.989998,105.309998,86.687256,9933700.00
2019-04-08,105.110001,105.650002,104.910004,105.650002,86.967140,8056300.00
2019-04-09,105.080002,105.199997,104.250000,104.870003,86.325066,9092200.00
2019-04-10,105.129997,105.720001,104.470001,105.339996,86.711960,10882300.00
2019-04-11,105.709999,106.730003,105.559998,106.230003,87.444572,11183800.00
2019-04-12,109.440002,111.849998,108.879997,111.209999,91.543930,25834100.00
2019-04-15,110.919998,111.000000,109.120003,109.940002,90.498512,15163800.00
2019-04-16,109.900002,111.389999,109.860001,111.099998,91.453384,11583200.00
2019-04-17,111.699997,114.660004,111.010002,114.300003,94.087502,17791900.00
2019-04-18,114.529999,114.949997,113.330002,113.459999,93.396049,12501900.00
2019-04-22,112.830002,113.930000,112.660004,113.599998,93.511284,7975900.00
2019-04-23,113.000000,114.370003,112.849998,113.739998,93.626518,9193100.00
2019-04-24,113.260002,114.150002,112.809998,113.550003,93.470123,9245700.00
2019-04-25,113.010002,114.150002,112.500000,113.610001,93.519485,9311800.00
2019-04-26,113.949997,114.580002,113.599998,114.470001,94.227425,7889300.00
2019-04-29,114.599998,117.160004,114.449997,116.120003,95.585670,14242200.00
2019-04-30,116.430000,116.720001,115.260002,116.050003,95.528046,11389100.00
2019-05-01,115.720001,117.000000,115.110001,115.160004,94.795433,10412900.00
2019-05-02,115.169998,115.779999,114.580002,115.410004,95.001198,8613300.00
2019-05-03,116.000000,116.680000,115.669998,116.120003,95.585670,8185400.00
2019-05-06,114.180000,115.470001,113.720001,115.089996,94.737793,9387000.00
2019-05-07,114.029999,114.029999,112.290001,113.209999,93.190247,15017700.00
2019-05-08,112.660004,113.669998,112.459999,112.610001,92.696350,9575800.00
2019-05-09,111.139999,112.739998,110.580002,112.519997,92.622284,12205900.00
2019-05-10,111.750000,112.839996,110.540001,112.510002,92.614044,13189000.00
2019-05-13,110.080002,110.449997,108.980003,109.449997,90.095161,13783700.00
2019-05-14,109.550003,111.720001,109.500000,110.320000,90.811310,10503600.00
2019-05-15,109.209999,110.900002,108.610001,109.900002,90.465553,10142000.00
2019-05-16,110.620003,112.169998,110.589996,111.309998,91.626259,9672700.00
2019-05-17,110.000000,111.750000,109.830002,110.769997,91.181740,9570100.00
2019-05-20,110.580002,111.809998,110.370003,111.349998,91.659157,8518200.00
2019-05-21,111.440002,111.919998,111.220001,111.730003,91.971954,7967900.00
2019-05-22,111.400002,111.790001,110.750000,110.820000,91.222900,7918900.00
2019-05-23,109.639999,109.790001,107.500000,108.639999,89.428391,14558000.00
2019-05-24,109.519997,109.959999,109.190002,109.709999,90.309204,8537300.00
2019-05-28,109.199997,109.830002,108.440002,108.519997,89.329613,11665500.00
2019-05-29,107.449997,108.400002,107.059998,108.220001,89.082664,9966400.00
2019-05-30,108.650002,109.180000,106.540001,107.059998,88.127785,10367800.00
2019-05-31,105.559998,106.589996,104.839996,105.959999,87.222321,10952800.00
2019-06-03,105.800003,106.860001,105.300003,106.459999,87.633888,11680700.00
2019-06-04,107.849998,109.900002,107.129997,109.739998,90.333862,12858600.00
2019-06-05,109.860001,110.379997,108.639999,110.129997,90.654915,8340500.00
2019-06-06,110.150002,110.870003,108.930000,110.370003,90.852463,8726700.00
2019-06-07,109.699997,110.019997,108.959999,109.160004,89.856438,10618900.00
2019-06-10,110.750000,111.209999,110.220001,110.339996,90.827774,11380600.00
2019-06-11,110.820000,111.570000,110.370003,110.680000,91.107651,9847700.00
2019-06-12,110.699997,110.900002,108.889999,109.269997,89.946983,9670500.00
2019-06-13,109.459999,110.160004,109.050003,109.540001,90.169228,8406900.00
2019-06-14,109.570000,110.300003,108.629997,109.820000,90.399719,9077400.00
2019-06-17,109.699997,110.370003,109.059998,109.220001,89.905807,8128600.00
2019-06-18,109.010002,111.410004,108.980003,110.709999,91.132332,11057300.00
2019-06-19,110.820000,111.589996,109.699997,109.910004,90.473808,13126500.00
2019-06-20,110.879997,111.089996,109.029999,110.190002,90.704308,13638000.00
2019-06-21,110.190002,111.669998,109.089996,109.440002,90.086937,27089500.00
2019-06-24,109.279999,109.769997,108.540001,108.660004,89.444855,13039600.00
2019-06-25,108.680000,108.980003,107.669998,107.760002,88.704002,18660100.00
2019-06-26,108.300003,109.309998,108.160004,108.480003,89.296684,10324600.00
2019-06-27,108.839996,109.550003,108.440002,108.839996,89.593018,10906600.00
2019-06-28,111.040001,112.430000,110.900002,111.800003,92.029587,21634700.00
2019-07-01,113.230003,114.519997,113.080002,113.680000,93.577133,12724500.00
2019-07-02,113.510002,114.199997,113.220001,113.800003,93.675903,10174900.00
2019-07-03,113.339996,113.870003,112.260002,112.820000,93.526680,6849400.00
2019-07-05,113.510002,114.269997,112.919998,113.489998,94.082123,7929400.00
2019-07-08,112.959999,113.480003,112.500000,112.870003,93.568130,6917200.00
2019-07-09,112.279999,113.489998,112.150002,113.349998,93.966049,8947300.00
2019-07-10,113.370003,113.830002,112.739998,113.019997,93.692497,9242300.00
2019-07-11,113.370003,114.360001,113.120003,114.099998,94.587807,11595200.00
2019-07-12,114.129997,115.349998,113.930000,115.300003,95.582596,10783400.00
2019-07-15,115.540001,115.570000,113.529999,113.900002,94.422005,12946600.00
2019-07-16,113.480003,115.500000,112.919998,115.120003,95.433372,16945000.00
2019-07-17,114.430000,114.940002,113.730003,113.989998,94.496613,13120900.00
2019-07-18,113.930000,115.070000,113.550003,114.669998,95.060326,9397200.00
2019-07-19,114.889999,115.120003,113.400002,113.540001,94.123566,10402800.00
2019-07-22,112.910004,114.449997,112.769997,114.269997,94.728729,9061100.00
2019-07-23,114.879997,116.449997,114.820000,116.360001,96.461311,12752200.00
2019-07-24,115.580002,116.879997,115.519997,116.830002,96.850967,10011000.00
2019-07-25,116.889999,117.239998,115.320000,115.709999,95.922493,10138400.00
2019-07-26,115.769997,116.510002,115.529999,116.220001,96.345276,12800400.00
2019-07-29,116.459999,117.180000,115.790001,115.849998,96.038528,8500400.00
2019-07-30,115.190002,116.080002,114.760002,115.589996,95.822998,7121100.00
2019-07-31,116.099998,116.180000,114.860001,116.000000,96.162888,13648000.00
2019-08-01,115.330002,116.800003,112.599998,112.940002,93.626175,15664500.00
2019-08-02,112.400002,113.430000,111.400002,112.930000,93.617889,11025500.00
2019-08-05,110.790001,110.980003,108.269997,109.570000,90.832481,15855300.00
2019-08-06,110.050003,110.500000,108.339996,110.430000,91.545418,10203500.00
2019-08-07,108.000000,108.279999,105.940002,108.029999,89.555832,17320900.00
2019-08-08,109.050003,110.080002,108.720001,109.860001,91.072884,10903300.00
2019-08-09,109.349998,110.449997,108.290001,109.739998,90.973412,9980800.00
2019-08-12,108.440002,108.510002,107.209999,107.680000,89.265686,9393700.00
2019-08-13,107.949997,110.330002,107.029999,109.339996,90.641800,12124700.00
2019-08-14,106.300003,106.910004,104.449997,104.800003,86.878197,19491800.00
2019-08-15,104.820000,106.379997,104.339996,105.199997,87.209801,13365600.00
2019-08-16,106.370003,107.980003,105.870003,107.720001,89.298866,11830600.00
2019-08-19,109.629997,109.750000,108.419998,108.690002,90.102974,8265400.00
2019-08-20,107.849998,108.440002,107.239998,107.309998,88.958954,8374000.00
2019-08-21,108.209999,108.430000,107.449997,107.610001,89.207649,8189300.00
2019-08-22,108.370003,109.269997,107.930000,108.720001,90.127823,9343400.00
2019-08-23,108.000000,108.779999,105.110001,106.019997,87.889557,14762300.00
2019-08-26,106.620003,106.989998,106.010002,106.870003,88.594193,8209500.00
2019-08-27,107.349998,107.559998,104.839996,105.739998,87.657455,14331800.00
2019-08-28,105.080002,107.209999,105.040001,106.800003,88.536156,10585500.00
2019-08-29,108.139999,109.889999,108.019997,109.220001,90.542336,10002200.00
2019-08-30,109.839996,110.559998,109.470001,109.860001,91.072884,10170300.00
2019-09-03,108.980003,108.989998,107.320000,108.559998,89.995193,9868800.00
2019-09-04,109.449997,110.220001,108.559998,109.870003,91.081161,6929200.00
2019-09-05,111.250000,113.720001,111.199997,112.370003,93.153664,13224700.00
2019-09-06,112.660004,112.980003,111.959999,112.610001,93.352592,7836600.00
2019-09-09,113.709999,116.059998,113.599998,115.400002,95.665497,13985100.00
2019-09-10,116.300003,117.269997,115.730003,116.870003,96.884117,14333100.00
2019-09-11,116.889999,117.199997,115.379997,117.190002,97.149384,9919200.00
2019-09-12,116.550003,118.470001,115.919998,117.910004,97.746246,12283500.00
2019-09-13,119.000000,120.400002,118.750000,120.230003,99.669502,16257200.00
2019-09-16,118.900002,119.870003,118.379997,119.160004,98.782494,11993900.00
2019-09-17,118.419998,118.610001,117.239998,118.570000,98.293419,10735400.00
2019-09-18,118.320000,120.080002,117.750000,119.760002,99.279884,10665600.00
2019-09-19,119.699997,120.339996,119.089996,119.379997,98.964874,9382600.00
2019-09-20,119.739998,120.339996,118.870003,118.900002,98.566948,21862800.00
2019-09-23,117.779999,119.120003,117.680000,118.879997,98.550377,9135100.00
2019-09-24,118.750000,119.260002,117.040001,117.330002,97.265442,11696500.00
2019-09-25,117.269997,118.360001,117.120003,118.000000,97.820869,9389400.00
2019-09-26,117.879997,118.050003,116.949997,117.029999,97.016769,9899200.00
2019-09-27,117.959999,118.639999,117.279999,117.720001,97.588745,10207800.00
2019-09-30,118.360001,118.769997,117.220001,117.690002,97.563866,9755000.00
2019-10-01,118.400002,119.000000,115.410004,115.550003,95.789833,11250300.00
2019-10-02,114.809998,114.900002,112.930000,113.250000,93.883186,12548700.00
2019-10-03,112.269997,112.910004,110.519997,112.190002,93.749451,12735200.00
2019-10-04,112.339996,114.940002,112.269997,114.620003,95.780045,9453100.00
2019-10-07,114.190002,115.500000,114.070000,114.370003,95.571121,6771600.00
2019-10-08,113.059998,113.059998,111.660004,111.820000,93.440277,10806300.00
2019-10-09,112.669998,113.160004,112.070000,112.629997,94.117134,7273700.00
2019-10-10,113.139999,115.400002,113.000000,114.209999,95.437431,10994100.00
2019-10-11,116.029999,117.989998,115.870003,116.139999,97.050209,15076500.00
2019-10-14,115.849998,116.870003,115.660004,116.449997,97.309242,8779000.00
2019-10-15,118.849998,121.589996,117.870003,119.959999,100.242317,23379000.00
2019-10-16,119.959999,120.620003,119.379997,119.680000,100.008331,11087700.00
2019-10-17,120.750000,121.570000,119.879997,120.349998,100.568222,10818500.00
2019-10-18,120.000000,121.019997,119.860001,120.559998,100.743690,10417400.00
2019-10-21,122.050003,123.769997,121.989998,123.550003,103.242218,12714600.00
2019-10-22,123.449997,125.099998,123.120003,124.790001,104.278404,12549100.00
2019-10-23,124.199997,125.150002,124.169998,125.120003,104.554161,8828300.00
2019-10-24,125.290001,125.660004,124.070000,125.029999,104.478958,8020500.00
2019-10-25,125.000000,126.650002,124.750000,126.029999,105.314606,9055700.00
2019-10-28,126.570000,127.209999,126.400002,126.510002,105.715729,9522200.00
2019-10-29,126.059998,127.419998,125.940002,126.430000,105.648857,9797300.00
2019-10-30,126.050003,126.260002,124.919998,125.730003,105.063927,8513700.00
2019-10-31,125.489998,125.730003,123.860001,124.919998,104.387054,11589100.00
2019-11-01,126.199997,127.989998,126.019997,127.800003,106.793678,11682600.00
2019-11-04,129.080002,129.419998,128.559998,128.820007,107.646019,9159900.00
2019-11-05,129.389999,130.300003,128.839996,129.100006,107.879967,13747600.00
2019-11-06,128.690002,129.839996,128.580002,129.300003,108.047119,11231100.00
2019-11-07,130.429993,131.289993,129.919998,130.000000,108.632027,13528900.00
2019-11-08,129.880005,130.399994,129.250000,130.380005,108.949608,9293400.00
2019-11-11,129.600006,130.100006,129.350006,129.919998,108.565208,8679000.00
2019-11-12,129.630005,130.619995,129.009995,129.160004,107.930130,9099000.00
2019-11-13,128.130005,128.820007,127.419998,128.479996,107.361885,8023300.00
2019-11-14,127.720001,128.839996,127.589996,128.600006,107.462158,8483400.00
2019-11-15,129.229996,129.529999,128.399994,129.529999,108.239296,10163600.00
2019-11-18,129.559998,130.649994,128.990005,130.619995,109.150146,8749300.00
2019-11-19,130.990005,131.250000,130.179993,130.580002,109.116730,8824500.00
2019-11-20,130.300003,130.619995,128.940002,129.630005,108.322884,11782800.00
2019-11-21,130.000000,130.720001,129.389999,129.929993,108.573578,7705500.00
2019-11-22,130.149994,131.220001,130.100006,130.789993,109.292191,8167900.00
2019-11-25,131.250000,132.070007,130.869995,131.490005,109.877144,10068500.00
2019-11-26,131.820007,131.820007,130.360001,131.669998,110.027550,10490700.00
2019-11-27,132.289993,132.429993,131.649994,132.059998,110.353462,6607900.00
2019-11-29,131.869995,132.410004,131.449997,131.759995,110.102745,5712000.00
2019-12-02,132.309998,132.740005,131.350006,131.470001,109.860458,8615600.00
2019-12-03,129.770004,129.960007,128.589996,129.779999,108.448235,10361300.00
2019-12-04,130.380005,132.470001,129.990005,132.339996,110.587448,10318200.00
2019-12-05,132.679993,133.309998,132.179993,133.059998,111.189064,9587400.00
2019-12-06,134.690002,135.779999,134.649994,135.039993,112.843620,10170600.00
2019-12-09,134.630005,135.460007,134.410004,134.410004,112.317184,8498200.00
2019-12-10,133.250000,134.770004,132.880005,134.500000,112.392395,7532900.00
2019-12-11,134.289993,135.020004,134.009995,134.179993,112.124992,9011900.00
2019-12-12,134.490005,138.470001,134.210007,138.020004,115.333824,13717400.00
2019-12-13,137.949997,138.830002,136.220001,136.809998,114.322701,10592100.00
2019-12-16,138.380005,138.839996,137.320007,137.339996,114.765594,11372000.00
2019-12-17,137.729996,138.669998,137.229996,138.179993,115.467491,11546800.00
2019-12-18,138.149994,139.020004,137.720001,138.039993,115.350510,10381500.00
2019-12-19,137.759995,138.220001,137.100006,137.350006,114.773949,9350400.00
2019-12-20,138.020004,138.880005,136.899994,137.240005,114.682022,29992600.00
2019-12-23,137.600006,137.910004,136.880005,137.199997,114.648590,9738400.00
2019-12-24,137.330002,137.630005,137.059998,137.580002,114.966125,3324300.00
2019-12-26,137.889999,139.100006,137.779999,139.039993,116.186119,6770900.00
2019-12-27,139.300003,139.770004,138.669998,139.139999,116.269737,7868200.00
2019-12-30,139.899994,140.080002,138.470001,138.630005,115.843582,6963000.00
2019-12-31,138.509995,139.479996,138.289993,139.399994,116.487022,7201600.00
2020-01-02,139.789993,141.100006,139.259995,141.089996,117.899208,10803700.00
2020-01-03,137.500000,139.229996,137.080002,138.339996,116.343361,10386800.00
2020-01-06,136.559998,138.270004,136.500000,138.229996,116.250839,10259000.00
2020-01-07,137.279999,137.860001,135.820007,135.880005,114.274529,10531300.00
2020-01-08,135.699997,137.580002,135.600006,136.940002,115.165947,9695300.00
2020-01-09,138.050003,138.229996,137.039993,137.440002,115.586487,9469000.00
2020-01-10,137.210007,137.250000,135.809998,136.070007,114.434303,10190900.00
2020-01-13,136.190002,137.199997,135.759995,137.199997,115.384613,12355200.00
2020-01-14,137.940002,140.759995,137.690002,138.800003,116.730232,24906000.00
2020-01-15,137.850006,138.600006,136.149994,136.720001,114.980957,16293400.00
2020-01-16,137.449997,137.899994,136.839996,137.250000,115.426659,10783800.00
2020-01-17,137.539993,138.289993,137.320007,138.199997,116.225624,14697700.00
2020-01-21,137.190002,138.070007,136.690002,136.839996,115.081863,8474200.00
2020-01-22,137.240005,137.399994,136.380005,136.679993,114.947289,7549100.00
2020-01-23,135.710007,136.740005,134.720001,136.539993,114.829567,9345700.00
2020-01-24,136.369995,136.429993,132.320007,133.149994,111.978577,15166400.00
2020-01-27,130.270004,132.940002,129.710007,132.029999,111.036682,12860500.00
2020-01-28,132.839996,134.970001,132.479996,134.429993,113.055084,13062800.00
2020-01-29,134.809998,135.539993,133.690002,134.229996,112.886856,9326000.00
2020-01-30,132.690002,136.130005,132.690002,135.889999,114.282936,9048900.00
2020-01-31,134.490005,134.830002,131.470001,132.360001,111.314201,12785200.00
2020-02-03,132.660004,134.240005,132.660004,133.369995,112.163597,10021100.00
2020-02-04,135.550003,136.600006,135.080002,135.289993,113.778320,9157100.00
2020-02-05,136.570007,137.729996,136.009995,137.589996,115.712593,10150700.00
2020-02-06,138.240005,138.289993,137.110001,137.610001,115.729446,8992300.00
2020-02-07,136.729996,137.669998,136.300003,137.169998,115.359398,6379800.00
2020-02-10,136.949997,137.850006,136.750000,137.740005,115.838776,5960700.00
2020-02-11,138.259995,138.820007,137.779999,138.000000,116.057426,6578600.00
2020-02-12,138.600006,139.289993,137.800003,138.000000,116.057426,7958000.00
2020-02-13,137.750000,138.339996,136.399994,137.880005,115.956482,7447500.00
2020-02-14,137.839996,138.190002,136.940002,137.460007,115.603294,6627600.00
2020-02-18,137.339996,137.710007,135.050003,135.639999,114.072685,8996400.00
2020-02-19,136.910004,138.389999,136.339996,137.490005,115.628525,7071200.00
2020-02-20,137.169998,138.360001,136.529999,137.490005,115.628525,7422800.00
2020-02-21,136.550003,136.919998,134.919998,135.809998,114.215652,9772800.00
2020-02-24,131.440002,133.199997,130.800003,132.160004,111.146027,13618400.00
2020-02-25,131.000000,132.229996,125.589996,126.260002,106.184135,20797200.00
2020-02-26,126.930000,128.949997,126.339996,126.639999,106.503708,24825600.00
2020-02-27,122.910004,125.620003,121.300003,121.370003,102.071678,23005500.00
2020-02-28,117.519997,118.489998,112.660004,116.110001,97.648033,45931400.00
2020-03-02,116.629997,121.580002,114.459999,121.519997,102.197807,27355400.00
2020-03-03,120.970001,122.949997,116.239998,116.959999,98.362862,32547700.00
2020-03-04,118.330002,120.190002,114.699997,119.849998,100.793358,25795900.00
2020-03-05,115.669998,116.430000,112.580002,113.970001,95.848289,25025600.00
2020-03-06,106.260002,110.320000,105.019997,108.080002,90.894821,38159400.00
2020-03-09,96.570000,99.230003,93.000000,93.440002,78.582657,40352000.00
2020-03-10,99.000000,101.279999,94.580002,100.699997,84.688255,31102700.00
2020-03-11,97.699997,100.050003,94.550003,95.959999,80.701973,38127000.00
2020-03-12,89.589996,96.959999,86.320000,88.050003,74.049683,49725200.00
2020-03-13,95.989998,103.989998,92.000000,103.910004,87.387856,38543300.00
2020-03-16,85.199997,93.980003,84.550003,88.360001,74.310387,38589700.00
2020-03-17,90.889999,97.440002,87.500000,93.760002,78.851768,35239800.00
2020-03-18,87.669998,90.790001,80.360001,83.889999,70.551140,41525600.00
2020-03-19,81.559998,88.110001,76.910004,85.300003,71.736954,32175100.00
2020-03-20,86.300003,89.459999,82.480003,83.500000,70.223152,30150800.00
2020-03-23,82.680000,83.750000,78.089996,79.029999,66.463890,32536600.00
2020-03-24,84.900002,90.099998,82.900002,88.430000,74.369255,34363200.00
2020-03-25,89.239998,95.150002,84.540001,91.730003,77.144554,38111700.00
2020-03-26,94.080002,98.570000,93.540001,98.120003,82.518509,29826300.00
2020-03-27,93.190002,94.839996,90.550003,91.129997,76.639938,30041500.00
2020-03-30,90.650002,94.089996,89.300003,93.500000,78.633118,21656900.00
2020-03-31,92.050003,94.169998,89.339996,90.029999,75.714844,23379300.00
2020-04-01,85.099998,86.559998,83.250000,84.360001,70.946404,28029600.00
2020-04-02,83.510002,87.910004,82.959999,87.510002,73.595543,24018000.00
2020-04-03,86.000000,87.480003,82.769997,84.050003,71.420219,21199400.00
2020-04-06,88.989998,90.989998,87.699997,89.459999,76.017281,26820800.00
2020-04-07,94.449997,94.500000,90.379997,90.639999,77.019966,22563800.00
2020-04-08,92.099998,94.860001,90.550003,94.300003,80.130005,22903300.00
2020-04-09,96.919998,104.389999,96.889999,102.760002,87.318764,42055900.00
2020-04-13,103.110001,103.110001,97.300003,98.190002,83.435478,26911900.00
2020-04-14,101.019997,102.000000,93.639999,95.500000,81.149689,46151300.00
2020-04-15,91.150002,92.029999,90.129997,90.790001,77.147430,30118600.00
2020-04-16,90.230003,90.570000,87.050003,87.330002,74.207359,32449600.00
2020-04-17,92.000000,95.699997,90.959999,95.180000,80.877785,30191900.00
2020-04-20,92.470001,94.709999,90.459999,91.709999,77.929207,23679400.00
2020-04-21,88.620003,91.379997,88.330002,89.050003,75.668900,23035000.00
2020-04-22,90.690002,91.870003,89.180000,89.339996,75.915321,16662400.00
2020-04-23,89.739998,91.279999,89.260002,89.389999,75.957787,16638800.00
2020-04-24,90.639999,91.099998,88.489998,90.709999,77.079460,15809200.00
2020-04-27,91.940002,95.629997,91.540001,94.620003,80.401901,22870200.00
2020-04-28,97.809998,98.360001,95.029999,95.290001,80.971230,20238900.00
2020-04-29,99.080002,99.449997,97.269997,97.860001,83.155067,20462600.00
2020-04-30,95.599998,96.839996,94.550003,95.760002,81.370628,19127600.00
2020-05-01,93.500000,93.739998,91.839996,93.250000,79.237793,18547700.00
2020-05-04,92.019997,92.669998,90.800003,92.139999,78.294571,15725900.00
2020-05-05,93.650002,94.209999,91.900002,92.000000,78.175621,18064100.00
2020-05-06,92.160004,92.760002,89.930000,90.269997,76.705574,20978000.00
2020-05-07,91.339996,92.910004,90.580002,91.209999,77.504326,16771900.00
2020-05-08,92.800003,94.080002,92.110001,92.699997,78.770424,20487800.00
2020-05-11,91.110001,91.110001,89.330002,89.970001,76.450645,31907600.00
2020-05-12,90.150002,90.790001,86.900002,87.029999,73.952423,27962900.00
2020-05-13,86.379997,86.860001,83.400002,84.029999,71.403221,35451600.00
2020-05-14,82.720001,88.110001,82.400002,87.519997,74.368782,35152500.00
2020-05-15,86.849998,87.279999,85.300003,85.900002,72.992226,26099000.00
2020-05-18,88.690002,91.150002,87.879997,90.449997,76.858528,30504400.00
2020-05-19,90.050003,91.199997,88.589996,88.669998,75.345993,19597300.00
2020-05-20,90.709999,92.389999,90.370003,91.330002,77.606293,20552400.00
2020-05-21,90.269997,91.760002,89.669998,90.169998,76.620605,14621400.00
2020-05-22,90.010002,90.360001,88.720001,89.470001,76.025795,13557900.00
2020-05-26,92.889999,97.500000,92.610001,95.820000,81.421616,41233900.00
2020-05-27,102.070000,102.580002,98.800003,101.370003,86.137627,39402000.00
2020-05-28,102.940002,102.949997,99.400002,99.860001,84.854538,24713900.00
2020-05-29,98.660004,99.180000,96.779999,97.309998,82.687729,26526400.00
2020-06-01,97.750000,99.510002,97.379997,98.599998,83.783875,15176800.00
2020-06-02,100.279999,100.419998,97.930000,98.930000,84.064278,21195000.00
2020-06-03,101.580002,104.919998,101.059998,104.269997,88.601860,25941100.00
2020-06-04,103.820000,106.610001,102.790001,106.440002,90.445808,26784700.00
2020-06-05,114.930000,115.769997,109.529999,111.230003,94.516022,42231000.00
2020-06-08,113.410004,114.190002,111.940002,113.449997,96.402420,24881800.00
2020-06-09,110.650002,111.629997,109.010002,110.540001,93.929703,17031100.00
2020-06-10,110.459999,110.510002,105.849998,106.059998,90.122887,24913300.00
2020-06-11,100.029999,101.580002,96.540001,97.209999,82.602730,36259200.00
2020-06-12,100.709999,101.129997,97.330002,99.870003,84.863037,24856800.00
2020-06-15,96.419998,101.430000,95.870003,101.250000,86.035667,22153600.00
2020-06-16,105.370003,105.680000,99.309998,102.059998,86.723961,22193600.00
2020-06-17,102.529999,102.540001,99.209999,99.480003,84.531647,15639800.00
2020-06-18,98.669998,100.519997,98.129997,98.940002,84.072777,16591900.00
2020-06-19,100.529999,100.599998,96.730003,97.809998,83.112572,40371200.00
2020-06-22,97.250000,97.949997,96.540001,96.750000,82.211853,16216900.00
2020-06-23,98.970001,99.970001,97.849998,97.930000,83.214539,15381400.00
2020-06-24,96.750000,96.839996,94.309998,94.660004,80.435905,22919800.00
2020-06-25,94.349998,98.209999,94.260002,97.959999,83.240021,25743600.00
2020-06-26,95.110001,95.370003,92.000000,92.589996,78.676964,41896300.00
2020-06-29,93.400002,94.489998,92.180000,93.000000,79.025352,18499700.00
2020-06-30,92.830002,94.660004,92.570000,94.059998,79.926048,19137000.00
2020-07-01,94.889999,95.709999,93.029999,93.260002,79.246300,18755700.00
2020-07-02,94.739998,94.959999,91.930000,92.660004,79.503700,27845600.00
2020-07-06,94.430000,95.199997,93.480003,95.000000,81.511444,18625300.00
2020-07-07,93.820000,94.099998,92.000000,92.320000,79.211952,25757200.00
2020-07-08,92.290001,93.339996,91.800003,93.300003,80.052818,18762200.00
2020-07-09,93.519997,94.120003,90.779999,91.279999,78.319626,25600800.00
2020-07-10,92.000000,96.839996,91.870003,96.269997,82.601120,28954200.00
2020-07-13,98.730003,99.269997,96.230003,97.650002,83.785187,32079200.00
2020-07-14,98.370003,99.949997,96.639999,98.209999,84.265671,42731700.00
2020-07-15,100.889999,101.290001,98.650002,99.730003,85.569855,22508400.00
2020-07-16,98.779999,101.220001,98.550003,100.010002,85.810120,16886900.00
2020-07-17,100.000000,100.080002,98.139999,98.160004,84.222778,16137700.00
2020-07-20,97.430000,98.389999,97.260002,97.300003,83.484894,14458100.00
2020-07-21,97.709999,100.050003,97.639999,99.410004,85.295296,17798100.00
2020-07-22,99.650002,100.129997,97.529999,98.690002,84.677536,14271200.00
2020-07-23,98.500000,99.349998,97.970001,98.980003,84.926346,12870200.00
2020-07-24,99.599998,99.800003,97.940002,98.279999,84.325745,12744200.00
2020-07-27,97.510002,97.629997,96.169998,96.900002,83.141670,11959100.00
2020-07-28,96.500000,97.889999,96.500000,97.320000,83.502014,11754300.00
2020-07-29,97.070000,99.709999,97.000000,99.680000,85.526932,12743500.00
2020-07-30,97.540001,97.739998,96.050003,97.019997,83.244637,14834800.00
2020-07-31,96.480003,96.930000,95.250000,96.639999,82.918587,14535000.00
2020-08-03,97.019997,97.570000,95.849998,96.099998,82.455238,12962800.00
2020-08-04,95.910004,95.949997,95.029999,95.550003,81.983353,13366200.00
2020-08-05,95.870003,98.470001,95.720001,97.209999,83.407646,15260900.00
2020-08-06,97.580002,98.099998,96.540001,97.239998,83.433395,10482100.00
2020-08-07,96.930000,99.489998,96.559998,99.379997,85.269554,14743700.00
2020-08-10,100.110001,102.040001,100.029999,100.639999,86.350647,14989900.00
2020-08-11,103.860001,106.160004,103.510002,103.820000,89.079140,31518600.00
2020-08-12,106.160004,106.430000,101.709999,102.940002,88.324104,19240800.00
2020-08-13,102.000000,103.360001,101.639999,102.370003,87.835014,13598600.00
2020-08-14,101.500000,103.309998,101.419998,102.410004,87.869331,12134400.00
2020-08-17,101.500000,102.000000,99.529999,99.709999,85.552711,14988000.00
2020-08-18,99.910004,99.910004,98.120003,98.320000,84.360054,13246500.00
2020-08-19,98.919998,100.589996,98.339996,98.550003,84.557419,13533000.00
2020-08-20,97.260002,98.029999,96.800003,97.370003,83.544945,13672600.00
2020-08-21,97.269997,98.570000,96.940002,97.320000,83.502014,12228300.00
2020-08-24,98.449997,100.209999,97.419998,100.059998,85.853012,17898300.00
2020-08-25,101.269997,101.980003,99.800003,100.500000,86.230522,13648900.00
2020-08-26,99.940002,100.269997,99.050003,99.089996,85.020714,12052400.00
2020-08-27,99.000000,102.650002,99.000000,102.349998,87.817856,22163900.00
2020-08-28,103.139999,103.250000,101.809998,102.769997,88.178207,13756700.00
2020-08-31,102.120003,102.180000,100.019997,100.190002,85.964546,14219400.00
2020-09-01,99.550003,100.870003,99.040001,100.139999,85.921638,11595600.00
2020-09-02,99.949997,101.940002,99.559998,101.650002,87.217255,14475700.00
2020-09-03,103.320000,104.989998,100.639999,101.330002,86.942680,23281200.00
2020-09-04,104.050003,105.209999,101.370003,103.519997,88.821724,26325500.00
2020-09-08,102.980003,103.570000,99.480003,99.919998,85.732872,22108600.00
2020-09-09,100.800003,101.690002,99.559998,100.870003,86.547997,13434000.00
2020-09-10,101.400002,102.419998,99.639999,99.830002,85.655647,15922800.00
2020-09-11,99.970001,101.360001,99.589996,101.070000,86.719582,13784300.00
2020-09-14,101.510002,103.459999,101.370003,102.470001,87.920807,19017400.00
2020-09-15,102.730003,102.849998,99.139999,99.279999,85.183739,23683000.00
2020-09-16,99.430000,101.129997,98.760002,99.699997,85.544113,19270600.00
2020-09-17,98.699997,99.339996,97.709999,98.559998,84.565956,18290100.00
2020-09-18,97.889999,99.489998,97.440002,98.349998,84.385788,20121600.00
2020-09-21,95.199997,96.050003,93.820000,95.309998,81.777435,28378800.00
2020-09-22,94.959999,95.660004,93.669998,94.269997,80.885071,19257000.00
2020-09-23,94.779999,95.349998,92.660004,92.739998,79.572334,19952700.00
2020-09-24,92.320000,94.300003,91.379997,92.660004,79.503700,18366500.00
2020-09-25,92.050003,93.720001,91.870003,93.470001,80.198662,13293100.00
2020-09-28,95.059998,96.930000,94.349998,96.160004,82.506721,20894100.00
2020-09-29,96.029999,96.029999,94.330002,95.349998,81.811760,12848200.00
2020-09-30,95.349998,97.199997,95.260002,96.269997,82.601120,16400600.00
2020-10-01,97.120003,97.769997,96.029999,96.970001,83.201736,15778700.00
2020-10-02,95.250000,98.589996,95.089996,97.889999,83.991112,15149600.00
2020-10-05,98.320000,99.250000,97.529999,99.040001,85.766357,13871900.00
2020-10-06,100.070000,100.860001,97.510002,98.019997,84.883049,19220400.00
2020-10-07,98.959999,100.349998,98.669998,99.730003,86.363892,16358500.00
2020-10-08,100.510002,101.919998,99.900002,101.779999,88.139130,15659000.00
2020-10-09,102.000000,102.110001,100.110001,101.199997,87.636864,13689100.00
2020-10-12,101.099998,103.000000,100.849998,102.440002,88.710678,16058000.00
2020-10-13,103.000000,103.220001,100.260002,100.779999,87.273140,21697300.00
2020-10-14,101.029999,101.930000,100.099998,100.220001,86.788239,15204100.00
2020-10-15,99.099998,101.779999,99.040001,101.720001,88.087181,17171200.00
2020-10-16,101.410004,102.330002,100.720001,101.510002,87.905334,13275000.00
2020-10-19,101.599998,101.870003,99.559998,99.800003,86.424500,11725700.00
2020-10-20,100.309998,101.769997,100.120003,100.370003,86.918114,11257100.00
2020-10-21,100.360001,100.989998,99.330002,99.370003,86.052139,10730500.00
2020-10-22,99.320000,103.239998,99.309998,102.879997,89.091713,14837200.00
2020-10-23,103.500000,104.449997,102.930000,103.809998,89.897064,15087600.00
2020-10-26,102.650002,102.699997,100.250000,101.239998,87.671524,12410700.00
2020-10-27,100.510002,100.919998,99.160004,99.330002,86.017509,10391700.00
2020-10-28,97.500000,98.300003,96.070000,96.540001,83.601440,16389500.00
2020-10-29,96.120003,97.980003,95.239998,97.169998,84.146988,14208800.00
2020-10-30,97.910004,98.419998,96.230003,98.040001,84.900406,15194500.00
2020-11-02,99.389999,100.879997,97.860001,100.250000,86.814201,15011600.00
2020-11-03,103.019997,104.739998,102.690002,103.410004,89.550682,17482600.00
2020-11-04,101.000000,102.070000,98.930000,100.250000,86.814201,18886500.00
2020-11-05,101.059998,105.099998,101.000000,104.349998,90.364685,17837400.00
2020-11-06,105.029999,105.099998,102.389999,102.959999,89.160980,12552800.00
2020-11-09,113.160004,118.900002,110.349998,116.900002,101.232704,47792400.00
2020-11-10,117.349998,117.449997,114.690002,116.519997,100.903648,20539300.00
2020-11-11,116.889999,116.959999,113.959999,114.779999,99.396843,14443400.00
2020-11-12,112.529999,113.959999,112.059998,113.370003,98.175797,22063000.00
2020-11-13,114.699997,114.860001,113.570000,114.080002,98.790665,11847900.00
2020-11-16,117.790001,118.610001,115.730003,117.300003,101.579109,19858600.00
2020-11-17,115.389999,116.440002,114.580002,116.110001,100.548592,14553200.00
2020-11-18,117.339996,118.610001,115.199997,115.250000,99.803841,12571200.00
2020-11-19,114.180000,115.820000,113.559998,115.559998,100.072296,10202500.00
2020-11-20,114.430000,115.650002,114.089996,114.570000,99.215004,12718900.00
2020-11-23,116.050003,118.169998,115.570000,117.870003,102.072723,13209200.00
2020-11-24,120.070000,123.500000,119.709999,123.320000,106.792290,20121600.00
2020-11-25,121.370003,122.379997,120.470001,122.029999,105.675171,11715600.00
2020-11-27,122.000000,122.349998,121.080002,121.220001,104.973747,5983600.00
2020-11-30,120.000000,120.720001,117.769997,117.879997,102.081352,14411800.00
2020-12-01,120.339996,121.580002,119.629997,119.739998,103.692093,12668900.00
2020-12-02,119.699997,122.309998,119.269997,122.040001,105.683830,10811300.00
2020-12-03,121.849998,121.889999,120.360001,121.239998,104.991058,12904400.00
2020-12-04,122.480003,123.290001,121.690002,122.339996,105.943626,13583700.00
2020-12-07,121.150002,122.169998,120.209999,121.879997,105.545280,9724300.00
2020-12-08,121.040001,122.330002,120.760002,122.000000,105.649200,9592100.00
2020-12-09,123.169998,123.300003,120.440002,121.050003,104.826515,13073900.00
2020-12-10,119.989998,120.779999,119.559998,120.269997,104.151054,13668400.00
2020-12-11,118.940002,120.019997,118.370003,119.559998,103.536201,9981600.00
2020-12-14,121.339996,121.419998,118.110001,118.300003,102.445084,12112400.00
2020-12-15,119.290001,120.900002,118.620003,120.320000,104.194359,12590200.00
2020-12-16,120.300003,121.080002,119.860001,120.669998,104.497452,11169400.00
2020-12-17,121.260002,121.449997,119.580002,119.669998,103.631470,11618000.00
2020-12-18,119.139999,119.879997,118.269997,119.080002,103.120544,28954800.00
2020-12-21,123.169998,125.000000,121.089996,123.550003,106.991455,28323600.00
2020-12-22,123.389999,123.519997,121.610001,121.669998,105.363419,11788200.00
2020-12-23,122.779999,126.519997,122.349998,125.070000,108.307747,14973200.00
2020-12-24,125.089996,125.550003,123.570000,124.519997,107.831451,4164900.00
2020-12-28,125.820000,126.650002,124.790001,125.339996,108.541565,8072600.00
2020-12-29,126.199997,126.279999,124.889999,125.010002,108.255798,8389200.00
2020-12-30,125.489998,125.849998,124.900002,125.360001,108.558891,7398000.00
2020-12-31,125.089996,127.330002,124.820000,127.070000,110.039688,8580200.00
2021-01-04,127.500000,127.860001,124.779999,125.870003,109.000534,16819900.00
2021-01-05,124.989998,126.300003,123.769997,125.650002,109.593643,13731200.00
2021-01-06,129.880005,132.770004,127.879997,131.550003,114.739716,24909100.00
2021-01-07,135.690002,138.190002,134.919998,135.869995,118.507652,21940400.00
2021-01-08,135.970001,136.350006,134.119995,136.020004,118.638481,12035100.00
2021-01-11,134.580002,138.199997,134.110001,138.050003,120.409073,15937900.00
2021-01-12,139.440002,141.660004,138.830002,140.220001,122.301788,18033500.00
2021-01-13,138.589996,140.789993,138.100006,140.350006,122.415192,14816800.00
2021-01-14,140.490005,142.750000,140.000000,141.169998,123.130409,18565600.00
2021-01-15,137.429993,141.649994,137.009995,138.639999,120.923676,27881000.00
2021-01-19,139.860001,140.699997,137.820007,138.039993,120.400345,19843800.00
2021-01-20,137.820007,138.169998,135.440002,135.970001,118.594879,16028800.00
2021-01-21,135.690002,136.160004,134.320007,134.830002,117.600578,13411700.00
2021-01-22,132.690002,134.399994,132.199997,133.789993,116.693451,12933200.00
2021-01-25,132.139999,133.169998,130.059998,132.119995,115.236877,14212800.00
2021-01-26,132.750000,133.169998,131.339996,131.580002,114.765884,11307800.00
2021-01-27,129.589996,129.850006,127.349998,127.860001,111.521233,17603900.00
2021-01-28,129.899994,132.169998,128.990005,130.110001,113.483696,13761800.00
2021-01-29,131.190002,131.720001,128.190002,128.669998,112.227715,14808100.00
2021-02-01,129.399994,130.070007,128.479996,129.619995,113.056328,11080700.00
2021-02-02,131.940002,134.389999,131.220001,133.610001,116.536453,12253600.00
2021-02-03,133.649994,135.759995,133.509995,135.139999,117.870964,10600800.00
2021-02-04,135.470001,138.660004,135.470001,138.250000,120.583527,12419500.00
2021-02-05,139.389999,139.490005,137.380005,137.979996,120.348000,10051300.00
2021-02-08,138.199997,140.300003,138.179993,140.139999,122.232018,10136400.00
2021-02-09,139.429993,139.979996,138.539993,139.580002,121.743553,8614800.00
2021-02-10,140.000000,140.869995,139.039993,139.660004,121.813316,10323200.00
2021-02-11,139.660004,140.550003,138.220001,139.270004,121.473183,9201000.00
2021-02-12,139.050003,141.610001,139.000000,141.250000,123.200172,8324600.00
2021-02-16,143.550003,145.320007,142.399994,144.649994,126.165672,12130600.00
2021-02-17,143.949997,145.380005,143.119995,145.100006,126.558167,10810100.00
2021-02-18,144.000000,145.789993,143.399994,145.589996,126.985565,10587800.00
2021-02-19,145.860001,148.839996,145.860001,148.020004,129.105057,11969800.00
2021-02-22,146.869995,150.190002,146.789993,149.410004,130.317444,11488400.00
2021-02-23,151.509995,152.309998,149.589996,150.610001,131.364090,16234400.00
2021-02-24,150.110001,153.759995,150.110001,153.259995,133.675461,15061400.00
2021-02-25,154.270004,154.899994,150.589996,151.179993,131.861221,18127700.00
2021-02-26,150.300003,150.869995,146.509995,147.169998,128.363663,19829200.00
2021-03-01,149.520004,151.380005,148.479996,150.500000,131.268097,14845500.00
2021-03-02,150.080002,151.779999,149.839996,150.009995,130.840744,14221700.00
2021-03-03,151.229996,154.979996,150.820007,152.910004,133.370163,14324100.00
2021-03-04,152.610001,154.380005,148.619995,150.559998,131.320496,20093900.00
2021-03-05,153.220001,153.490005,147.970001,150.910004,131.625748,18465100.00
2021-03-08,152.470001,155.460007,150.750000,152.910004,133.370163,17133300.00
2021-03-09,151.500000,154.250000,149.820007,151.830002,132.428177,16238800.00
2021-03-10,151.910004,156.160004,151.509995,155.130005,135.306458,14342200.00
2021-03-11,154.110001,156.149994,153.360001,154.320007,134.599991,11771500.00
2021-03-12,156.860001,157.630005,155.070007,156.149994,136.196106,12849500.00
2021-03-15,156.350006,156.919998,153.960007,155.369995,135.515823,12101100.00
2021-03-16,154.089996,154.600006,152.190002,153.509995,133.893478,12805600.00
2021-03-17,155.339996,156.880005,153.050003,155.089996,135.271591,13952400.00
2021-03-18,157.600006,161.690002,157.110001,157.649994,137.504425,21898500.00
2021-03-19,155.509995,155.940002,151.190002,155.139999,135.315201,54418800.00
2021-03-22,152.800003,153.970001,150.610001,150.970001,131.678070,19944800.00
2021-03-23,150.330002,152.119995,148.960007,149.460007,130.361069,17076300.00
2021-03-24,150.000000,153.179993,149.860001,150.619995,131.372787,13079800.00
2021-03-25,150.000000,152.970001,149.330002,152.550003,133.056198,15608300.00
2021-03-26,154.300003,155.449997,152.550003,155.089996,135.271591,16754400.00
2021-03-29,152.119995,153.729996,151.039993,152.679993,133.169571,17570300.00
2021-03-30,154.460007,155.869995,153.880005,154.479996,134.739532,13184300.00
2021-03-31,153.279999,154.490005,152.119995,152.229996,132.777084,16736700.00
2021-04-01,151.899994,153.789993,151.550003,153.710007,134.067963,16561500.00
2021-04-05,154.399994,154.940002,152.600006,153.619995,134.778610,13508000.00
2021-04-06,152.789993,154.279999,151.860001,152.539993,133.831055,13071600.00
2021-04-07,153.100006,155.229996,152.649994,154.929993,135.927887,16903500.00
2021-04-08,154.000000,155.509995,152.309998,155.119995,136.094620,12335500.00
2021-04-09,155.809998,157.039993,154.970001,156.279999,137.112366,12122400.00
2021-04-12,155.580002,157.250000,155.570007,155.949997,136.822861,12273400.00
2021-04-13,154.750000,155.199997,152.429993,154.089996,135.190948,16113600.00
2021-04-14,151.470001,153.830002,150.929993,151.210007,132.664215,19939600.00
2021-04-15,151.250000,152.199997,149.320007,152.169998,133.506409,17694100.00
2021-04-16,153.869995,154.509995,152.690002,153.300003,134.497849,13773400.00
2021-04-19,153.419998,153.880005,152.220001,152.649994,133.927582,11900200.00
2021-04-20,151.740005,151.750000,148.649994,149.270004,130.962128,13716700.00
2021-04-21,147.789993,150.610001,146.789993,150.539993,132.076340,12236700.00
2021-04-22,150.229996,150.300003,147.259995,147.369995,129.295166,15256100.00
2021-04-23,147.179993,151.130005,146.690002,150.190002,131.769272,14041900.00
2021-04-26,150.779999,152.460007,150.380005,150.559998,132.093918,10799100.00
2021-04-27,150.500000,151.570007,150.110001,151.250000,132.699295,12821200.00
2021-04-28,152.429993,152.889999,151.399994,152.229996,133.559097,8943700.00
2021-04-29,153.539993,155.279999,153.199997,155.190002,136.156036,12976900.00
2021-04-30,154.100006,154.490005,153.009995,153.809998,134.945328,11705100.00
2021-05-03,154.850006,155.479996,153.130005,153.360001,134.550522,11801100.00
2021-05-04,152.869995,155.639999,152.139999,155.479996,136.410461,12977700.00
2021-05-05,156.000000,158.279999,154.630005,157.520004,138.200272,10506700.00
2021-05-06,158.070007,160.820007,157.160004,160.690002,140.981445,13542400.00
2021-05-07,157.220001,161.500000,157.020004,161.240005,141.464035,14257800.00
2021-05-10,161.500000,163.729996,161.119995,161.220001,141.446457,14014300.00
2021-05-11,161.080002,162.389999,158.039993,158.539993,139.095154,15451700.00
2021-05-12,159.610001,160.779999,157.029999,157.449997,138.138824,14381700.00
2021-05-13,158.179993,162.449997,157.679993,161.500000,141.692169,15395000.00
2021-05-14,162.389999,164.449997,161.990005,164.009995,143.894287,10584000.00
2021-05-17,163.369995,164.850006,163.029999,164.669998,144.473358,9886800.00
2021-05-18,164.679993,165.500000,162.240005,162.350006,142.437881,11098100.00
2021-05-19,161.000000,161.179993,158.639999,161.110001,141.349945,13278900.00
2021-05-20,160.830002,161.860001,159.520004,160.830002,141.104294,10426000.00
2021-05-21,161.339996,163.220001,160.940002,162.660004,142.709869,10249000.00
2021-05-24,163.360001,164.229996,162.119995,163.539993,143.481934,9440300.00
2021-05-25,163.850006,165.699997,161.559998,161.850006,141.999207,12609100.00
2021-05-26,163.570007,163.740005,161.309998,161.830002,141.981659,13058300.00
2021-05-27,163.949997,164.750000,162.570007,164.350006,144.192581,15707500.00
2021-05-28,164.679993,164.940002,163.259995,164.240005,144.096054,10291300.00
2021-06-01,165.869995,166.910004,165.479996,166.050003,145.684082,9445400.00
2021-06-02,167.259995,167.440002,165.529999,166.059998,145.692825,10498600.00
2021-06-03,165.410004,167.250000,164.660004,166.169998,145.789383,13354400.00
2021-06-04,166.210007,166.669998,165.029999,166.440002,146.026245,8510800.00
2021-06-07,167.000000,167.100006,165.139999,165.660004,145.341904,7267200.00
2021-06-08,164.490005,165.759995,163.160004,165.000000,144.762833,10370700.00
2021-06-09,164.139999,164.220001,162.279999,162.940002,142.955505,12377400.00
2021-06-10,164.360001,165.240005,160.309998,160.399994,140.727020,12119400.00
2021-06-11,160.429993,161.199997,159.059998,160.289993,140.630524,13683800.00
2021-06-14,160.149994,160.330002,156.660004,157.570007,138.244156,19917900.00
2021-06-15,156.699997,156.919998,154.130005,155.179993,136.147263,24485500.00
2021-06-16,154.729996,157.619995,153.110001,156.270004,137.103607,25321200.00
2021-06-17,157.100006,157.460007,151.250000,151.759995,133.146713,29722400.00
2021-06-18,149.300003,149.699997,147.559998,147.919998,129.777725,43595700.00
2021-06-21,149.080002,151.199997,149.020004,150.429993,131.979828,18664800.00
2021-06-22,150.600006,150.970001,148.660004,150.210007,131.786835,14251200.00
2021-06-23,150.199997,152.039993,150.089996,151.119995,132.585220,12733300.00
2021-06-24,151.919998,153.119995,151.220001,152.509995,133.804733,13733200.00
2021-06-25,152.589996,154.500000,151.669998,154.050003,135.155823,15484900.00
2021-06-28,153.699997,154.479996,152.119995,154.330002,135.401535,14125800.00
2021-06-29,155.000000,156.309998,153.610001,154.139999,135.234833,14528700.00
2021-06-30,153.750000,156.080002,153.710007,155.539993,136.463074,12531000.00
2021-07-01,156.259995,157.139999,155.419998,157.080002,137.814255,10479400.00
2021-07-02,155.949997,156.320007,155.119995,156.029999,137.681885,11424000.00
2021-07-06,155.779999,155.779999,152.350006,153.410004,135.369949,15083400.00
2021-07-07,152.009995,154.279999,151.550003,153.589996,135.528778,12271800.00
2021-07-08,151.610001,152.529999,150.039993,150.940002,133.190445,17834600.00
2021-07-09,153.050003,156.149994,152.580002,155.770004,137.452438,13694500.00
2021-07-12,154.350006,159.160004,153.940002,158.000000,139.420212,19940400.00
2021-07-13,156.050003,157.389999,153.500000,155.649994,137.346573,22671700.00
2021-07-14,155.949997,157.279999,152.949997,155.119995,136.878906,14622800.00
2021-07-15,153.899994,156.529999,153.699997,155.460007,137.178894,11539300.00
2021-07-16,155.960007,156.279999,151.020004,151.910004,134.046356,14002700.00
2021-07-19,148.550003,149.820007,145.710007,146.970001,129.687271,22172900.00
2021-07-20,146.520004,151.119995,146.330002,149.710007,132.105072,15385200.00
2021-07-21,152.050003,153.649994,151.360001,152.860001,134.884644,12356700.00
2021-07-22,152.880005,153.440002,149.970001,150.929993,133.181564,9913300.00
2021-07-23,151.479996,152.839996,150.250000,150.639999,132.925705,9666100.00
2021-07-26,150.190002,151.960007,150.169998,151.649994,133.816925,8208000.00
2021-07-27,150.399994,152.490005,149.800003,151.449997,133.640472,11218700.00
2021-07-28,152.289993,152.770004,150.880005,151.699997,133.861053,9217300.00
2021-07-29,153.139999,153.869995,151.910004,153.000000,135.008163,9063500.00
2021-07-30,152.580002,153.669998,151.199997,151.779999,133.931686,9805200.00
2021-08-02,152.029999,154.449997,151.070007,151.169998,133.393402,10203200.00
2021-08-03,151.949997,153.320007,149.520004,152.889999,134.911148,10394800.00
2021-08-04,151.250000,153.369995,150.910004,151.240005,133.455185,10155000.00
2021-08-05,152.279999,153.690002,152.009995,153.149994,135.140549,9151500.00
2021-08-06,155.190002,157.820007,155.110001,157.500000,138.979019,13328800.00
2021-08-09,157.520004,158.550003,155.899994,157.330002,138.829025,9516900.00
2021-08-10,156.740005,159.979996,156.309998,159.259995,140.532059,8667000.00
2021-08-11,160.000000,161.500000,159.080002,161.160004,142.208618,9156500.00
2021-08-12,161.880005,162.369995,160.550003,161.789993,142.764557,8844200.00
2021-08-13,161.789993,162.160004,159.570007,159.979996,141.167374,8980900.00
2021-08-16,158.940002,159.029999,156.779999,158.929993,140.240860,8755800.00
2021-08-17,157.570007,158.860001,155.270004,157.009995,138.546616,9347200.00
2021-08-18,156.309998,158.009995,155.339996,155.580002,137.284790,8065500.00
2021-08-19,153.160004,155.559998,153.009995,154.279999,136.137619,9517700.00
2021-08-20,154.350006,154.899994,153.160004,154.720001,136.525940,6974100.00
2021-08-23,155.330002,157.089996,155.240005,156.699997,138.273056,7934600.00
2021-08-24,157.000000,158.550003,156.869995,157.669998,139.128998,7670900.00
2021-08-25,158.509995,161.779999,157.800003,160.919998,141.996826,11335000.00
2021-08-26,162.259995,163.830002,161.149994,161.750000,142.729218,11027500.00
2021-08-27,161.750000,163.160004,161.259995,163.050003,143.876343,8780200.00
2021-08-30,163.210007,163.490005,159.880005,160.440002,141.573273,7937600.00
2021-08-31,160.440002,161.369995,159.350006,159.949997,141.140900,12340800.00
2021-09-01,160.220001,160.759995,158.970001,159.720001,140.937943,8729900.00
2021-09-02,160.020004,161.610001,159.429993,160.460007,141.590958,8813300.00
2021-09-03,160.389999,160.889999,159.149994,159.490005,140.735001,7959700.00
2021-09-07,159.990005,161.380005,158.960007,159.210007,140.487900,9285600.00
2021-09-08,158.889999,159.580002,158.039993,158.500000,139.861420,7852700.00
2021-09-09,158.270004,160.830002,158.080002,159.190002,140.470276,7904300.00
2021-09-10,160.559998,160.720001,157.220001,157.360001,138.855484,8311600.00
2021-09-13,158.529999,160.050003,158.070007,159.860001,141.061493,10052800.00
2021-09-14,160.449997,161.339996,156.259995,157.070007,138.599579,11685600.00
2021-09-15,156.720001,158.690002,156.470001,158.160004,139.561417,11691500.00
2021-09-16,159.410004,160.850006,157.220001,158.089996,139.499588,10880900.00
2021-09-17,157.380005,159.009995,157.000000,157.679993,139.137848,25581600.00
2021-09-20,153.889999,154.559998,150.490005,152.960007,134.972900,15819900.00
2021-09-21,153.529999,154.550003,152.580002,152.979996,134.990555,8999900.00
2021-09-22,155.199997,157.250000,155.100006,155.910004,137.576004,11236200.00
2021-09-23,158.000000,161.710007,157.669998,161.179993,142.226257,12336100.00
2021-09-24,161.440002,163.589996,160.820007,163.039993,143.867508,10102400.00
2021-09-27,165.000000,167.399994,164.610001,166.979996,147.344208,13220900.00
2021-09-28,167.699997,169.300003,165.660004,166.080002,146.550079,13387900.00
2021-09-29,166.210007,166.899994,165.039993,165.949997,146.435333,7777100.00
2021-09-30,166.919998,166.990005,162.789993,163.690002,144.441101,13161200.00
2021-10-01,164.000000,168.300003,163.600006,167.130005,147.476608,11285000.00
2021-10-04,166.970001,170.440002,165.729996,166.949997,147.317734,14120000.00
2021-10-05,167.210007,170.139999,166.669998,168.660004,149.723465,12292900.00
2021-10-06,167.990005,169.100006,166.000000,169.020004,150.043030,8692600.00
2021-10-07,171.199997,171.509995,169.539993,170.089996,150.992920,10195400.00
2021-10-08,170.020004,171.339996,169.300003,170.220001,151.108353,8190100.00
2021-10-11,170.800003,171.289993,166.460007,166.639999,147.930267,12154700.00
2021-10-12,165.750000,166.690002,164.770004,165.360001,146.793976,13032600.00
2021-10-13,164.070007,165.410004,160.600006,161.000000,142.923508,22753500.00
2021-10-14,161.750000,164.009995,160.059998,163.470001,145.116165,15176800.00
2021-10-15,165.350006,167.169998,164.139999,166.610001,147.903625,14267400.00
2021-10-18,166.479996,168.610001,165.910004,166.550003,147.850372,12672900.00
2021-10-19,167.399994,168.649994,166.580002,168.570007,149.643616,8053900.00
2021-10-20,168.300003,170.869995,167.460007,170.839996,151.658691,8185600.00
2021-10-21,170.759995,171.330002,168.679993,169.500000,150.469147,8415200.00
2021-10-22,170.029999,172.089996,169.699997,171.779999,152.493179,8817900.00
2021-10-25,172.710007,172.960007,170.479996,170.940002,151.747482,10159200.00
2021-10-26,171.000000,172.490005,170.539993,171.399994,152.155838,8015100.00
2021-10-27,170.320007,170.699997,167.339996,167.830002,148.986633,9847000.00
2021-10-28,168.300003,170.509995,167.960007,170.360001,151.232590,7212900.00
2021-10-29,171.179993,172.240005,169.389999,169.889999,150.815338,8140100.00
2021-11-01,172.039993,172.330002,169.009995,169.800003,150.735458,7435500.00
2021-11-02,169.800003,171.690002,168.919998,170.470001,151.330261,7173800.00
2021-11-03,170.130005,171.130005,169.149994,170.529999,151.383499,8402700.00
2021-11-04,170.000000,170.199997,166.490005,168.289993,149.395020,9574200.00
2021-11-05,168.899994,170.089996,167.410004,168.050003,149.181976,7975600.00
2021-11-08,169.050003,170.919998,168.740005,169.059998,150.078568,6413700.00
2021-11-09,167.350006,168.470001,166.600006,167.779999,148.942245,7990300.00
2021-11-10,167.449997,168.949997,167.089996,167.619995,148.800232,6999200.00
2021-11-11,167.520004,168.679993,166.899994,167.610001,148.791336,5815300.00
2021-11-12,167.649994,167.740005,165.720001,166.860001,148.125580,8113400.00
2021-11-15,167.210007,167.789993,166.000000,166.559998,147.859253,6492500.00
2021-11-16,167.059998,167.070007,165.119995,165.360001,146.793976,9706100.00
2021-11-17,165.210007,165.559998,163.389999,164.470001,146.003906,9909600.00
2021-11-18,164.389999,164.850006,162.559998,163.050003,144.743332,8122500.00
2021-11-19,161.300003,162.110001,159.449997,160.919998,142.852478,12193600.00
2021-11-22,164.160004,165.979996,162.990005,164.350006,145.897354,14549900.00
2021-11-23,165.500000,168.559998,165.369995,168.279999,149.386154,12354400.00
2021-11-24,168.460007,169.440002,166.440002,166.960007,148.214355,9629800.00
2021-11-26,162.139999,162.649994,158.820007,161.929993,143.749069,13619300.00
2021-11-29,163.309998,164.779999,159.820007,161.229996,143.127670,12104400.00
2021-11-30,159.160004,160.630005,158.289993,158.830002,140.997177,18922600.00
2021-12-01,161.000000,163.270004,157.800003,157.889999,140.162674,12253400.00
2021-12-02,159.830002,163.250000,158.800003,161.210007,143.109940,12969900.00
2021-12-03,161.500000,161.830002,157.190002,158.289993,140.517792,12681800.00
2021-12-06,161.009995,162.610001,159.460007,160.160004,142.177795,11186500.00
2021-12-07,161.880005,163.389999,161.160004,162.570007,144.317276,9851600.00
2021-12-08,162.660004,163.270004,160.169998,160.710007,142.666092,11705700.00
2021-12-09,159.649994,160.929993,158.649994,160.460007,142.444168,11189600.00
2021-12-10,161.320007,161.699997,159.130005,159.820007,141.876007,10405400.00
2021-12-13,159.500000,159.789993,157.279999,157.919998,140.189331,12069000.00
2021-12-14,157.449997,160.889999,157.300003,159.130005,141.263489,12563600.00
2021-12-15,159.850006,159.850006,157.350006,157.940002,140.207077,14014200.00
2021-12-16,160.389999,161.820007,158.699997,160.410004,142.399780,19542800.00
2021-12-17,159.320007,159.380005,155.179993,156.759995,139.159561,28082000.00
2021-12-20,154.509995,154.699997,151.839996,153.940002,136.656204,15148000.00
2021-12-21,155.410004,157.179993,155.089996,156.089996,138.564789,11291300.00
2021-12-22,155.750000,157.059998,155.240005,156.699997,139.106277,7273000.00
2021-12-23,157.610001,159.119995,157.210007,157.259995,139.603409,8055200.00
2021-12-27,157.600006,158.199997,156.339996,158.160004,140.402390,6188100.00
2021-12-28,158.199997,160.149994,158.080002,158.639999,140.828476,6342300.00
2021-12-29,158.850006,159.630005,158.149994,158.559998,140.757446,6398900.00
2021-12-30,159.110001,160.240005,158.369995,158.479996,140.686447,6948200.00
2021-12-31,158.449997,159.289993,157.960007,158.350006,140.571060,5805900.00
2022-01-03,159.860001,162.639999,159.509995,161.699997,143.544922,13120900.00
2022-01-04,164.309998,168.580002,164.229996,167.830002,148.986633,20195800.00
2022-01-05,167.820007,168.360001,163.729996,163.779999,146.262878,17539400.00
2022-01-06,166.910004,167.369995,163.869995,165.520004,147.816757,14047500.00
2022-01-07,165.669998,167.529999,165.059998,167.160004,149.281357,13913300.00
2022-01-10,169.070007,169.309998,165.529999,167.320007,149.424271,12922500.00
2022-01-11,168.259995,168.520004,166.309998,167.490005,149.576096,11854100.00
2022-01-12,168.460007,169.589996,167.179993,168.440002,150.424500,12568000.00
2022-01-13,168.339996,169.809998,167.889999,168.229996,150.236908,13623400.00
2022-01-14,160.759995,161.029999,156.899994,157.889999,141.002853,40158400.00
2022-01-18,155.779999,155.779999,150.539993,151.270004,135.090897,32324800.00
2022-01-19,151.570007,152.229996,148.550003,148.929993,133.001175,22380000.00
2022-01-20,148.990005,150.610001,147.360001,147.660004,131.866989,14860800.00
2022-01-21,147.500000,147.509995,144.270004,145.080002,129.562943,20705400.00
2022-01-24,142.279999,145.479996,139.570007,144.949997,129.446838,28471400.00
2022-01-25,143.649994,146.850006,140.789993,146.529999,130.857849,18915900.00
2022-01-26,148.720001,150.570007,145.960007,147.919998,132.099213,20709100.00
2022-01-27,149.419998,150.380005,144.130005,145.309998,129.768326,17536800.00
2022-01-28,144.190002,146.759995,142.169998,146.610001,130.929321,14117000.00
2022-01-31,145.639999,148.789993,144.669998,148.600006,132.706451,13985700.00
2022-02-01,148.690002,151.470001,148.300003,151.149994,134.983719,14584900.00
2022-02-02,150.500000,150.940002,148.070007,149.940002,133.903122,12441100.00
2022-02-03,150.000000,151.649994,148.289993,148.699997,132.795731,12474900.00
2022-02-04,149.100006,153.500000,148.770004,152.559998,136.242920,16654400.00
2022-02-07,153.270004,153.619995,150.850006,153.070007,136.698380,12572300.00
2022-02-08,155.000000,158.479996,154.800003,155.949997,139.270340,20411400.00
2022-02-09,156.589996,157.429993,155.820007,156.600006,139.850830,9131100.00
2022-02-10,156.660004,159.029999,155.220001,155.949997,139.270340,16455600.00
2022-02-11,155.610001,158.190002,152.970001,153.919998,137.457458,16830000.00
2022-02-14,152.729996,153.679993,150.320007,152.490005,136.180420,17026500.00
2022-02-15,154.509995,155.940002,153.850006,154.720001,138.171906,9500000.00
2022-02-16,153.740005,156.100006,153.740005,155.000000,138.421936,9076500.00
2022-02-17,153.000000,153.729996,150.669998,151.429993,135.233780,11367500.00
2022-02-18,152.130005,154.139999,151.130005,152.139999,135.867859,11733300.00
2022-02-22,150.600006,153.240005,150.410004,151.869995,135.626724,11333500.00
2022-02-23,153.119995,153.300003,147.970001,148.690002,132.786850,11799000.00
2022-02-24,142.940002,144.990005,139.779999,144.550003,129.089630,25655100.00
2022-02-25,145.250000,150.130005,144.910004,147.970001,132.143875,18367700.00
2022-02-28,143.550003,145.059998,140.880005,141.800003,126.633766,31315300.00
2022-03-01,140.039993,140.479996,133.580002,136.449997,121.855942,36840400.00
2022-03-02,137.289993,140.039993,136.610001,139.279999,124.383278,19405600.00
2022-03-03,139.839996,140.979996,137.059998,138.289993,123.499153,16640800.00
2022-03-04,134.940002,135.419998,132.399994,134.399994,120.025223,21016000.00
2022-03-07,132.169998,132.690002,128.949997,129.210007,115.390335,27560100.00
2022-03-08,129.639999,131.789993,127.269997,128.300003,114.577660,19207800.00
2022-03-09,132.899994,135.240005,132.440002,133.440002,119.167892,17536200.00
2022-03-10,131.860001,133.449997,130.320007,131.860001,117.756889,15604200.00
2022-03-11,132.490005,134.080002,128.419998,128.889999,115.104538,20061800.00
2022-03-14,129.460007,132.919998,129.229996,130.169998,116.247643,15786900.00
2022-03-15,131.800003,133.550003,131.130005,132.479996,118.310577,15096600.00
2022-03-16,134.869995,138.490005,134.429993,138.399994,123.597374,20354900.00
2022-03-17,136.860001,140.190002,135.919998,140.149994,125.160202,17050500.00
2022-03-18,140.190002,140.850006,138.460007,140.100006,125.115601,23656500.00
2022-03-21,140.350006,140.759995,138.729996,139.649994,124.713699,12676100.00
2022-03-22,142.270004,143.929993,141.720001,142.619995,127.366066,13548600.00
2022-03-23,140.979996,141.589996,139.199997,139.779999,124.829796,12093200.00
2022-03-24,140.300003,140.710007,139.110001,140.690002,125.642471,10017600.00
2022-03-25,141.089996,143.179993,140.800003,141.919998,126.740913,8383500.00
2022-03-28,140.000000,140.970001,137.899994,140.869995,125.803238,10818100.00
2022-03-29,143.350006,143.600006,140.240005,141.179993,126.080055,11316500.00
2022-03-30,141.899994,142.119995,139.910004,140.539993,125.508514,8771000.00
2022-03-31,139.830002,140.350006,136.259995,136.320007,121.739899,17353900.00
2022-04-01,137.399994,137.410004,133.800003,135.309998,120.837914,15721300.00
2022-04-04,134.119995,136.940002,132.889999,135.910004,121.373726,17416400.00
2022-04-05,134.070007,135.399994,133.009995,133.339996,119.961250,12110300.00
2022-04-06,131.580002,132.559998,130.960007,131.490005,118.296875,12914700.00
2022-04-07,130.949997,131.919998,128.729996,131.089996,117.937012,12994200.00
2022-04-08,131.669998,133.899994,131.490005,133.490005,120.096222,13126900.00
2022-04-11,133.000000,134.899994,132.570007,133.000000,119.655380,10466400.00
2022-04-12,132.139999,134.580002,130.699997,131.539993,118.341850,12989900.00
2022-04-13,126.940002,129.250000,126.010002,127.300003,114.527275,30838000.00
2022-04-14,126.500000,128.300003,125.019997,126.120003,113.465683,18835200.00
2022-04-18,125.669998,129.240005,125.540001,128.460007,115.570908,11834400.00
2022-04-19,128.449997,131.320007,128.229996,131.119995,117.963974,15015400.00
2022-04-20,132.520004,133.509995,131.339996,131.580002,118.377861,13430200.00
2022-04-21,132.220001,132.809998,129.960007,130.559998,117.460190,12174200.00
2022-04-22,130.279999,130.520004,126.690002,126.809998,114.086456,14318800.00
2022-04-25,126.010002,127.120003,123.110001,126.769997,114.050461,17149000.00
2022-04-26,124.639999,126.410004,122.870003,123.019997,110.676720,17209500.00
2022-04-27,122.330002,123.559998,121.220001,121.419998,109.237251,17215200.00
2022-04-28,122.809998,123.650002,121.139999,123.339996,110.964607,13015600.00
2022-04-29,123.050003,123.610001,118.900002,119.360001,107.383957,14874800.00
2022-05-02,119.879997,120.709999,118.220001,120.449997,108.364578,18545000.00
2022-05-03,121.529999,124.169998,120.779999,123.029999,110.685730,15720900.00
2022-05-04,122.800003,127.400002,122.739998,127.099998,114.347351,17128500.00
2022-05-05,125.250000,126.099998,122.160004,123.919998,111.486412,15055400.00
2022-05-06,123.800003,124.290001,121.180000,123.720001,111.306480,14417900.00
2022-05-09,122.110001,123.330002,120.500000,121.860001,109.633118,14312300.00
2022-05-10,123.110001,123.779999,117.559998,118.889999,106.961098,16382400.00
2022-05-11,119.300003,122.889999,117.940002,118.139999,106.286354,14630300.00
2022-05-12,117.000000,118.320000,115.370003,118.040001,106.196396,16318800.00
2022-05-13,119.410004,120.250000,117.959999,119.089996,107.141022,10443200.00
2022-05-16,118.540001,119.459999,117.230003,118.260002,106.394325,10269000.00
2022-05-17,121.040001,122.970001,120.809998,122.180000,109.920982,11160200.00
2022-05-18,121.300003,121.970001,119.529999,120.089996,108.040695,12664900.00
2022-05-19,118.190002,119.650002,117.629997,118.309998,106.439301,12765800.00
2022-05-20,119.459999,119.669998,115.019997,117.339996,105.566612,13150100.00
2022-05-23,120.459999,126.570000,120.449997,124.599998,112.098183,24376700.00
2022-05-24,124.360001,127.489998,123.110001,126.360001,113.681595,19324900.00
2022-05-25,126.279999,127.860001,125.169998,127.239998,114.473282,12780400.00
2022-05-26,128.369995,130.190002,128.210007,129.440002,116.452568,15990900.00
2022-05-27,130.160004,131.270004,129.139999,131.270004,118.098930,11177800.00
2022-05-31,130.179993,133.149994,129.710007,132.229996,118.962616,17015000.00
2022-06-01,132.869995,132.869995,128.669998,129.910004,116.875404,10768000.00
2022-06-02,129.899994,132.009995,128.669998,132.000000,118.755699,8374800.00
2022-06-03,131.210007,131.770004,129.990005,130.160004,117.100304,8596000.00
2022-06-06,131.089996,132.389999,129.460007,129.729996,116.713463,11323500.00
2022-06-07,128.830002,130.320007,128.619995,130.070007,117.019356,6722200.00
2022-06-08,129.000000,129.449997,126.900002,128.000000,115.157036,8422100.00
2022-06-09,127.370003,128.100006,125.269997,125.309998,112.736946,13560100.00
2022-06-10,122.589996,123.400002,119.320000,119.550003,107.554871,12945200.00
2022-06-13,116.860001,117.949997,115.059998,115.989998,104.352074,16805600.00
2022-06-14,115.550003,117.320000,113.220001,114.059998,102.615707,13357900.00
2022-06-15,115.620003,116.949997,113.169998,115.410004,103.830269,14083500.00
2022-06-16,113.860001,114.260002,111.870003,113.430000,102.048935,16724900.00
2022-06-17,113.540001,114.629997,112.160004,113.029999,101.689064,30919900.00
2022-06-21,115.870003,117.029999,115.040001,115.830002,104.208122,11680500.00
2022-06-22,114.879997,116.199997,114.389999,115.180000,103.623352,9842700.00
2022-06-23,115.010002,115.180000,111.480003,113.919998,102.489777,11851500.00
2022-06-24,113.230003,117.820000,112.830002,117.320000,105.548622,14841100.00
2022-06-27,118.059998,118.500000,115.639999,116.379997,104.702942,11280500.00
2022-06-28,117.669998,119.290001,115.599998,115.820000,104.199120,11590900.00
2022-06-29,116.000000,116.820000,114.730003,115.300003,103.731308,9338400.00
2022-06-30,113.169998,114.080002,110.930000,112.610001,101.311203,15172600.00
2022-07-01,112.650002,114.419998,111.160004,114.050003,102.606728,10573600.00
2022-07-05,110.769997,112.709999,109.300003,112.620003,102.216431,12514200.00
2022-07-06,111.730003,112.989998,110.790001,111.889999,101.553894,10656200.00
2022-07-07,113.500000,114.900002,113.400002,114.720001,104.122452,10347400.00
2022-07-08,115.160004,115.650002,113.610001,114.360001,103.795715,8807800.00
2022-07-11,113.550003,114.230003,112.220001,112.860001,102.434288,7939500.00
2022-07-12,112.580002,115.180000,112.260002,112.970001,102.534119,11250900.00
2022-07-13,111.750000,112.480003,110.379997,111.910004,101.572029,12979900.00
2022-07-14,107.989998,108.230003,106.059998,108.000000,98.023239,26204800.00
2022-07-15,109.160004,113.879997,107.669998,112.949997,102.515968,18863900.00
2022-07-18,114.769997,115.839996,111.290001,111.790001,101.463127,13977900.00
2022-07-19,113.129997,114.940002,112.669998,114.559998,103.977242,11862300.00
2022-07-20,114.099998,114.739998,113.480003,114.540001,103.959076,11667500.00
2022-07-21,114.440002,115.529999,113.370003,115.320000,104.667030,11595900.00
2022-07-22,115.239998,116.250000,113.669998,114.760002,104.158768,7645500.00
2022-07-25,115.839996,116.459999,114.769997,115.220001,104.576263,9394000.00
2022-07-26,114.580002,115.580002,113.029999,113.419998,102.942535,10675100.00
2022-07-27,114.010002,115.739998,113.300003,115.239998,104.594414,9337400.00
2022-07-28,115.250000,115.980003,113.529999,114.809998,104.204132,10384800.00
2022-07-29,115.589996,116.500000,114.790001,115.360001,104.703346,12944500.00
2022-08-01,114.500000,115.110001,113.070000,114.209999,103.659561,14740400.00
2022-08-02,113.919998,114.400002,112.269997,112.430000,102.043999,14942900.00
2022-08-03,113.449997,114.099998,111.709999,113.610001,103.115005,14394500.00
2022-08-04,112.849998,113.320000,111.019997,112.360001,101.980469,18033900.00
2022-08-05,112.529999,116.190002,112.050003,115.760002,105.066399,14174600.00
2022-08-08,116.250000,116.699997,114.180000,114.349998,103.786644,10332500.00
2022-08-09,114.750000,115.989998,114.370003,115.379997,104.721481,10233800.00
2022-08-10,117.959999,119.370003,117.500000,118.389999,107.453423,12847300.00
2022-08-11,119.900002,121.199997,119.309998,120.139999,109.041740,11684900.00
2022-08-12,120.669998,122.250000,119.440002,122.129997,110.847939,9906700.00
2022-08-15,121.139999,122.720001,120.599998,122.459999,111.147446,8456200.00
2022-08-16,122.290001,124.239998,121.870003,123.629997,112.209366,9555000.00
2022-08-17,122.300003,123.160004,121.690002,122.589996,111.265442,8149300.00
2022-08-18,122.239998,122.470001,120.550003,121.639999,110.403198,9531800.00
2022-08-19,120.620003,120.989998,118.110001,118.629997,107.671257,13464500.00
2022-08-22,116.750000,117.160004,115.500000,116.669998,105.892311,8967600.00
2022-08-23,116.690002,117.290001,115.379997,115.519997,104.848564,7607000.00
2022-08-24,115.290001,116.410004,114.449997,115.800003,105.102699,9771300.00
2022-08-25,116.160004,118.739998,115.680000,118.550003,107.598648,10758900.00
2022-08-26,119.459999,119.989998,114.599998,114.669998,104.077072,11276200.00
2022-08-29,114.000000,114.860001,113.459999,114.389999,103.822945,8117300.00
2022-08-30,115.000000,115.580002,113.360001,114.410004,103.841080,10745400.00
2022-08-31,114.480003,115.029999,113.339996,113.730003,103.223923,10738300.00
2022-09-01,113.290001,114.629997,111.910004,114.510002,103.931870,9979800.00
2022-09-02,115.870003,117.449997,113.190002,113.709999,103.205750,10666600.00
2022-09-06,114.330002,114.750000,112.070000,113.739998,103.232979,9751900.00
2022-09-07,113.129997,116.110001,112.760002,115.900002,105.193451,10647900.00
2022-09-08,115.279999,118.790001,114.629997,118.599998,107.644035,11435000.00
2022-09-09,119.139999,120.050003,118.669998,119.169998,108.161369,9299700.00
2022-09-12,120.620003,121.550003,119.790001,120.580002,109.441116,8614600.00
2022-09-13,118.070000,118.919998,115.779999,116.389999,105.638184,12904600.00
2022-09-14,116.699997,117.839996,114.879997,116.120003,105.393127,9345700.00
2022-09-15,116.120003,119.379997,115.760002,117.870003,106.981476,10821400.00
2022-09-16,117.389999,117.400002,115.370003,117.080002,106.264435,14844100.00
2022-09-19,116.000000,118.730003,115.510002,118.160004,107.244667,8201300.00
2022-09-20,117.410004,117.690002,114.639999,115.830002,105.129921,9619000.00
2022-09-21,116.540001,116.599998,112.419998,112.489998,102.098442,12606300.00
2022-09-22,113.379997,113.599998,111.070000,111.209999,100.936707,11684500.00
2022-09-23,110.050003,110.339996,107.160004,109.139999,99.057922,18138600.00
2022-09-26,108.000000,109.610001,106.059998,106.790001,96.925018,15753600.00
2022-09-27,107.750000,108.169998,104.650002,105.849998,96.071838,12793600.00
2022-09-28,105.949997,108.730003,105.639999,107.989998,98.014175,12762600.00
2022-09-29,106.949997,107.279999,104.400002,106.160004,96.353195,12713900.00
2022-09-30,106.059998,107.620003,104.400002,104.500000,94.846542,15973400.00
2022-10-03,105.620003,108.360001,104.459999,107.730003,97.778175,12248100.00
2022-10-04,110.610001,112.989998,109.860001,112.769997,102.352585,16013600.00
2022-10-05,109.750000,110.949997,108.830002,110.389999,101.088867,10943500.00
2022-10-06,109.459999,110.190002,107.940002,108.139999,99.028450,11521400.00
2022-10-07,107.519997,107.709999,105.269997,105.980003,97.050453,11681100.00
2022-10-10,106.730003,107.309998,104.519997,104.989998,96.143845,8931700.00
2022-10-11,104.370003,104.540001,101.849998,101.959999,93.369164,12739700.00
2022-10-12,101.800003,104.730003,101.279999,103.610001,94.880135,13181000.00
2022-10-13,101.980003,109.900002,101.760002,109.370003,100.154808,22398700.00
2022-10-14,111.959999,115.239998,110.720001,111.190002,101.821465,33387100.00
2022-10-17,115.410004,117.010002,114.320000,115.860001,106.097984,22276300.00
2022-10-18,119.660004,120.139999,116.959999,118.839996,108.826889,21539700.00
2022-10-19,117.989998,118.830002,115.669998,116.510002,106.693214,17072000.00
2022-10-20,117.160004,118.709999,115.650002,116.129997,106.345230,12207400.00
2022-10-21,116.459999,122.389999,116.330002,122.230003,111.931259,20593300.00
2022-10-24,122.070000,123.099998,121.330002,122.379997,112.068626,12624200.00
2022-10-25,121.849998,123.269997,120.889999,122.699997,112.361656,11289100.00
2022-10-26,123.000000,125.199997,122.879997,124.110001,113.652863,11667000.00
2022-10-27,125.199997,126.199997,124.209999,124.599998,114.101570,10727600.00
2022-10-28,125.290001,126.279999,124.050003,126.080002,115.456886,11859500.00
2022-10-31,125.699997,127.430000,125.589996,125.879997,115.273727,13295200.00
2022-11-01,126.870003,128.279999,126.330002,128.149994,117.352463,13386900.00
2022-11-02,127.650002,130.360001,126.639999,126.970001,116.271896,16546100.00
2022-11-03,126.309998,128.179993,125.910004,127.199997,116.482506,12474400.00
2022-11-04,129.490005,130.830002,128.460007,130.679993,119.669281,14953200.00
2022-11-07,131.000000,132.289993,130.479996,131.369995,120.301155,12011200.00
2022-11-08,131.240005,132.059998,130.139999,131.449997,120.374428,9884100.00
2022-11-09,131.320007,131.429993,129.220001,129.740005,118.808510,9494000.00
2022-11-10,132.630005,135.250000,132.529999,135.080002,123.698555,16351600.00
2022-11-11,135.190002,136.169998,133.779999,135.300003,123.900055,10704700.00
2022-11-14,134.800003,135.729996,133.910004,133.910004,122.627144,11085600.00
2022-11-15,134.679993,135.710007,131.600006,132.940002,121.738876,14038300.00
2022-11-16,133.000000,133.559998,132.029999,133.119995,121.903709,7893400.00
2022-11-17,132.000000,132.889999,131.279999,132.539993,121.372559,8820200.00
2022-11-18,134.570007,134.669998,132.279999,133.839996,122.563034,9468500.00
2022-11-21,133.740005,134.559998,132.750000,133.050003,121.839600,7800500.00
2022-11-22,134.000000,135.270004,133.690002,135.039993,123.661942,9185700.00
2022-11-23,134.940002,136.500000,134.860001,136.479996,124.980621,7316200.00
2022-11-25,136.479996,137.139999,136.059998,136.740005,125.218719,3220500.00
2022-11-28,136.070007,136.710007,134.190002,134.350006,123.030090,9906900.00
2022-11-29,134.660004,136.639999,134.410004,136.559998,125.053841,7925300.00
2022-11-30,136.089996,138.179993,133.190002,138.179993,126.537354,14761200.00
2022-12-01,138.179993,138.660004,135.429993,136.240005,124.760857,8858500.00
2022-12-02,134.490005,135.350006,133.339996,135.160004,123.771820,8931900.00
2022-12-05,134.240005,134.570007,130.600006,131.369995,120.301155,10154500.00
2022-12-06,133.389999,135.110001,129.869995,131.589996,120.502609,13966700.00
2022-12-07,131.309998,133.080002,130.330002,131.500000,120.420189,11739400.00
2022-12-08,132.330002,132.979996,131.429993,132.880005,121.683914,8907300.00
2022-12-09,132.199997,133.759995,132.000000,132.160004,121.024605,7957800.00
2022-12-12,132.399994,134.649994,131.600006,134.210007,122.901871,8841600.00
2022-12-13,136.889999,137.089996,133.080002,134.080002,122.782829,10025400.00
2022-12-14,133.779999,135.710007,132.759995,133.410004,122.169266,9966100.00
2022-12-15,131.149994,132.080002,129.050003,130.100006,119.138176,12087800.00
2022-12-16,129.149994,129.899994,128.429993,129.289993,118.396408,21133700.00
2022-12-19,129.649994,131.330002,129.089996,130.059998,119.101524,9017200.00
2022-12-20,130.970001,132.050003,130.199997,130.690002,119.678452,8549900.00
2022-12-21,132.179993,132.979996,131.770004,132.160004,121.024605,8051700.00
2022-12-22,131.100006,131.300003,128.410004,130.660004,119.650978,8648200.00
2022-12-23,130.580002,131.440002,129.639999,131.279999,120.218750,5091900.00
2022-12-27,131.570007,132.220001,130.550003,131.740005,120.639992,5411000.00
2022-12-28,131.850006,133.410004,131.009995,132.460007,121.299301,8827700.00
2022-12-29,132.929993,133.270004,132.309998,133.220001,121.995300,6585200.00
2022-12-30,132.809998,134.330002,132.440002,134.100006,122.801163,9292500.00
2023-01-03,135.240005,136.740005,133.889999,135.119995,123.735176,11054800.00
2023-01-04,135.990005,137.679993,135.570007,136.380005,124.889038,11687600.00
2023-01-05,135.660004,135.710007,133.699997,135.350006,124.861359,8381300.00
2023-01-06,136.130005,138.380005,134.490005,137.940002,127.250679,10029100.00
2023-01-09,138.600006,138.880005,136.880005,137.369995,126.724831,8482300.00
2023-01-10,137.789993,138.720001,137.309998,138.600006,127.859489,9048700.00
2023-01-11,138.899994,139.750000,138.100006,139.630005,128.809692,8703700.00
2023-01-12,140.000000,140.860001,139.220001,139.490005,128.680557,11001700.00
2023-01-13,135.600006,143.490005,134.800003,143.009995,131.927780,20200000.00
2023-01-17,141.169998,141.539993,139.229996,140.800003,129.889023,14292900.00
2023-01-18,138.919998,140.729996,136.410004,136.570007,125.986809,13392600.00
2023-01-19,135.320007,135.899994,133.589996,134.750000,124.307838,13303400.00
2023-01-20,135.160004,135.490005,133.550003,135.080002,124.612267,13092500.00
2023-01-23,135.119995,137.960007,134.820007,137.270004,126.632568,10487100.00
2023-01-24,136.419998,140.289993,135.000000,138.449997,127.721138,6945000.00
2023-01-25,138.050003,139.119995,137.250000,139.119995,128.339203,8967000.00
2023-01-26,139.419998,140.059998,138.360001,139.979996,129.132568,7487600.00
2023-01-27,140.610001,141.259995,139.750000,140.320007,129.446213,7489900.00
2023-01-30,139.229996,140.089996,138.910004,139.130005,128.348434,6729300.00
2023-01-31,139.880005,140.070007,138.250000,139.960007,129.114120,9188700.00
2023-02-01,138.210007,140.880005,138.119995,139.589996,128.772781,8841800.00
2023-02-02,140.000000,140.460007,138.000000,138.940002,128.173157,11822100.00
2023-02-03,138.179993,142.330002,138.130005,141.089996,130.156494,11501200.00
2023-02-06,140.229996,142.240005,140.029999,141.919998,130.922211,8406200.00
2023-02-07,141.380005,144.339996,141.179993,143.649994,132.518173,10447900.00
2023-02-08,142.649994,144.039993,142.279999,142.639999,131.586426,6958000.00
2023-02-09,143.119995,143.339996,139.869995,140.419998,129.538467,6443100.00
2023-02-10,139.779999,141.279999,138.589996,141.039993,130.110413,6582900.00
2023-02-13,141.300003,142.729996,140.740005,142.570007,131.521835,7134600.00
2023-02-14,142.500000,143.809998,141.600006,143.199997,132.103058,9249400.00
2023-02-15,141.610001,143.889999,141.300003,143.800003,132.656540,6728300.00
2023-02-16,142.910004,143.389999,141.679993,141.820007,130.830002,8165300.00
2023-02-17,140.979996,142.830002,140.070007,142.240005,131.217407,7948800.00
2023-02-21,140.690002,141.339996,138.750000,139.630005,128.809692,9996300.00
2023-02-22,138.919998,139.429993,137.440002,138.559998,127.822594,11107500.00
2023-02-23,138.729996,140.169998,137.940002,139.669998,128.846573,8068000.00
2023-02-24,139.110001,141.360001,138.929993,140.929993,130.008957,9126900.00
2023-02-27,142.110001,143.309998,141.720001,142.160004,131.143631,10014700.00
2023-02-28,142.940002,143.759995,141.899994,143.350006,132.241425,11019800.00
2023-03-01,142.100006,143.460007,141.800003,142.550003,131.503403,7139200.00
2023-03-02,142.240005,142.429993,139.539993,141.070007,130.138123,11106800.00
2023-03-03,141.509995,143.740005,141.080002,143.660004,132.527390,9513100.00
2023-03-06,143.440002,144.039993,142.660004,142.820007,131.752472,9261300.00
2023-03-07,142.009995,142.309998,137.809998,138.619995,127.877930,11747600.00
2023-03-08,138.000000,138.589996,136.889999,137.800003,127.121483,10002500.00
2023-03-09,136.759995,137.350006,129.220001,130.339996,120.239578,25888100.00
2023-03-10,128.960007,135.259995,127.820000,133.649994,123.293091,37599700.00
2023-03-13,131.210007,133.880005,129.410004,131.250000,121.079071,42901100.00
2023-03-14,135.279999,135.529999,131.289993,134.619995,124.187889,29648100.00
2023-03-15,130.979996,130.990005,126.730003,128.259995,118.320770,34280600.00
2023-03-16,128.009995,131.949997,126.019997,130.750000,120.617805,24558500.00
2023-03-17,128.380005,128.479996,125.449997,125.809998,116.060638,38396000.00
2023-03-20,126.989998,129.470001,126.010002,127.139999,117.287575,22875500.00
2023-03-21,130.589996,131.729996,130.190002,130.550003,120.433327,17807800.00
2023-03-22,130.559998,130.660004,127.080002,127.180000,117.324463,17250200.00
2023-03-23,127.900002,129.529999,126.019997,126.839996,117.010811,16677600.00
2023-03-24,125.629997,125.680000,123.110001,124.910004,115.230370,22311100.00
2023-03-27,126.790001,129.380005,126.290001,128.490005,118.532944,18853900.00
2023-03-28,128.710007,129.339996,127.739998,128.880005,118.892738,10820500.00
2023-03-29,130.100006,130.220001,127.769997,129.139999,119.132591,14595300.00
2023-03-30,129.949997,130.119995,127.650002,128.750000,118.772797,12134700.00
2023-03-31,129.660004,130.339996,128.850006,130.309998,120.211914,13105200.00
2023-04-03,129.910004,131.440002,129.410004,130.160004,120.073524,11775400.00
2023-04-04,130.500000,130.589996,127.410004,128.419998,118.468369,11579900.00
2023-04-05,126.800003,128.149994,126.459999,127.610001,118.645035,9614700.00
2023-04-06,127.000000,128.080002,126.860001,127.470001,118.514854,8760200.00
2023-04-10,126.540001,128.229996,126.220001,127.889999,118.905350,9477300.00
2023-04-11,128.300003,128.940002,127.540001,128.520004,119.491089,10516300.00
2023-04-12,129.179993,130.429993,128.059998,128.500000,119.472496,11821000.00
2023-04-13,128.460007,129.039993,126.830002,128.990005,119.928078,12450200.00
2023-04-14,135.149994,139.119995,134.899994,138.729996,128.983826,43931300.00
2023-04-17,139.949997,140.059998,137.660004,139.830002,130.006546,16050500.00
2023-04-18,140.270004,141.779999,139.029999,141.399994,131.466232,13760100.00
2023-04-19,141.229996,141.500000,140.399994,141.220001,131.298874,9158100.00
2023-04-20,139.910004,141.429993,139.839996,140.809998,130.917694,10586200.00
2023-04-21,139.740005,141.110001,138.779999,140.539993,130.666641,11842500.00
2023-04-24,140.460007,141.100006,140.039993,140.729996,130.843307,7567500.00
2023-04-25,139.600006,139.960007,137.630005,137.669998,127.998253,10629300.00
2023-04-26,137.619995,137.809998,134.000000,135.229996,125.729713,14416100.00
2023-04-27,136.000000,137.910004,135.660004,137.050003,127.421822,9041100.00
2023-04-28,136.559998,138.320007,135.669998,138.240005,128.528214,9887300.00
2023-05-01,142.259995,143.369995,140.830002,141.199997,131.280319,20415800.00
2023-05-02,141.399994,142.410004,138.429993,138.919998,129.160461,14113400.00
2023-05-03,138.440002,138.669998,135.759995,135.979996,126.426987,12930900.00
2023-05-04,134.960007,135.720001,131.809998,134.119995,124.697685,17089200.00
2023-05-05,136.440002,137.880005,135.910004,136.740005,127.133621,11261400.00
2023-05-08,137.490005,137.970001,136.479996,137.070007,127.440414,7484900.00
2023-05-09,135.929993,136.949997,135.210007,136.410004,126.826813,7343600.00
2023-05-10,137.949997,138.059998,134.869995,136.479996,126.891884,8133400.00
2023-05-11,135.000000,136.809998,134.899994,136.050003,126.492096,7057300.00
2023-05-12,136.820007,136.990005,133.130005,134.100006,124.679092,9988600.00
2023-05-15,134.270004,135.669998,133.960007,135.229996,125.729713,7639500.00
2023-05-16,135.460007,135.940002,133.960007,134.320007,124.883636,6477200.00
2023-05-17,135.899994,138.589996,135.460007,138.449997,128.723465,12711500.00
2023-05-18,138.270004,139.729996,137.759995,139.500000,129.699722,10999600.00
2023-05-19,139.789993,140.490005,138.130005,139.179993,129.402206,13492200.00
2023-05-22,141.000000,141.639999,137.660004,138.029999,128.333008,11402500.00
2023-05-23,137.539993,139.029999,136.460007,136.589996,126.994141,9514900.00
2023-05-24,135.399994,136.350006,135.080002,135.339996,125.831978,8578000.00
2023-05-25,134.820007,136.270004,134.580002,135.669998,126.138779,8472500.00
2023-05-26,136.110001,137.600006,135.630005,136.940002,127.319557,8579900.00
2023-05-30,136.800003,137.720001,136.020004,137.460007,127.803009,7399900.00
2023-05-31,136.729996,136.839996,134.399994,135.710007,126.175987,14219900.00
2023-06-01,136.520004,138.229996,135.449997,137.580002,127.914566,12248100.00
2023-06-02,139.559998,141.479996,139.339996,140.470001,130.601578,12922500.00
2023-06-05,140.110001,140.110001,138.130005,139.089996,129.318527,8511900.00
2023-06-06,138.679993,140.100006,138.210007,139.339996,129.550934,9329500.00
2023-06-07,139.550003,141.270004,138.830002,140.690002,130.806107,9281400.00
2023-06-08,140.669998,140.889999,139.479996,140.729996,130.843307,7368100.00
2023-06-09,140.350006,141.800003,140.210007,141.009995,131.103622,7249100.00
2023-06-12,141.070007,141.320007,139.759995,141.000000,131.094345,7596600.00
2023-06-13,140.479996,142.869995,140.139999,142.020004,132.042664,7701600.00
2023-06-14,143.000000,143.610001,140.699997,141.490005,131.549927,9068700.00
2023-06-15,140.589996,143.399994,140.029999,143.089996,133.037521,9343100.00
2023-06-16,143.050003,143.970001,142.500000,143.259995,133.195572,13813500.00
2023-06-20,142.610001,143.000000,141.039993,142.529999,132.516846,8428600.00
2023-06-21,142.899994,144.020004,141.690002,142.320007,132.321609,9926500.00
2023-06-22,142.309998,142.600006,138.949997,139.580002,129.774078,10075200.00
2023-06-23,138.539993,139.179993,137.619995,138.850006,129.095383,9919500.00
2023-06-26,138.869995,140.009995,137.690002,139.190002,129.411469,8429700.00
2023-06-27,139.000000,139.839996,138.539993,139.199997,129.420807,8154000.00
2023-06-28,139.160004,139.210007,137.960007,138.589996,128.853653,7558600.00
2023-06-29,140.070007,143.559998,139.850006,143.429993,133.353592,15423200.00
2023-06-30,144.600006,146.000000,143.660004,145.440002,135.222427,14212800.00
2023-07-03,146.190002,147.479996,146.000000,146.610001,136.310226,8021600.00
2023-07-05,144.940002,145.429993,144.360001,144.639999,135.402176,8934900.00
2023-07-06,143.020004,143.389999,141.440002,143.210007,134.063492,9709500.00
2023-07-07,143.910004,145.839996,143.000000,144.339996,135.121338,8981500.00
2023-07-10,144.500000,145.990005,144.500000,145.149994,135.879593,9100100.00
2023-07-11,146.339996,147.820007,145.710007,147.419998,138.004608,11260900.00
2023-07-12,147.449997,149.869995,147.000000,148.149994,138.688004,11323200.00
2023-07-13,148.699997,149.369995,147.750000,148.869995,139.362000,11234900.00
2023-07-14,151.550003,152.889999,148.410004,149.770004,140.204529,27028400.00
2023-07-17,150.350006,153.750000,150.350006,153.380005,143.583969,17262400.00
2023-07-18,153.380005,154.399994,152.820007,153.660004,143.846115,13491700.00
2023-07-19,152.750000,155.210007,152.220001,154.250000,144.398392,12510000.00
2023-07-20,154.529999,156.589996,154.410004,156.149994,146.177078,9935900.00
2023-07-21,155.800003,156.139999,154.690002,154.949997,145.053696,10636400.00
2023-07-24,154.970001,158.789993,154.729996,158.000000,147.908875,14381400.00
2023-07-25,157.300003,157.720001,155.960007,156.820007,146.804276,9944700.00
2023-07-26,156.710007,158.250000,156.279999,157.759995,147.684219,8728600.00
2023-07-27,157.770004,158.779999,155.550003,156.020004,146.055344,10778400.00
2023-07-28,157.279999,157.600006,156.440002,156.910004,146.888519,9103800.00
2023-07-31,157.179993,159.380005,157.149994,157.960007,147.871460,8892700.00
2023-08-01,157.429993,158.000000,156.149994,157.179993,147.141235,6853900.00
2023-08-02,155.559998,155.690002,153.940002,155.399994,145.474960,8299400.00
2023-08-03,155.000000,156.919998,154.350006,156.350006,146.364288,6084000.00
2023-08-04,156.399994,157.800003,155.699997,156.020004,146.055344,6209400.00
2023-08-07,156.600006,157.699997,156.600006,156.759995,146.748093,7251800.00
2023-08-08,154.320007,155.979996,152.589996,155.880005,145.924271,8623400.00
2023-08-09,155.320007,155.520004,153.470001,153.789993,143.967743,6277800.00
2023-08-10,154.380005,155.440002,153.089996,153.559998,143.752457,5995100.00
2023-08-11,153.029999,154.520004,152.630005,154.449997,144.585632,5180700.00
2023-08-14,153.610001,154.919998,152.919998,154.770004,144.885162,5044300.00
2023-08-15,152.850006,153.270004,150.229996,150.830002,141.196838,10300300.00
2023-08-16,150.600006,150.960007,149.679993,150.190002,140.597717,6978200.00
2023-08-17,150.880005,151.259995,148.399994,148.630005,139.137329,9953900.00
2023-08-18,147.649994,149.500000,147.440002,148.970001,139.455643,8517500.00
2023-08-21,149.649994,150.100006,148.020004,149.479996,139.933044,8327000.00
2023-08-22,149.259995,149.639999,145.850006,146.380005,137.031036,9673300.00
2023-08-23,146.350006,147.589996,145.460007,147.369995,137.957794,7858000.00
2023-08-24,147.500000,149.410004,146.990005,147.229996,137.826736,6534000.00
2023-08-25,147.279999,148.619995,145.850006,147.050003,137.658234,6695500.00
2023-08-28,147.570007,148.610001,147.130005,147.559998,138.135666,5094100.00
2023-08-29,147.710007,148.850006,147.179993,148.759995,139.259033,6337000.00
2023-08-30,148.619995,149.149994,147.190002,148.160004,138.697357,6277300.00
2023-08-31,148.259995,148.350006,145.960007,146.330002,136.984253,10933900.00
2023-09-01,146.089996,148.080002,145.699997,146.820007,137.442947,7903500.00
2023-09-05,147.160004,148.210007,145.009995,145.199997,135.926407,7854700.00
2023-09-06,144.699997,145.539993,144.110001,144.960007,135.701706,8629200.00
2023-09-07,144.130005,145.270004,143.389999,143.720001,134.540909,8373700.00
2023-09-08,143.369995,144.119995,142.649994,143.830002,134.643906,7107900.00
2023-09-11,144.750000,145.050003,143.690002,144.460007,135.233673,6854200.00
2023-09-12,144.500000,147.320007,144.050003,146.339996,136.993607,8363200.00
2023-09-13,147.339996,147.699997,145.820007,146.410004,137.059143,8325900.00
2023-09-14,147.839996,149.899994,147.520004,149.250000,139.717728,10034900.00
2023-09-15,148.919998,149.729996,148.309998,148.809998,139.305832,19863400.00
2023-09-18,148.160004,149.139999,147.750000,149.119995,139.596054,6512400.00
2023-09-19,149.500000,149.720001,147.210007,148.929993,139.418152,7943400.00
2023-09-20,149.649994,150.250000,148.139999,148.300003,138.828445,7332000.00
2023-09-21,147.580002,148.850006,146.630005,147.139999,137.742508,8052400.00
2023-09-22,147.289993,147.509995,145.190002,145.729996,136.422531,7071700.00
2023-09-25,145.350006,146.520004,143.699997,146.449997,137.096527,7044700.00
2023-09-26,144.600006,145.839996,144.229996,144.929993,135.673645,7468400.00
2023-09-27,145.190002,146.089996,144.509995,145.779999,136.469360,6717800.00
2023-09-28,146.279999,148.869995,146.009995,147.589996,138.163742,8868100.00
2023-09-29,148.600006,148.759995,144.860001,145.020004,135.757904,11917800.00
2023-10-02,144.830002,145.619995,142.630005,143.770004,134.587753,9170600.00
2023-10-03,143.199997,143.589996,142.350006,142.710007,133.595474,9431100.00
2023-10-04,143.190002,143.470001,141.929993,143.350006,134.194550,8128700.00
2023-10-05,142.039993,143.100006,140.830002,142.899994,134.760376,8576200.00
2023-10-06,142.910004,145.880005,142.139999,145.100006,136.835068,10270600.00
2023-10-09,143.660004,145.399994,143.500000,144.770004,136.523849,6964900.00
2023-10-10,145.419998,146.770004,145.279999,145.649994,137.353760,11288800.00
2023-10-11,146.509995,147.229996,145.020004,146.149994,137.825256,8698200.00
2023-10-12,146.300003,146.960007,145.130005,145.809998,137.504654,10484400.00
2023-10-13,148.500000,153.110001,147.839996,148.000000,139.569901,29427000.00
2023-10-16,149.449997,149.520004,146.720001,147.850006,139.428421,12663500.00
2023-10-17,147.570007,149.309998,146.789993,147.529999,139.126648,11482700.00
2023-10-18,146.589996,147.479996,145.369995,145.910004,137.598938,9620300.00
2023-10-19,145.479996,147.020004,144.880005,145.289993,137.014236,11143600.00
2023-10-20,144.570007,145.139999,142.119995,142.949997,134.807556,13332900.00
2023-10-23,142.940002,143.679993,140.729996,141.000000,132.968613,10133400.00
2023-10-24,141.190002,141.729996,140.360001,141.169998,133.128937,8881400.00
2023-10-25,140.570007,141.179993,139.509995,140.399994,132.402786,8242600.00
2023-10-26,139.759995,141.669998,139.429993,140.759995,132.742264,9109400.00
2023-10-27,138.949997,139.100006,135.190002,135.690002,127.961067,17434700.00
2023-10-30,136.440002,138.039993,136.039993,137.419998,129.592529,9855500.00
2023-10-31,137.710007,139.240005,137.470001,139.059998,131.139099,9672500.00
2023-11-01,139.250000,140.529999,138.470001,138.940002,131.025955,9432000.00
2023-11-02,140.089996,141.479996,139.229996,141.419998,133.364670,10186200.00
2023-11-03,142.190002,143.770004,141.850006,143.000000,134.854691,9538700.00
2023-11-06,143.169998,144.190002,142.789993,144.080002,135.873154,7625100.00
2023-11-07,143.509995,144.259995,142.820007,144.009995,135.807159,6297900.00
2023-11-08,144.110001,144.839996,143.619995,144.720001,136.476715,7618200.00
2023-11-09,145.440002,145.649994,143.699997,144.289993,136.071198,7992500.00
2023-11-10,144.940002,146.479996,144.080002,146.429993,138.089325,7983300.00
2023-11-13,145.699997,146.250000,145.160004,145.779999,137.476334,6676300.00
2023-11-14,146.679993,149.250000,146.520004,148.440002,139.984818,9927700.00
2023-11-15,148.460007,150.160004,148.460007,149.740005,141.210770,8365300.00
2023-11-16,150.089996,151.529999,150.089996,151.449997,142.823364,8126200.00
2023-11-17,152.199997,152.860001,151.539993,152.820007,144.115356,7812400.00
2023-11-20,152.080002,153.750000,151.919998,153.289993,144.558548,7019000.00
2023-11-21,153.199997,153.630005,152.570007,152.970001,144.256821,7083500.00
2023-11-22,153.410004,153.880005,152.899994,153.330002,144.596298,5174500.00
2023-11-24,153.589996,154.440002,153.279999,153.539993,144.794327,3496900.00
2023-11-27,153.429993,153.529999,152.710007,153.190002,144.464249,6259100.00
2023-11-28,153.220001,153.869995,152.720001,153.539993,144.794327,6582700.00
2023-11-29,154.169998,155.630005,154.000000,154.320007,145.529892,9126100.00
2023-11-30,154.910004,156.130005,154.380005,156.080002,147.189651,9869800.00
2023-12-01,155.820007,157.860001,155.820007,156.839996,147.906387,8916000.00
2023-12-04,156.020004,158.050003,155.880005,157.990005,148.990845,9607500.00
2023-12-05,157.259995,158.500000,156.970001,157.970001,148.971985,9135600.00
2023-12-06,158.839996,159.220001,156.000000,156.309998,147.406555,9366000.00
2023-12-07,156.690002,157.309998,156.149994,156.789993,147.859192,8130900.00
2023-12-08,157.259995,158.779999,156.979996,158.520004,149.490677,7369400.00
2023-12-11,158.520004,159.300003,158.149994,159.100006,150.037628,8093900.00
2023-12-12,159.229996,160.649994,158.880005,160.520004,151.376755,10223000.00
2023-12-13,160.520004,162.029999,159.770004,161.059998,151.886002,12379100.00
2023-12-14,161.830002,164.839996,161.710007,163.990005,154.649109,13643000.00
2023-12-15,163.080002,165.279999,162.389999,165.229996,155.818451,20309300.00
2023-12-18,165.919998,167.130005,165.630005,166.229996,156.761490,8469600.00
2023-12-19,166.000000,168.470001,165.550003,168.449997,158.855072,10345700.00
2023-12-20,167.990005,169.410004,166.449997,166.550003,157.063278,10734700.00
2023-12-21,166.839996,168.089996,165.679993,167.500000,157.959167,7601700.00
2023-12-22,167.500000,168.229996,167.229996,167.399994,157.864838,6576300.00
2023-12-26,167.460007,168.770004,167.179993,168.389999,158.798462,4683600.00
2023-12-27,167.839996,169.470001,167.580002,169.399994,159.750931,6428600.00
2023-12-28,169.350006,170.660004,169.000000,170.300003,160.599686,6320100.00
2023-12-29,170.000000,170.690002,169.630005,170.100006,160.411087,6435100.00
2024-01-02,169.089996,172.169998,168.910004,172.080002,162.278290,9977400.00
2024-01-03,171.860001,172.039993,170.369995,171.330002,161.571014,9852300.00
2024-01-04,170.639999,173.350006,170.539993,171.410004,162.643250,11972500.00
2024-01-05,171.470001,173.380005,171.470001,172.270004,163.459229,10066000.00
2024-01-08,172.020004,172.360001,169.490005,172.020004,163.222000,11229900.00
2024-01-09,171.619995,171.789993,170.100006,170.660004,161.931580,9923600.00
2024-01-10,170.000000,171.080002,168.949997,171.020004,162.273148,9670200.00
2024-01-11,170.330002,170.360001,168.639999,170.300003,161.590012,11919500.00
2024-01-12,173.800003,176.309998,168.899994,169.050003,160.403931,19436500.00
2024-01-16,164.869995,168.089996,164.300003,167.990005,159.398117,17206400.00
2024-01-17,167.339996,169.070007,166.490005,167.089996,158.544144,11107500.00
2024-01-18,167.119995,167.529999,165.240005,167.419998,158.857285,9382300.00
2024-01-19,167.550003,170.570007,167.080002,170.309998,161.599457,13115700.00
2024-01-22,170.460007,171.979996,169.710007,170.110001,161.409698,12837500.00
2024-01-23,169.669998,169.750000,168.440002,168.990005,160.346985,8360800.00
2024-01-24,169.360001,171.009995,168.860001,170.500000,161.779739,9967100.00
2024-01-25,172.309998,172.990005,170.910004,172.940002,164.094955,8873500.00
2024-01-26,172.610001,173.059998,171.779999,172.279999,163.468719,7443000.00
2024-01-29,172.240005,172.839996,171.300003,172.729996,163.895706,6971200.00
2024-01-30,172.830002,176.759995,172.830002,176.270004,167.254654,10822100.00
2024-01-31,176.199997,178.300003,174.339996,174.360001,165.442337,11521800.00
2024-02-01,173.639999,174.839996,171.429993,173.729996,164.844559,9354800.00
2024-02-02,173.300003,175.820007,173.259995,174.729996,165.793427,8607600.00
2024-02-05,173.860001,175.089996,172.919998,174.500000,165.575165,7820200.00
2024-02-06,174.610001,175.869995,173.759995,175.100006,166.144485,6764800.00
2024-02-07,175.690002,175.869995,173.960007,175.429993,166.457596,7225500.00
2024-02-08,175.000000,175.309998,173.570007,174.800003,165.859833,6060300.00
2024-02-09,175.000000,175.100006,173.669998,175.009995,166.059097,6296700.00
2024-02-12,174.779999,176.809998,173.699997,175.789993,166.799210,8539300.00
2024-02-13,175.320007,176.229996,172.619995,174.259995,165.347458,8397600.00
2024-02-14,175.070007,176.100006,174.419998,176.029999,167.026917,7056700.00
2024-02-15,176.149994,180.210007,176.149994,179.869995,170.670502,8723400.00
2024-02-16,179.610001,179.979996,178.160004,179.029999,169.873505,8152600.00
2024-02-20,179.190002,180.460007,178.410004,179.729996,170.537704,9668000.00
2024-02-21,179.949997,180.990005,178.520004,180.899994,171.647842,7024000.00
2024-02-22,181.820007,183.419998,181.240005,183.070007,173.706894,9296500.00
2024-02-23,183.809998,185.199997,183.190002,183.990005,174.579819,7105800.00
2024-02-26,183.750000,184.460007,182.479996,183.360001,173.982025,7145400.00
2024-02-27,183.309998,183.539993,182.240005,183.449997,174.067429,5717100.00
2024-02-28,183.429993,185.199997,182.960007,184.380005,174.949860,6131600.00
2024-02-29,185.660004,186.429993,183.850006,186.059998,176.543930,9643000.00
2024-03-01,185.699997,186.440002,185.100006,185.289993,175.813324,6311800.00
2024-03-04,184.710007,187.589996,184.270004,186.679993,177.132217,7063600.00
2024-03-05,186.360001,189.300003,186.360001,188.550003,178.906586,6617800.00
2024-03-06,189.250000,190.070007,187.630005,189.529999,179.836456,7572900.00
2024-03-07,189.910004,190.500000,186.630005,187.869995,178.261368,7618300.00
2024-03-08,188.440002,190.460007,187.919998,188.220001,178.593491,6172200.00
2024-03-11,187.279999,188.440002,186.220001,188.289993,178.659851,5762600.00
2024-03-12,188.949997,190.160004,187.910004,189.839996,180.130630,5708400.00
2024-03-13,190.360001,191.729996,189.839996,191.380005,181.591888,7795500.00
2024-03-14,191.029999,191.630005,187.100006,187.970001,178.356262,10310900.00
2024-03-15,186.479996,190.940002,186.479996,190.300003,180.567078,17214200.00
2024-03-18,190.630005,192.699997,189.889999,192.660004,182.806366,9013800.00
2024-03-19,192.710007,193.929993,192.380005,193.789993,183.878586,8478700.00
2024-03-20,194.190002,196.559998,193.610001,196.330002,186.288712,9367000.00
2024-03-21,196.520004,199.429993,196.330002,199.059998,188.879044,11203800.00
2024-03-22,199.009995,200.479996,196.539993,196.619995,186.563843,8108800.00
2024-03-25,196.600006,196.940002,194.360001,194.820007,184.855896,8620000.00
2024-03-26,194.589996,196.660004,194.059998,195.729996,185.719360,5961500.00
2024-03-27,196.500000,199.600006,196.380005,199.520004,189.315536,8725800.00
2024-03-28,199.490005,200.720001,198.539993,200.300003,190.055618,8628300.00
2024-04-01,199.990005,200.940002,198.570007,198.940002,188.765182,7309000.00
2024-04-02,198.389999,199.779999,198.080002,198.860001,188.689301,7014700.00
2024-04-03,199.039993,199.559998,197.699997,198.300003,188.157913,9353400.00
2024-04-04,199.149994,199.679993,195.550003,195.649994,186.726334,9243800.00
2024-04-05,196.160004,198.119995,195.110001,197.449997,188.444244,6532300.00
2024-04-08,197.619995,198.979996,197.619995,198.479996,189.427261,8001000.00
2024-04-09,198.070007,198.880005,194.910004,197.149994,188.157913,7351500.00
2024-04-10,195.550003,197.070007,194.179993,195.470001,186.554550,7681400.00
2024-04-11,196.000000,196.570007,193.240005,195.429993,186.516373,10137700.00
2024-04-12,188.320007,188.929993,182.539993,182.789993,174.452881,31532300.00
2024-04-15,184.500000,187.460007,182.199997,182.889999,174.548309,14766600.00
2024-04-16,182.899994,183.160004,179.649994,180.800003,172.553650,16451800.00
2024-04-17,181.369995,182.419998,179.199997,180.080002,171.866516,9017100.00
2024-04-18,181.100006,183.360001,179.970001,181.250000,172.983124,9557700.00
2024-04-19,182.399994,185.880005,181.410004,185.800003,177.325607,13402300.00
2024-04-22,185.990005,190.130005,185.979996,189.410004,180.770950,11529700.00
2024-04-23,191.130005,192.229996,190.520004,192.139999,183.376450,9144400.00
2024-04-24,190.529999,193.229996,190.169998,193.080002,184.273575,6964900.00
2024-04-25,192.250000,193.940002,191.179993,193.369995,184.550354,9802300.00
2024-04-26,193.570007,194.869995,193.059998,193.490005,184.664871,6413700.00
2024-04-29,193.479996,194.259995,192.429993,193.279999,184.464401,5387800.00
2024-04-30,192.809998,194.990005,191.639999,191.740005,182.994675,8153700.00
2024-05-01,192.270004,194.460007,190.789993,191.860001,183.109192,7445300.00
2024-05-02,193.070007,193.500000,189.520004,191.660004,182.918335,6501700.00
2024-05-03,192.000000,192.529999,188.460007,190.509995,181.820755,8922800.00
2024-05-06,191.729996,192.199997,189.820007,192.000000,183.242813,7911100.00
2024-05-07,191.699997,192.929993,191.649994,191.750000,183.004211,7688800.00
2024-05-08,191.000000,196.649994,191.000000,195.649994,186.726334,9227600.00
2024-05-09,195.169998,197.589996,195.100006,197.500000,188.491959,7977300.00
2024-05-10,198.539993,199.339996,198.270004,198.770004,189.704041,7529800.00
2024-05-13,198.800003,199.850006,198.039993,198.729996,189.665848,7049200.00
2024-05-14,199.000000,201.580002,198.160004,201.509995,192.319061,8596200.00
2024-05-15,202.009995,202.690002,199.770004,202.110001,192.891693,8370000.00
2024-05-16,202.220001,204.479996,201.990005,202.470001,193.235291,8497900.00
2024-05-17,203.809998,205.050003,202.809998,204.789993,195.449478,9260500.00
2024-05-20,204.389999,205.880005,195.399994,195.580002,186.659515,17373300.00
2024-05-21,197.000000,199.899994,196.600006,199.520004,190.419830,14420800.00
2024-05-22,199.000000,200.940002,197.690002,198.309998,189.265015,9425300.00
2024-05-23,197.809998,198.300003,196.070007,196.919998,187.938416,8069400.00
2024-05-24,197.750000,200.759995,197.559998,200.710007,191.555557,7356200.00
2024-05-28,199.860001,200.410004,198.660004,199.500000,190.400772,6910200.00
2024-05-29,198.000000,198.990005,196.889999,198.110001,189.074127,6120000.00
2024-05-30,198.559998,199.850006,198.399994,199.330002,190.238480,6829100.00
2024-05-31,199.300003,203.300003,198.350006,202.630005,193.387970,14417900.00
2024-06-03,202.309998,202.419998,199.190002,201.820007,192.614929,6444300.00
2024-06-04,200.160004,201.979996,198.279999,199.160004,190.076248,6848300.00
2024-06-05,199.759995,199.820007,196.919998,197.259995,188.262924,8351600.00
2024-06-06,197.259995,198.020004,195.330002,196.910004,187.928864,7640300.00
2024-06-07,197.429993,200.919998,197.009995,199.949997,190.830215,6964500.00
2024-06-10,199.240005,200.839996,198.440002,199.610001,190.505692,6070800.00
2024-06-11,197.910004,197.940002,193.600006,194.360001,185.495193,9235300.00
2024-06-12,196.000000,196.720001,191.309998,191.529999,182.794235,12751300.00
2024-06-13,192.320007,194.580002,190.880005,193.660004,184.827118,8587800.00
2024-06-14,191.449997,194.860001,191.419998,193.779999,184.941650,6874000.00
2024-06-17,193.479996,195.580002,192.639999,194.979996,186.086899,8725400.00
2024-06-18,194.600006,197.960007,194.130005,197.000000,188.014771,9023000.00
2024-06-20,196.389999,199.449997,196.110001,198.669998,189.608582,8731100.00
2024-06-21,196.710007,197.169998,194.220001,196.300003,187.346680,20972100.00
2024-06-24,197.809998,199.229996,197.100006,198.880005,189.809052,9785900.00
2024-06-25,198.089996,200.070007,197.740005,198.070007,189.035965,6862500.00
2024-06-26,197.449997,197.940002,196.279999,197.429993,188.425140,7758600.00
2024-06-27,197.440002,199.860001,196.899994,199.169998,190.085785,7913500.00
2024-06-28,200.009995,202.600006,199.300003,202.259995,193.034851,15307600.00
2024-07-01,202.839996,207.089996,202.660004,205.449997,196.079361,10205800.00
2024-07-02,205.289993,208.860001,204.770004,208.830002,199.305191,7802900.00
2024-07-03,209.550003,210.380005,207.649994,208.690002,199.171585,5560900.00
2024-07-05,206.990005,207.369995,204.520004,204.789993,196.532471,8093100.00
2024-07-08,205.039993,206.899994,203.970001,205.169998,196.897125,8707000.00
2024-07-09,205.630005,209.759995,205.449997,207.630005,199.257950,9058900.00
2024-07-10,206.139999,207.970001,205.580002,207.800003,199.421097,8328500.00
2024-07-11,206.210007,208.100006,205.380005,207.449997,199.085205,10658100.00
2024-07-12,204.000000,207.449997,202.100006,204.940002,196.676422,15443400.00
2024-07-15,207.190002,211.610001,206.720001,210.050003,201.580383,10719700.00
2024-07-16,210.000000,213.740005,208.080002,213.619995,205.006409,11557000.00
2024-07-17,213.800003,217.559998,213.270004,216.869995,208.125381,11572500.00
2024-07-18,215.630005,216.639999,209.240005,209.979996,201.513184,12415100.00
2024-07-19,211.199997,212.350006,208.919998,209.779999,201.321274,8095900.00
2024-07-22,210.460007,212.169998,209.710007,210.279999,201.801117,7663200.00
2024-07-23,211.020004,211.479996,209.350006,210.330002,201.849075,5557300.00
2024-07-24,209.550003,212.029999,208.070007,208.589996,200.179260,7119000.00
2024-07-25,208.649994,210.190002,208.050003,208.669998,200.256012,6403800.00
2024-07-26,209.240005,213.160004,208.619995,212.240005,203.682068,8027800.00
2024-07-29,212.649994,213.610001,210.550003,210.850006,202.348114,6533600.00
2024-07-30,213.229996,215.789993,212.960007,215.190002,206.513123,8850700.00
2024-07-31,214.779999,216.389999,212.669998,212.800003,204.219498,9071600.00
2024-08-01,213.199997,213.830002,206.380005,207.960007,199.574646,10918600.00
2024-08-02,203.880005,204.669998,196.889999,199.139999,191.110291,18041700.00
2024-08-05,194.050003,196.169998,190.899994,194.899994,187.041245,13927000.00
2024-08-06,195.399994,202.600006,194.000000,200.339996,192.261902,10605800.00
2024-08-07,203.509995,205.750000,200.199997,200.399994,192.319473,9204400.00
2024-08-08,202.470001,204.910004,201.789993,204.059998,195.831879,7761200.00
2024-08-09,203.470001,206.470001,202.899994,205.800003,197.501740,5540200.00
2024-08-12,206.410004,207.139999,203.660004,206.190002,197.876007,6936000.00
2024-08-13,207.729996,208.089996,205.399994,207.940002,199.555450,6387800.00
2024-08-14,207.740005,210.759995,207.119995,210.240005,201.762695,6999800.00
2024-08-15,213.000000,213.889999,211.100006,211.550003,203.019882,7001000.00
2024-08-16,211.690002,214.089996,211.589996,213.970001,205.342316,7931200.00
2024-08-19,214.000000,215.529999,213.820007,215.449997,206.762634,6090800.00
2024-08-20,215.000000,216.000000,213.679993,214.520004,205.870132,5640000.00
2024-08-21,214.429993,215.000000,212.839996,214.600006,205.946930,5202300.00
2024-08-22,214.580002,216.800003,214.339996,216.630005,207.895050,5247100.00
2024-08-23,217.600006,219.190002,216.500000,218.309998,209.507309,7214000.00
2024-08-26,219.009995,219.679993,218.050003,219.169998,210.332626,5105200.00
2024-08-27,219.509995,220.419998,219.190002,220.179993,211.301910,5185200.00
2024-08-28,219.250000,222.210007,219.190002,221.289993,212.367157,6506400.00
2024-08-29,222.149994,222.979996,218.940002,222.210007,213.250046,6416100.00
2024-08-30,222.500000,225.479996,221.929993,224.800003,215.735626,8574100.00
2024-09-03,222.300003,224.100006,219.240005,220.300003,211.417084,8956100.00
2024-09-04,221.039993,222.070007,217.210007,219.330002,210.486191,7389500.00
2024-09-05,220.149994,220.800003,216.029999,217.630005,208.854752,8067900.00
2024-09-06,217.600006,218.740005,211.089996,212.460007,203.893219,7777000.00
2024-09-09,215.190002,218.149994,214.179993,216.809998,208.067810,8935100.00
2024-09-10,218.600006,218.639999,200.610001,205.559998,197.271408,28406900.00
2024-09-11,205.250000,207.699997,201.830002,207.229996,198.874054,13658700.00
2024-09-12,207.649994,208.779999,204.889999,206.600006,198.269485,9054400.00
2024-09-13,206.860001,207.850006,203.020004,204.320007,196.081436,10226700.00
2024-09-16,205.830002,208.210007,205.589996,207.860001,199.478668,8634900.00
2024-09-17,207.729996,209.929993,207.660004,209.250000,200.812653,7573300.00
2024-09-18,209.009995,211.339996,206.699997,207.529999,199.161987,8259900.00
2024-09-19,209.779999,211.910004,207.339996,210.479996,201.993027,11635200.00
2024-09-20,209.929993,211.419998,209.500000,211.089996,202.578445,20885000.00
2024-09-23,211.000000,211.800003,209.990005,211.440002,202.914337,7223500.00
2024-09-24,211.149994,212.949997,210.369995,211.589996,203.058258,7323200.00
2024-09-25,211.679993,212.240005,208.610001,210.190002,201.714722,8976500.00
2024-09-26,211.130005,211.699997,209.009995,209.779999,201.321274,7807500.00
2024-09-27,210.649994,212.440002,209.330002,210.500000,202.012253,7032500.00
2024-09-30,206.309998,210.960007,205.259995,210.860001,202.357697,8663800.00
2024-10-01,208.899994,209.089996,206.190002,207.039993,198.691742,8540100.00
2024-10-02,207.080002,208.949997,205.690002,207.289993,198.931641,5810900.00
2024-10-03,206.169998,206.490005,204.339996,205.229996,196.954742,7251300.00
2024-10-04,209.300003,211.669998,206.910004,211.220001,203.945374,10211700.00
2024-10-07,211.029999,213.330002,209.690002,210.929993,203.665344,6718900.00
2024-10-08,210.580002,211.330002,208.380005,210.750000,203.491547,6021800.00
2024-10-09,209.699997,214.240005,209.380005,213.419998,206.069580,7024000.00
2024-10-10,214.809998,214.809998,211.470001,212.839996,205.509583,7927100.00
2024-10-11,215.669998,224.630005,215.160004,222.289993,214.634109,18320700.00
2024-10-14,223.199997,223.699997,218.880005,221.479996,213.852005,9048900.00
2024-10-15,223.660004,225.449997,221.820007,222.389999,214.730667,9235800.00
2024-10-16,222.330002,223.679993,221.039993,223.639999,215.937607,6382500.00
2024-10-17,224.270004,225.850006,223.309998,224.419998,216.690735,6470200.00
2024-10-18,225.000000,225.919998,223.100006,225.369995,217.608032,7000500.00
2024-10-21,225.220001,225.699997,222.899994,223.000000,215.319672,5870000.00
2024-10-22,223.020004,225.279999,221.100006,224.119995,216.401077,9586800.00
2024-10-23,223.660004,224.800003,222.529999,223.410004,215.715546,6180500.00
2024-10-24,221.830002,225.059998,221.660004,224.979996,217.231445,6002200.00
2024-10-25,225.000000,225.619995,220.880005,222.309998,214.653412,6369700.00
2024-10-28,223.350006,225.639999,222.949997,225.500000,217.733551,6843000.00
2024-10-29,225.210007,226.750000,222.809998,222.899994,215.223083,6580000.00
2024-10-30,222.539993,226.309998,221.580002,224.410004,216.681091,7110900.00
2024-10-31,224.699997,225.690002,221.820007,221.919998,214.276855,7829900.00
2024-11-01,223.559998,226.149994,222.699997,222.940002,215.261734,6923500.00
2024-11-04,222.649994,223.759995,219.169998,219.779999,212.210571,8229600.00
2024-11-05,220.029999,221.960007,220.000000,221.490005,213.861649,5600700.00
2024-11-06,235.000000,248.000000,234.770004,247.059998,238.550995,23987800.00
2024-11-07,244.500000,244.570007,235.220001,236.380005,228.238846,16451100.00
2024-11-08,239.339996,239.339996,235.779999,236.979996,228.818161,9502100.00
2024-11-11,240.000000,242.100006,239.000000,239.289993,231.048615,9017100.00
2024-11-12,240.550003,241.460007,238.759995,239.559998,231.309311,6861000.00
2024-11-13,240.580002,244.089996,240.309998,241.160004,232.854187,11472600.00
2024-11-14,242.419998,244.289993,241.050003,241.869995,233.539764,10172200.00
2024-11-15,241.460007,246.419998,241.460007,245.309998,236.861282,11518800.00
2024-11-18,247.759995,247.929993,242.679993,245.029999,236.590912,9051400.00
2024-11-19,242.250000,245.149994,241.550003,243.089996,234.717728,6792700.00
2024-11-20,244.399994,244.610001,238.639999,240.779999,232.487305,9015300.00
2024-11-21,243.229996,245.490005,242.110001,244.759995,236.330215,8783500.00
2024-11-22,243.610001,249.149994,243.029999,248.550003,239.989685,7997300.00
2024-11-25,249.589996,254.309998,249.059998,250.289993,241.669754,10295400.00
2024-11-26,250.490005,251.000000,248.339996,249.970001,241.360779,6212100.00
2024-11-27,249.350006,251.190002,248.770004,249.789993,241.186966,5472300.00
2024-11-29,249.860001,251.770004,249.449997,249.720001,241.119400,5494800.00
2024-12-02,249.550003,250.250000,245.029999,246.250000,237.768906,8899700.00
2024-12-03,248.229996,249.039993,244.630005,244.820007,236.388138,6657700.00
2024-12-04,244.699997,245.350006,242.229996,243.399994,235.017044,7346300.00
2024-12-05,245.389999,247.179993,244.619995,245.479996,237.025421,6572500.00
2024-12-06,245.699997,247.740005,244.839996,247.360001,238.840668,5519700.00
2024-12-09,247.130005,247.869995,243.759995,243.809998,235.412918,7076500.00
2024-12-10,243.889999,247.960007,242.220001,242.860001,234.495636,9108300.00
2024-12-11,244.000000,244.270004,242.179993,243.529999,235.142593,7884400.00
2024-12-12,243.000000,244.100006,241.039993,241.529999,233.211441,6113800.00
2024-12-13,242.070007,242.720001,239.139999,239.940002,231.676208,10392700.00
2024-12-16,240.610001,240.669998,237.520004,239.580002,231.328598,9032000.00
2024-12-17,238.649994,239.020004,236.630005,238.360001,230.150650,8083600.00
2024-12-18,239.000000,239.070007,229.529999,230.369995,222.435822,11322400.00
2024-12-19,232.270004,236.360001,232.270004,232.960007,224.936615,11790800.00
2024-12-20,231.919998,239.210007,231.589996,237.600006,229.416824,32348400.00
2024-12-23,236.070007,238.619995,234.880005,238.389999,230.179596,8611500.00
2024-12-24,239.429993,242.490005,239.070007,242.309998,233.964584,3729100.00
2024-12-26,241.429993,243.259995,240.789993,243.139999,234.766006,4451800.00
2024-12-27,242.720001,243.389999,240.039993,241.169998,232.863861,5730200.00
2024-12-30,238.770004,240.839996,237.110001,239.320007,231.077591,5723800.00
2024-12-31,240.050003,241.440002,239.029999,239.710007,231.454163,4871000.00
2025-01-02,240.919998,243.279999,239.449997,240.000000,231.734161,9220900.00
2025-01-03,243.889999,244.880005,240.259995,243.279999,234.901169,9491100.00
2025-01-06,243.699997,245.690002,240.580002,240.850006,233.755951,9917800.00
2025-01-07,242.139999,245.259995,240.899994,243.169998,236.007614,8753400.00
2025-01-08,242.750000,244.250000,240.500000,243.130005,235.968796,8675300.00
2025-01-10,243.089996,243.809998,238.740005,239.869995,232.804794,10256800.00
2025-01-13,239.669998,244.539993,239.000000,244.210007,237.016953,10005300.00
2025-01-14,242.660004,247.720001,242.190002,247.470001,240.180969,12407400.00
2025-01-15,250.399994,253.669998,243.679993,252.350006,244.917206,18448500.00
2025-01-16,254.000000,257.040009,252.330002,254.270004,246.780670,15292300.00
2025-01-17,254.139999,260.619995,252.139999,259.160004,251.526642,17678100.00
2025-01-21,260.070007,264.250000,259.500000,263.029999,255.282623,13712100.00
2025-01-22,262.899994,263.380005,260.250000,262.839996,255.098236,9021900.00
2025-01-23,264.690002,266.859985,263.809998,265.950012,258.116638,10749700.00
2025-01-24,263.690002,267.100006,263.010010,264.839996,257.039337,7666300.00
2025-01-27,264.170013,265.970001,262.260010,265.850006,258.019592,7522300.00
2025-01-28,265.850006,267.329987,264.829987,267.140015,259.271606,7375400.00
2025-01-29,267.209991,270.679993,265.609985,266.579987,258.728088,7684900.00
2025-01-30,268.630005,269.700012,266.619995,268.230011,260.329468,8753500.00
2025-01-31,269.230011,270.820007,266.959991,267.299988,259.426880,7193800.00
2025-02-03,261.829987,268.170013,261.700012,266.809998,258.951324,8381400.00
2025-02-04,269.839996,269.839996,266.829987,267.940002,260.048004,5626000.00
2025-02-05,268.910004,270.640015,268.329987,270.429993,262.464661,5704400.00
2025-02-06,272.450012,276.980011,271.190002,276.899994,268.744141,7264400.00
2025-02-07,277.269989,278.549988,274.709991,275.799988,267.676483,6857900.00
2025-02-10,276.149994,276.179993,269.589996,271.040009,263.056763,8627400.00
2025-02-11,270.260010,276.220001,269.660004,274.989990,266.890320,7196400.00
2025-02-12,274.079987,276.450012,273.250000,275.450012,267.336823,6683900.00
2025-02-13,275.500000,276.970001,273.809998,276.320007,268.181213,8398700.00
2025-02-14,277.369995,279.230011,276.450012,276.589996,268.443237,5688600.00
2025-02-18,276.760010,279.970001,276.019989,279.950012,271.704285,7919800.00
2025-02-19,278.380005,280.250000,277.220001,279.250000,271.024933,7007200.00
2025-02-20,278.679993,278.739990,265.739990,266.799988,258.941620,13846700.00
2025-02-21,268.320007,269.200012,262.839996,264.239990,256.457001,12835600.00
2025-02-24,265.489990,267.000000,258.609985,261.339996,253.642410,10372800.00
2025-02-25,262.230011,263.000000,253.350006,257.399994,249.818481,9608400.00
2025-02-26,257.160004,260.910004,256.929993,258.790009,251.167526,5943600.00
2025-02-27,260.179993,263.640015,257.859985,259.049988,251.419830,8204400.00
2025-02-28,260.730011,264.809998,257.890015,264.649994,256.854950,10467100.00
2025-03-03,264.000000,266.320007,257.820007,260.619995,252.943649,9058300.00
2025-03-04,255.279999,257.230011,245.949997,250.250000,242.879074,13465600.00
2025-03-05,251.250000,253.050003,247.830002,251.529999,244.121353,7861400.00
2025-03-06,248.110001,249.360001,243.850006,246.539993,239.278351,9983200.00
2025-03-07,245.229996,246.720001,239.419998,242.279999,235.143799,20498700.00
2025-03-10,236.210007,237.509995,228.699997,232.220001,225.380142,18887200.00
2025-03-11,231.750000,233.320007,226.690002,229.139999,222.390839,18143000.00
2025-03-12,234.000000,234.320007,227.259995,227.899994,221.187363,16054000.00
2025-03-13,229.300003,229.500000,224.229996,225.190002,218.557205,16467900.00
2025-03-14,228.119995,233.139999,227.580002,232.440002,225.593658,11962100.00
2025-03-17,231.179993,235.669998,230.460007,233.929993,227.039749,9586000.00
2025-03-18,234.320007,236.169998,233.520004,234.970001,228.049133,10344900.00
2025-03-19,235.740005,242.330002,234.889999,239.110001,232.067184,10120600.00
2025-03-20,236.559998,241.759995,236.199997,239.009995,231.970123,8328500.00
2025-03-21,237.809998,242.300003,236.500000,241.630005,234.512955,19326900.00
2025-03-24,245.479996,248.690002,244.410004,248.059998,240.753586,9422700.00
2025-03-25,249.309998,251.820007,247.619995,251.130005,243.733154,9287700.00
2025-03-26,252.600006,254.669998,249.779999,251.029999,243.636093,12779300.00
2025-03-27,249.529999,250.639999,247.179993,248.119995,240.811813,8022500.00
2025-03-28,246.940002,249.509995,241.110001,242.850006,235.697052,11978400.00
2025-03-31,239.410004,245.860001,237.360001,245.300003,238.074890,13603000.00
2025-04-01,242.619995,245.690002,240.880005,243.660004,236.483185,8054700.00
2025-04-02,241.600006,247.250000,241.460007,245.820007,238.579575,7758800.00
2025-04-03,234.270004,235.139999,227.300003,228.690002,221.954117,17188500.00
2025-04-04,215.309998,217.699997,208.929993,210.279999,205.343430,27170700.00
2025-04-07,205.770004,222.050003,202.160004,214.440002,209.405762,22914400.00
2025-04-08,223.520004,227.839996,213.250000,216.869995,211.778717,19485700.00
2025-04-09,212.500000,237.479996,211.000000,234.339996,228.838593,24022400.00
2025-04-10,230.000000,230.350006,220.100006,227.110001,221.778320,18896400.00
2025-04-11,226.309998,238.580002,225.000000,236.199997,230.654922,20284500.00
2025-04-14,237.100006,239.779999,233.630005,234.720001,229.209656,13017800.00
2025-04-15,236.100006,238.649994,232.820007,233.130005,227.657013,10912900.00
2025-04-16,232.000000,233.580002,227.929993,229.610001,224.219650,9322300.00
2025-04-17,230.800003,234.339996,230.550003,231.960007,226.514481,9557900.00
2025-04-21,230.630005,231.809998,226.339996,228.990005,223.614197,8716200.00
2025-04-22,231.979996,235.990005,231.369995,235.589996,230.059265,10701400.00
2025-04-23,240.220001,246.789993,240.000000,240.880005,235.225067,14126800.00
2025-04-24,239.740005,245.470001,237.580002,244.639999,238.896790,9055200.00
2025-04-25,244.649994,245.619995,241.750000,243.550003,237.832397,8588600.00
2025-04-28,244.559998,246.839996,240.839996,243.220001,237.510117,7394300.00
2025-04-29,242.190002,245.250000,241.690002,244.619995,238.877258,7216800.00
2025-04-30,241.210007,245.220001,238.429993,244.619995,238.877258,12991700.00
2025-05-01,242.839996,248.449997,242.169998,246.889999,241.093979,8689600.00
2025-05-02,251.259995,253.619995,249.460007,252.509995,246.582047,7165000.00
2025-05-05,251.179993,255.160004,250.589996,252.559998,246.630859,5450700.00
2025-05-06,250.000000,252.649994,249.000000,249.250000,243.398544,6369900.00
2025-05-07,249.850006,252.449997,248.830002,249.389999,243.535278,8724100.00
2025-05-08,251.570007,255.880005,251.550003,253.470001,247.519501,8320100.00
2025-05-09,254.500000,255.509995,252.339996,253.080002,247.138657,5087600.00
2025-05-12,262.899994,263.600006,258.700012,260.049988,253.945007,9603900.00
2025-05-13,261.029999,263.670013,260.390015,263.010010,256.835571,8589000.00
2025-05-14,263.000000,266.640015,262.290009,265.640015,259.403809,8643100.00
2025-05-15,266.970001,269.519989,264.760010,267.489990,261.210327,9214600.00
2025-05-16,267.500000,268.459991,264.709991,267.559998,261.278717,8932900.00
2025-05-19,265.549988,268.320007,261.929993,264.880005,258.661621,12145000.00
2025-05-20,262.519989,266.660004,262.299988,265.679993,259.442841,8436300.00
2025-05-21,264.350006,265.649994,260.730011,261.040009,254.911774,7464000.00
2025-05-22,259.440002,262.299988,258.869995,260.670013,254.550522,6514100.00
2025-05-23,256.809998,261.989990,256.000000,260.709991,254.589508,6671800.00
2025-05-27,262.040009,265.299988,261.989990,265.290009,259.062012,7506600.00
2025-05-28,266.239990,266.720001,262.899994,263.489990,257.304260,5535400.00
2025-05-29,264.799988,265.410004,262.529999,264.369995,258.163574,5081200.00
2025-05-30,263.450012,265.329987,262.730011,264.000000,257.802307,10977700.00
2025-06-02,263.019989,265.029999,261.899994,264.660004,258.446808,6011200.00
2025-06-03,263.730011,266.579987,262.880005,266.269989,260.019012,6998400.00
2025-06-04,265.920013,267.119995,264.179993,264.220001,258.017120,5915700.00
2025-06-05,264.739990,264.739990,260.309998,261.950012,255.800400,8173800.00
2025-06-06,264.329987,266.649994,264.260010,265.730011,259.491699,7738100.00
2025-06-09,266.000000,267.899994,263.350006,266.739990,260.477936,8285000.00
2025-06-10,265.880005,268.899994,265.850006,268.600006,262.294281,7538100.00
2025-06-11,268.679993,269.619995,265.790009,268.149994,261.854858,7434100.00
2025-06-12,266.859985,268.290009,265.140015,268.239990,261.942719,6618000.00
2025-06-13,265.079987,267.019989,262.709991,264.950012,258.730042,7098300.00
2025-06-16,267.000000,271.730011,266.850006,270.359985,264.012970,8566000.00
2025-06-17,268.170013,270.589996,267.799988,269.519989,263.192688,6739300.00
2025-06-18,270.000000,277.720001,269.720001,273.959991,267.528473,9586400.00
2025-06-20,275.570007,277.299988,273.809998,275.000000,268.544067,13969700.00
2025-06-23,275.059998,278.549988,272.109985,278.269989,271.737274,8094600.00
2025-06-24,280.209991,282.709991,279.510010,281.260010,274.657074,9267900.00
2025-06-25,281.500000,284.279999,280.910004,284.059998,277.391327,6826900.00
2025-06-26,284.700012,289.410004,284.470001,288.750000,281.971252,8942100.00
2025-06-27,285.809998,288.700012,285.040009,287.109985,280.369751,17868600.00
2025-06-30,290.399994,292.649994,288.920013,289.910004,283.104034,12689200.00
2025-07-01,290.890015,291.130005,286.589996,290.410004,283.592316,9338300.00
2025-07-02,292.040009,292.820007,289.700012,292.000000,285.144958,8158700.00
2025-07-03,292.149994,296.399994,291.209991,296.000000,290.443604,6541600.00
2025-07-07,295.250000,296.040009,290.079987,291.970001,286.489258,8825700.00
2025-07-08,289.269989,289.700012,280.309998,282.779999,277.471741,15440900.00
2025-07-09,287.179993,287.200012,282.480011,283.160004,277.844635,11273800.00
2025-07-10,283.000000,288.309998,283.000000,288.190002,282.780243,8410900.00
2025-07-11,285.519989,287.380005,283.649994,286.859985,281.475128,7384700.00
2025-07-14,287.070007,289.299988,285.260010,288.700012,283.280640,9079900.00
2025-07-15,288.000000,291.950012,285.480011,286.549988,281.171021,12526100.00
2025-07-16,288.399994,290.730011,283.010010,285.820007,280.454681,9979800.00
2025-07-17,283.440002,290.299988,283.440002,289.899994,284.458130,8509500.00
2025-07-18,289.519989,292.500000,288.230011,291.269989,285.802338,12217000.00
2025-07-21,291.000000,294.179993,290.579987,290.970001,285.508026,7898100.00
2025-07-22,291.500000,293.630005,289.179993,291.429993,285.959381,6717500.00
2025-07-23,292.839996,296.989990,292.549988,296.760010,291.189362,7083500.00
2025-07-24,297.420013,299.589996,296.200012,296.549988,290.983246,7001200.00
2025-07-25,296.700012,298.899994,295.959991,298.619995,293.014435,5918500.00
2025-07-28,297.660004,299.429993,296.820007,298.279999,292.680786,5840400.00
2025-07-29,300.000000,301.290009,296.200012,297.040009,291.464111,7635700.00
2025-07-30,297.420013,300.609985,297.380005,299.630005,294.005493,8061700.00
2025-07-31,299.140015,300.980011,295.500000,296.239990,290.679077,14749700.00
2025-08-01,290.399994,291.799988,284.239990,289.369995,283.938049,12007100.00
2025-08-04,290.260010,294.320007,290.260010,294.260010,288.736237,6649500.00
2025-08-05,294.690002,295.790009,287.239990,291.369995,285.900513,7182300.00
2025-08-06,292.299988,293.290009,290.160004,291.350006,285.880890,6330200.00
2025-08-07,292.940002,293.459991,286.410004,286.940002,281.553680,8057100.00
2025-08-08,288.980011,291.230011,284.709991,288.760010,283.339508,6634100.00
2025-08-11,289.399994,291.320007,288.779999,289.559998,284.124481,5510100.00
2025-08-12,291.500000,294.750000,290.339996,292.850006,287.352722,8570900.00
2025-08-13,293.950012,294.549988,287.160004,290.529999,285.076294,8420400.00
2025-08-14,290.579987,294.200012,289.640015,294.160004,288.638153,6322400.00
2025-08-15,294.839996,295.500000,289.820007,290.489990,285.037018,7340500.00
2025-08-18,290.000000,291.899994,288.410004,291.529999,286.057465,5386900.00
2025-08-19,290.829987,292.480011,289.529999,290.660004,285.203857,6031500.00
2025-08-20,290.809998,293.329987,287.269989,292.239990,286.754181,7374200.00
2025-08-21,291.940002,292.769989,289.470001,291.470001,285.998627,6624000.00
2025-08-22,293.200012,297.160004,290.130005,296.239990,290.679077,8552800.00
2025-08-25,296.239990,297.350006,294.140015,294.899994,289.364258,5856300.00
2025-08-26,294.160004,298.739990,293.500000,298.570007,292.965363,6714700.00
2025-08-27,297.250000,301.070007,297.040009,299.279999,293.661987,6056500.00
2025-08-28,300.019989,301.239990,298.700012,301.070007,295.418457,6410500.00
2025-08-29,302.040009,302.950012,299.730011,301.420013,295.761871,6796400.00
2025-09-02,300.260010,300.459991,294.500000,299.700012,294.074158,7221900.00
2025-09-03,300.570007,300.570007,296.380005,299.510010,293.887695,6316900.00
2025-09-04,300.000000,304.429993,298.279999,303.820007,298.116821,6605800.00
2025-09-05,303.649994,305.149994,294.309998,294.380005,288.854004,9837700.00
2025-09-08,294.890015,296.459991,291.440002,292.910004,287.411591,8188500.00
2025-09-09,292.600006,299.000000,292.309998,297.850006,292.258881,7848200.00
2025-09-10,296.700012,301.540009,295.399994,300.540009,294.898407,7787300.00
2025-09-11,301.239990,305.730011,300.790009,305.559998,299.824158,7942500.00
2025-09-12,305.000000,307.549988,303.700012,306.910004,301.148804,6846700.00
2025-09-15,307.170013,309.950012,307.170013,308.899994,303.101410,7122000.00
2025-09-16,310.000000,310.899994,307.130005,309.190002,303.385986,10525600.00
2025-09-17,310.390015,312.910004,308.769989,311.750000,305.897919,8657800.00
2025-09-18,311.790009,313.440002,309.609985,313.230011,307.350189,8050700.00
2025-09-19,313.600006,315.799988,309.119995,314.779999,308.871033,23568600.00
2025-09-22,309.799988,313.700012,309.559998,312.440002,306.575012,7520200.00
2025-09-23,311.820007,316.309998,310.579987,312.739990,306.869354,8584400.00
2025-09-24,314.049988,316.579987,311.670013,313.420013,307.536621,7310500.00
2025-09-25,314.119995,315.649994,311.799988,313.450012,307.566040,7083200.00
2025-09-26,314.899994,317.809998,313.700012,316.059998,310.127045,7258100.00
2025-09-29,317.059998,318.010010,313.660004,315.690002,309.763977,6462400.00
2025-09-30,316.250000,317.410004,310.109985,315.429993,309.508850,11823300.00
2025-10-01,313.970001,314.589996,307.410004,310.709991,304.877472,9235200.00
2025-10-02,310.000000,310.559998,306.140015,307.549988,301.776764,7600000.00
2025-10-03,308.510010,311.660004,308.209991,310.029999,304.210236,6029900.00
2025-10-06,310.179993,311.750000,305.130005,309.179993,304.851105,7214500.00
2025-10-07,309.350006,310.010010,304.700012,307.690002,303.381989,8454200.00
2025-10-08,308.209991,308.779999,303.549988,304.029999,299.773224,6489900.00
2025-10-09,305.049988,308.040009,303.390015,305.529999,301.252228,7060300.00
2025-10-10,305.660004,310.470001,300.809998,300.890015,296.677246,8597400.00
2025-10-13,305.600006,309.459991,305.450012,307.970001,303.658081,10788700.00
2025-10-14,305.839996,307.000000,294.209991,302.079987,297.850525,16178800.00
2025-10-15,306.390015,312.119995,305.440002,305.690002,301.409973,11354800.00
2025-10-16,305.350006,308.679993,297.070007,298.540009,294.360107,10549400.00
2025-10-17,299.160004,299.549988,294.200012,297.559998,293.393829,10153500.00
2025-10-20,298.500000,303.690002,298.160004,302.359985,298.126587,6894900.00
2025-10-21,301.660004,304.049988,297.000000,297.089996,292.930389,7372700.00
2025-10-22,297.769989,298.059998,290.540009,294.109985,289.992126,8054100.00
2025-10-23,294.380005,296.369995,292.510010,294.540009,290.416107,5438800.00
2025-10-24,296.079987,302.600006,295.450012,300.440002,296.233490,7228300.00
2025-10-27,302.160004,304.529999,301.010010,304.149994,299.891571,5642200.00
2025-10-28,304.859985,307.970001,303.160004,305.359985,301.084595,6336000.00
2025-10-29,303.510010,308.250000,303.010010,305.510010,301.232513,7520300.00
2025-10-30,305.790009,312.609985,305.100006,309.440002,305.107483,7514600.00
2025-10-31,308.540009,312.869995,307.250000,311.119995,306.763947,7721300.00
2025-11-03,311.000000,312.320007,306.209991,309.350006,305.018738,7770000.00
2025-11-04,306.709991,312.220001,305.100006,309.250000,304.920135,7085200.00
2025-11-05,309.609985,313.100006,305.630005,311.679993,307.316101,6865200.00
2025-11-06,310.989990,314.839996,310.260010,313.420013,309.031769,7206100.00
2025-11-07,311.890015,314.429993,307.640015,314.209991,309.810669,7302300.00
2025-11-10,315.000000,319.559998,314.209991,316.890015,312.453186,5794100.00
2025-11-11,317.500000,319.049988,315.279999,315.619995,311.200958,5030200.00
2025-11-12,316.260010,322.250000,316.209991,320.410004,315.923889,10578300.00
2025-11-13,319.230011,320.630005,309.100006,309.480011,305.146942,8973300.00
2025-11-14,307.510010,307.640015,301.230011,303.609985,299.359100,10327000.00
2025-11-17,304.000000,305.589996,297.670013,300.369995,296.164459,8344000.00
2025-11-18,299.500000,302.950012,297.019989,299.410004,295.217896,8077300.00
2025-11-19,299.739990,304.450012,299.269989,303.269989,299.023865,5546600.00
2025-11-20,306.339996,309.920013,298.160004,298.380005,294.202332,7501600.00
2025-11-21,301.290009,301.679993,292.809998,298.019989,293.847351,11766800.00
2025-11-24,298.239990,299.820007,294.510010,298.000000,293.827667,10940200.00
2025-11-25,300.049988,304.500000,295.559998,303.000000,298.757660,8877200.00
2025-11-26,305.000000,308.529999,303.200012,307.640015,303.332703,7910900.00
2025-11-28,309.100006,313.720001,308.239990,313.079987,308.696503,4322400.00
2025-12-01,312.950012,314.040009,308.540009,308.920013,304.594788,7727300.00
2025-12-02,308.739990,310.480011,307.089996,307.880005,303.569336,7249000.00
2025-12-03,307.200012,312.359985,306.799988,312.130005,307.759857,8535300.00
2025-12-04,313.260010,318.489990,313.000000,316.100006,311.674225,9627800.00
2025-12-05,315.640015,318.480011,314.679993,315.040009,310.629059,6518900.00
2025-12-08,315.059998,316.470001,313.350006,315.209991,310.796692,7417200.00
2025-12-09,314.950012,318.799988,300.019989,300.510010,296.302551,18049200.00
2025-12-10,300.500000,311.190002,298.459991,310.109985,305.768097,18874100.00
2025-12-11,309.239990,318.000000,309.239990,317.380005,312.936310,9721900.00
2025-12-12,319.679993,320.269989,316.600006,318.519989,314.060333,8982900.00
2025-12-15,319.589996,322.880005,318.390015,320.019989,315.539337,10864100.00
2025-12-16,319.089996,319.519989,314.399994,315.549988,311.131927,8331300.00
2025-12-17,318.429993,319.369995,314.660004,314.980011,310.569916,8718700.00
2025-12-18,316.000000,317.700012,312.220001,313.000000,308.617645,11444900.00
2025-12-19,313.790009,318.559998,313.190002,317.209991,312.768677,24494400.00
2025-12-22,317.510010,323.230011,317.510010,323.089996,318.566345,8354600.00
2025-12-23,323.609985,327.779999,323.089996,325.929993,321.366577,6668300.00
2025-12-24,326.239990,329.989990,325.500000,329.170013,324.561249,4289300.00
2025-12-26,329.109985,330.859985,326.540009,327.910004,323.318909,4158300.00
2025-12-29,327.000000,327.769989,323.529999,323.750000,319.217133,8635300.00
2025-12-30,324.809998,324.940002,322.489990,323.420013,318.891754,7904300.00
2025-12-31,324.339996,324.880005,322.040009,322.220001,317.708557,5048500.00
2026-01-02,322.500000,325.730011,320.739990,325.480011,320.922913,8054000.00
2026-01-05,325.500000,337.250000,325.190002,334.040009,329.363037,10752600.00
2026-01-06,332.619995,335.869995,330.649994,334.609985,331.413269,7660800.00
2026-01-07,331.140015,332.149994,324.600006,326.989990,323.866058,9815200.00
2026-01-08,326.390015,331.399994,325.649994,329.790009,326.639343,11737100.00
2026-01-09,329.339996,331.899994,328.170013,329.190002,326.045074,6738100.00
2026-01-12,321.880005,326.019989,321.230011,324.489990,321.389984,12805100.00
2026-01-13,324.299988,326.859985,310.570007,310.899994,307.929810,19371200.00
2026-01-14,308.200012,311.760010,306.119995,307.869995,304.928741,25951500.00
2026-01-15,308.470001,312.940002,307.750000,309.260010,306.305481,14751400.00
2026-01-16,310.350006,317.209991,310.000000,312.470001,309.484802,14652500.00
2026-01-20,306.209991,311.149994,301.859985,302.739990,299.847748,12900600.00
2026-01-21,303.429993,305.399994,301.149994,302.040009,299.154480,10270100.00
2026-01-22,304.859985,308.200012,302.899994,303.630005,300.729248,10535800.00
2026-01-23,302.000000,302.369995,296.510010,297.720001,294.875732,11107900.00
2026-01-26,297.809998,301.779999,297.450012,301.040009,298.164032,11752700.00
2026-01-27,301.329987,301.970001,298.149994,300.309998,297.440979,11527400.00
2026-01-28,300.269989,301.920013,298.049988,300.769989,297.896545,9556700.00
2026-01-29,302.399994,306.829987,302.220001,306.420013,303.492615,11580000.00
2026-01-30,305.250000,307.929993,302.559998,305.890015,302.967682,11953200.00
2026-02-02,304.459991,309.299988,301.369995,308.140015,305.196167,9839400.00
2026-02-03,309.730011,316.250000,309.100006,314.850006,311.842072,12688000.00
2026-02-04,314.410004,319.309998,314.410004,317.269989,314.238953,9848800.00
2026-02-05,315.000000,316.010010,305.540009,310.160004,307.196869,9388000.00
2026-02-06,314.709991,324.250000,314.709991,322.399994,319.319946,17797400.00
2026-02-09,321.339996,326.399994,320.109985,322.100006,319.022827,11477500.00
2026-02-10,322.549988,326.130005,315.119995,318.279999,315.239288,9902200.00
2026-02-11,323.239990,325.279999,308.730011,310.820007,307.850555,8703500.00
2026-02-12,312.279999,313.619995,300.019989,302.640015,299.748749,13443400.00
2026-02-13,298.519989,304.290009,296.519989,302.549988,299.659576,9114500.00
2026-02-17,302.760010,308.239990,302.500000,307.130005,304.195831,8896800.00
2026-02-18,308.459991,312.279999,307.220001,308.779999,305.830048,7209600.00
2026-02-19,307.170013,309.179993,305.119995,308.049988,305.106995,6737700.00
2026-02-20,308.399994,311.000000,305.679993,310.790009,307.820862,7792700.00
2026-02-23,308.799988,311.000000,295.100006,297.670013,294.826202,12955400.00
2026-02-24,296.820007,299.750000,291.380005,297.299988,294.459717,13554100.00
2026-02-25,298.640015,303.660004,297.010010,303.299988,300.402405,8095500.00
2026-02-26,304.579987,309.010010,303.640015,306.130005,303.205383,7007800.00
2026-02-27,300.000000,302.950012,294.450012,300.299988,297.431061,18620800.00
2026-03-02,294.809998,299.980011,293.209991,297.559998,294.717255,8508900.00
2026-03-03,292.290009,302.390015,289.500000,300.260010,297.391449,10278200.00
2026-03-04,299.989990,301.000000,295.820007,299.390015,296.529785,8055700.00
2026-03-05,297.980011,301.239990,292.429993,293.549988,290.745544,12732500.00
2026-03-06,286.339996,289.989990,283.709991,289.480011,286.714447,13496500.00
2026-03-09,285.500000,291.100006,280.450012,289.920013,287.150269,12241100.00
2026-03-10,289.290009,292.750000,287.179993,288.730011,285.971619,8344900.00
2026-03-11,288.809998,290.480011,284.859985,287.519989,284.773132,10205000.00
2026-03-12,282.829987,283.880005,279.100006,282.890015,280.187408,13760500.00
2026-03-13,284.670013,287.190002,282.950012,283.440002,280.732147,9091200.00
2026-03-16,286.339996,289.269989,284.609985,286.160004,283.426147,8149000.00
2026-03-17,289.000000,291.760010,285.950012,286.890015,284.149200,8961200.00
2026-03-18,286.829987,289.410004,285.119995,287.739990,284.991058,10057000.00
2026-03-19,286.880005,289.510010,284.619995,287.970001,285.218842,9846700.00
2026-03-20,288.079987,290.709991,285.269989,286.559998,283.822357,22436500.00
2026-03-23,294.309998,295.750000,287.970001,289.910004,287.140320,11470800.00
2026-03-24,286.170013,295.480011,285.369995,292.399994,289.606537,11092300.00
2026-03-25,294.149994,297.640015,292.440002,295.420013,292.597717,12188200.00
2026-03-26,292.579987,294.989990,290.730011,291.660004,288.873627,8669200.00
2026-03-27,289.140015,290.109985,281.750000,282.839996,280.137878,9873300.00
2026-03-30,284.739990,287.250000,282.329987,283.769989,281.058990,11734400.00
2026-03-31,288.470001,295.070007,284.950012,294.160004,291.349731,12956900.00
2026-04-01,295.390015,298.720001,292.910004,295.380005,292.558075,11267200.00
2026-04-02,291.910004,295.619995,288.720001,294.600006,291.785522,6669300.00
2026-04-06,294.059998,296.829987,293.200012,295.450012,294.125000,7142600.00
2026-04-07,293.140015,298.179993,292.700012,297.399994,296.066254,7849100.00
2026-04-08,307.970001,311.260010,305.329987,307.970001,306.588837,10590200.00
2026-04-09,306.950012,311.260010,306.109985,310.329987,308.938232,6586600.00
2026-04-10,310.000000,310.350006,306.720001,309.869995,308.480316,6069700.00
2026-04-13,307.470001,313.739990,305.459991,313.679993,312.273224,8318200.00
2026-04-14,309.820007,314.320007,308.869995,311.119995,309.724701,11455500.00
2026-04-15,313.950012,314.239990,304.260010,305.929993,304.557983,9885800.00
2026-04-16,305.350006,309.950012,305.200012,309.950012,308.559967,8208600.00
2026-04-17,312.470001,314.899994,310.089996,310.290009,308.898438,11082400.00
2026-04-20,310.850006,317.130005,310.369995,316.989990,315.568390,10772000.00
2026-04-21,317.489990,320.239990,312.750000,313.000000,311.596283,7084300.00
2026-04-22,314.850006,315.149994,311.940002,313.019989,311.616180,5545900.00
2026-04-23,313.519989,314.989990,308.890015,311.690002,310.292175,6969700.00
2026-04-24,311.149994,311.149994,307.890015,308.279999,306.897461,5215300.00
2026-04-27,306.880005,312.579987,306.880005,311.630005,310.232422,7925300.00
2026-04-28,315.200012,315.450012,311.170013,311.450012,310.053253,7398600.00
2026-04-29,310.570007,312.049988,307.290009,309.250000,307.863098,8031800.00
2026-04-30,307.070007,314.100006,306.570007,313.230011,311.825256,8865400.00
2026-05-01,313.950012,316.079987,311.829987,312.470001,311.068665,6135400.00
2026-05-04,310.619995,310.649994,306.510010,307.649994,306.270264,7338200.00
2026-05-05,307.709991,310.970001,306.799988,309.399994,308.012421,6316800.00
2026-05-06,311.450012,316.260010,311.350006,314.899994,313.487762,8629500.00
2026-05-07,314.649994,316.299988,306.140015,306.269989,304.896454,8359600.00
2026-05-08,308.250000,308.989990,300.500000,302.100006,300.745178,9464300.00
2026-05-11,302.100006,303.190002,298.880005,300.000000,298.654572,9512000.00
2026-05-12,300.019989,306.059998,295.549988,304.880005,303.512695,9498200.00
2026-05-13,302.269989,303.000000,300.070007,300.250000,298.903473,7709500.00
2026-05-14,302.250000,303.750000,298.809998,299.910004,298.565002,7364300.00
2026-05-15,300.209991,300.790009,296.450012,297.809998,296.474396,8699300.00
2026-05-18,298.000000,301.260010,297.220001,300.730011,299.381317,7546300.00
2026-05-19,301.089996,301.790009,295.260010,295.700012,294.373871,8066900.00
2026-05-20,296.700012,302.929993,293.670013,301.980011,300.625732,9327000.00
2026-05-21,301.230011,303.980011,300.209991,303.000000,301.641144,7874400.00
2026-05-22,304.679993,307.450012,303.839996,306.380005,305.005981,5973900.00
2026-05-26,308.489990,309.929993,305.440002,306.739990,305.364349,7725400.00
2026-05-27,305.000000,305.899994,295.750000,299.279999,297.937805,11779200.00
2026-05-28,297.570007,301.070007,295.750000,296.730011,295.399261,9757700.00
2026-05-29,296.399994,299.880005,295.200012,299.309998,297.967682,13969000.00
2026-06-01,297.690002,299.549988,295.269989,296.579987,295.249908,7930000.00
2026-06-02,296.500000,302.070007,295.269989,300.959991,299.610260,8296200.00
2026-06-03,299.920013,301.959991,296.559998,300.850006,299.500793,7003900.00
2026-06-04,305.739990,312.910004,304.440002,310.890015,309.495758,10345200.00
2026-06-05,314.290009,315.000000,309.600006,312.369995,310.969116,9118800.00
2026-06-08,313.250000,316.299988,310.779999,311.109985,309.714752,6827000.00
2026-06-09,313.510010,316.420013,309.010010,312.700012,311.297638,11594600.00
2026-06-10,312.559998,314.750000,309.029999,309.140015,307.753601,7446200.00
2026-06-11,309.559998,314.720001,308.880005,313.489990,312.084076,9116600.00
2026-06-12,315.970001,321.299988,315.549988,320.720001,319.281677,7426200.00
2026-06-15,323.920013,325.920013,318.839996,319.399994,317.967590,7988900.00
2026-06-16,324.299988,331.750000,324.019989,331.140015,329.654938,11094900.00
2026-06-17,332.179993,337.769989,331.500000,333.459991,331.964508,12246400.00
2026-06-18,336.950012,338.089996,324.160004,325.220001,323.761475,20111000.00
2026-06-22,329.700012,332.769989,326.750000,331.480011,329.993408,10182500.00
2026-06-23,329.470001,335.369995,327.209991,334.140015,332.641479,7582200.00
2026-06-24,333.070007,334.529999,329.769989,333.450012,331.954590,7907400.00
2026-06-25,334.959991,343.450012,334.760010,335.119995,333.617065,10043100.00
2026-06-26,336.000000,336.399994,327.500000,329.049988,327.574280,17640900.00
2026-06-29,328.279999,332.390015,327.200012,329.390015,327.912781,7981800.00
2026-06-30,328.890015,330.440002,326.679993,327.329987,325.862000,8080100.00
2026-07-01,328.369995,335.640015,325.010010,334.070007,332.571808,15210200.00
2026-07-02,338.019989,340.000000,331.769989,334.470001,332.970001,8413900.00
2026-07-06,335.000000,339.720001,334.109985,337.720001,337.720001,8673500.00
2026-07-07,340.980011,341.399994,337.089996,339.220001,339.220001,7115800.00
2026-07-08,336.529999,336.529999,330.130005,330.619995,330.619995,18505200.00
2026-07-09,331.459991,337.000000,330.809998,335.470001,335.470001,15570600.00
2026-07-10,337.470001,338.589996,335.769989,336.470001,336.470001,6299000.00
2026-07-13,338.339996,338.350006,332.500000,334.529999,334.529999,7120300.00
2026-07-14,327.000000,344.730011,325.750000,342.890015,342.890015,14537900.00
2026-07-15,345.850006,351.239990,344.049988,346.910004,346.910004,10750000.00
2026-07-16,349.279999,349.339996,341.109985,343.149994,343.149994,12432400.00
2026-07-17,339.029999,346.130005,335.049988,341.100006,341.100006,9250900.00
2026-07-20,341.799988,344.260010,337.369995,338.869995,338.869995,7723300.00
2026-07-21,340.119995,345.739990,337.299988,345.230011,345.230011,6015300.00
2026-07-22,345.070007,349.070007,344.250000,348.209991,348.209991,8040200.00
2026-07-23,346.579987,349.920013,345.420013,349.899994,349.899994,10913000.00
2026-07-24,350.640015,353.369995,347.500000,353.209991,353.209991,7520800.00
2026-07-27,357.890015,359.049988,352.579987,356.200012,356.200012,7884900.00
2026-07-28,357.299988,359.299988,354.149994,357.309998,357.309998,6533800.00
2026-07-29,356.500000,357.369995,343.779999,344.709991,344.709991,8265300.00
2026-07-30,347.540009,352.279999,345.369995,350.850006,350.850006,7606500.00
2026-07-31,353.299988,354.470001,349.700012,351.790009,351.790009,6603400.00
2026-08-03,353.750000,355.619995,350.839996,352.640015,352.640015,6436600.00
2026-08-04,355.000000,363.000000,353.869995,357.519989,357.519989,8477200.00
2026-08-05,358.970001,362.170013,358.200012,359.239990,359.239990,5269500.00
2026-08-06,362.809998,362.809998,354.950012,356.299988,356.299988,5820100.00
2026-08-07,355.760010,358.850006,353.329987,357.519989,357.519989,4566200.00
2026-08-10,357.959991,359.989990,356.500000,359.790009,359.790009,5327500.00
2026-08-11,360.049988,363.119995,358.600006,362.040009,362.040009,4576500.00
2026-08-12,362.970001,366.089996,361.299988,365.179993,365.179993,4366800.00
2026-08-13,366.500000,366.500000,361.519989,363.109985,363.109985,5102700.00
2026-08-14,363.000000,365.899994,361.450012,362.839996,362.839996,5058600.00
2026-08-17,361.940002,365.750000,360.959991,360.959991,360.959991,5282600.00
2026-08-18,362.339996,363.570007,359.269989,363.250000,363.250000,5525100.00
2026-08-19,363.010010,363.049988,355.649994,357.260010,357.260010,6696200.00
2026-08-20,357.600006,357.950012,351.549988,351.549988,351.549988,6799700.00
2026-08-21,354.070007,356.859985,350.369995,351.579987,351.579987,8112100.00
2026-08-24,353.299988,358.279999,352.820007,356.390015,356.390015,4394400.00
2026-08-25,357.000000,357.369995,353.070007,356.690002,356.690002,4298000.00
2026-08-26,356.500000,358.350006,354.600006,356.500000,356.500000,5796500.00
2026-08-27,354.679993,357.570007,352.230011,354.220001,354.220001,5209900.00
2026-08-28,355.670013,358.730011,354.220001,357.619995,357.619995,3914500.00
2026-08-31,355.899994,357.769989,354.769989,356.019989,356.019989,7962900.00
2026-09-01,355.730011,359.929993,354.119995,354.950012,354.950012,5079000.00
2026-09-02,357.549988,361.470001,353.790009,356.220001,356.220001,5341400.00
2026-09-03,358.679993,362.850006,356.390015,362.059998,362.059998,5414200.00
2026-09-04,361.000000,362.859985,355.200012,358.640015,358.640015,4873500.00
2026-09-08,357.100006,358.549988,353.230011,353.510010,353.510010,5631400.00
2026-09-09,352.000000,356.329987,348.690002,354.709991,354.709991,6318200.00
2026-09-10,353.510010,354.220001,351.119995,353.559998,353.559998,4184200.00
2026-09-11,358.320007,360.049988,354.790009,356.230011,356.230011,5354600.00
2026-09-14,354.230011,355.279999,347.549988,350.130005,350.130005,9609900.00
2026-09-15,351.000000,354.700012,343.070007,352.489990,352.489990,14026500.00
2026-09-16,353.380005,355.600006,344.690002,348.920013,348.920013,8303400.00
2026-09-17,352.250000,353.489990,345.269989,349.309998,349.309998,6480100.00
2026-09-18,347.890015,349.670013,345.010010,349.670013,349.670013,18312400.00
2026-09-21,353.670013,354.500000,350.079987,352.040009,352.040009,6414700.00
2026-09-22,352.000000,352.100006,337.299988,340.000000,340.000000,11485600.00
2026-09-23,337.609985,341.440002,336.980011,337.529999,337.529999,7068500.00
2026-09-24,338.119995,339.369995,335.279999,338.559998,338.559998,6934300.00
2026-09-25,340.769989,343.309998,338.640015,343.059998,343.059998,11460300.00
2026-09-28,341.829987,342.000000,336.299988,336.589996,336.589996,10483700.00
2026-09-29,337.000000,338.750000,333.329987,334.980011,334.980011,7254900.00
2026-09-30,334.890015,336.339996,330.829987,330.829987,330.829987,9113300.00
2026-10-01,328.750000,333.579987,325.869995,333.179993,333.179993,8160000.00
2026-10-02,334.000000,334.850006,330.000000,332.380005,332.380005,6658200.00
