date,open,high,low,close,adjclose,volume
2012-05-18,42.049999,45.000000,38.000000,38.230000,37.867321,573576400.00
2012-05-21,36.529999,36.660000,33.000000,34.029999,33.707161,168192700.00
2012-05-22,32.610001,33.590000,30.940001,31.000000,30.705908,101786600.00
2012-05-23,31.370001,32.500000,31.360001,32.000000,31.696421,73600000.00
2012-05-24,32.950001,33.209999,31.770000,33.029999,32.716644,50237200.00
2012-05-25,32.900002,32.950001,31.110001,31.910000,31.607275,37149800.00
2012-05-29,31.480000,31.690001,28.650000,28.840000,28.566399,78063400.00
2012-05-30,28.700001,29.549999,27.860001,28.190001,27.922567,57267900.00
2012-05-31,28.549999,29.670000,26.830000,29.600000,29.319189,111639200.00
2012-06-01,28.889999,29.150000,27.389999,27.719999,27.457024,41855500.00
2012-06-04,27.200001,27.650000,26.440001,26.900000,26.644806,35230300.00
2012-06-05,26.700001,27.760000,25.750000,25.870001,25.624577,42473400.00
2012-06-06,26.070000,27.170000,25.520000,26.809999,26.555662,61489200.00
2012-06-07,27.000000,27.350000,26.150000,26.309999,26.060402,26159500.00
2012-06-08,26.549999,27.760000,26.440001,27.100000,26.842909,38034000.00
2012-06-11,27.180000,28.070000,26.840000,27.010000,26.753765,28219600.00
2012-06-12,27.480000,27.770000,26.959999,27.400000,27.140059,15816800.00
2012-06-13,27.660000,28.100000,27.100000,27.270000,27.011295,17102800.00
2012-06-14,27.650000,28.320000,27.379999,28.290001,28.021620,16855000.00
2012-06-15,28.510000,30.100000,28.350000,30.010000,29.725304,43563800.00
2012-06-18,29.959999,32.080002,29.410000,31.410000,31.112020,42978900.00
2012-06-19,31.540001,32.180000,30.700001,31.910000,31.607275,30849000.00
2012-06-20,31.920000,31.930000,31.150000,31.600000,31.300217,15553600.00
2012-06-21,31.670000,32.500000,31.510000,31.840000,31.537939,21875300.00
2012-06-22,32.410000,33.450001,32.060001,33.049999,32.736458,74834000.00
2012-06-25,32.860001,33.020000,31.549999,32.060001,31.755850,24352900.00
2012-06-26,32.689999,33.439999,32.500000,33.099998,32.785980,24858700.00
2012-06-27,32.459999,32.900002,31.900000,32.230000,31.924244,28568000.00
2012-06-28,31.959999,32.189999,30.900000,31.360001,31.062496,17713300.00
2012-06-29,31.920000,31.990000,30.760000,31.100000,30.804960,19526900.00
2012-07-02,31.250000,31.730000,30.549999,30.770000,30.478088,14122000.00
2012-07-03,30.910000,31.440001,30.799999,31.200001,30.904015,8763600.00
2012-07-05,31.320000,31.629999,31.020000,31.469999,31.171453,10032100.00
2012-07-06,31.440001,31.900000,31.260000,31.730000,31.428984,10945600.00
2012-07-09,32.099998,32.880001,31.990000,32.169998,31.864807,17785200.00
2012-07-10,32.430000,32.480000,31.160000,31.469999,31.171453,14269500.00
2012-07-11,31.480000,31.559999,30.549999,30.969999,30.676193,13030300.00
2012-07-12,30.700001,31.400000,30.600000,30.809999,30.517710,11300700.00
2012-07-13,31.040001,31.070000,30.559999,30.719999,30.428566,8108300.00
2012-07-16,30.500000,30.500000,28.209999,28.250000,27.981998,24672100.00
2012-07-17,28.480000,28.590000,27.150000,28.090000,27.823515,30438600.00
2012-07-18,28.309999,29.290001,28.150000,29.110001,28.833839,16841800.00
2012-07-19,29.410000,29.500000,28.629999,29.000000,28.724882,13685100.00
2012-07-20,29.000000,29.469999,28.719999,28.760000,28.487158,11869100.00
2012-07-23,28.120001,29.000000,28.010000,28.750000,28.477253,12390700.00
2012-07-24,28.820000,29.450001,28.100000,28.450001,28.180103,11539800.00
2012-07-25,28.389999,29.490000,28.080000,29.340000,29.061655,17230200.00
2012-07-26,27.750000,28.230000,26.730000,26.850000,26.595282,64597400.00
2012-07-27,23.190001,24.540001,22.280001,23.709999,23.485067,123102300.00
2012-07-30,24.000000,24.040001,23.030001,23.150000,22.930376,29285900.00
2012-07-31,23.370001,23.370001,21.610001,21.709999,21.504042,56179400.00
2012-08-01,21.500000,21.580000,20.840000,20.879999,20.681911,44604400.00
2012-08-02,20.770000,20.840000,19.820000,20.040001,19.849884,56374500.00
2012-08-03,20.360001,22.160000,19.900000,21.090000,20.889923,80647000.00
2012-08-06,21.389999,22.150000,21.299999,21.920000,21.712048,27778900.00
2012-08-07,22.200001,22.450001,20.500000,20.719999,20.523434,36782900.00
2012-08-08,20.709999,21.150000,20.219999,20.719999,20.523434,29537400.00
2012-08-09,20.750000,21.170000,20.610001,21.010000,20.810684,15610700.00
2012-08-10,21.410000,21.820000,21.129999,21.809999,21.603090,25794700.00
2012-08-13,22.150000,22.450001,21.400000,21.600000,21.395086,24973100.00
2012-08-14,21.410000,21.600000,20.250000,20.379999,20.186661,39308800.00
2012-08-15,20.639999,21.410000,20.400000,21.200001,20.998880,47861100.00
2012-08-16,20.440001,20.480000,19.690001,19.870001,19.681498,157565300.00
2012-08-17,20.010000,20.080000,19.000000,19.049999,18.869276,129293400.00
2012-08-20,19.049999,20.129999,18.750000,20.010000,19.820169,101186600.00
2012-08-21,19.580000,19.980000,19.090000,19.160000,18.978233,70640600.00
2012-08-22,19.360001,19.530001,18.959999,19.440001,19.255573,49892200.00
2012-08-23,19.500000,19.730000,19.360001,19.440001,19.255573,32813700.00
2012-08-24,19.520000,19.680000,19.250000,19.410000,19.225859,29622200.00
2012-08-27,19.490000,19.530001,19.100000,19.150000,18.968328,20704000.00
2012-08-28,19.100000,19.379999,18.950001,19.340000,19.156527,25417000.00
2012-08-29,19.320000,19.379999,19.070000,19.100000,18.918802,16124700.00
2012-08-30,19.270000,19.450001,19.059999,19.090000,18.908897,30647500.00
2012-08-31,18.680000,18.700001,18.030001,18.059999,17.888666,58764200.00
2012-09-04,18.080000,18.270000,17.549999,17.730000,17.561798,46622400.00
2012-09-05,18.270000,18.750000,18.180000,18.580000,18.403734,60781800.00
2012-09-06,18.740000,19.260000,18.719999,18.959999,18.780128,46066500.00
2012-09-07,19.100000,19.420000,18.780001,18.980000,18.799938,36371700.00
2012-09-10,19.059999,19.200001,18.549999,18.809999,18.631556,24797800.00
2012-09-11,18.920000,19.580000,18.850000,19.430000,19.245674,50508200.00
2012-09-12,20.760000,21.160000,20.280001,20.930000,20.731440,121584000.00
2012-09-13,20.959999,21.480000,20.610001,20.709999,20.513529,65041600.00
2012-09-14,21.129999,22.080000,20.900000,22.000000,21.791290,72819800.00
2012-09-17,22.670000,22.750000,21.500000,21.520000,21.315845,50667600.00
2012-09-18,21.600000,21.980000,21.370001,21.870001,21.662523,36760500.00
2012-09-19,21.990000,23.370001,21.770000,23.290001,23.069054,78782800.00
2012-09-20,23.020000,23.240000,22.540001,22.590000,22.375690,57248900.00
2012-09-21,22.969999,23.240000,22.600000,22.860001,22.643131,51218100.00
2012-09-24,21.780001,21.980000,20.360001,20.790001,20.592768,79106500.00
2012-09-25,21.200001,21.209999,20.219999,20.280001,20.087606,46291700.00
2012-09-26,20.150000,20.780001,19.799999,20.620001,20.424383,38271900.00
2012-09-27,20.990000,21.000000,20.160000,20.320000,20.127226,30215900.00
2012-09-28,20.570000,21.950001,20.500000,21.660000,21.454517,65486000.00
2012-10-01,22.080000,22.590000,21.730000,21.990000,21.781385,51262700.00
2012-10-02,22.080000,22.490000,21.820000,22.270000,22.058731,29341400.00
2012-10-03,22.299999,22.490000,21.799999,21.830000,21.622902,32000100.00
2012-10-04,22.320000,22.400000,21.410000,21.950001,21.741766,46892100.00
2012-10-05,21.490000,21.629999,20.879999,20.910000,20.711632,40529300.00
2012-10-08,20.400000,20.750000,20.160000,20.400000,20.206470,32236700.00
2012-10-09,20.389999,20.549999,19.969999,20.230000,20.038078,27161800.00
2012-10-10,19.930000,19.940001,19.450001,19.639999,19.453678,39321800.00
2012-10-11,19.879999,19.959999,19.610001,19.750000,19.562634,21817300.00
2012-10-12,19.750000,19.799999,19.480000,19.520000,19.334816,18809400.00
2012-10-15,19.680000,19.879999,19.490000,19.520000,19.334816,20189700.00
2012-10-16,19.680000,19.690001,19.299999,19.480000,19.295197,21834700.00
2012-10-17,19.500000,20.480000,19.370001,19.879999,19.691402,44074500.00
2012-10-18,19.700001,19.790001,18.889999,18.980000,18.799938,52157400.00
2012-10-19,19.000000,19.059999,18.799999,19.000000,18.819752,34835000.00
2012-10-22,19.200001,19.430000,19.049999,19.320000,19.136715,32447300.00
2012-10-23,19.250000,19.799999,19.100000,19.500000,19.315006,78381200.00
2012-10-24,24.129999,24.250000,22.850000,23.230000,23.009619,228949900.00
2012-10-25,23.290001,23.309999,22.469999,22.559999,22.345976,76142000.00
2012-10-26,22.400000,22.879999,21.879999,21.940001,21.731861,73175800.00
2012-10-31,20.820000,21.500000,20.730000,21.110001,20.909733,99378200.00
2012-11-01,21.080000,21.440001,21.010000,21.209999,21.008783,37713900.00
2012-11-02,21.260000,21.690001,21.070000,21.180000,20.979069,38344400.00
2012-11-05,21.100000,21.480000,20.920000,21.250000,21.048407,31806700.00
2012-11-06,21.240000,21.370001,20.990000,21.170000,20.969166,29062700.00
2012-11-07,20.850000,20.950001,20.370001,20.469999,20.275805,33396800.00
2012-11-08,20.520000,20.730000,19.980000,19.990000,19.800362,34254600.00
2012-11-09,19.959999,20.000000,19.129999,19.209999,19.027756,42295500.00
2012-11-12,19.150000,20.170000,18.870001,20.070000,19.879597,67349200.00
2012-11-13,19.610001,20.110001,19.559999,19.860001,19.671591,71775100.00
2012-11-14,20.100000,22.500000,19.930000,22.360001,22.147873,229751000.00
2012-11-15,22.340000,22.500000,21.650000,22.170000,21.959677,78857700.00
2012-11-16,22.250000,23.930000,22.180000,23.559999,23.336493,107182200.00
2012-11-19,23.959999,24.120001,22.820000,22.920000,22.702562,85021300.00
2012-11-20,22.730000,23.900000,22.700001,23.100000,22.880854,46655300.00
2012-11-21,23.219999,24.530001,23.049999,24.320000,24.089279,89862400.00
2012-11-23,24.580000,24.680000,23.879999,24.000000,23.772316,29520900.00
2012-11-26,24.940001,26.090000,24.809999,25.940001,25.693911,123865000.00
2012-11-27,26.040001,26.500000,25.459999,26.150000,25.901920,85760600.00
2012-11-28,25.940001,26.490000,25.750000,26.360001,26.109930,49205600.00
2012-11-29,26.500000,27.520000,26.160000,27.320000,27.060820,88759700.00
2012-11-30,27.260000,28.000000,26.760000,28.000000,27.734371,127049600.00
2012-12-03,28.000000,28.879999,26.980000,27.040001,26.783476,123526100.00
2012-12-04,27.059999,27.760000,26.680000,27.459999,27.199492,72869200.00
2012-12-05,27.750000,27.900000,27.260000,27.709999,27.447117,58976300.00
2012-12-06,27.680000,27.750000,26.820000,26.969999,26.714142,46001500.00
2012-12-07,27.070000,27.780001,26.840000,27.490000,27.229206,51751900.00
2012-12-10,27.170000,28.170000,27.100000,27.840000,27.575890,50608500.00
2012-12-11,28.070000,28.240000,27.660000,27.980000,27.714558,77099100.00
2012-12-12,28.000000,28.139999,27.370001,27.580000,27.318354,46704200.00
2012-12-13,27.590000,28.750000,27.430000,28.240000,27.972092,81051600.00
2012-12-14,28.180000,28.330000,26.760000,26.809999,26.555662,91631600.00
2012-12-17,26.770000,27.000000,26.320000,26.750000,26.496227,57742500.00
2012-12-18,26.959999,27.910000,26.900000,27.709999,27.447117,60512900.00
2012-12-19,27.830000,28.219999,26.950001,27.410000,27.149967,61390300.00
2012-12-20,27.490000,27.600000,27.129999,27.360001,27.100437,35574800.00
2012-12-21,26.660000,27.010000,26.120001,26.260000,26.010878,54555200.00
2012-12-24,26.500000,26.959999,26.200001,26.930000,26.674520,28230100.00
2012-12-26,27.030001,27.180000,26.379999,26.510000,26.258507,33175400.00
2012-12-27,26.549999,26.799999,25.520000,26.049999,25.802866,43481700.00
2012-12-28,25.480000,26.110001,25.150000,25.910000,25.664198,56574800.00
2012-12-31,26.200001,26.990000,26.110001,26.620001,26.367460,60374500.00
2013-01-02,27.440001,28.180000,27.420000,28.000000,27.734371,69846400.00
2013-01-03,27.879999,28.469999,27.590000,27.770000,27.506554,63140600.00
2013-01-04,28.010000,28.930000,27.830000,28.760000,28.487158,72715400.00
2013-01-07,28.690001,29.790001,28.650000,29.420000,29.140898,83781800.00
2013-01-08,29.510000,29.600000,28.860001,29.059999,28.784313,45871300.00
2013-01-09,29.670000,30.600000,29.490000,30.590000,30.299797,104787700.00
2013-01-10,30.600000,31.450001,30.280001,31.299999,31.003061,95316400.00
2013-01-11,31.280001,31.959999,31.100000,31.719999,31.419077,89598000.00
2013-01-14,32.080002,32.209999,30.620001,30.950001,30.656384,98892800.00
2013-01-15,30.639999,31.709999,29.879999,30.100000,29.814447,173242600.00
2013-01-16,30.209999,30.350000,29.530001,29.850000,29.566822,75332700.00
2013-01-17,30.080000,30.420000,30.030001,30.139999,29.854071,40256700.00
2013-01-18,30.309999,30.440001,29.270000,29.660000,29.378620,49631500.00
2013-01-22,29.750000,30.889999,29.740000,30.730000,30.438473,55243300.00
2013-01-23,31.100000,31.500000,30.799999,30.820000,30.527615,48899800.00
2013-01-24,31.270000,31.490000,30.809999,31.080000,30.785149,43845100.00
2013-01-25,31.410000,31.930000,31.129999,31.540001,31.240789,54363600.00
2013-01-28,31.879999,32.509998,31.809999,32.470001,32.161964,59682500.00
2013-01-29,32.000000,32.070000,30.709999,30.790001,30.497902,72976500.00
2013-01-30,30.980000,31.490000,30.879999,31.240000,30.943630,87682100.00
2013-01-31,29.150000,31.469999,28.740000,30.980000,30.686100,190744900.00
2013-02-01,31.010000,31.020000,29.629999,29.730000,29.447954,85856700.00
2013-02-04,29.059999,29.200001,28.010000,28.110001,27.843327,92362200.00
2013-02-05,28.260000,28.959999,28.040001,28.639999,28.368298,47948200.00
2013-02-06,28.740000,29.290001,28.660000,29.049999,28.774406,38375900.00
2013-02-07,29.110001,29.150000,28.270000,28.650000,28.378199,34540100.00
2013-02-08,28.889999,29.170000,28.510000,28.549999,28.279150,37708800.00
2013-02-11,28.610001,28.680000,28.040001,28.260000,27.991901,37361800.00
2013-02-12,27.670000,28.160000,27.100000,27.370001,27.110348,93498700.00
2013-02-13,27.360001,28.320000,27.309999,27.910000,27.645224,50164000.00
2013-02-14,28.020000,28.629999,28.010000,28.500000,28.229626,35615800.00
2013-02-15,28.520000,28.750000,28.090000,28.320000,28.051331,33109300.00
2013-02-19,28.230000,29.080000,28.120001,28.930000,28.655544,49396400.00
2013-02-20,28.920000,29.049999,28.330000,28.459999,28.190004,42098200.00
2013-02-21,28.280001,28.549999,27.150000,27.280001,27.021200,49642300.00
2013-02-22,27.620001,27.629999,26.820000,27.129999,26.872618,36350200.00
2013-02-25,27.160000,27.639999,27.150000,27.270000,27.011295,34652000.00
2013-02-26,27.360001,27.459999,26.700001,27.389999,27.130156,31611700.00
2013-02-27,27.340000,27.340000,26.629999,26.870001,26.615093,44319700.00
2013-02-28,26.840000,27.299999,26.340000,27.250000,26.991484,83027800.00
2013-03-01,27.049999,28.120001,26.809999,27.780001,27.516455,54064800.00
2013-03-04,27.760000,28.059999,27.440001,27.719999,27.457024,32400700.00
2013-03-05,27.879999,28.180000,27.209999,27.520000,27.258921,40622200.00
2013-03-06,28.100000,28.129999,27.350000,27.450001,27.189587,33532600.00
2013-03-07,27.570000,28.680000,27.469999,28.580000,28.308867,74540200.00
2013-03-08,28.430000,28.469999,27.730000,27.959999,27.694746,44198900.00
2013-03-11,28.010000,28.639999,27.830000,28.139999,27.873041,35642100.00
2013-03-12,28.100000,28.320000,27.600000,27.830000,27.565983,27569600.00
2013-03-13,27.620001,27.650000,26.920000,27.080000,26.823097,39619500.00
2013-03-14,27.100000,27.430000,26.830000,27.040001,26.783476,27646400.00
2013-03-15,27.030001,27.059999,26.559999,26.650000,26.397177,31597400.00
2013-03-18,26.370001,26.790001,25.780001,26.490000,26.238695,26653700.00
2013-03-19,26.530001,26.900000,26.209999,26.549999,26.298122,25254200.00
2013-03-20,26.680000,26.690001,25.780001,25.860001,25.614670,44006500.00
2013-03-21,25.660000,26.110001,25.559999,25.740000,25.495810,24336100.00
2013-03-22,25.799999,26.010000,25.629999,25.730000,25.485903,18456300.00
2013-03-25,25.750000,25.799999,25.080000,25.129999,24.891596,39199000.00
2013-03-26,25.080000,25.480000,25.030001,25.209999,24.970835,26957200.00
2013-03-27,25.000000,26.280001,24.719999,26.090000,25.842489,52297400.00
2013-03-28,26.090000,26.170000,25.520000,25.580000,25.337328,28585700.00
2013-04-01,25.629999,25.889999,25.280001,25.530001,25.287806,22249300.00
2013-04-02,25.770000,26.120001,25.299999,25.420000,25.178846,35153300.00
2013-04-03,25.830000,26.389999,25.700001,26.250000,26.000975,48195200.00
2013-04-04,26.620001,27.230000,26.110001,27.070000,26.813192,82016800.00
2013-04-05,26.860001,27.799999,26.610001,27.389999,27.130156,64566600.00
2013-04-08,27.190001,27.200001,26.629999,26.850000,26.595282,27256000.00
2013-04-09,26.580000,26.889999,26.420000,26.590000,26.337744,21311100.00
2013-04-10,27.010000,27.840000,26.900000,27.570000,27.308447,45949400.00
2013-04-11,27.480000,28.100000,27.250000,28.020000,27.754181,33368500.00
2013-04-12,28.000000,28.000000,27.240000,27.400000,27.140059,28697400.00
2013-04-15,27.160000,27.480000,26.360001,26.520000,26.268410,30275400.00
2013-04-16,26.809999,27.110001,26.400000,26.920000,26.664619,27365900.00
2013-04-17,26.650000,27.200001,26.389999,26.629999,26.377363,26440600.00
2013-04-18,26.820000,26.820000,25.150000,25.690001,25.446285,39059000.00
2013-04-19,25.620001,25.959999,25.330000,25.730000,25.485903,20380900.00
2013-04-22,25.809999,26.360001,25.700001,25.969999,25.723627,25687600.00
2013-04-23,26.219999,26.330000,25.770000,25.980000,25.733532,25191500.00
2013-04-24,25.930000,26.400000,25.799999,26.110001,25.862297,19729900.00
2013-04-25,26.070000,26.400000,26.000000,26.139999,25.892014,17150000.00
2013-04-26,26.600000,27.620001,26.600000,26.850000,26.595282,33018000.00
2013-04-29,27.160000,27.410000,26.860001,26.980000,26.724045,29201100.00
2013-04-30,27.129999,27.850000,27.010000,27.770000,27.506554,36245700.00
2013-05-01,27.850000,27.920000,27.309999,27.430000,27.169779,64567600.00
2013-05-02,28.010000,29.020000,27.980000,28.969999,28.695168,104257000.00
2013-05-03,29.040001,29.070000,28.150000,28.309999,28.041426,58506400.00
2013-05-06,28.330000,28.459999,27.480000,27.570000,27.308447,43939400.00
2013-05-07,27.549999,27.850000,26.850000,26.889999,26.634901,41259100.00
2013-05-08,26.879999,27.299999,26.650000,27.120001,26.862719,34654900.00
2013-05-09,27.080000,27.549999,26.850000,27.040001,26.783476,33457200.00
2013-05-10,27.139999,27.299999,26.570000,26.680000,26.426891,30847100.00
2013-05-13,26.600000,27.330000,26.530001,26.820000,26.565565,29068800.00
2013-05-14,26.889999,27.280001,26.820000,27.070000,26.813192,24930300.00
2013-05-15,26.920000,26.990000,26.400000,26.600000,26.347652,30299800.00
2013-05-16,26.480000,26.549999,25.900000,26.129999,25.882109,35499100.00
2013-05-17,26.400000,26.600000,26.200001,26.250000,26.000975,29462700.00
2013-05-20,26.180000,26.190001,25.690001,25.760000,25.515617,42402900.00
2013-05-21,25.870001,26.080000,25.590000,25.660000,25.416567,26261300.00
2013-05-22,25.650000,25.850000,24.920000,25.160000,24.921312,45314500.00
2013-05-23,24.799999,25.530001,24.770000,25.059999,24.822260,37663100.00
2013-05-24,24.969999,24.969999,24.080000,24.309999,24.079374,58727900.00
2013-05-28,24.540001,24.540001,23.920000,24.100000,23.871368,50079700.00
2013-05-29,23.790001,23.809999,23.260000,23.320000,23.098764,64237800.00
2013-05-30,24.129999,24.780001,23.930000,24.549999,24.317099,60733200.00
2013-05-31,24.629999,24.950001,24.270000,24.350000,24.118996,35925000.00
2013-06-03,24.270000,24.320000,23.709999,23.850000,23.623741,35733800.00
2013-06-04,23.889999,23.930000,23.320000,23.520000,23.296871,34760800.00
2013-06-05,23.350000,23.709999,22.790001,22.900000,22.682751,53819700.00
2013-06-06,22.990000,23.090000,22.670000,22.969999,22.752089,31260700.00
2013-06-07,23.030001,23.400000,22.860001,23.290001,23.069054,38699200.00
2013-06-10,24.059999,24.600000,23.990000,24.330000,24.099180,58393000.00
2013-06-11,24.030001,24.350000,24.000000,24.030001,23.802031,29885900.00
2013-06-12,24.160000,24.260000,23.580000,23.770000,23.544497,26445800.00
2013-06-13,23.719999,23.830000,23.270000,23.730000,23.504879,31189300.00
2013-06-14,23.559999,23.889999,23.260000,23.629999,23.405825,30677100.00
2013-06-17,23.910000,24.250000,23.750000,24.020000,23.792128,33664500.00
2013-06-18,24.090000,24.690001,24.080000,24.209999,23.980322,36709100.00
2013-06-19,24.200001,25.190001,24.100000,24.309999,24.079374,31790600.00
2013-06-20,24.280001,24.750000,23.650000,23.900000,23.673265,42765600.00
2013-06-21,24.590000,24.700001,24.049999,24.530001,24.297287,45833900.00
2013-06-24,23.950001,24.110001,23.379999,23.940001,23.712889,40626000.00
2013-06-25,24.139999,24.430000,24.040001,24.250000,24.019943,24713200.00
2013-06-26,24.510000,24.650000,23.990000,24.160000,23.930798,29890300.00
2013-06-27,24.240000,24.840000,24.209999,24.660000,24.426060,34694100.00
2013-06-28,24.680000,24.980000,24.420000,24.879999,24.643965,96778900.00
2013-07-01,24.969999,25.059999,24.620001,24.809999,24.574631,20582200.00
2013-07-02,24.700001,24.770000,24.299999,24.410000,24.178427,18394100.00
2013-07-03,24.219999,24.709999,24.150000,24.520000,24.287384,10404400.00
2013-07-05,24.650000,24.660000,24.200001,24.370001,24.138803,20229500.00
2013-07-08,24.469999,25.040001,24.420000,24.709999,24.475580,27064600.00
2013-07-09,25.070000,25.490000,25.030001,25.480000,25.238277,30387900.00
2013-07-10,25.580000,25.830000,25.469999,25.799999,25.555239,26721800.00
2013-07-11,25.959999,26.000000,25.450001,25.809999,25.565144,26777400.00
2013-07-12,25.740000,25.930000,25.549999,25.910000,25.664198,16537900.00
2013-07-15,25.930000,26.430000,25.650000,26.280001,26.030687,24234000.00
2013-07-16,26.389999,26.750000,26.010000,26.320000,26.070305,30817600.00
2013-07-17,26.370001,26.780001,26.299999,26.650000,26.397177,21518500.00
2013-07-18,26.750000,26.770000,26.120001,26.180000,25.931637,24806900.00
2013-07-19,25.820000,26.110001,25.600000,25.879999,25.634480,46539700.00
2013-07-22,25.990000,26.129999,25.719999,26.049999,25.802866,27526300.00
2013-07-23,26.100000,26.299999,25.969999,26.129999,25.882109,28221600.00
2013-07-24,26.320000,26.530001,26.049999,26.510000,26.258507,82635600.00
2013-07-25,33.540001,34.880001,32.750000,34.360001,34.034035,365457900.00
2013-07-26,33.770000,34.730000,33.560001,34.009998,33.687351,136028900.00
2013-07-29,34.070000,35.630001,34.009998,35.430000,35.093880,124718800.00
2013-07-30,35.650002,37.959999,35.320000,37.630001,37.273010,173582800.00
2013-07-31,37.959999,38.310001,36.330002,36.799999,36.450886,154828700.00
2013-08-01,37.299999,38.290001,36.919998,37.490002,37.134342,106066500.00
2013-08-02,37.660000,38.490002,37.500000,38.049999,37.689026,73058500.00
2013-08-05,38.430000,39.320000,38.250000,39.189999,38.818214,79994800.00
2013-08-06,39.110001,39.250000,37.939999,38.549999,38.184284,63950800.00
2013-08-07,38.610001,38.939999,37.700001,38.869999,38.501240,68854800.00
2013-08-08,39.130001,39.189999,38.430000,38.540001,38.174381,41301000.00
2013-08-09,38.590000,38.740002,38.009998,38.500000,38.134762,43532300.00
2013-08-12,38.200001,38.500000,38.099998,38.220001,37.857410,31161000.00
2013-08-13,38.240002,38.320000,36.770000,37.020000,36.668797,65379200.00
2013-08-14,36.830002,37.549999,36.619999,36.650002,36.302311,48423900.00
2013-08-15,36.360001,37.070000,36.020000,36.560001,36.213158,56521100.00
2013-08-16,36.970001,37.490002,36.900002,37.080002,36.728233,45840800.00
2013-08-19,37.430000,38.279999,37.139999,37.810001,37.451302,57609600.00
2013-08-20,38.349998,38.580002,37.689999,38.410000,38.045605,57995200.00
2013-08-21,38.380001,38.849998,38.150002,38.320000,37.956467,46116900.00
2013-08-22,38.369999,38.750000,38.340000,38.549999,38.184284,21931200.00
2013-08-23,39.000000,40.630001,38.930000,40.549999,40.165310,86442300.00
2013-08-26,40.900002,41.939999,40.619999,41.340000,40.947819,94162400.00
2013-08-27,40.680000,41.200001,39.419998,39.639999,39.263943,72695100.00
2013-08-28,39.959999,40.849998,39.880001,40.549999,40.165310,57918200.00
2013-08-29,40.889999,41.779999,40.799999,41.279999,40.888386,58303400.00
2013-08-30,42.020000,42.259998,41.060001,41.290001,40.898289,67735100.00
2013-09-03,41.840000,42.160000,41.509998,41.869999,41.472786,48774900.00
2013-09-04,42.009998,42.169998,41.439999,41.779999,41.383640,42581900.00
2013-09-05,41.790001,42.770000,41.770000,42.660000,42.255287,50035400.00
2013-09-06,43.090000,44.610001,42.400002,43.950001,43.533051,117535700.00
2013-09-09,44.360001,44.790001,43.700001,44.040001,43.622200,75794700.00
2013-09-10,44.240002,44.259998,43.230000,43.599998,43.186367,54540300.00
2013-09-11,43.389999,45.090000,43.110001,45.040001,44.612709,72328300.00
2013-09-12,45.529999,45.619999,44.650002,44.750000,44.325470,68072300.00
2013-09-13,45.040001,45.080002,43.930000,44.310001,43.889637,52765300.00
2013-09-16,44.849998,44.939999,42.430000,42.509998,42.106709,70424200.00
2013-09-17,42.500000,45.439999,42.430000,45.070000,44.642433,91934600.00
2013-09-18,44.840000,45.470001,44.400002,45.230000,44.800911,79317000.00
2013-09-19,45.509998,46.049999,45.230000,45.980000,45.543793,63972400.00
2013-09-20,46.320000,47.599998,45.740002,47.490002,47.039471,115508400.00
2013-09-23,47.279999,47.549999,46.290001,47.189999,46.742321,75177000.00
2013-09-24,48.509998,49.660000,48.160000,48.450001,47.990364,136716100.00
2013-09-25,49.230000,49.540001,48.459999,49.459999,48.990776,87879700.00
2013-09-26,50.009998,50.599998,49.500000,50.389999,49.911957,98220100.00
2013-09-27,50.290001,51.279999,49.860001,51.240002,50.753895,81410500.00
2013-09-30,50.139999,51.599998,49.799999,50.230000,49.753475,100095000.00
2013-10-01,49.970001,51.029999,49.450001,50.419998,49.941669,98114000.00
2013-10-02,50.130001,51.099998,49.950001,50.279999,49.803005,62834000.00
2013-10-03,50.470001,50.720001,49.060001,49.180000,48.713436,82045000.00
2013-10-04,49.770000,51.160000,49.570000,51.040001,50.555794,74447000.00
2013-10-07,50.730000,51.290001,50.400002,50.520000,50.040726,57204000.00
2013-10-08,50.599998,50.599998,47.080002,47.139999,46.692787,136081000.00
2013-10-09,47.380001,47.840000,45.259998,46.770000,46.326298,147297000.00
2013-10-10,47.869999,49.680000,47.830002,49.049999,48.584667,99774000.00
2013-10-11,49.180000,49.869999,48.790001,49.110001,48.644100,58428000.00
2013-10-14,48.310001,49.630001,47.910000,49.509998,49.040302,68781000.00
2013-10-15,49.990002,51.000000,49.180000,49.500000,49.030403,81167000.00
2013-10-16,50.040001,51.240002,49.900002,51.139999,50.654842,64678000.00
2013-10-17,51.119999,52.220001,50.950001,52.209999,51.714691,71522000.00
2013-10-18,54.180000,54.830002,53.599998,54.220001,53.705620,88260000.00
2013-10-21,54.680000,54.810001,53.509998,53.849998,53.339127,58235000.00
2013-10-22,54.330002,54.759998,52.200001,52.680000,52.180233,83204000.00
2013-10-23,51.750000,52.250000,51.130001,51.900002,51.407631,57207000.00
2013-10-24,52.380001,52.840000,51.590000,52.450001,51.952419,46775000.00
2013-10-25,53.180000,53.240002,51.880001,51.950001,51.457165,45085000.00
2013-10-28,51.540001,51.700001,49.610001,50.230000,49.753475,73472000.00
2013-10-29,50.730000,50.790001,49.250000,49.400002,48.931358,102143000.00
2013-10-30,50.000000,50.209999,48.750000,49.009998,48.545044,127073000.00
2013-10-31,47.160000,52.000000,46.500000,50.209999,49.733662,248809000.00
2013-11-01,50.849998,52.090000,49.720001,49.750000,49.278030,95033000.00
2013-11-04,49.369999,49.750000,48.020000,48.220001,47.762539,80371000.00
2013-11-05,47.790001,50.180000,47.509998,50.110001,49.634617,76835000.00
2013-11-06,50.259998,50.450001,48.709999,49.119999,48.654007,67889000.00
2013-11-07,49.240002,49.869999,47.299999,47.560001,47.108807,97128000.00
2013-11-08,47.810001,48.650002,47.250000,47.529999,47.079094,70731000.00
2013-11-11,47.040001,47.529999,45.730000,46.200001,45.761707,80910000.00
2013-11-12,46.000000,47.369999,45.830002,46.610001,46.167824,68196000.00
2013-11-13,46.230000,48.740002,46.060001,48.709999,48.247894,79245000.00
2013-11-14,48.700001,49.570000,48.029999,48.990002,48.525238,75117000.00
2013-11-15,49.110001,49.480000,48.709999,49.009998,48.545044,42453000.00
2013-11-18,48.470001,48.840000,45.799999,45.830002,45.395218,85910000.00
2013-11-19,46.259998,47.000000,45.720001,46.360001,45.920193,75602000.00
2013-11-20,46.610001,47.549999,46.310001,46.430000,45.989529,53933000.00
2013-11-21,46.990002,47.459999,46.689999,46.700001,46.256969,34886000.00
2013-11-22,47.040001,47.270000,45.959999,46.230000,45.791420,40545000.00
2013-11-25,46.360001,46.650002,44.040001,44.820000,44.394798,82565000.00
2013-11-26,44.660000,46.169998,43.549999,45.889999,45.454651,82016000.00
2013-11-27,45.970001,46.669998,45.529999,46.490002,46.048958,44993000.00
2013-11-29,46.750000,47.209999,46.500000,47.009998,46.564022,22953900.00
2013-12-02,46.900002,47.540001,46.259998,47.060001,46.613552,50774000.00
2013-12-03,46.750000,47.200001,46.290001,46.730000,46.286682,32086000.00
2013-12-04,46.459999,48.770000,46.259998,48.619999,48.158749,60890000.00
2013-12-05,48.150002,48.700001,47.869999,48.340000,47.881401,43855000.00
2013-12-06,48.980000,49.389999,47.709999,47.939999,47.485207,42938000.00
2013-12-09,48.090000,48.970001,47.740002,48.840000,48.376659,36056000.00
2013-12-10,48.639999,50.770000,48.540001,50.250000,49.773285,68479000.00
2013-12-11,50.549999,50.770000,49.009998,49.380001,48.911541,65776000.00
2013-12-12,51.049999,52.070000,50.660000,51.830002,51.338303,92723000.00
2013-12-13,51.660000,53.500000,51.340000,53.320000,52.814163,82641000.00
2013-12-16,53.250000,54.500000,52.910000,53.810001,53.299511,85119000.00
2013-12-17,54.759998,55.180000,54.240002,54.860001,54.339558,78751000.00
2013-12-18,54.860001,55.889999,53.750000,55.570000,55.042812,76003000.00
2013-12-19,54.330002,55.189999,53.950001,55.049999,54.527748,89753200.00
2013-12-20,54.930000,55.150002,54.230000,55.119999,54.597084,239824000.00
2013-12-23,55.500000,58.320000,55.450001,57.770000,57.221947,98297000.00
2013-12-24,58.270000,58.580002,56.910000,57.959999,57.410141,46617800.00
2013-12-26,58.320000,58.380001,57.369999,57.730000,57.182327,55101000.00
2013-12-27,57.480000,57.680000,55.250000,55.439999,54.914047,60466000.00
2013-12-30,54.930000,55.180000,53.430000,53.709999,53.200462,68307000.00
2013-12-31,54.119999,54.860001,53.910000,54.650002,54.131542,43076200.00
2014-01-02,54.830002,55.220001,54.189999,54.709999,54.190975,43195500.00
2014-01-03,55.020000,55.650002,54.529999,54.560001,54.042397,38246200.00
2014-01-06,54.419998,57.259998,54.049999,57.200001,56.657356,68852600.00
2014-01-07,57.700001,58.549999,57.220001,57.919998,57.370525,77207400.00
2014-01-08,57.599998,58.410000,57.230000,58.230000,57.677586,56682400.00
2014-01-09,58.650002,58.959999,56.650002,57.220001,56.677174,92253300.00
2014-01-10,57.130001,58.299999,57.060001,57.939999,57.390327,42449500.00
2014-01-13,57.910000,58.250000,55.380001,55.910000,55.379585,63010900.00
2014-01-14,56.459999,57.779999,56.099998,57.740002,57.192230,37503600.00
2014-01-15,57.980000,58.570000,57.270000,57.599998,57.053566,33663400.00
2014-01-16,57.259998,58.020000,56.830002,57.189999,56.647446,34541800.00
2014-01-17,57.299999,57.820000,56.070000,56.299999,55.765896,40849200.00
2014-01-21,56.599998,58.580002,56.500000,58.509998,57.954929,48669200.00
2014-01-22,58.849998,59.310001,57.099998,57.509998,56.964413,61352900.00
2014-01-23,56.369999,56.680000,55.689999,56.630001,56.092766,47951800.00
2014-01-24,56.150002,56.419998,54.400002,54.450001,53.933445,55200700.00
2014-01-27,54.730000,54.939999,51.849998,53.549999,53.041981,73924100.00
2014-01-28,54.020000,55.279999,54.000000,55.139999,54.616905,48191200.00
2014-01-29,54.610001,54.950001,53.189999,53.529999,53.022167,92995600.00
2014-01-30,62.119999,62.500000,60.459999,61.080002,60.500553,150178900.00
2014-01-31,60.470001,63.369999,60.169998,62.570000,61.976410,87794600.00
2014-02-03,63.029999,63.770000,60.700001,61.480000,60.896751,74866600.00
2014-02-04,62.049999,63.139999,61.820000,62.750000,62.154709,45985500.00
2014-02-05,62.740002,63.160000,61.270000,62.189999,61.600014,51685100.00
2014-02-06,61.459999,62.779999,61.459999,62.160000,61.570297,42086500.00
2014-02-07,62.270000,64.570000,62.220001,64.320000,63.709808,60704300.00
2014-02-10,64.300003,64.489998,63.470001,63.549999,62.947109,43666100.00
2014-02-11,63.750000,65.000000,63.349998,64.849998,64.234779,45675600.00
2014-02-12,64.919998,65.059998,64.050003,64.449997,63.838566,47282100.00
2014-02-13,64.180000,67.330002,64.050003,67.330002,66.691254,61911700.00
2014-02-14,67.500000,67.580002,66.720001,67.089996,66.453545,36694900.00
2014-02-18,66.940002,67.540001,66.070000,67.300003,66.661537,43809900.00
2014-02-19,67.050003,69.080002,67.000000,68.059998,67.414330,62087100.00
2014-02-20,67.730003,70.110001,65.730003,69.629997,68.969421,130928900.00
2014-02-21,69.690002,69.959999,68.449997,68.589996,67.939301,70932400.00
2014-02-24,68.739998,71.440002,68.540001,70.779999,70.108513,76620300.00
2014-02-25,70.949997,71.000000,69.449997,69.849998,69.187332,52077000.00
2014-02-26,70.190002,71.220001,68.849998,69.260002,68.602951,55322700.00
2014-02-27,69.339996,70.010002,68.870003,68.940002,68.285980,41653700.00
2014-02-28,69.470001,69.879997,67.379997,68.459999,67.810532,66783700.00
2014-03-03,66.959999,68.050003,66.510002,67.410004,66.770493,56824100.00
2014-03-04,68.660004,68.900002,67.620003,68.800003,68.147301,42013500.00
2014-03-05,69.690002,71.970001,69.620003,71.570000,70.891014,74567700.00
2014-03-06,71.879997,71.889999,70.250000,70.839996,70.167946,46026500.00
2014-03-07,71.080002,71.180000,69.470001,69.800003,69.137817,38927000.00
2014-03-10,70.769997,72.150002,70.510002,72.029999,71.346657,59871600.00
2014-03-11,72.500000,72.589996,69.959999,70.099998,69.434975,59408300.00
2014-03-12,69.860001,71.349998,69.000000,70.879997,70.207573,46340500.00
2014-03-13,71.290001,71.349998,68.150002,68.830002,68.177025,57091000.00
2014-03-14,68.489998,69.430000,67.459999,67.720001,67.077553,48227000.00
2014-03-17,68.180000,68.949997,66.620003,68.739998,68.087875,52197000.00
2014-03-18,68.760002,69.599998,68.300003,69.190002,68.533607,40827000.00
2014-03-19,69.169998,69.290001,67.470001,68.239998,67.592621,43981000.00
2014-03-20,68.010002,68.230003,66.820000,66.970001,66.334679,44439000.00
2014-03-21,67.529999,67.919998,66.180000,67.239998,66.602097,59999900.00
2014-03-24,67.190002,67.360001,63.360001,64.099998,63.491894,85696000.00
2014-03-25,64.889999,66.190002,63.779999,64.889999,64.274399,68786000.00
2014-03-26,64.739998,64.949997,60.369999,60.389999,59.817085,97503900.00
2014-03-27,60.509998,61.900002,57.980000,60.970001,60.391586,112650000.00
2014-03-28,61.340000,61.950001,59.340000,60.009998,59.440697,67052000.00
2014-03-31,60.779999,61.520000,59.869999,60.240002,59.668514,53011000.00
2014-04-01,60.459999,62.660000,60.240002,62.619999,62.025932,59291000.00
2014-04-02,63.209999,63.910000,62.209999,62.720001,62.124985,66277000.00
2014-04-03,62.549999,63.169998,59.130001,59.490002,58.925629,83859000.00
2014-04-04,59.939999,60.200001,56.320000,56.750000,56.211624,125214400.00
2014-04-07,55.900002,58.000000,55.439999,56.950001,56.409725,108488000.00
2014-04-08,57.680000,58.709999,57.169998,58.189999,57.637962,78836000.00
2014-04-09,59.630001,62.459999,59.189999,62.410000,61.817928,100215000.00
2014-04-10,63.080002,63.180000,58.680000,59.160000,58.598755,114988000.00
2014-04-11,57.599998,60.310001,57.310001,58.529999,57.974731,91452000.00
2014-04-14,60.090000,60.450001,57.779999,58.889999,58.331326,72325000.00
2014-04-15,59.290001,59.680000,55.880001,59.090000,58.529427,108623000.00
2014-04-16,59.790001,60.189999,57.740002,59.720001,59.153446,78774000.00
2014-04-17,59.299999,60.580002,58.720001,58.939999,58.380840,88040000.00
2014-04-21,59.459999,61.240002,59.150002,61.240002,60.659031,60364000.00
2014-04-22,62.650002,63.439999,62.220001,63.029999,62.432037,60631000.00
2014-04-23,63.450001,63.480000,61.259998,61.360001,60.777885,95908700.00
2014-04-24,63.599998,63.650002,59.770000,60.869999,60.292530,138769000.00
2014-04-25,59.970001,60.009998,57.570000,57.709999,57.162518,92502000.00
2014-04-28,58.049999,58.310001,54.660000,56.139999,55.607418,107758000.00
2014-04-29,56.090000,58.279999,55.840000,58.150002,57.598343,75557000.00
2014-04-30,57.580002,59.849998,57.160000,59.779999,59.212872,76093000.00
2014-05-01,60.430000,62.279999,60.209999,61.150002,60.569889,82429000.00
2014-05-02,61.299999,61.889999,60.180000,60.459999,59.886425,54189000.00
2014-05-05,59.669998,61.349998,59.180000,61.220001,60.639217,46057000.00
2014-05-06,60.980000,61.150002,58.490002,58.529999,57.974731,55901000.00
2014-05-07,58.770000,59.299999,56.259998,57.389999,56.845554,78587000.00
2014-05-08,57.230000,58.820000,56.500000,56.759998,56.221527,61251000.00
2014-05-09,56.849998,57.650002,56.380001,57.240002,56.696980,52584000.00
2014-05-12,57.980000,59.900002,57.980000,59.830002,59.262402,48575000.00
2014-05-13,59.660000,60.889999,59.509998,59.830002,59.262402,48525000.00
2014-05-14,59.529999,60.450001,58.950001,59.230000,58.668091,47429000.00
2014-05-15,59.259998,59.380001,57.520000,57.919998,57.370525,56814000.00
2014-05-16,58.310001,58.450001,57.310001,58.020000,57.469574,47933000.00
2014-05-19,57.889999,59.560001,57.570000,59.209999,58.648293,43034000.00
2014-05-20,59.500000,60.189999,58.180000,58.560001,58.004452,53931000.00
2014-05-21,58.560001,60.500000,58.250000,60.490002,59.916149,58992000.00
2014-05-22,60.939999,61.480000,60.400002,60.520000,59.945850,54200000.00
2014-05-23,60.410000,61.450001,60.150002,61.349998,60.767979,38294000.00
2014-05-27,61.619999,63.509998,61.570000,63.480000,62.877773,55682000.00
2014-05-28,63.389999,64.139999,62.619999,63.509998,62.907486,47795000.00
2014-05-29,63.840000,64.300003,63.509998,63.830002,63.224461,42700000.00
2014-05-30,63.950001,64.169998,62.560001,63.299999,62.699482,45253500.00
2014-06-02,63.230000,63.590000,62.049999,63.080002,62.481579,35996000.00
2014-06-03,62.619999,63.419998,62.320000,62.869999,62.273563,32217000.00
2014-06-04,62.450001,63.590000,62.070000,63.340000,62.739105,36514000.00
2014-06-05,63.660000,64.360001,62.820000,63.189999,62.590519,47352000.00
2014-06-06,63.369999,63.480000,62.150002,62.500000,61.907078,42442000.00
2014-06-09,62.400002,63.340000,61.790001,62.880001,62.283474,37617000.00
2014-06-10,63.529999,65.820000,63.500000,65.769997,65.146065,69338000.00
2014-06-11,65.320000,65.800003,64.900002,65.779999,65.155968,44242000.00
2014-06-12,65.849998,66.470001,64.059998,64.290001,63.680084,55730000.00
2014-06-13,64.699997,64.970001,63.830002,64.500000,63.888111,29419000.00
2014-06-16,64.160004,64.879997,63.750000,64.190002,63.581047,31046000.00
2014-06-17,64.099998,64.879997,63.930000,64.400002,63.789055,27715000.00
2014-06-18,64.489998,65.750000,64.050003,65.599998,64.977676,35570000.00
2014-06-19,65.459999,65.580002,64.209999,64.339996,63.729618,34245000.00
2014-06-20,64.459999,64.809998,63.349998,64.500000,63.888111,46466000.00
2014-06-23,64.320000,65.660004,64.220001,65.370003,64.749855,34560000.00
2014-06-24,65.360001,67.169998,65.269997,65.720001,65.096527,57335000.00
2014-06-25,65.580002,67.480003,65.570000,67.440002,66.800201,44308000.00
2014-06-26,68.000000,68.000000,66.900002,67.129997,66.493149,47714000.00
2014-06-27,67.309998,67.699997,66.839996,67.599998,66.958694,46461000.00
2014-06-30,67.459999,67.919998,67.129997,67.290001,66.651642,27102800.00
2014-07-01,67.580002,68.440002,67.389999,68.059998,67.414330,33243000.00
2014-07-02,68.040001,68.300003,65.790001,66.449997,65.819611,41895000.00
2014-07-03,66.860001,67.000000,65.760002,66.290001,65.661118,25203200.00
2014-07-07,66.300003,66.570000,65.120003,65.290001,64.670616,28745000.00
2014-07-08,65.059998,65.559998,62.209999,62.759998,62.164608,68926000.00
2014-07-09,63.410000,65.120003,63.150002,64.970001,64.353645,51432000.00
2014-07-10,63.310001,65.339996,63.049999,64.870003,64.254585,44422000.00
2014-07-11,65.279999,66.589996,64.790001,66.339996,65.710640,39212000.00
2014-07-14,67.129997,68.169998,66.900002,67.900002,67.255844,38537000.00
2014-07-15,67.959999,68.089996,66.260002,67.169998,66.532776,44213200.00
2014-07-16,67.540001,67.940002,67.070000,67.660004,67.018127,29541600.00
2014-07-17,67.029999,67.849998,66.040001,66.410004,65.779991,38188000.00
2014-07-18,66.800003,68.459999,66.160004,68.419998,67.770912,42456000.00
2014-07-21,68.809998,69.959999,68.500000,69.400002,68.741615,49539000.00
2014-07-22,69.760002,69.769997,68.610001,69.269997,68.612862,40398000.00
2014-07-23,69.739998,71.330002,69.610001,71.290001,70.613686,78435000.00
2014-07-24,75.959999,76.739998,74.510002,74.980003,74.268669,124168000.00
2014-07-25,74.989998,75.669998,74.660004,75.190002,74.476677,45917000.00
2014-07-28,75.169998,75.500000,73.849998,74.919998,74.209244,41725000.00
2014-07-29,74.720001,74.919998,73.419998,73.709999,73.010719,41324000.00
2014-07-30,74.209999,75.190002,74.129997,74.680000,73.971519,36853000.00
2014-07-31,74.000000,74.169998,72.440002,72.650002,71.960785,43992000.00
2014-08-01,72.220001,73.220001,71.550003,72.360001,71.673531,43535000.00
2014-08-04,72.360001,73.879997,72.360001,73.510002,72.812630,30777000.00
2014-08-05,73.199997,73.589996,72.180000,72.690002,72.000397,34986000.00
2014-08-06,72.019997,73.720001,71.790001,72.470001,71.782486,30986000.00
2014-08-07,73.000000,74.000000,72.699997,73.169998,72.475838,38141000.00
2014-08-08,73.400002,73.430000,72.559998,73.059998,72.366882,27202000.00
2014-08-11,73.459999,73.910004,73.059998,73.440002,72.743286,24591000.00
2014-08-12,73.089996,73.330002,72.220001,72.830002,72.139076,27419000.00
2014-08-13,73.120003,74.250000,73.050003,73.769997,73.070152,29266000.00
2014-08-14,73.970001,74.379997,73.690002,74.300003,73.595131,22207000.00
2014-08-15,74.320000,74.650002,73.000000,73.629997,72.931473,38846600.00
2014-08-18,74.000000,74.720001,73.959999,74.589996,73.882370,23974000.00
2014-08-19,74.809998,75.580002,74.510002,75.290001,74.575737,26679000.00
2014-08-20,74.970001,75.180000,74.620003,74.809998,74.100296,22917000.00
2014-08-21,74.919998,75.190002,74.410004,74.570000,73.862572,20102000.00
2014-08-22,74.339996,74.730003,73.570000,74.570000,73.862572,20897000.00
2014-08-25,74.940002,75.279999,74.790001,75.019997,74.308281,19734000.00
2014-08-26,75.000000,75.989998,74.730003,75.959999,75.239380,23993000.00
2014-08-27,75.269997,75.489998,74.459999,74.629997,73.921997,36323000.00
2014-08-28,74.000000,74.430000,73.730003,73.860001,73.159302,21947000.00
2014-08-29,74.300003,74.820000,74.010002,74.820000,74.110199,26241000.00
2014-09-02,75.010002,76.699997,74.820000,76.680000,75.952545,34979000.00
2014-09-03,77.139999,77.480003,75.599998,75.830002,75.110626,32389000.00
2014-09-04,75.889999,76.930000,75.529999,75.949997,75.229462,26676000.00
2014-09-05,76.099998,77.379997,75.599998,77.260002,76.527054,29476000.00
2014-09-08,77.260002,78.169998,77.010002,77.889999,77.151062,28183000.00
2014-09-09,77.589996,78.169998,76.199997,76.669998,75.942650,28882000.00
2014-09-10,76.519997,77.949997,76.510002,77.430000,76.695435,29909000.00
2014-09-11,77.129997,78.360001,77.050003,77.919998,77.180779,32219000.00
2014-09-12,78.019997,78.300003,77.099998,77.480003,76.744965,26676800.00
2014-09-15,77.150002,77.250000,73.430000,74.580002,73.872482,49679000.00
2014-09-16,73.519997,76.230003,73.070000,76.080002,75.358246,37742000.00
2014-09-17,75.959999,77.250000,75.570000,76.430000,75.704926,28693000.00
2014-09-18,76.769997,77.330002,76.519997,77.000000,76.269524,23031000.00
2014-09-19,77.400002,78.300003,76.440002,77.910004,77.170876,76671000.00
2014-09-22,77.000000,77.529999,75.949997,76.800003,76.071419,31961000.00
2014-09-23,76.330002,78.629997,76.040001,78.290001,77.547272,36814000.00
2014-09-24,78.099998,78.620003,77.510002,78.540001,77.794899,30680000.00
2014-09-25,78.599998,78.940002,77.129997,77.220001,76.487434,37533000.00
2014-09-26,77.589996,78.839996,77.330002,78.790001,78.042542,28872000.00
2014-09-29,78.120003,79.199997,77.910004,79.000000,78.250542,34031000.00
2014-09-30,79.349998,79.709999,78.599998,79.040001,78.290154,35899000.00
2014-10-01,78.779999,78.820000,75.900002,76.550003,75.823776,55090000.00
2014-10-02,76.570000,77.480003,75.639999,77.080002,76.348770,36488000.00
2014-10-03,77.760002,78.059998,77.260002,77.440002,76.705338,23340000.00
2014-10-06,77.190002,77.889999,76.849998,77.559998,76.824196,25729000.00
2014-10-07,77.050003,77.949997,76.239998,76.290001,75.566254,25317000.00
2014-10-08,76.180000,77.709999,75.099998,77.519997,76.784569,32976000.00
2014-10-09,77.279999,77.760002,75.849998,75.910004,75.189857,32487000.00
2014-10-10,75.589996,76.500000,72.760002,72.910004,72.218323,52146000.00
2014-10-13,73.230003,74.779999,72.519997,72.989998,72.297546,43938000.00
2014-10-14,74.000000,74.180000,72.050003,73.589996,72.891869,50299000.00
2014-10-15,71.690002,73.800003,70.320000,73.209999,72.515465,61528000.00
2014-10-16,70.790001,73.349998,70.580002,72.629997,71.940979,53529000.00
2014-10-17,74.230003,76.000000,73.750000,75.949997,75.229462,76342000.00
2014-10-20,75.599998,77.089996,75.379997,76.949997,76.219986,34701000.00
2014-10-21,77.559998,78.739998,77.150002,78.690002,77.943481,32252000.00
2014-10-22,78.820000,79.849998,78.010002,78.370003,77.626526,41862000.00
2014-10-23,79.379997,80.629997,79.010002,80.040001,79.280678,35056000.00
2014-10-24,80.199997,80.820000,79.320000,80.669998,79.904701,32248000.00
2014-10-27,80.739998,80.800003,79.760002,80.279999,79.518394,30169000.00
2014-10-28,80.180000,81.160004,79.570000,80.769997,80.003746,74212000.00
2014-10-29,75.449997,76.879997,74.779999,75.860001,75.140327,106120000.00
2014-10-30,75.050003,75.349998,72.900002,74.110001,73.406937,83270000.00
2014-10-31,74.930000,75.699997,74.449997,74.989998,74.278580,44544000.00
2014-11-03,75.470001,75.519997,73.699997,73.879997,73.179115,40727000.00
2014-11-04,74.230003,75.769997,73.650002,75.760002,75.041283,39326000.00
2014-11-05,76.510002,76.800003,74.419998,74.830002,74.120117,35913000.00
2014-11-06,74.889999,75.599998,74.309998,75.260002,74.546021,21383000.00
2014-11-07,75.389999,75.860001,75.019997,75.599998,74.882782,20774000.00
2014-11-10,75.360001,75.480003,74.610001,75.000000,74.288498,21575100.00
2014-11-11,74.949997,74.980003,74.029999,74.610001,73.902184,18715700.00
2014-11-12,74.279999,75.139999,73.540001,74.720001,74.011131,26536600.00
2014-11-13,74.739998,75.239998,73.639999,74.250000,73.545616,26448500.00
2014-11-14,74.269997,74.930000,74.040001,74.879997,74.169624,19476900.00
2014-11-17,74.879997,75.660004,73.879997,74.239998,73.535698,28701200.00
2014-11-18,74.449997,74.800003,73.900002,74.339996,73.634735,20690500.00
2014-11-19,74.010002,74.540001,73.110001,73.330002,72.634323,25441200.00
2014-11-20,72.800003,73.989998,72.510002,73.599998,72.901772,19154900.00
2014-11-21,74.500000,74.500000,73.500000,73.750000,73.050346,23060400.00
2014-11-24,73.540001,74.349998,73.349998,74.010002,73.307884,22103800.00
2014-11-25,74.209999,75.739998,74.129997,75.629997,74.912498,32250200.00
2014-11-26,75.529999,77.779999,75.510002,77.620003,76.883644,32695300.00
2014-11-28,77.669998,78.269997,77.230003,77.699997,76.962875,15992000.00
2014-12-01,77.260002,77.309998,74.800003,75.099998,74.387543,31789900.00
2014-12-02,75.330002,75.910004,75.040001,75.459999,74.744118,16773900.00
2014-12-03,75.379997,75.730003,74.400002,74.879997,74.169624,16689900.00
2014-12-04,74.830002,75.550003,74.660004,75.239998,74.526207,14362800.00
2014-12-05,75.800003,76.760002,75.360001,76.360001,75.635574,24306400.00
2014-12-08,76.180000,77.250000,75.400002,76.519997,75.794060,25733900.00
2014-12-09,75.199997,76.930000,74.779999,76.839996,76.111046,25358600.00
2014-12-10,76.650002,77.550003,76.070000,76.180000,75.457283,32210500.00
2014-12-11,76.519997,78.519997,76.480003,77.730003,76.992599,33462100.00
2014-12-12,77.160004,78.879997,77.019997,77.830002,77.091652,28091600.00
2014-12-15,78.459999,78.580002,76.559998,76.989998,76.259605,29396500.00
2014-12-16,76.190002,77.389999,74.589996,74.690002,73.981422,31554600.00
2014-12-17,75.010002,76.410004,74.900002,76.110001,75.387947,29203900.00
2014-12-18,76.889999,78.400002,76.510002,78.400002,77.656235,34222100.00
2014-12-19,78.750000,80.000000,78.330002,79.879997,79.122177,43335000.00
2014-12-22,80.080002,81.889999,80.000000,81.449997,80.677292,31395800.00
2014-12-23,82.019997,82.169998,80.400002,80.610001,79.845268,19865800.00
2014-12-24,81.029999,81.430000,80.750000,80.769997,80.003746,7685500.00
2014-12-26,81.019997,81.279999,80.510002,80.779999,80.013649,10647400.00
2014-12-29,80.489998,80.959999,79.709999,80.019997,79.260872,14134700.00
2014-12-30,79.849998,80.589996,79.099998,79.220001,78.468460,14370800.00
2014-12-31,79.540001,79.800003,77.860001,78.019997,77.279823,19935400.00
2015-01-02,78.580002,78.930000,77.699997,78.449997,77.705772,18177500.00
2015-01-05,77.980003,79.250000,76.860001,77.190002,76.457703,26452200.00
2015-01-06,77.230003,77.589996,75.360001,76.150002,75.427582,27399300.00
2015-01-07,76.760002,77.360001,75.820000,76.150002,75.427582,22045300.00
2015-01-08,76.739998,78.230003,76.080002,78.180000,77.438316,23961000.00
2015-01-09,78.199997,78.620003,77.199997,77.739998,77.002495,21157000.00
2015-01-12,77.839996,78.000000,76.209999,76.720001,75.992165,19190200.00
2015-01-13,77.230003,78.080002,75.849998,76.449997,75.724731,25179600.00
2015-01-14,76.419998,77.199997,76.029999,76.279999,75.556335,25918600.00
2015-01-15,76.400002,76.570000,73.540001,74.050003,73.347504,34134000.00
2015-01-16,74.040001,75.320000,73.839996,75.180000,74.466774,21791500.00
2015-01-20,75.720001,76.309998,74.820000,76.239998,75.516731,22821600.00
2015-01-21,76.160004,77.300003,75.849998,76.739998,76.011978,25096700.00
2015-01-22,77.169998,77.750000,76.680000,77.650002,76.913361,19519500.00
2015-01-23,77.650002,78.190002,77.040001,77.830002,77.091652,16746500.00
2015-01-26,77.980003,78.470001,77.290001,77.500000,76.764771,19260800.00
2015-01-27,76.709999,76.879997,75.629997,75.779999,75.061081,20110000.00
2015-01-28,76.900002,77.639999,76.000000,76.239998,75.516731,53306400.00
2015-01-29,76.849998,78.019997,74.209999,78.000000,77.260033,61293500.00
2015-01-30,78.000000,78.160004,75.750000,75.910004,75.189857,42649500.00
2015-02-02,76.110001,76.139999,73.750000,74.989998,74.278580,41955300.00
2015-02-03,75.190002,75.580002,73.860001,75.400002,74.684692,26957700.00
2015-02-04,75.089996,76.349998,75.010002,75.629997,74.912498,20277400.00
2015-02-05,75.709999,75.980003,75.209999,75.610001,74.892700,15062600.00
2015-02-06,75.680000,75.699997,74.250000,74.470001,73.763519,21211000.00
2015-02-09,74.050003,74.830002,73.449997,74.440002,73.733803,16194300.00
2015-02-10,74.849998,75.339996,74.500000,75.190002,74.476677,15811300.00
2015-02-11,75.089996,76.750000,75.029999,76.510002,75.784157,20877400.00
2015-02-12,76.860001,76.870003,75.889999,76.230003,75.506821,17235000.00
2015-02-13,76.459999,76.480003,75.500000,75.739998,75.021461,18621900.00
2015-02-17,75.300003,76.910004,75.080002,75.599998,74.882782,25254400.00
2015-02-18,75.940002,76.900002,75.449997,76.709999,75.982269,22426400.00
2015-02-19,76.989998,79.839996,76.949997,79.419998,78.666565,45851200.00
2015-02-20,79.550003,80.339996,79.199997,79.900002,79.141998,36931700.00
2015-02-23,79.959999,80.190002,78.379997,78.839996,78.092056,24139100.00
2015-02-24,78.500000,79.480003,78.099998,78.449997,77.705772,18897100.00
2015-02-25,78.500000,80.199997,78.500000,79.559998,78.805214,25593800.00
2015-02-26,79.879997,81.370003,79.720001,80.410004,79.647179,31111900.00
2015-02-27,80.680000,81.230003,78.620003,78.970001,78.220833,30739200.00
2015-03-02,79.000000,79.860001,78.519997,79.750000,78.993416,21662500.00
2015-03-03,79.610001,79.699997,78.519997,79.599998,78.844856,18635000.00
2015-03-04,79.300003,81.150002,78.849998,80.900002,80.132515,28126700.00
2015-03-05,81.230003,81.989998,81.050003,81.209999,80.439575,27825700.00
2015-03-06,80.900002,81.330002,79.830002,80.010002,79.250969,24488600.00
2015-03-09,79.680000,79.910004,78.629997,79.440002,78.686371,18925100.00
2015-03-10,78.500000,79.260002,77.550003,77.550003,76.814301,23067100.00
2015-03-11,77.800003,78.430000,77.260002,77.570000,76.834106,20215700.00
2015-03-12,78.099998,79.050003,77.910004,78.930000,78.181190,16093300.00
2015-03-13,78.599998,79.379997,77.680000,78.050003,77.309555,18557300.00
2015-03-16,77.959999,78.120003,77.360001,78.070000,77.329376,19305400.00
2015-03-17,78.360001,79.779999,78.339996,79.360001,78.607132,22170000.00
2015-03-18,79.250000,81.239998,79.169998,80.910004,80.142426,36912400.00
2015-03-19,81.120003,83.000000,81.000000,82.750000,81.964966,42099500.00
2015-03-20,83.389999,84.599998,83.070000,83.800003,83.005020,44466300.00
2015-03-23,83.919998,84.959999,83.300003,84.430000,83.629021,27357300.00
2015-03-24,84.709999,86.070000,84.519997,85.309998,84.500679,32576500.00
2015-03-25,85.500000,85.519997,82.919998,82.919998,82.133339,37436100.00
2015-03-26,82.720001,83.769997,82.139999,83.010002,82.222511,32794800.00
2015-03-27,83.379997,83.949997,82.879997,83.300003,82.509758,18372600.00
2015-03-30,83.809998,84.339996,82.410004,83.199997,82.410698,24527700.00
2015-03-31,82.900002,83.500000,82.209999,82.220001,81.439995,19734300.00
2015-04-01,82.500000,82.720001,80.870003,81.669998,80.895218,22058200.00
2015-04-02,82.250000,82.559998,81.440002,81.559998,80.786240,19664100.00
2015-04-06,80.800003,82.809998,80.800003,82.440002,81.657906,19062900.00
2015-04-07,82.650002,83.419998,82.220001,82.320000,81.539055,17467000.00
2015-04-08,82.629997,83.099998,81.839996,82.279999,81.499420,18966700.00
2015-04-09,82.500000,82.800003,81.709999,82.169998,81.390465,15927300.00
2015-04-10,82.209999,82.610001,81.910004,82.040001,81.261696,12529700.00
2015-04-13,81.930000,83.940002,81.919998,83.010002,82.222511,26883100.00
2015-04-14,83.169998,83.690002,82.440002,83.519997,82.727661,19634200.00
2015-04-15,83.550003,83.660004,82.269997,82.709999,81.925346,22390900.00
2015-04-16,82.470001,83.070000,82.150002,82.309998,81.529152,13769700.00
2015-04-17,81.480003,82.110001,80.370003,80.779999,80.013649,24215000.00
2015-04-20,81.540001,83.150002,81.239998,83.089996,82.301735,28796800.00
2015-04-21,84.000000,84.489998,83.540001,83.620003,82.826714,27171900.00
2015-04-22,84.320000,84.739998,83.650002,84.629997,83.827133,45548000.00
2015-04-23,84.099998,85.589996,82.410004,82.410004,81.628197,73728100.00
2015-04-24,82.769997,82.940002,81.480003,81.529999,80.756538,29660400.00
2015-04-27,81.870003,82.930000,81.629997,81.910004,81.132950,25446000.00
2015-04-28,81.830002,81.900002,80.230003,80.680000,79.914604,23775300.00
2015-04-29,80.010002,81.389999,79.519997,80.470001,79.706589,26430300.00
2015-04-30,80.010002,80.959999,78.320000,78.769997,78.022728,28999000.00
2015-05-01,79.239998,79.760002,78.110001,78.989998,78.240639,24136400.00
2015-05-04,79.330002,79.690002,78.629997,78.809998,78.062347,14692000.00
2015-05-05,78.550003,78.800003,77.220001,77.559998,76.824196,22311300.00
2015-05-06,77.970001,78.809998,77.050003,78.099998,77.359070,28663000.00
2015-05-07,78.000000,78.940002,77.559998,78.430000,77.685944,19749400.00
2015-05-08,79.099998,79.230003,78.029999,78.510002,77.765190,19943600.00
2015-05-11,78.480003,79.029999,77.930000,78.010002,77.269928,18874100.00
2015-05-12,77.870003,77.889999,76.790001,77.459999,76.725166,21285300.00
2015-05-13,77.720001,78.529999,77.650002,78.440002,77.695862,21512300.00
2015-05-14,78.940002,81.849998,78.669998,81.370003,80.598061,49438000.00
2015-05-15,81.410004,81.519997,80.180000,80.419998,79.657082,27069900.00
2015-05-18,80.330002,81.379997,80.230003,80.879997,80.112701,21613700.00
2015-05-19,81.250000,81.690002,80.550003,80.629997,79.865082,17955400.00
2015-05-20,80.470001,81.099998,79.459999,80.550003,79.785843,23056900.00
2015-05-21,80.190002,80.919998,80.080002,80.480003,79.716499,13402700.00
2015-05-22,80.349998,81.309998,80.250000,80.540001,79.775932,19567900.00
2015-05-26,80.430000,80.599998,79.080002,79.330002,78.577415,16321300.00
2015-05-27,79.599998,80.660004,79.430000,80.550003,79.785843,14160900.00
2015-05-28,80.250000,81.070000,80.000000,80.150002,79.389641,11982000.00
2015-05-29,79.949997,80.070000,78.879997,79.190002,78.438728,16134600.00
2015-06-01,79.300003,80.379997,78.660004,80.290001,79.528297,18119000.00
2015-06-02,79.760002,81.349998,79.559998,80.440002,79.676880,18923300.00
2015-06-03,81.349998,82.529999,81.250000,82.440002,81.657906,31775000.00
2015-06-04,82.139999,82.949997,81.510002,82.050003,81.271614,20863900.00
2015-06-05,81.870003,82.459999,81.510002,82.139999,81.360756,16143100.00
2015-06-08,81.820000,82.000000,80.129997,80.669998,79.904701,16915500.00
2015-06-09,80.599998,81.190002,79.320000,80.669998,79.904701,16497500.00
2015-06-10,80.830002,82.599998,80.809998,82.160004,81.380562,21531200.00
2015-06-11,82.309998,82.900002,81.360001,81.830002,81.053703,18656800.00
2015-06-12,81.370003,82.089996,81.199997,81.529999,80.756538,11417900.00
2015-06-15,80.550003,80.930000,80.070000,80.709999,79.944321,18805100.00
2015-06-16,80.820000,81.510002,80.449997,81.059998,80.291000,13693700.00
2015-06-17,81.760002,82.220001,81.339996,81.790001,81.014076,18350300.00
2015-06-18,81.639999,83.190002,81.570000,82.910004,82.123459,26782600.00
2015-06-19,82.830002,82.980003,82.120003,82.510002,81.727249,23353200.00
2015-06-22,83.410004,84.970001,83.309998,84.739998,83.936089,29383100.00
2015-06-23,84.959999,87.970001,84.760002,87.879997,87.046295,50667900.00
2015-06-24,87.660004,89.250000,87.449997,88.860001,88.016998,41370200.00
2015-06-25,89.260002,89.400002,87.839996,87.980003,87.145348,27302000.00
2015-06-26,88.120003,88.339996,86.830002,88.010002,87.175064,38214600.00
2015-06-29,86.610001,87.500000,85.730003,85.800003,84.986031,35957900.00
2015-06-30,86.599998,86.699997,85.570000,85.769997,84.956306,23016500.00
2015-07-01,86.769997,87.949997,86.489998,86.910004,86.085510,25260000.00
2015-07-02,87.400002,87.440002,86.339996,87.290001,86.461899,16908800.00
2015-07-06,86.489998,88.190002,86.389999,87.550003,86.719437,24635900.00
2015-07-07,87.800003,87.849998,85.230003,87.220001,86.392555,33059900.00
2015-07-08,86.290001,86.750000,85.449997,85.650002,84.837448,24399300.00
2015-07-09,86.730003,87.599998,85.650002,85.879997,85.065262,23307400.00
2015-07-10,87.349998,88.220001,86.769997,87.949997,87.115623,23245900.00
2015-07-13,88.660004,90.220001,88.419998,90.099998,89.245239,29976700.00
2015-07-14,90.459999,90.800003,89.650002,89.680000,88.829208,26627800.00
2015-07-15,90.000000,90.989998,89.419998,89.760002,88.908455,30886600.00
2015-07-16,90.279999,90.860001,89.769997,90.849998,89.988113,21804100.00
2015-07-17,92.550003,95.389999,92.540001,94.970001,94.069038,54001600.00
2015-07-20,95.849998,98.599998,95.360001,97.910004,96.981148,54860500.00
2015-07-21,98.949997,99.239998,97.139999,98.389999,97.456596,39453300.00
2015-07-22,96.739998,97.580002,95.919998,97.040001,96.119408,28299500.00
2015-07-23,96.959999,97.449997,94.809998,95.440002,94.534576,29418800.00
2015-07-24,97.349998,97.760002,95.879997,96.949997,96.030258,33444900.00
2015-07-27,96.580002,96.610001,93.830002,94.169998,93.276627,38585400.00
2015-07-28,94.839996,95.559998,93.309998,95.290001,94.386002,35236000.00
2015-07-29,96.320000,97.279999,94.739998,96.989998,96.069870,64648300.00
2015-07-30,94.910004,95.809998,91.800003,95.209999,94.306770,86211300.00
2015-07-31,94.949997,96.330002,93.949997,94.010002,93.118149,46509000.00
2015-08-03,93.529999,95.080002,92.800003,94.139999,93.246902,29343100.00
2015-08-04,93.790001,94.730003,93.330002,94.059998,93.167679,20136000.00
2015-08-05,95.250000,97.089996,95.180000,96.440002,95.525101,29813200.00
2015-08-06,97.180000,98.739998,94.419998,95.120003,94.217598,42271300.00
2015-08-07,95.379997,95.400002,93.610001,94.300003,93.405396,23199100.00
2015-08-10,95.680000,95.900002,93.629997,94.150002,93.256821,21624200.00
2015-08-11,93.730003,94.760002,92.900002,93.620003,92.731842,22491000.00
2015-08-12,92.699997,94.440002,91.190002,94.190002,93.296448,27050500.00
2015-08-13,94.050003,94.730003,93.349998,93.430000,92.543648,17451800.00
2015-08-14,93.540001,94.720001,93.209999,94.419998,93.524246,15929700.00
2015-08-17,94.419998,94.459999,93.389999,93.930000,93.038902,18313500.00
2015-08-18,94.080002,95.849998,94.040001,95.169998,94.267128,22278800.00
2015-08-19,94.629997,96.099998,94.160004,95.309998,94.405815,23251300.00
2015-08-20,93.540001,94.769997,90.459999,90.559998,89.700859,44598200.00
2015-08-21,87.519997,89.180000,85.610001,86.059998,85.243553,62778700.00
2015-08-24,77.029999,82.089996,72.000000,82.089996,81.311211,83710700.00
2015-08-25,86.949997,87.669998,83.000000,83.000000,82.212601,52021200.00
2015-08-26,85.949997,87.459999,83.260002,87.190002,86.362839,45124300.00
2015-08-27,89.099998,90.059998,87.190002,89.730003,88.878754,42431400.00
2015-08-28,89.879997,91.480003,89.790001,91.010002,90.146599,33215900.00
2015-08-31,90.599998,91.050003,88.889999,89.430000,88.581589,32850700.00
2015-09-01,86.849998,89.389999,86.500000,87.230003,86.402451,36097400.00
2015-09-02,88.809998,89.889999,87.629997,89.889999,89.037224,27190500.00
2015-09-03,89.760002,89.820000,87.730003,88.150002,87.313744,27048200.00
2015-09-04,87.199997,88.389999,86.699997,88.260002,87.422684,27328700.00
2015-09-08,89.690002,90.239998,88.830002,89.529999,88.680656,27012500.00
2015-09-09,90.779999,91.980003,90.169998,90.440002,89.582008,32551100.00
2015-09-10,90.070000,92.059998,89.629997,91.980003,91.107414,26437400.00
2015-09-11,91.680000,92.080002,91.129997,92.050003,91.176750,21185000.00
2015-09-14,92.309998,92.620003,91.599998,92.309998,91.434273,20127900.00
2015-09-15,92.370003,93.250000,91.790001,92.900002,92.018684,18859400.00
2015-09-16,92.900002,93.599998,92.629997,93.449997,92.563446,16321200.00
2015-09-17,93.370003,95.510002,92.900002,94.339996,93.445007,27841800.00
2015-09-18,93.199997,95.190002,93.050003,94.400002,93.504448,62300000.00
2015-09-21,94.620003,96.489998,94.519997,95.550003,94.643547,28790000.00
2015-09-22,93.769997,94.680000,91.919998,92.959999,92.078102,36888900.00
2015-09-23,93.400002,94.320000,92.800003,93.970001,93.078522,21701400.00
2015-09-24,93.059998,94.769997,92.239998,94.410004,93.514351,29106000.00
2015-09-25,95.790001,95.849998,92.059998,92.769997,91.889908,28961600.00
2015-09-28,92.080002,92.290001,88.180000,89.209999,88.363678,41199900.00
2015-09-29,89.099998,90.059998,85.720001,86.669998,85.847771,42281800.00
2015-09-30,88.440002,90.019997,88.010002,89.900002,89.047142,36169100.00
2015-10-01,90.050003,90.949997,88.360001,90.949997,90.087173,29283700.00
2015-10-02,88.900002,92.199997,88.370003,92.070000,91.196533,37881700.00
2015-10-05,92.940002,94.269997,92.660004,94.010002,93.118149,27292500.00
2015-10-06,94.080002,94.169998,92.339996,92.800003,91.919609,22172800.00
2015-10-07,93.110001,93.660004,91.370003,92.400002,91.523415,24129300.00
2015-10-08,91.889999,93.220001,90.470001,92.470001,91.592743,27290500.00
2015-10-09,92.900002,93.739998,92.239998,93.239998,92.355431,20012900.00
2015-10-12,93.320000,94.599998,92.669998,94.260002,93.365776,18449600.00
2015-10-13,93.660004,95.370003,93.550003,94.120003,93.227104,19480300.00
2015-10-14,94.080002,95.199997,93.610001,94.070000,93.177582,19253400.00
2015-10-15,94.989998,96.300003,94.900002,95.959999,95.049652,27557500.00
2015-10-16,96.180000,97.589996,95.349998,97.540001,96.614662,25412900.00
2015-10-19,97.180000,98.570000,96.919998,98.470001,97.535835,23729900.00
2015-10-20,98.730003,99.589996,96.559998,97.000000,96.079788,30881800.00
2015-10-21,97.370003,98.180000,96.470001,97.110001,96.188728,21917800.00
2015-10-22,97.790001,99.730003,97.550003,99.669998,98.724442,26392100.00
2015-10-23,101.910004,102.849998,100.160004,102.190002,101.220551,42809700.00
2015-10-26,102.199997,103.809998,101.550003,103.769997,102.785545,25961200.00
2015-10-27,102.940002,104.099998,102.400002,103.699997,102.716217,23795500.00
2015-10-28,103.900002,104.480003,102.919998,104.199997,103.211456,24081500.00
2015-10-29,103.959999,105.120003,103.519997,104.879997,103.885017,20316700.00
2015-10-30,104.510002,104.720001,101.650002,101.970001,101.002640,33487100.00
2015-11-02,101.720001,103.470001,101.180000,103.309998,102.329895,24003900.00
2015-11-03,103.220001,103.650002,102.400002,102.580002,101.606850,21242300.00
2015-11-04,103.190002,104.139999,102.480003,103.940002,102.953941,43469300.00
2015-11-05,108.800003,110.650002,107.949997,108.760002,107.728210,63232900.00
2015-11-06,108.040001,108.739998,105.910004,107.099998,106.083961,35084300.00
2015-11-09,107.000000,108.250000,105.860001,106.489998,105.479744,26383500.00
2015-11-10,105.959999,108.150002,105.239998,107.910004,106.886292,25031700.00
2015-11-11,108.269997,109.870003,107.110001,109.010002,107.975845,25057100.00
2015-11-12,108.480003,109.389999,108.000000,108.019997,106.995232,20924700.00
2015-11-13,107.709999,108.250000,103.830002,103.949997,102.963844,30278400.00
2015-11-16,103.320000,104.169998,100.470001,104.040001,103.052994,49309200.00
2015-11-17,104.620003,106.199997,104.139999,105.129997,104.132660,26807200.00
2015-11-18,105.800003,107.879997,105.389999,107.769997,106.747597,23836500.00
2015-11-19,107.360001,107.730003,105.949997,106.260002,105.251938,25520600.00
2015-11-20,106.839996,107.870003,106.620003,107.320000,106.301865,22129600.00
2015-11-23,107.190002,107.470001,106.080002,106.949997,105.935387,19897200.00
2015-11-24,106.000000,106.489998,104.389999,105.739998,104.736862,23577300.00
2015-11-25,106.330002,106.599998,105.099998,105.410004,104.410004,15150800.00
2015-11-27,105.779999,105.959999,104.860001,105.449997,104.449608,5913100.00
2015-11-30,105.839996,106.099998,103.750000,104.239998,103.251091,20383200.00
2015-12-01,104.830002,107.150002,104.500000,107.120003,106.103767,22781900.00
2015-12-02,107.000000,107.919998,105.790001,106.070000,105.063728,24429100.00
2015-12-03,106.269997,106.849998,103.349998,104.379997,103.389778,23236500.00
2015-12-04,104.809998,107.730003,104.110001,106.180000,105.172691,21224700.00
2015-12-07,106.480003,106.830002,104.660004,105.610001,104.608093,15474900.00
2015-12-08,104.000000,106.910004,103.949997,106.489998,105.479744,20401800.00
2015-12-09,106.180000,106.440002,103.550003,104.599998,103.607674,23517300.00
2015-12-10,105.050003,106.400002,104.410004,105.419998,104.419899,17454300.00
2015-12-11,104.150002,104.339996,101.910004,102.120003,101.151199,26427700.00
2015-12-14,102.290001,104.739998,101.459999,104.660004,103.667114,24648100.00
2015-12-15,105.300003,105.800003,104.279999,104.550003,103.558159,21764300.00
2015-12-16,105.370003,107.089996,104.190002,106.790001,105.776901,22680500.00
2015-12-17,107.489998,107.750000,106.129997,106.220001,105.212311,21675700.00
2015-12-18,106.080002,106.589996,103.970001,104.040001,103.052994,35994200.00
2015-12-21,104.910004,105.150002,103.599998,104.769997,103.776070,16138800.00
2015-12-22,105.220001,105.660004,104.809998,105.510002,104.509048,14597100.00
2015-12-23,105.889999,106.110001,103.860001,104.629997,103.637390,19599700.00
2015-12-24,104.739998,105.320000,104.500000,105.019997,104.023697,6501800.00
2015-12-28,105.019997,105.980003,104.529999,105.930000,104.925072,13069700.00
2015-12-29,106.419998,107.739998,106.250000,107.260002,106.242455,17179900.00
2015-12-30,107.000000,107.250000,106.059998,106.220001,105.212311,13115000.00
2015-12-31,106.000000,106.169998,104.620003,104.660004,103.667114,18391100.00
2016-01-04,101.949997,102.239998,99.750000,102.220001,101.250244,37912400.00
2016-01-05,102.889999,103.709999,101.669998,102.730003,101.755417,23258200.00
2016-01-06,101.129997,103.769997,100.900002,102.970001,101.993134,25096200.00
2016-01-07,100.500000,101.430000,97.300003,97.919998,96.991051,45172900.00
2016-01-08,99.879997,100.500000,97.029999,97.330002,96.406647,35402300.00
2016-01-11,97.910004,98.599998,95.389999,97.510002,96.584938,29932400.00
2016-01-12,99.000000,99.959999,97.550003,99.370003,98.427307,28395400.00
2016-01-13,100.580002,100.580002,95.209999,95.440002,94.534576,33410600.00
2016-01-14,95.849998,98.870003,92.449997,98.370003,97.436790,48658600.00
2016-01-15,93.980003,96.379997,93.540001,94.970001,94.069038,46132800.00
2016-01-19,96.529999,97.419998,93.919998,95.260002,94.356285,30998300.00
2016-01-20,92.830002,95.000000,89.370003,94.349998,93.454926,59051400.00
2016-01-21,94.910004,95.989998,92.620003,94.160004,93.266716,30518900.00
2016-01-22,96.410004,98.070000,95.489998,97.940002,97.010864,30495400.00
2016-01-25,98.720001,99.480003,96.930000,97.010002,96.089691,32482000.00
2016-01-26,97.760002,97.879997,95.660004,97.339996,96.416542,26877100.00
2016-01-27,97.790001,97.849998,94.230003,94.449997,93.553970,58699400.00
2016-01-28,107.199997,110.339996,104.809998,109.110001,108.074905,107475300.00
2016-01-29,108.989998,112.839996,108.839996,112.209999,111.145485,62739500.00
2016-02-01,112.269997,115.720001,112.010002,115.089996,113.998169,46132700.00
2016-02-02,114.800003,117.589996,113.199997,114.610001,113.522720,59778600.00
2016-02-03,115.269997,115.339996,109.750000,112.690002,111.620941,56919300.00
2016-02-04,111.800003,111.940002,109.250000,110.489998,109.441795,38890200.00
2016-02-05,109.510002,109.580002,103.180000,104.070000,103.082695,76894700.00
2016-02-08,100.410004,102.680000,97.459999,99.750000,98.803696,71229700.00
2016-02-09,97.139999,102.400002,96.820000,99.540001,98.595688,62709000.00
2016-02-10,101.550003,103.250000,100.239998,101.000000,100.041824,45179400.00
2016-02-11,99.599998,105.110001,98.879997,101.910004,100.943199,43670600.00
2016-02-12,103.739998,104.239998,101.089996,102.010002,101.042252,36176800.00
2016-02-16,103.800003,103.930000,100.239998,101.610001,100.646042,45687200.00
2016-02-17,102.019997,105.720001,100.400002,105.199997,104.201981,44073400.00
2016-02-18,105.800003,106.000000,103.029999,103.470001,102.488396,29593500.00
2016-02-19,102.550003,105.019997,102.059998,104.570000,103.577965,32404500.00
2016-02-22,105.489998,108.250000,105.339996,107.160004,106.143394,35709700.00
2016-02-23,106.849998,107.470001,105.120003,105.459999,104.459518,25319300.00
2016-02-24,104.209999,106.949997,102.739998,106.879997,105.866043,34412400.00
2016-02-25,107.110001,108.070000,105.610001,108.070000,107.044762,29906300.00
2016-02-26,108.699997,109.449997,107.160004,107.919998,106.896187,26686200.00
2016-02-29,107.599998,108.910004,106.750000,106.919998,105.905670,32779000.00
2016-03-01,107.830002,109.820000,107.599998,109.820000,108.778152,26817300.00
2016-03-02,109.680000,110.550003,108.769997,109.949997,108.906929,25670200.00
2016-03-03,110.250000,110.300003,108.540001,109.580002,108.540443,21353100.00
2016-03-04,110.050003,110.050003,107.930000,108.389999,107.361717,24938900.00
2016-03-07,108.070000,108.070000,104.720001,105.730003,104.726959,31436400.00
2016-03-08,104.779999,107.370003,104.400002,105.930000,104.925072,25617000.00
2016-03-09,106.699997,107.510002,105.489998,107.510002,106.490074,20493300.00
2016-03-10,107.910004,108.660004,105.769997,107.320000,106.301865,24854300.00
2016-03-11,108.480003,109.419998,107.919998,109.410004,108.372047,20697600.00
2016-03-14,109.279999,110.330002,108.769997,109.889999,108.847496,17249400.00
2016-03-15,109.110001,110.830002,108.839996,110.669998,109.620094,17618500.00
2016-03-16,110.489998,112.500000,110.099998,112.180000,111.115776,24744800.00
2016-03-17,112.150002,112.690002,110.730003,111.019997,109.966774,24241200.00
2016-03-18,111.559998,112.419998,110.269997,111.449997,110.392700,36256900.00
2016-03-21,111.660004,112.370003,111.029999,111.849998,110.788902,18448000.00
2016-03-22,111.360001,112.879997,111.169998,112.250000,111.185120,19001100.00
2016-03-23,112.010002,113.190002,112.000000,112.540001,111.472351,18562000.00
2016-03-24,112.129997,113.089996,111.680000,113.050003,111.977516,17839100.00
2016-03-28,113.320000,114.589996,112.949997,113.690002,112.611458,21351800.00
2016-03-29,113.830002,116.320000,113.639999,116.139999,115.038200,29825300.00
2016-03-30,116.730003,116.989998,114.360001,114.699997,113.611855,33235200.00
2016-03-31,114.699997,115.010002,113.769997,114.099998,113.017555,21207500.00
2016-04-01,113.750000,116.169998,113.349998,116.059998,114.958954,24760500.00
2016-04-04,114.070000,114.550003,111.610001,112.550003,111.482262,48487900.00
2016-04-05,112.110001,113.320000,111.900002,112.220001,111.155388,22962400.00
2016-04-06,112.470001,113.809998,112.419998,113.709999,112.631241,20814600.00
2016-04-07,113.790001,114.889999,113.070000,113.639999,112.561905,20714500.00
2016-04-08,114.250000,114.330002,109.900002,110.629997,109.580467,48497800.00
2016-04-11,110.699997,110.910004,108.769997,108.989998,107.956024,39762300.00
2016-04-12,109.339996,111.160004,108.989998,110.610001,109.560677,26248100.00
2016-04-13,112.230003,112.650002,106.519997,110.510002,109.461624,88227400.00
2016-04-14,110.620003,112.040001,110.260002,110.839996,109.788475,28473300.00
2016-04-15,110.790001,110.970001,109.199997,109.639999,108.599861,20922800.00
2016-04-18,109.739998,110.809998,109.199997,110.449997,109.402176,21167200.00
2016-04-19,111.099998,112.449997,109.160004,112.290001,111.224724,30210500.00
2016-04-20,112.430000,113.269997,111.559998,112.419998,111.353493,21027900.00
2016-04-21,112.550003,114.040001,112.309998,113.440002,112.363823,20875200.00
2016-04-22,111.209999,111.750000,109.010002,110.559998,109.511139,38458200.00
2016-04-25,109.870003,110.669998,109.070000,110.099998,109.055511,21017900.00
2016-04-26,110.489998,110.500000,108.150002,108.760002,107.728210,22521500.00
2016-04-27,107.940002,108.940002,106.309998,108.889999,107.856979,52213100.00
2016-04-28,119.580002,120.790001,116.230003,116.730003,115.622604,87110100.00
2016-04-29,116.820000,117.839996,115.839996,117.580002,116.464539,37140600.00
2016-05-02,117.830002,118.730003,116.570000,118.570000,117.445145,28095200.00
2016-05-03,117.519997,118.160004,117.019997,117.430000,116.315971,24117500.00
2016-05-04,116.610001,118.300003,116.570000,118.059998,116.939972,23448400.00
2016-05-05,118.040001,118.980003,117.250000,117.809998,116.692352,22056700.00
2016-05-06,117.160004,119.639999,117.110001,119.489998,118.356407,26395600.00
2016-05-09,119.540001,120.279999,118.900002,119.239998,118.108780,21138100.00
2016-05-10,119.620003,120.500000,119.000000,120.500000,119.356842,23220000.00
2016-05-11,120.410004,121.080002,119.419998,119.519997,118.386124,22038400.00
2016-05-12,119.980003,120.839996,118.900002,120.279999,119.138908,22035500.00
2016-05-13,120.379997,120.639999,119.680000,119.809998,118.673370,18124300.00
2016-05-16,119.379997,119.610001,117.349998,118.669998,117.544197,31247800.00
2016-05-17,118.820000,119.010002,117.199997,117.349998,116.236710,21328600.00
2016-05-18,116.800003,118.269997,116.730003,117.650002,116.533875,21642300.00
2016-05-19,117.050003,117.489998,115.879997,116.809998,115.701851,20544100.00
2016-05-20,116.959999,117.989998,116.949997,117.349998,116.236710,18944800.00
2016-05-23,117.419998,117.599998,115.940002,115.970001,114.869820,20441000.00
2016-05-24,116.239998,117.730003,116.120003,117.699997,116.583389,20183600.00
2016-05-25,118.129997,118.669998,117.379997,117.889999,116.771584,20019800.00
2016-05-26,118.239998,119.760002,117.919998,119.470001,118.336601,18481300.00
2016-05-27,119.559998,119.849998,119.010002,119.379997,118.247459,13493600.00
2016-05-31,119.459999,120.099998,118.120003,118.809998,117.682861,23547600.00
2016-06-01,118.500000,119.080002,117.820000,118.779999,117.653152,15029500.00
2016-06-02,118.690002,119.440002,118.220001,118.930000,117.801735,13228300.00
2016-06-03,118.980003,118.980003,117.860001,118.470001,117.346092,14135100.00
2016-06-06,118.620003,119.430000,118.360001,118.790001,117.663063,12744700.00
2016-06-07,119.239998,119.300003,117.669998,117.760002,116.642838,17103000.00
2016-06-08,117.760002,118.599998,117.269997,118.389999,117.266846,14505600.00
2016-06-09,118.129997,118.680000,117.709999,118.559998,117.435234,13859200.00
2016-06-10,117.540001,118.110001,116.260002,116.620003,115.513657,18510800.00
2016-06-13,115.000000,115.480003,113.309998,113.949997,112.868973,31718200.00
2016-06-14,114.070000,114.949997,113.580002,114.940002,113.849586,17618500.00
2016-06-15,115.300003,115.440002,114.070000,114.599998,113.512810,19819400.00
2016-06-16,113.870003,114.500000,112.940002,114.389999,113.304802,19236300.00
2016-06-17,114.419998,114.430000,112.559998,113.019997,111.947800,24644300.00
2016-06-20,113.769997,114.720001,112.750000,113.370003,112.294479,20785400.00
2016-06-21,114.120003,115.209999,113.970001,114.379997,113.294891,19166300.00
2016-06-22,114.650002,114.739998,113.610001,113.910004,112.829361,14846300.00
2016-06-23,114.370003,115.089996,113.540001,115.080002,113.988258,16176900.00
2016-06-24,111.010002,113.680000,111.000000,112.080002,111.016716,40643100.00
2016-06-27,111.570000,111.570000,108.230003,108.970001,107.936218,36130400.00
2016-06-28,110.629997,112.750000,110.550003,112.699997,111.630844,26813800.00
2016-06-29,113.370003,114.250000,113.040001,114.160004,113.076988,20968300.00
2016-06-30,114.669998,115.180000,113.669998,114.279999,113.195854,23192700.00
2016-07-01,114.199997,115.129997,113.809998,114.190002,113.106697,14980000.00
2016-07-05,113.940002,114.199997,112.970001,114.199997,113.116608,14207000.00
2016-07-06,113.360001,116.790001,112.970001,116.699997,115.592880,24337600.00
2016-07-07,116.629997,116.970001,115.360001,115.849998,114.750961,16630200.00
2016-07-08,116.430000,117.500000,115.849998,117.239998,116.127762,18142600.00
2016-07-11,117.709999,118.699997,117.500000,117.870003,116.751770,17711600.00
2016-07-12,118.629997,118.720001,117.570000,117.930000,116.811218,15217700.00
2016-07-13,118.389999,118.400002,116.680000,116.779999,115.672134,16207700.00
2016-07-14,117.500000,117.639999,116.699997,117.290001,116.177284,14579700.00
2016-07-15,117.739998,118.279999,116.580002,116.860001,115.751373,16646000.00
2016-07-18,117.320000,119.610001,116.889999,119.370003,118.237556,20868400.00
2016-07-19,118.989998,120.849998,118.660004,120.610001,119.465790,21541300.00
2016-07-20,121.250000,122.199997,120.559998,121.919998,120.763374,20046500.00
2016-07-21,121.919998,122.099998,120.250000,120.610001,119.465790,17801700.00
2016-07-22,119.900002,121.010002,119.309998,121.000000,119.852097,18422400.00
2016-07-25,121.389999,121.849998,117.779999,121.629997,120.476112,18487400.00
2016-07-26,122.000000,122.070000,120.750000,121.220001,120.070000,17612000.00
2016-07-27,122.419998,125.000000,121.510002,123.339996,122.169891,52654200.00
2016-07-28,127.519997,128.330002,123.629997,125.000000,123.814156,78955800.00
2016-07-29,124.650002,125.839996,123.709999,123.940002,122.764214,35058800.00
2016-08-01,123.849998,124.580002,122.860001,124.309998,123.130692,25006900.00
2016-08-02,124.059998,124.800003,122.070000,123.089996,121.922256,23968400.00
2016-08-03,123.089996,123.919998,122.309998,122.510002,121.347771,18525300.00
2016-08-04,122.940002,124.790001,122.510002,124.360001,123.180214,21066000.00
2016-08-05,124.980003,125.839996,124.620003,125.150002,123.962730,20184000.00
2016-08-08,125.250000,125.449997,124.550003,125.260002,124.071693,15233900.00
2016-08-09,125.339996,126.089996,124.529999,125.059998,123.873573,19621000.00
2016-08-10,125.070000,125.480003,124.540001,124.879997,123.695282,10670100.00
2016-08-11,125.199997,125.379997,124.750000,124.900002,123.715096,11729500.00
2016-08-12,124.699997,125.000000,124.180000,124.879997,123.695282,12159000.00
2016-08-15,124.910004,124.919998,123.699997,123.900002,122.724586,19295100.00
2016-08-16,123.500000,123.919998,122.779999,123.300003,122.130272,14222400.00
2016-08-17,123.660004,124.379997,122.849998,124.370003,123.190125,13794200.00
2016-08-18,124.010002,124.260002,123.639999,123.910004,122.734497,12400800.00
2016-08-19,123.599998,124.160004,123.279999,123.559998,122.387810,11688300.00
2016-08-22,123.330002,124.830002,123.110001,124.150002,122.972221,14386400.00
2016-08-23,124.510002,125.089996,124.250000,124.370003,123.190125,13309500.00
2016-08-24,124.470001,124.690002,123.089996,123.480003,122.308571,12243700.00
2016-08-25,123.120003,124.370003,123.099998,123.889999,122.714676,10730800.00
2016-08-26,124.050003,125.190002,123.910004,124.959999,123.774521,17504800.00
2016-08-29,124.349998,126.730003,124.349998,126.540001,125.339539,15925900.00
2016-08-30,126.599998,126.599998,125.150002,125.839996,124.646194,17804300.00
2016-08-31,125.599998,126.220001,125.099998,126.120003,124.923523,14200600.00
2016-09-01,126.379997,126.629997,125.599998,126.169998,124.973061,13536100.00
2016-09-02,126.849998,126.860001,126.000000,126.510002,125.309837,12118800.00
2016-09-06,126.669998,129.940002,126.470001,129.729996,128.499298,26278400.00
2016-09-07,130.039993,131.979996,129.949997,131.050003,129.806747,27990800.00
2016-09-08,130.919998,131.080002,129.809998,130.270004,129.034149,15676600.00
2016-09-09,129.710007,129.949997,127.099998,127.099998,125.894218,27100700.00
2016-09-12,125.959999,128.759995,125.750000,128.690002,127.469162,21252800.00
2016-09-13,128.029999,128.350006,126.660004,127.209999,126.003181,18016200.00
2016-09-14,126.889999,128.800003,126.889999,127.769997,126.557861,15691100.00
2016-09-15,127.980003,129.100006,127.669998,128.350006,127.132370,15077200.00
2016-09-16,128.199997,129.179993,128.199997,129.070007,127.845528,24119200.00
2016-09-19,129.910004,129.940002,128.259995,128.649994,127.429504,14958800.00
2016-09-20,128.649994,129.169998,128.029999,128.639999,127.419617,11083800.00
2016-09-21,129.130005,130.009995,128.389999,129.940002,128.707291,14068300.00
2016-09-22,130.500000,130.729996,129.559998,130.080002,128.845963,15538300.00
2016-09-23,127.559998,128.600006,127.300003,127.959999,126.746063,28326300.00
2016-09-26,127.370003,128.160004,126.800003,127.309998,126.102234,15064900.00
2016-09-27,127.610001,129.009995,127.430000,128.690002,127.469162,15637100.00
2016-09-28,129.210007,129.470001,128.399994,129.229996,128.004013,12047600.00
2016-09-29,129.179993,129.289993,127.550003,128.089996,126.874832,14532200.00
2016-09-30,128.029999,128.589996,127.449997,128.270004,127.053123,18402900.00
2016-10-03,128.380005,129.089996,127.800003,128.770004,127.548386,13156900.00
2016-10-04,129.169998,129.279999,127.550003,128.190002,126.973877,14307500.00
2016-10-05,128.250000,128.800003,127.830002,128.470001,127.251244,12386800.00
2016-10-06,128.429993,129.059998,128.080002,128.740005,127.518677,11682700.00
2016-10-07,129.039993,129.250000,128.330002,128.990005,127.766327,12804400.00
2016-10-10,129.679993,130.699997,129.199997,130.240005,129.004456,15138700.00
2016-10-11,130.229996,130.639999,128.229996,128.880005,127.657349,17537900.00
2016-10-12,129.009995,129.660004,128.460007,129.050003,127.825722,11073000.00
2016-10-13,128.210007,128.250000,126.750000,127.820000,126.607391,17139300.00
2016-10-14,128.490005,128.949997,127.580002,127.879997,126.666832,13345300.00
2016-10-17,128.199997,128.470001,127.320000,127.540001,126.330048,11351700.00
2016-10-18,128.679993,129.389999,128.009995,128.570007,127.350281,13504000.00
2016-10-19,128.740005,130.470001,128.600006,130.110001,128.875656,16752300.00
2016-10-20,130.070007,130.660004,129.500000,130.000000,128.766708,13167500.00
2016-10-21,129.779999,132.130005,129.699997,132.070007,130.817093,19088800.00
2016-10-24,132.720001,133.410004,132.149994,133.279999,132.015610,17470200.00
2016-10-25,133.500000,133.500000,132.220001,132.289993,131.034988,13336800.00
2016-10-26,131.639999,132.259995,130.940002,131.039993,129.796829,13084700.00
2016-10-27,131.740005,131.800003,129.270004,129.690002,128.459641,16741400.00
2016-10-28,130.500000,132.970001,129.929993,131.289993,130.044510,24545500.00
2016-10-31,132.009995,132.119995,130.880005,130.990005,129.747314,15669000.00
2016-11-01,131.410004,131.940002,128.649994,129.500000,128.271469,22077800.00
2016-11-02,130.229996,130.229996,126.279999,127.169998,125.963570,39640900.00
2016-11-03,122.000000,123.279999,119.500000,120.000000,118.861572,63766300.00
2016-11-04,119.589996,121.930000,119.250000,120.750000,119.604462,30545500.00
2016-11-07,122.830002,123.209999,121.349998,122.150002,120.991188,23008900.00
2016-11-08,122.029999,124.610001,121.540001,124.220001,123.041542,19460800.00
2016-11-09,121.500000,123.809998,120.510002,123.180000,122.011414,31916000.00
2016-11-10,123.930000,124.180000,115.269997,120.800003,119.653984,67846700.00
2016-11-11,119.529999,120.699997,118.150002,119.019997,117.890884,32840100.00
2016-11-14,119.129997,119.129997,113.550003,115.080002,113.988258,51377000.00
2016-11-15,116.730003,118.489998,115.830002,117.199997,116.088135,34681400.00
2016-11-16,114.480003,117.879997,114.209999,116.339996,115.236298,32397900.00
2016-11-17,116.809998,117.790001,116.010002,117.790001,116.672546,18597800.00
2016-11-18,118.389999,119.129997,116.839996,117.019997,115.909859,22879300.00
2016-11-21,118.199997,121.949997,117.800003,121.769997,120.614784,35415400.00
2016-11-22,122.400002,122.980003,120.900002,121.470001,120.317642,26089200.00
2016-11-23,121.230003,121.309998,119.940002,120.839996,119.693604,15672100.00
2016-11-25,121.010002,121.139999,120.070000,120.379997,119.237961,8658600.00
2016-11-28,120.120003,121.690002,119.820000,120.410004,119.267693,18101300.00
2016-11-29,120.570000,122.099998,120.400002,120.870003,119.723328,18891000.00
2016-11-30,120.320000,121.790001,117.949997,118.419998,117.296585,30188900.00
2016-12-01,118.379997,118.449997,114.000000,115.099998,114.008064,43277000.00
2016-12-02,115.110001,116.480003,114.300003,115.400002,114.305237,25070400.00
2016-12-05,115.949997,117.570000,115.070000,117.430000,116.315971,20201500.00
2016-12-06,117.690002,117.800003,116.330002,117.309998,116.197090,19131200.00
2016-12-07,117.000000,117.949997,116.570000,117.949997,116.831024,21913700.00
2016-12-08,117.980003,119.500000,117.639999,118.910004,117.781921,22442800.00
2016-12-09,119.220001,119.940002,118.949997,119.680000,118.544609,17464700.00
2016-12-12,119.220001,119.239998,117.650002,117.769997,116.652740,17805500.00
2016-12-13,117.860001,121.519997,117.610001,120.309998,119.168648,29768000.00
2016-12-14,120.000000,121.690002,118.849998,120.209999,119.069580,25913100.00
2016-12-15,120.080002,122.500000,119.629997,120.570000,119.426178,20139600.00
2016-12-16,120.900002,121.500000,119.269997,119.870003,118.732803,25324300.00
2016-12-19,119.849998,120.360001,118.510002,119.239998,118.108780,15918100.00
2016-12-20,119.500000,119.769997,118.800003,119.089996,117.960213,13684400.00
2016-12-21,118.919998,119.199997,118.480003,119.040001,117.910683,10767600.00
2016-12-22,118.860001,118.989998,116.930000,117.400002,116.286247,16258600.00
2016-12-23,117.000000,117.559998,116.300003,117.269997,116.157478,10890000.00
2016-12-27,116.959999,118.680000,116.860001,118.010002,116.890465,12051500.00
2016-12-28,118.190002,118.250000,116.650002,116.919998,115.810783,12087400.00
2016-12-29,117.000000,117.529999,116.059998,116.349998,115.246193,9934900.00
2016-12-30,116.599998,116.830002,114.769997,115.050003,113.958549,18684100.00
2017-01-03,116.029999,117.839996,115.510002,116.860001,115.751373,20663900.00
2017-01-04,117.550003,119.660004,117.290001,118.690002,117.564011,19630900.00
2017-01-05,118.860001,120.949997,118.320000,120.669998,119.525223,19492200.00
2017-01-06,120.980003,123.879997,120.029999,123.410004,122.239227,28545300.00
2017-01-09,123.550003,125.430000,123.040001,124.900002,123.715096,22880400.00
2017-01-10,124.820000,125.500000,124.279999,124.349998,123.170311,17324600.00
2017-01-11,124.349998,126.120003,124.059998,126.089996,124.893806,18356500.00
2017-01-12,125.610001,126.730003,124.800003,126.620003,125.418777,18653900.00
2017-01-13,127.489998,129.270004,127.370003,128.339996,127.122459,24884300.00
2017-01-17,128.039993,128.339996,127.400002,127.870003,126.656921,15294500.00
2017-01-18,128.410004,128.429993,126.839996,127.919998,126.706451,13145900.00
2017-01-19,128.229996,128.350006,127.449997,127.550003,126.339958,12195500.00
2017-01-20,128.100006,128.479996,126.779999,127.040001,125.834778,19097200.00
2017-01-23,127.309998,129.250000,126.949997,128.929993,127.706856,16593600.00
2017-01-24,129.380005,129.899994,128.380005,129.369995,128.142685,15162700.00
2017-01-25,130.000000,131.740005,129.770004,131.479996,130.232681,18731300.00
2017-01-26,131.630005,133.139999,131.440002,132.779999,131.520340,20020100.00
2017-01-27,132.679993,132.949997,131.080002,132.179993,130.926025,19539500.00
2017-01-30,131.580002,131.580002,129.600006,130.979996,129.737411,18956100.00
2017-01-31,130.169998,130.660004,129.520004,130.320007,129.083694,19790500.00
2017-02-01,132.250000,133.490005,130.679993,133.229996,131.966064,50139800.00
2017-02-02,133.220001,135.490005,130.399994,130.839996,129.598770,54366400.00
2017-02-03,131.240005,132.850006,130.759995,130.979996,129.737411,24804900.00
2017-02-06,130.979996,132.059998,130.300003,132.059998,130.807159,17058500.00
2017-02-07,132.240005,133.000000,131.660004,131.839996,130.589249,14596400.00
2017-02-08,132.600006,134.440002,132.440002,134.199997,132.926895,22390600.00
2017-02-09,134.490005,134.500000,133.309998,134.139999,132.867432,16470600.00
2017-02-10,134.100006,134.940002,133.679993,134.190002,132.916946,15061900.00
2017-02-13,134.699997,134.699997,133.699997,134.050003,132.778290,13526200.00
2017-02-14,134.100006,134.229996,132.550003,133.850006,132.580185,14364900.00
2017-02-15,133.449997,133.699997,132.660004,133.440002,132.174088,13226500.00
2017-02-16,133.070007,133.869995,133.020004,133.839996,132.570297,12831100.00
2017-02-17,133.500000,134.089996,133.169998,133.529999,132.263229,12276500.00
2017-02-21,133.500000,133.910004,132.899994,133.720001,132.451401,14759100.00
2017-02-22,133.600006,136.789993,133.460007,136.119995,134.828659,27360100.00
2017-02-23,135.889999,136.119995,134.330002,135.360001,134.075882,18422500.00
2017-02-24,134.160004,135.619995,134.160004,135.440002,134.155106,12625700.00
2017-02-27,135.259995,137.179993,135.020004,136.410004,135.115921,14306700.00
2017-02-28,136.789993,136.809998,134.750000,135.539993,134.254166,16112100.00
2017-03-01,136.470001,137.479996,136.300003,137.419998,136.116333,16257000.00
2017-03-02,137.089996,137.820007,136.309998,136.759995,135.462585,12294800.00
2017-03-03,136.630005,137.330002,136.080002,137.169998,135.868668,11160600.00
2017-03-06,136.880005,137.830002,136.509995,137.419998,136.116333,12748200.00
2017-03-07,137.029999,138.369995,136.990005,137.300003,135.997482,13527100.00
2017-03-08,137.149994,137.990005,137.050003,137.720001,136.413467,10184500.00
2017-03-09,137.720001,138.570007,137.399994,138.240005,136.928543,15535300.00
2017-03-10,138.910004,139.490005,138.220001,138.789993,137.473328,16314100.00
2017-03-13,138.710007,139.679993,138.669998,139.600006,138.275635,10955500.00
2017-03-14,139.460007,139.460007,138.520004,139.320007,137.998306,12944000.00
2017-03-15,139.289993,140.100006,138.490005,139.720001,138.394485,19344800.00
2017-03-16,140.199997,140.250000,139.729996,139.990005,138.661926,13612900.00
2017-03-17,140.339996,140.339996,139.699997,139.839996,138.513351,20592800.00
2017-03-20,139.710007,140.190002,139.250000,139.940002,138.612411,12099500.00
2017-03-21,141.149994,142.309998,138.399994,138.509995,137.195969,29894800.00
2017-03-22,137.929993,139.789993,137.600006,139.589996,138.265732,17055400.00
2017-03-23,139.479996,140.389999,139.089996,139.529999,138.206299,13022800.00
2017-03-24,140.080002,141.020004,139.759995,140.339996,139.008591,16664700.00
2017-03-27,139.050003,140.649994,138.770004,140.320007,138.988785,12800500.00
2017-03-28,140.360001,141.949997,140.009995,141.759995,140.415146,14679400.00
2017-03-29,141.990005,142.860001,141.429993,142.649994,141.296707,16527600.00
2017-03-30,142.399994,142.949997,141.850006,142.410004,141.058990,12404000.00
2017-03-31,142.309998,142.630005,141.889999,142.050003,140.702393,11478300.00
2017-04-03,141.929993,142.470001,140.820007,142.279999,140.930237,13564000.00
2017-04-04,141.860001,142.089996,141.270004,141.729996,140.385422,12948600.00
2017-04-05,142.259995,143.440002,141.289993,141.850006,140.504303,17158100.00
2017-04-06,142.110001,142.220001,140.910004,141.169998,139.830734,15103400.00
2017-04-07,141.199997,141.550003,140.240005,140.779999,139.444443,11818300.00
2017-04-10,141.000000,141.429993,140.630005,141.039993,139.701981,9039400.00
2017-04-11,140.800003,141.029999,138.809998,139.919998,138.592575,16638100.00
2017-04-12,139.720001,140.399994,139.440002,139.580002,138.255814,11612500.00
2017-04-13,139.619995,140.580002,139.330002,139.389999,138.067657,10965600.00
2017-04-17,139.759995,141.550003,139.750000,141.419998,140.078369,11519700.00
2017-04-18,141.270004,141.910004,140.610001,140.960007,139.622757,14807500.00
2017-04-19,141.350006,143.039993,141.270004,142.270004,140.920334,15563900.00
2017-04-20,142.949997,144.250000,142.690002,143.800003,142.435791,15968200.00
2017-04-21,143.899994,144.169998,142.270004,143.679993,142.316925,12382000.00
2017-04-24,144.960007,145.669998,144.339996,145.470001,144.089966,14407200.00
2017-04-25,145.789993,147.149994,145.789993,146.490005,145.100281,17767500.00
2017-04-26,147.089996,147.589996,146.089996,146.559998,145.169632,12395000.00
2017-04-27,146.669998,147.750000,146.139999,147.699997,146.298798,11275100.00
2017-04-28,149.500000,151.529999,149.070007,150.250000,148.824615,30652200.00
2017-05-01,151.740005,152.570007,151.419998,152.460007,151.013641,25218300.00
2017-05-02,153.339996,153.440002,151.660004,152.779999,151.330612,21870400.00
2017-05-03,153.600006,153.600006,151.339996,151.800003,150.359894,29782500.00
2017-05-04,150.169998,151.520004,148.720001,150.850006,149.418900,36225500.00
2017-05-05,151.449997,151.630005,149.789993,150.240005,148.814682,17148500.00
2017-05-08,150.710007,151.080002,149.740005,151.059998,149.626907,15827500.00
2017-05-09,151.490005,152.589996,150.210007,150.479996,149.052414,17453900.00
2017-05-10,150.229996,150.520004,148.860001,150.289993,148.864197,12080700.00
2017-05-11,150.309998,150.649994,149.410004,150.039993,148.616562,11841900.00
2017-05-12,150.399994,150.460007,149.630005,150.330002,148.903854,9598200.00
2017-05-15,150.169998,151.479996,149.770004,150.190002,148.765152,15064700.00
2017-05-16,150.110001,150.210007,149.029999,149.779999,148.359070,14550800.00
2017-05-17,148.000000,148.669998,144.419998,144.850006,143.475861,28300100.00
2017-05-18,144.720001,148.149994,144.509995,147.660004,146.259186,23031600.00
2017-05-19,148.449997,149.389999,147.960007,148.059998,146.655365,16187900.00
2017-05-22,148.080002,148.589996,147.690002,148.240005,146.833679,12586700.00
2017-05-23,148.520004,148.809998,147.250000,148.070007,146.665298,12817800.00
2017-05-24,148.509995,150.229996,148.419998,150.039993,148.616562,17862400.00
2017-05-25,150.300003,152.589996,149.949997,151.960007,150.518387,19891400.00
2017-05-26,152.229996,152.250000,151.149994,152.130005,150.686768,14996200.00
2017-05-30,151.970001,152.899994,151.639999,152.380005,150.934402,13226000.00
2017-05-31,152.699997,153.350006,151.089996,151.460007,150.023132,18023900.00
2017-06-01,151.750000,152.289993,150.300003,151.529999,150.092468,14530600.00
2017-06-02,151.850006,153.630005,151.300003,153.610001,152.152710,16854400.00
2017-06-05,153.639999,154.710007,153.410004,153.630005,152.172516,12520400.00
2017-06-06,153.410004,154.520004,152.479996,152.809998,151.360306,13457100.00
2017-06-07,153.270004,153.750000,152.339996,153.119995,151.667374,12066700.00
2017-06-08,154.080002,154.729996,153.100006,154.710007,153.242310,17799400.00
2017-06-09,154.770004,155.589996,146.610001,149.600006,148.180771,35577700.00
2017-06-12,148.169998,149.199997,144.559998,148.440002,147.031754,33170200.00
2017-06-13,150.149994,151.179993,148.899994,150.679993,149.250504,20483400.00
2017-06-14,151.259995,152.399994,149.050003,150.250000,148.824615,20808800.00
2017-06-15,147.669998,150.039993,146.369995,149.800003,148.378891,18994200.00
2017-06-16,149.589996,150.830002,148.600006,150.639999,149.210907,22882400.00
2017-06-19,151.710007,153.570007,151.710007,152.869995,151.419739,19026500.00
2017-06-20,152.880005,153.839996,152.210007,152.250000,150.805634,14743900.00
2017-06-21,152.360001,154.080002,151.880005,153.910004,152.449905,15039800.00
2017-06-22,153.009995,154.550003,152.910004,153.399994,151.944687,13005500.00
2017-06-23,152.720001,155.199997,152.649994,155.070007,153.598892,18027000.00
2017-06-26,156.250000,156.500000,153.199997,153.589996,152.132919,18049700.00
2017-06-27,152.839996,153.309998,150.389999,150.580002,149.151474,19360800.00
2017-06-28,150.919998,153.470001,149.860001,153.240005,151.786224,16719100.00
2017-06-29,152.279999,152.500000,148.919998,151.039993,149.607101,23973500.00
2017-06-30,151.899994,151.919998,150.059998,150.979996,149.547729,17666000.00
2017-07-03,151.720001,152.149994,147.800003,148.429993,147.021881,13862700.00
2017-07-05,149.000000,150.850006,148.130005,150.339996,148.913757,14334300.00
2017-07-06,149.029999,150.039993,148.000000,148.820007,147.408173,14951800.00
2017-07-07,149.250000,151.990005,149.190002,151.440002,150.003311,13615900.00
2017-07-10,151.690002,153.979996,151.509995,153.500000,152.043777,13378700.00
2017-07-11,153.369995,155.419998,152.910004,155.270004,153.796982,13667700.00
2017-07-12,156.490005,159.160004,156.199997,158.899994,157.392548,22739400.00
2017-07-13,158.740005,159.779999,158.419998,159.259995,157.749130,13929200.00
2017-07-14,160.130005,160.320007,159.330002,159.970001,158.452362,16371200.00
2017-07-17,160.250000,160.779999,158.809998,159.729996,158.214661,12858800.00
2017-07-18,159.660004,163.729996,159.419998,162.860001,161.314972,23722900.00
2017-07-19,163.589996,165.699997,163.169998,164.139999,162.582825,26273600.00
2017-07-20,164.800003,165.000000,162.809998,164.529999,162.969147,18523100.00
2017-07-21,164.160004,165.050003,163.750000,164.429993,162.870087,14744000.00
2017-07-24,164.639999,166.169998,164.309998,166.000000,164.425201,17367000.00
2017-07-25,165.009995,165.539993,163.860001,165.279999,163.712021,15383200.00
2017-07-26,166.009995,166.009995,164.100006,165.610001,164.038879,35236900.00
2017-07-27,174.699997,175.490005,167.500000,170.440002,168.823059,68910700.00
2017-07-28,169.070007,173.429993,169.050003,172.449997,170.814011,24557600.00
2017-07-31,172.000000,172.720001,168.550003,169.250000,167.644318,25478900.00
2017-08-01,169.820007,170.470001,169.050003,169.860001,168.248566,14385000.00
2017-08-02,170.300003,170.550003,166.910004,169.300003,167.693893,17433800.00
2017-08-03,169.300003,169.699997,168.250000,168.589996,166.990601,10793800.00
2017-08-04,168.970001,170.059998,168.690002,169.619995,168.010818,10777700.00
2017-08-07,169.949997,172.059998,169.660004,171.979996,170.348450,12787800.00
2017-08-08,171.880005,173.050003,170.619995,171.229996,169.605576,14393500.00
2017-08-09,169.979996,171.449997,169.559998,171.179993,169.556046,10815000.00
2017-08-10,170.059998,170.589996,166.850006,167.399994,165.811890,20832700.00
2017-08-11,167.949997,168.820007,166.850006,168.080002,166.485458,13791200.00
2017-08-14,170.089996,171.080002,169.289993,170.750000,169.130112,12954200.00
2017-08-15,171.490005,171.500000,170.009995,171.000000,169.377731,8729200.00
2017-08-16,171.250000,171.380005,169.240005,170.000000,168.387222,15779900.00
2017-08-17,169.339996,169.860001,166.850006,166.910004,165.326584,17216000.00
2017-08-18,166.839996,168.669998,166.210007,167.410004,165.821808,15093600.00
2017-08-21,167.160004,168.000000,165.820007,167.779999,166.188309,11907500.00
2017-08-22,168.279999,169.869995,167.149994,169.639999,168.030655,11391000.00
2017-08-23,168.839996,169.360001,168.199997,168.710007,167.109482,9856500.00
2017-08-24,168.880005,169.289993,166.410004,167.740005,166.148697,14030400.00
2017-08-25,167.860001,168.380005,166.179993,166.320007,164.742172,12614500.00
2017-08-28,166.910004,167.699997,166.330002,167.240005,165.653427,8553700.00
2017-08-29,165.250000,168.429993,165.000000,168.050003,166.455750,11121000.00
2017-08-30,168.169998,170.179993,167.630005,169.919998,168.308029,11138300.00
2017-08-31,170.399994,172.149994,170.059998,171.970001,170.338547,17226500.00
2017-09-01,172.399994,172.919998,171.309998,172.020004,170.388046,11677600.00
2017-09-05,171.270004,172.389999,169.550003,170.720001,169.100403,13210900.00
2017-09-06,170.910004,172.479996,169.570007,172.089996,170.457413,13906300.00
2017-09-07,171.940002,173.309998,170.270004,173.210007,171.566803,18049500.00
2017-09-08,173.089996,173.490005,170.800003,170.949997,169.328201,10998500.00
2017-09-11,172.399994,173.889999,172.199997,173.509995,171.863937,12372000.00
2017-09-12,173.759995,174.000000,171.750000,172.960007,171.319153,11186300.00
2017-09-13,173.009995,173.169998,172.059998,173.050003,171.408310,9119300.00
2017-09-14,172.259995,172.279999,170.500000,170.960007,169.338150,15615700.00
2017-09-15,170.880005,172.339996,170.259995,171.639999,170.011673,15660500.00
2017-09-18,171.990005,172.070007,169.339996,170.009995,168.397125,12954000.00
2017-09-19,170.619995,172.559998,170.360001,172.520004,170.883347,13168600.00
2017-09-20,172.500000,173.050003,170.699997,172.169998,170.536667,12264100.00
2017-09-21,171.690002,172.270004,170.009995,171.110001,169.486694,11161400.00
2017-09-22,170.210007,171.729996,169.220001,170.539993,168.922119,12097100.00
2017-09-25,169.240005,169.300003,161.559998,162.869995,161.324875,41251600.00
2017-09-26,164.500000,165.500000,162.779999,164.210007,162.652191,23363300.00
2017-09-27,165.899994,168.339996,165.570007,167.679993,166.089249,19242500.00
2017-09-28,167.940002,169.070007,167.160004,168.729996,167.129272,12178700.00
2017-09-29,168.830002,171.660004,168.809998,170.869995,169.249008,15340400.00
2017-10-02,171.389999,171.869995,168.750000,169.470001,167.862289,13392300.00
2017-10-03,169.300003,170.729996,169.199997,169.960007,168.347641,8190300.00
2017-10-04,169.830002,170.669998,168.289993,168.419998,166.822220,12127900.00
2017-10-05,169.179993,171.309998,168.600006,171.240005,169.615463,14580600.00
2017-10-06,170.250000,172.369995,169.750000,172.229996,170.596085,13124500.00
2017-10-09,172.699997,174.880005,172.000000,172.500000,170.863495,14570400.00
2017-10-10,173.000000,173.199997,170.800003,171.589996,169.962128,11341100.00
2017-10-11,171.949997,172.779999,171.399994,172.740005,171.101257,11283700.00
2017-10-12,172.610001,173.850006,172.289993,172.550003,170.913071,10351000.00
2017-10-13,173.449997,174.649994,173.199997,173.740005,172.091766,13658300.00
2017-10-16,174.490005,175.000000,174.059998,174.520004,172.864349,11498800.00
2017-10-17,174.710007,176.130005,174.360001,176.110001,174.439285,15990100.00
2017-10-18,176.649994,176.740005,175.750000,176.029999,174.360046,12752400.00
2017-10-19,174.929993,176.029999,172.630005,174.559998,172.903976,14048400.00
2017-10-20,175.500000,175.880005,174.630005,174.979996,173.320007,12602200.00
2017-10-23,175.199997,175.339996,171.250000,171.270004,169.645203,13852700.00
2017-10-24,172.300003,173.240005,171.500000,171.800003,170.170151,12267900.00
2017-10-25,171.899994,172.250000,168.889999,170.600006,168.981552,15868200.00
2017-10-26,171.380005,172.289993,170.389999,170.630005,169.011261,11833100.00
2017-10-27,174.149994,178.210007,173.899994,177.880005,176.192474,30285300.00
2017-10-30,179.259995,180.690002,177.610001,179.869995,178.163620,24353200.00
2017-10-31,180.570007,180.800003,178.940002,180.059998,178.351791,20174200.00
2017-11-01,182.360001,182.899994,180.570007,182.660004,180.927155,40918300.00
2017-11-02,180.630005,181.940002,177.339996,178.919998,177.222626,35529900.00
2017-11-03,179.289993,179.860001,176.710007,178.919998,177.222626,17822100.00
2017-11-06,178.559998,180.449997,178.309998,180.169998,178.460754,13312700.00
2017-11-07,180.500000,180.750000,178.960007,180.250000,178.540009,12928200.00
2017-11-08,179.789993,180.350006,179.110001,179.559998,177.856522,10494100.00
2017-11-09,178.309998,179.399994,177.089996,179.300003,177.599014,12610300.00
2017-11-10,178.350006,179.100006,177.960007,178.460007,176.766968,11070200.00
2017-11-13,177.500000,179.039993,177.300003,178.770004,177.074036,9523400.00
2017-11-14,178.130005,178.970001,177.179993,178.070007,176.380722,9585900.00
2017-11-15,176.660004,178.570007,176.399994,177.949997,176.261810,10253700.00
2017-11-16,178.759995,179.830002,178.500000,179.589996,177.886261,15607600.00
2017-11-17,179.300003,179.979996,178.899994,179.000000,177.301849,13018000.00
2017-11-20,178.869995,179.500000,178.100006,178.740005,177.044312,10052400.00
2017-11-21,179.149994,181.889999,178.990005,181.860001,180.134705,14504000.00
2017-11-22,181.300003,181.729996,180.440002,180.869995,179.154144,10376300.00
2017-11-24,180.399994,183.149994,180.289993,182.779999,181.046005,9426300.00
2017-11-27,182.559998,183.729996,181.990005,183.029999,181.293640,12344500.00
2017-11-28,183.509995,184.250000,182.089996,182.419998,180.689423,14379700.00
2017-11-29,181.889999,181.970001,174.000000,175.130005,173.468582,41933500.00
2017-11-30,176.850006,178.279999,175.199997,177.179993,175.499084,25307600.00
2017-12-01,176.029999,177.479996,172.339996,175.100006,173.438873,20182500.00
2017-12-04,176.289993,176.570007,170.789993,171.470001,169.843292,24459400.00
2017-12-05,170.449997,175.380005,169.009995,172.830002,171.190414,20184900.00
2017-12-06,172.500000,176.770004,171.899994,176.059998,174.389740,20255800.00
2017-12-07,175.800003,180.389999,175.800003,180.139999,178.431030,20404500.00
2017-12-08,181.529999,182.279999,178.740005,179.000000,177.301849,19883800.00
2017-12-11,179.300003,180.220001,178.800003,179.039993,177.341476,13168600.00
2017-12-12,178.600006,179.179993,176.600006,176.960007,175.281235,16854100.00
2017-12-13,177.300003,179.160004,177.250000,178.300003,176.608536,14615700.00
2017-12-14,178.289993,180.360001,177.679993,178.389999,176.697662,13591000.00
2017-12-15,179.020004,180.490005,178.360001,180.179993,178.470657,28463100.00
2017-12-18,181.009995,181.300003,179.750000,180.820007,179.104584,17265400.00
2017-12-19,179.949997,180.080002,178.220001,179.509995,177.807037,14920600.00
2017-12-20,179.809998,179.809998,177.360001,177.889999,176.202408,11860500.00
2017-12-21,177.940002,178.679993,177.050003,177.449997,175.766556,11600700.00
2017-12-22,177.139999,177.529999,176.229996,177.199997,175.518906,8509500.00
2017-12-26,176.630005,177.000000,174.669998,175.990005,174.320419,8897300.00
2017-12-27,176.550003,178.440002,176.259995,177.619995,175.934967,9496100.00
2017-12-28,177.949997,178.940002,177.679993,177.919998,176.232086,12220800.00
2017-12-29,178.000000,178.850006,176.460007,176.460007,174.785965,10261500.00
2018-01-02,177.679993,181.580002,177.550003,181.419998,179.698929,18151900.00
2018-01-03,181.880005,184.779999,181.330002,184.669998,182.918076,16886600.00
2018-01-04,184.899994,186.210007,184.100006,184.330002,182.581299,13880900.00
2018-01-05,185.589996,186.899994,184.929993,186.850006,185.077393,13574500.00
2018-01-08,187.199997,188.899994,186.330002,188.279999,186.493805,17994700.00
2018-01-09,188.699997,188.800003,187.100006,187.869995,186.087692,12393100.00
2018-01-10,186.940002,187.889999,185.630005,187.839996,186.057983,10529900.00
2018-01-11,188.399994,188.399994,187.380005,187.770004,185.988663,9588600.00
2018-01-12,178.059998,181.479996,177.399994,179.369995,177.668365,77551300.00
2018-01-16,181.500000,181.750000,178.039993,178.389999,176.697662,36183800.00
2018-01-17,179.259995,179.320007,175.800003,177.600006,175.915131,27992400.00
2018-01-18,178.130005,180.979996,177.080002,179.800003,178.094284,23304900.00
2018-01-19,180.850006,182.369995,180.169998,181.289993,179.570114,26826500.00
2018-01-22,180.800003,185.389999,180.410004,185.369995,183.611404,21059500.00
2018-01-23,186.050003,189.550003,185.550003,189.350006,187.553665,25678800.00
2018-01-24,189.889999,190.660004,186.520004,186.550003,184.780228,24334500.00
2018-01-25,187.949997,188.619995,186.600006,187.479996,185.701416,17377700.00
2018-01-26,187.750000,190.000000,186.809998,190.000000,188.197510,17759200.00
2018-01-29,188.750000,188.839996,185.630005,185.979996,184.215622,20453200.00
2018-01-30,187.619995,188.179993,181.839996,187.119995,185.344803,20858600.00
2018-01-31,188.369995,189.830002,185.220001,186.889999,185.116989,43275100.00
2018-02-01,188.220001,195.320007,187.889999,193.089996,191.258179,54211300.00
2018-02-02,192.039993,194.210007,189.979996,190.279999,188.474854,26677500.00
2018-02-05,186.929993,190.610001,180.610001,181.259995,179.540405,33128200.00
2018-02-06,178.570007,185.770004,177.740005,185.309998,183.551971,37758500.00
2018-02-07,184.149994,185.080002,179.949997,180.179993,178.470657,27601900.00
2018-02-08,181.009995,181.839996,171.479996,171.580002,169.952255,38478300.00
2018-02-09,174.759995,176.899994,167.179993,176.110001,174.439285,39887600.00
2018-02-12,177.059998,177.550003,171.839996,176.410004,174.736435,32092100.00
2018-02-13,175.619995,175.970001,173.100006,173.149994,171.507355,21809400.00
2018-02-14,173.449997,179.809998,173.210007,179.520004,177.816910,28929700.00
2018-02-15,180.500000,180.500000,176.839996,179.960007,178.252762,20922100.00
2018-02-16,178.990005,179.880005,176.300003,177.360001,175.677429,20645300.00
2018-02-20,175.770004,177.949997,175.110001,176.009995,174.340210,21204900.00
2018-02-21,176.710007,181.270004,176.399994,177.910004,176.222214,23200800.00
2018-02-22,178.699997,180.210007,177.410004,178.990005,177.291946,18464200.00
2018-02-23,179.899994,183.389999,179.509995,183.289993,181.551163,19007300.00
2018-02-26,184.580002,185.660004,183.220001,184.929993,183.175613,17599700.00
2018-02-27,184.449997,184.699997,181.460007,181.460007,179.738525,15849800.00
2018-02-28,182.300003,182.880005,178.139999,178.320007,176.628311,18783000.00
2018-03-01,179.009995,180.119995,174.410004,175.940002,174.270889,23201600.00
2018-03-02,173.289993,177.110001,172.990005,176.619995,174.944443,20025900.00
2018-03-05,176.199997,181.149994,175.889999,180.399994,178.688553,16189300.00
2018-03-06,181.779999,182.380005,179.110001,179.779999,178.074448,15086800.00
2018-03-07,178.740005,183.820007,178.070007,183.710007,181.967178,19097300.00
2018-03-08,183.559998,184.399994,181.449997,182.339996,180.610138,17225900.00
2018-03-09,183.910004,185.509995,183.210007,185.229996,183.472748,18526300.00
2018-03-12,185.229996,186.100006,184.220001,184.759995,183.007233,15301200.00
2018-03-13,185.610001,185.990005,181.110001,181.880005,180.154526,18067500.00
2018-03-14,182.600006,184.250000,181.850006,184.190002,182.442642,16821700.00
2018-03-15,183.240005,184.000000,182.190002,183.860001,182.115753,15614300.00
2018-03-16,184.490005,185.330002,183.410004,185.089996,183.334091,24403400.00
2018-03-19,177.009995,177.169998,170.059998,172.559998,170.922943,88140100.00
2018-03-20,167.470001,170.199997,161.949997,168.149994,166.554810,129851800.00
2018-03-21,164.800003,173.399994,163.300003,169.389999,167.783020,106598800.00
2018-03-22,166.130005,170.270004,163.720001,164.889999,163.325745,73743000.00
2018-03-23,165.440002,166.600006,159.020004,159.389999,157.877884,53609700.00
2018-03-26,160.820007,161.100006,149.020004,160.059998,158.541550,126116600.00
2018-03-27,156.309998,162.850006,150.750000,152.220001,150.775894,79117000.00
2018-03-28,151.649994,155.880005,150.800003,153.029999,151.578247,60029200.00
2018-03-29,155.149994,161.419998,154.139999,159.789993,158.274109,59434300.00
2018-04-02,157.809998,159.199997,154.110001,155.389999,153.915817,36796000.00
2018-04-03,156.550003,157.389999,150.809998,156.110001,154.628998,42543900.00
2018-04-04,152.029999,155.559998,150.509995,155.100006,153.628601,49885600.00
2018-04-05,161.559998,161.570007,156.649994,159.339996,157.828369,41449600.00
2018-04-06,157.729996,161.419998,156.809998,157.199997,155.708649,41644800.00
2018-04-09,157.820007,160.529999,156.039993,157.929993,156.431732,34915200.00
2018-04-10,157.929993,165.979996,157.009995,165.039993,163.474304,57889300.00
2018-04-11,165.360001,168.649994,163.250000,166.320007,164.742172,56144600.00
2018-04-12,166.979996,167.449997,163.100006,163.869995,162.315399,38263000.00
2018-04-13,164.580002,165.699997,163.770004,164.520004,162.959213,19990600.00
2018-04-16,165.720001,165.779999,163.389999,164.830002,163.266296,18119400.00
2018-04-17,165.830002,169.000000,165.660004,168.660004,167.059982,22743000.00
2018-04-18,166.880005,168.119995,165.770004,166.360001,164.781769,20969600.00
2018-04-19,166.199997,168.330002,165.199997,168.100006,166.505280,22235000.00
2018-04-20,167.789993,168.429993,165.809998,166.279999,164.702560,19119400.00
2018-04-23,167.270004,168.449997,165.089996,165.839996,164.266678,23088100.00
2018-04-24,165.429993,166.100006,158.190002,159.690002,158.175049,35079900.00
2018-04-25,160.139999,161.059998,156.190002,159.690002,158.175049,41083600.00
2018-04-26,173.220001,176.270004,170.800003,174.160004,172.507767,77556900.00
2018-04-27,176.809998,177.100006,172.600006,173.589996,171.943176,29804700.00
2018-04-30,173.789993,175.720001,171.710007,172.000000,170.368240,20750500.00
2018-05-01,172.000000,174.020004,170.229996,173.860001,172.210632,26025900.00
2018-05-02,174.250000,178.080002,174.199997,176.070007,174.399673,30424500.00
2018-05-03,175.130005,176.119995,172.119995,174.020004,172.369110,24026100.00
2018-05-04,173.080002,176.979996,173.059998,176.610001,174.934525,17677800.00
2018-05-07,177.350006,179.500000,177.169998,177.970001,176.281647,18697200.00
2018-05-08,178.250000,179.039993,177.110001,178.919998,177.222626,15577200.00
2018-05-09,179.669998,183.009995,178.779999,182.660004,180.927155,23282800.00
2018-05-10,183.149994,186.130005,182.500000,185.529999,183.769928,21071400.00
2018-05-11,184.850006,188.320007,184.179993,186.990005,185.216049,21207800.00
2018-05-14,187.710007,187.860001,186.199997,186.639999,184.869339,15646700.00
2018-05-15,184.880005,185.289993,183.199997,184.320007,182.571365,15429400.00
2018-05-16,183.699997,184.320007,182.660004,183.199997,181.462021,16975500.00
2018-05-17,182.679993,184.059998,182.220001,183.759995,182.016708,14840700.00
2018-05-18,183.490005,184.190002,182.610001,182.679993,180.946930,13130500.00
2018-05-21,183.770004,185.300003,183.130005,184.490005,182.739792,13532900.00
2018-05-22,184.929993,185.419998,183.429993,183.800003,182.056335,12731400.00
2018-05-23,182.500000,186.910004,182.179993,186.899994,185.126892,16628100.00
2018-05-24,185.880005,186.800003,185.029999,185.929993,184.166107,12354700.00
2018-05-25,186.020004,186.330002,184.449997,184.919998,183.165695,10965100.00
2018-05-29,184.339996,186.809998,183.710007,185.740005,183.977936,16398900.00
2018-05-30,186.539993,188.000000,185.250000,187.669998,185.889603,13736900.00
2018-05-31,187.869995,192.720001,187.479996,191.779999,189.960632,30782600.00
2018-06-01,193.070007,194.550003,192.070007,193.990005,192.149673,17307200.00
2018-06-04,191.839996,193.979996,191.470001,193.279999,191.446426,18939800.00
2018-06-05,194.300003,195.000000,192.619995,192.940002,191.109634,15544300.00
2018-06-06,191.029999,192.529999,189.110001,191.339996,189.524811,22558900.00
2018-06-07,190.750000,190.970001,186.770004,188.179993,186.394760,21503200.00
2018-06-08,187.529999,189.479996,186.429993,189.100006,187.306046,12677100.00
2018-06-11,188.809998,192.600006,188.800003,191.539993,189.722870,12928900.00
2018-06-12,192.169998,193.279999,191.559998,192.399994,190.574738,11562700.00
2018-06-13,192.740005,194.500000,191.910004,192.410004,190.584625,15853800.00
2018-06-14,193.100006,197.279999,192.910004,196.809998,194.942886,19120900.00
2018-06-15,195.789993,197.070007,194.639999,195.850006,193.992020,21860900.00
2018-06-18,194.800003,199.580002,194.130005,198.309998,196.428665,16826000.00
2018-06-19,196.240005,197.960007,193.789993,197.490005,195.616455,19994000.00
2018-06-20,199.100006,203.550003,198.809998,202.000000,200.083649,28230900.00
2018-06-21,202.759995,203.389999,200.089996,201.500000,199.588409,19045700.00
2018-06-22,201.160004,202.240005,199.309998,201.740005,199.826126,17420200.00
2018-06-25,200.000000,200.000000,193.110001,196.350006,194.487244,25275100.00
2018-06-26,197.600006,199.100006,196.229996,199.000000,197.112122,17897600.00
2018-06-27,199.179993,200.750000,195.800003,195.839996,193.982101,18734400.00
2018-06-28,195.179993,197.339996,193.259995,196.229996,194.368408,18172400.00
2018-06-29,197.320007,197.600006,193.960007,194.320007,192.476532,15811600.00
2018-07-02,193.369995,197.449997,192.220001,197.360001,195.487686,13961600.00
2018-07-03,194.550003,195.399994,192.520004,192.729996,190.901596,13489500.00
2018-07-05,194.740005,198.649994,194.029999,198.449997,196.567337,19684200.00
2018-07-06,198.449997,203.639999,197.699997,203.229996,201.302002,19740100.00
2018-07-09,204.929993,205.800003,202.119995,204.740005,202.797684,18149400.00
2018-07-10,204.500000,204.910004,202.259995,203.539993,201.609055,13190100.00
2018-07-11,202.220001,204.500000,201.750000,202.539993,200.618500,12927400.00
2018-07-12,203.429993,207.080002,203.190002,206.919998,204.957001,15454700.00
2018-07-13,207.809998,208.429993,206.449997,207.320007,205.353195,11486800.00
2018-07-16,207.500000,208.720001,206.839996,207.229996,205.264038,11078200.00
2018-07-17,204.899994,210.460007,204.839996,209.990005,207.997879,15349900.00
2018-07-18,209.820007,210.990005,208.440002,209.360001,207.373840,15334900.00
2018-07-19,208.770004,209.990005,207.759995,208.089996,206.115875,11350400.00
2018-07-20,208.850006,211.500000,208.500000,209.940002,207.948334,16163900.00
2018-07-23,210.580002,211.619995,208.800003,210.910004,208.909134,16732000.00
2018-07-24,215.110001,216.199997,212.600006,214.669998,212.633469,28468700.00
2018-07-25,215.720001,218.619995,214.270004,217.500000,215.436600,58954200.00
2018-07-26,174.889999,180.130005,173.750000,176.259995,174.587860,169803700.00
2018-07-27,179.869995,179.929993,173.000000,174.889999,173.230865,60073700.00
2018-07-30,175.300003,175.300003,166.559998,171.059998,169.437180,65280800.00
2018-07-31,170.669998,174.240005,170.000000,172.580002,170.942749,40356500.00
2018-08-01,173.929993,175.080002,170.899994,171.649994,170.021576,34042100.00
2018-08-02,170.679993,176.789993,170.270004,176.369995,174.696823,32400000.00
2018-08-03,177.690002,178.850006,176.149994,177.779999,176.093430,24763400.00
2018-08-06,178.970001,185.789993,178.380005,185.690002,183.928391,49716200.00
2018-08-07,186.500000,188.300003,183.720001,183.809998,182.066223,33398600.00
2018-08-08,184.750000,186.850006,183.759995,185.179993,183.423203,22205200.00
2018-08-09,185.850006,186.570007,182.479996,183.089996,181.353058,19732100.00
2018-08-10,182.039993,182.100006,179.419998,180.259995,178.549927,21500400.00
2018-08-13,180.100006,182.610001,178.899994,180.050003,178.341934,17423300.00
2018-08-14,180.710007,181.990005,178.619995,181.110001,179.391830,19102000.00
2018-08-15,179.339996,180.869995,174.779999,179.529999,177.826843,33020200.00
2018-08-16,180.419998,180.500000,174.009995,174.699997,173.042664,31351800.00
2018-08-17,174.500000,176.220001,172.039993,173.800003,172.151184,24893200.00
2018-08-20,174.039993,174.570007,170.910004,172.500000,170.863495,21518000.00
2018-08-21,172.809998,174.169998,171.389999,172.619995,170.982376,19578500.00
2018-08-22,172.210007,174.240005,172.130005,173.639999,171.992691,16894100.00
2018-08-23,173.089996,175.550003,172.830002,172.899994,171.259720,18053600.00
2018-08-24,173.699997,174.820007,172.919998,174.649994,172.993118,14631600.00
2018-08-27,175.990005,178.669998,175.789993,177.460007,175.776489,17921900.00
2018-08-28,178.100006,178.240005,175.830002,176.259995,174.587860,15910700.00
2018-08-29,176.300003,176.789993,174.750000,175.899994,174.231247,18494100.00
2018-08-30,175.899994,179.789993,175.699997,177.639999,175.954773,24216500.00
2018-08-31,177.149994,177.619995,174.979996,175.729996,174.062897,18065200.00
2018-09-04,173.500000,173.889999,168.800003,171.160004,169.536224,29809000.00
2018-09-05,169.490005,171.130005,166.669998,167.179993,165.593979,31226700.00
2018-09-06,166.979996,166.979996,160.000000,162.529999,160.988083,41514800.00
2018-09-07,160.309998,164.630005,160.160004,163.039993,161.493256,24300600.00
2018-09-10,163.509995,165.009995,162.160004,164.179993,162.622421,20197700.00
2018-09-11,163.940002,167.190002,163.720001,165.940002,164.365784,20457100.00
2018-09-12,163.250000,164.490005,161.800003,162.000000,160.463165,24078100.00
2018-09-13,162.000000,163.320007,160.860001,161.360001,159.829208,25453800.00
2018-09-14,161.720001,162.839996,160.339996,162.320007,160.780136,21770400.00
2018-09-17,161.919998,162.059998,159.770004,160.580002,159.056595,21005300.00
2018-09-18,159.389999,161.759995,158.869995,160.300003,158.779282,22465200.00
2018-09-19,160.080002,163.440002,159.479996,163.059998,161.513077,19629000.00
2018-09-20,164.500000,166.449997,164.470001,166.020004,164.445023,18936000.00
2018-09-21,166.639999,167.250000,162.809998,162.929993,161.384293,45994800.00
2018-09-24,161.029999,165.699997,160.880005,165.410004,163.840790,19222800.00
2018-09-25,161.990005,165.589996,161.149994,164.910004,163.345535,27622800.00
2018-09-26,164.300003,169.300003,164.210007,166.949997,165.366150,25252200.00
2018-09-27,167.550003,171.770004,167.210007,168.839996,167.238220,27266900.00
2018-09-28,168.330002,168.789993,162.559998,164.460007,162.899811,34265600.00
2018-10-01,163.029999,165.880005,161.259995,162.440002,160.898956,26407700.00
2018-10-02,161.580002,162.279999,158.669998,159.330002,157.818451,36031000.00
2018-10-03,160.000000,163.660004,159.529999,162.429993,160.889038,23109500.00
2018-10-04,161.460007,161.460007,157.350006,158.850006,157.343018,25739600.00
2018-10-05,159.210007,160.899994,156.199997,157.330002,155.837433,25744000.00
2018-10-08,155.539993,158.339996,154.389999,157.250000,155.758194,24046000.00
2018-10-09,157.690002,160.589996,157.419998,157.899994,156.402023,18844400.00
2018-10-10,156.820007,157.690002,151.309998,151.380005,149.943878,30610000.00
2018-10-11,150.130005,154.809998,149.160004,153.350006,151.895233,35338900.00
2018-10-12,156.729996,156.889999,151.300003,153.740005,152.281479,25293500.00
2018-10-15,153.320007,155.570007,152.550003,153.520004,152.063583,15433500.00
2018-10-16,155.399994,159.460007,155.009995,158.779999,157.273682,19180100.00
2018-10-17,159.559998,160.490005,157.949997,159.419998,157.907578,17592000.00
2018-10-18,158.509995,158.660004,153.279999,154.919998,153.450333,21675100.00
2018-10-19,155.860001,157.350006,153.550003,154.050003,152.588562,19761300.00
2018-10-22,154.759995,157.339996,154.460007,154.779999,153.311630,15424700.00
2018-10-23,151.220001,154.770004,150.850006,154.389999,152.925354,19095000.00
2018-10-24,154.279999,154.649994,145.600006,146.039993,144.654526,27744600.00
2018-10-25,147.729996,152.210007,147.000000,150.949997,149.517960,22105700.00
2018-10-26,145.820007,149.000000,143.800003,145.369995,143.990906,31303300.00
2018-10-29,148.500000,148.830002,139.029999,142.089996,140.742035,31336800.00
2018-10-30,139.940002,146.639999,139.740005,146.220001,144.832840,50528300.00
2018-10-31,155.000000,156.399994,148.960007,151.789993,150.349991,60101300.00
2018-11-01,151.520004,152.750000,149.350006,151.750000,150.310394,25640800.00
2018-11-02,151.800003,154.130005,148.960007,150.350006,148.923660,24708700.00
2018-11-05,150.100006,150.190002,147.440002,148.679993,147.269470,15971200.00
2018-11-06,149.309998,150.970001,148.000000,149.940002,148.517563,16667100.00
2018-11-07,151.570007,153.009995,149.830002,151.529999,150.092468,21877400.00
2018-11-08,150.490005,150.940002,146.740005,147.869995,146.467178,24145800.00
2018-11-09,146.750000,147.759995,144.070007,144.960007,143.584793,17326900.00
2018-11-12,144.479996,145.039993,140.490005,141.550003,140.207153,18542100.00
2018-11-13,142.000000,144.880005,141.619995,142.160004,140.811356,15141700.00
2018-11-14,143.699997,145.580002,141.550003,144.220001,142.851822,22068400.00
2018-11-15,142.330002,144.839996,140.830002,143.850006,142.485306,30320300.00
2018-11-16,141.070007,141.770004,137.770004,139.529999,138.206299,37250600.00
2018-11-19,137.610001,137.750000,131.210007,131.550003,130.302017,44362700.00
2018-11-20,127.029999,134.160004,126.849998,132.429993,131.173660,41939500.00
2018-11-21,134.399994,137.190002,134.130005,134.820007,133.540985,25469700.00
2018-11-23,133.649994,134.500000,131.259995,131.729996,130.480301,11886100.00
2018-11-26,133.000000,137.000000,132.779999,136.380005,135.086182,24263600.00
2018-11-27,135.750000,136.610001,133.710007,135.000000,133.719299,20750300.00
2018-11-28,136.279999,136.789993,131.850006,136.759995,135.462585,29847500.00
2018-11-29,135.919998,139.990005,135.660004,138.679993,137.364380,24238700.00
2018-11-30,138.259995,140.970001,137.360001,140.610001,139.276047,25732600.00
2018-12-03,143.000000,143.679993,140.759995,141.089996,139.751511,24819200.00
2018-12-04,140.729996,143.389999,137.160004,137.929993,136.621475,30307400.00
2018-12-06,133.820007,139.699997,133.669998,139.630005,138.305359,28218100.00
2018-12-07,139.250000,140.869995,136.660004,137.419998,136.116333,21195500.00
2018-12-10,139.600006,143.050003,139.009995,141.850006,140.504303,26422200.00
2018-12-11,143.880005,143.880005,141.100006,142.080002,140.732117,20300300.00
2018-12-12,143.080002,147.190002,142.509995,144.500000,143.129150,23696900.00
2018-12-13,145.570007,145.850006,143.190002,145.009995,143.634308,18148600.00
2018-12-14,143.339996,146.009995,142.509995,144.059998,142.693314,21785800.00
2018-12-17,143.080002,144.919998,138.419998,140.190002,138.860062,24334000.00
2018-12-18,141.080002,145.929993,139.830002,143.660004,142.297104,24709100.00
2018-12-19,141.210007,144.910004,132.500000,133.240005,131.975983,57404900.00
2018-12-20,130.699997,135.570007,130.000000,133.399994,132.134460,40297900.00
2018-12-21,133.389999,134.899994,123.419998,124.949997,123.764633,56901500.00
2018-12-24,123.099998,129.740005,123.019997,124.059998,122.883049,22066000.00
2018-12-26,126.000000,134.240005,125.889999,134.179993,132.907089,39723400.00
2018-12-27,132.440002,134.990005,129.669998,134.520004,133.243866,31202500.00
2018-12-28,135.339996,135.919998,132.199997,133.199997,131.936356,22627600.00
2018-12-31,134.449997,134.639999,129.949997,131.089996,129.846359,24625300.00
2019-01-02,128.990005,137.509995,128.559998,135.679993,134.392807,28146200.00
2019-01-03,134.690002,137.169998,131.119995,131.740005,130.490189,22717900.00
2019-01-04,134.009995,138.000000,133.750000,137.949997,136.641281,29002100.00
2019-01-07,137.559998,138.869995,135.910004,138.050003,136.740372,20089300.00
2019-01-08,139.889999,143.139999,139.539993,142.529999,141.177826,26263800.00
2019-01-09,142.949997,144.699997,141.270004,144.229996,142.861679,22205900.00
2019-01-10,143.080002,144.559998,140.839996,144.199997,142.832016,16125000.00
2019-01-11,143.149994,145.360001,142.570007,143.800003,142.435791,12908000.00
2019-01-14,142.000000,146.570007,141.270004,145.389999,144.010696,20520300.00
2019-01-15,146.009995,150.679993,145.990005,148.949997,147.536911,24069000.00
2019-01-16,149.000000,149.649994,147.000000,147.539993,146.140320,18025700.00
2019-01-17,146.949997,149.000000,146.500000,148.300003,146.893112,15787900.00
2019-01-18,149.750000,152.429993,148.550003,150.039993,148.616592,31029600.00
2019-01-22,149.199997,151.529999,146.369995,147.570007,146.170044,22378700.00
2019-01-23,148.279999,148.800003,143.059998,144.300003,142.931076,20098400.00
2019-01-24,144.639999,146.440002,142.520004,145.830002,144.446548,20955500.00
2019-01-25,147.479996,149.830002,146.539993,149.009995,147.596344,22237200.00
2019-01-28,148.050003,148.960007,146.210007,147.470001,146.070999,15508500.00
2019-01-29,148.089996,148.100006,143.429993,144.190002,142.822083,17632100.00
2019-01-30,146.220001,150.949997,145.699997,150.419998,148.992966,44613200.00
2019-01-31,165.600006,171.679993,165.000000,166.690002,165.108643,77233600.00
2019-02-01,165.839996,169.100006,165.660004,165.710007,164.137955,30806500.00
2019-02-04,165.699997,169.300003,163.619995,169.250000,167.644363,20036000.00
2019-02-05,169.149994,171.979996,168.690002,171.160004,169.536240,22557000.00
2019-02-06,171.199997,172.470001,169.270004,170.490005,168.872589,13281200.00
2019-02-07,168.199997,169.240005,165.250000,166.380005,164.801575,17517600.00
2019-02-08,164.470001,167.369995,164.210007,167.330002,165.742584,12561400.00
2019-02-11,167.899994,168.300003,165.080002,165.789993,164.217178,12811200.00
2019-02-12,166.860001,168.339996,164.500000,165.039993,163.474274,16292300.00
2019-02-13,165.380005,166.220001,163.729996,164.070007,162.513504,14205100.00
2019-02-14,163.190002,164.869995,162.250000,163.949997,162.394638,12755200.00
2019-02-15,164.509995,164.699997,160.860001,162.500000,160.958389,15504400.00
2019-02-19,160.500000,164.149994,160.330002,162.289993,160.750397,14345400.00
2019-02-20,162.250000,163.720001,161.250000,162.559998,161.017822,11770700.00
2019-02-21,161.929993,162.240005,159.589996,160.039993,158.521744,15607800.00
2019-02-22,160.580002,162.410004,160.309998,161.889999,160.354156,15858500.00
2019-02-25,163.070007,166.070007,162.899994,164.619995,163.058289,18737100.00
2019-02-26,164.339996,166.240005,163.800003,164.130005,162.572937,13784100.00
2019-02-27,162.899994,163.929993,160.410004,162.809998,161.265442,12697500.00
2019-02-28,162.369995,163.500000,160.860001,161.449997,159.918365,11114200.00
2019-03-01,162.600006,163.130005,161.690002,162.279999,160.740463,11097800.00
2019-03-04,163.899994,167.500000,163.830002,167.369995,165.782196,18894700.00
2019-03-05,167.369995,171.880005,166.550003,171.259995,169.635284,28187900.00
2019-03-06,172.899994,173.570007,171.270004,172.509995,170.873444,21531700.00
2019-03-07,171.500000,171.740005,167.610001,169.130005,167.525497,18306500.00
2019-03-08,166.199997,169.619995,165.970001,169.600006,167.991028,13184800.00
2019-03-11,171.600006,174.300003,171.580002,172.070007,170.437607,18884000.00
2019-03-12,172.089996,173.800003,171.220001,171.919998,170.289047,12155300.00
2019-03-13,172.320007,174.029999,172.119995,173.369995,171.725250,11973300.00
2019-03-14,169.759995,171.149994,168.160004,170.169998,168.555618,18037400.00
2019-03-15,167.160004,167.580002,162.509995,165.979996,164.405365,37135400.00
2019-03-18,163.570007,163.899994,159.279999,160.470001,158.947647,37524200.00
2019-03-19,161.479996,163.820007,160.820007,161.570007,160.037216,25611500.00
2019-03-20,161.500000,166.119995,161.240005,165.440002,163.870499,20211500.00
2019-03-21,164.889999,166.389999,163.750000,166.080002,164.504425,16223000.00
2019-03-22,165.649994,167.419998,164.089996,164.339996,162.780945,16389200.00
2019-03-25,163.000000,166.539993,162.000000,166.289993,164.712433,12631200.00
2019-03-26,167.350006,169.449997,166.350006,167.679993,166.089249,15437900.00
2019-03-27,167.850006,168.940002,164.789993,165.869995,164.296448,10620300.00
2019-03-28,164.570007,166.720001,163.330002,165.550003,163.979462,10443000.00
2019-03-29,166.389999,167.190002,164.809998,166.690002,165.108643,13455500.00
2019-04-01,167.830002,168.899994,167.279999,168.699997,167.099579,10381500.00
2019-04-02,170.139999,174.899994,169.550003,174.199997,172.547409,23946500.00
2019-04-03,174.500000,177.960007,172.949997,173.539993,171.893677,27391100.00
2019-04-04,176.020004,178.000000,175.529999,176.020004,174.350143,17847700.00
2019-04-05,176.880005,177.000000,175.100006,175.720001,174.052979,9594100.00
2019-04-08,175.210007,175.500000,174.229996,174.929993,173.270477,7297400.00
2019-04-09,175.619995,179.190002,175.550003,177.580002,175.895325,19751000.00
2019-04-10,178.179993,178.789993,176.539993,177.820007,176.133026,11701500.00
2019-04-11,178.240005,178.399994,177.000000,177.509995,175.825958,8071000.00
2019-04-12,178.000000,179.630005,177.949997,179.100006,177.400940,12329800.00
2019-04-15,178.500000,180.500000,176.869995,179.649994,177.945724,10834800.00
2019-04-16,179.000000,180.169998,178.300003,178.869995,177.173096,11215200.00
2019-04-17,179.600006,180.740005,178.360001,178.779999,177.083954,9973700.00
2019-04-18,178.800003,178.880005,177.339996,178.279999,176.588730,11655600.00
2019-04-22,178.250000,181.669998,178.250000,181.440002,179.718689,13389900.00
2019-04-23,182.740005,184.220001,181.479996,183.779999,182.036514,19954800.00
2019-04-24,184.490005,185.139999,181.649994,182.580002,180.847885,37289900.00
2019-04-25,196.979996,198.479996,192.119995,193.259995,191.426559,54148800.00
2019-04-26,192.500000,192.899994,189.089996,191.490005,189.673401,22075000.00
2019-04-29,190.949997,195.410004,190.649994,194.779999,192.932114,19641300.00
2019-04-30,194.190002,197.389999,192.279999,193.399994,191.565262,23494700.00
2019-05-01,194.779999,196.179993,193.009995,193.029999,191.198746,15996600.00
2019-05-02,193.000000,194.000000,189.750000,192.529999,190.703491,13209500.00
2019-05-03,194.380005,196.160004,193.710007,195.470001,193.615631,14575400.00
2019-05-06,191.240005,194.279999,190.550003,193.880005,192.040726,13994900.00
2019-05-07,192.539993,192.899994,187.850006,189.770004,187.969696,16253000.00
2019-05-08,189.389999,190.720001,188.550003,189.539993,187.741867,12505700.00
2019-05-09,187.199997,189.770004,186.259995,188.649994,186.860306,12967000.00
2019-05-10,188.250000,190.000000,184.589996,188.339996,186.553253,12578500.00
2019-05-13,183.500000,185.429993,180.839996,181.539993,179.817749,16833300.00
2019-05-14,182.520004,183.490005,178.100006,180.729996,179.015427,17628100.00
2019-05-15,180.419998,187.279999,180.020004,186.270004,184.502899,16746900.00
2019-05-16,185.050003,188.580002,185.050003,186.990005,185.216080,12953100.00
2019-05-17,184.839996,187.580002,184.279999,185.300003,183.542099,10485400.00
2019-05-20,181.880005,184.229996,181.369995,182.720001,180.986557,10352000.00
2019-05-21,184.570007,185.699997,183.889999,184.820007,183.066666,7502800.00
2019-05-22,184.729996,186.740005,183.610001,185.320007,183.561890,9213800.00
2019-05-23,182.419998,183.899994,179.669998,180.869995,179.154129,12768800.00
2019-05-24,182.330002,183.630005,180.830002,181.059998,179.342316,8807700.00
2019-05-28,181.539993,184.710007,181.449997,184.309998,182.561462,14843300.00
2019-05-29,183.500000,184.559998,181.350006,182.190002,180.461594,12797700.00
2019-05-30,183.080002,183.479996,180.889999,183.009995,181.273804,8581500.00
2019-05-31,180.279999,180.539993,177.160004,177.470001,175.786392,15226500.00
2019-06-03,175.000000,175.050003,161.009995,164.149994,162.592712,56059600.00
2019-06-04,163.710007,168.279999,160.839996,167.500000,165.910965,46044300.00
2019-06-05,167.479996,168.720001,164.630005,168.169998,166.574600,19758300.00
2019-06-06,168.300003,169.699997,167.229996,168.330002,166.733063,12446400.00
2019-06-07,170.169998,173.869995,168.839996,173.350006,171.705460,16917300.00
2019-06-10,174.750000,177.860001,173.800003,174.820007,173.161499,14767900.00
2019-06-11,178.479996,179.979996,176.789993,178.100006,176.410385,15266600.00
2019-06-12,178.380005,179.270004,172.880005,175.039993,173.379425,17699800.00
2019-06-13,175.529999,178.029999,174.610001,177.470001,175.786392,12253600.00
2019-06-14,180.509995,181.839996,180.000000,181.330002,179.609741,16773700.00
2019-06-17,185.009995,189.500000,184.410004,189.009995,187.216904,29459900.00
2019-06-18,194.000000,194.529999,187.279999,188.470001,186.682022,37571400.00
2019-06-19,187.000000,188.100006,184.550003,187.479996,185.701416,21417100.00
2019-06-20,190.949997,191.160004,187.639999,189.529999,187.731949,14635700.00
2019-06-21,188.750000,192.000000,188.750000,191.139999,189.326691,22751200.00
2019-06-24,192.419998,193.979996,191.570007,192.600006,190.772858,15509000.00
2019-06-25,192.880005,193.139999,188.130005,188.839996,187.048508,16750300.00
2019-06-26,189.539993,190.759995,187.309998,187.660004,185.879700,12808600.00
2019-06-27,189.880005,198.880005,188.270004,189.500000,187.702240,11159000.00
2019-06-28,190.550003,193.199997,189.940002,193.000000,191.169052,16378900.00
2019-07-01,195.210007,195.279999,191.929993,193.000000,191.169052,14181800.00
2019-07-02,193.000000,195.000000,192.710007,195.000000,193.150070,9050000.00
2019-07-03,194.160004,197.399994,194.160004,197.199997,195.329178,10246100.00
2019-07-05,196.179993,197.070007,194.169998,196.399994,194.536774,11164100.00
2019-07-08,195.190002,196.679993,193.639999,195.759995,193.902847,9723900.00
2019-07-09,194.970001,199.460007,194.889999,199.210007,197.320145,14698600.00
2019-07-10,200.000000,202.960007,199.669998,202.729996,200.806732,20571700.00
2019-07-11,203.259995,203.800003,200.210007,201.229996,199.320953,13678500.00
2019-07-12,199.679993,205.300003,199.160004,204.869995,202.926422,15366300.00
2019-07-15,204.250000,205.330002,201.820007,203.910004,201.975540,16030300.00
2019-07-16,203.889999,205.470001,203.100006,203.839996,201.906204,12132700.00
2019-07-17,204.179993,204.360001,201.589996,201.800003,199.885574,12083700.00
2019-07-18,200.149994,202.470001,199.380005,200.779999,198.875214,11937900.00
2019-07-19,202.179993,202.330002,198.070007,198.360001,196.478165,12098300.00
2019-07-22,199.910004,202.570007,198.809998,202.320007,200.400620,13589000.00
2019-07-23,202.839996,204.240005,200.960007,202.360001,200.440247,14583700.00
2019-07-24,197.630005,204.809998,197.220001,204.660004,202.718399,32532500.00
2019-07-25,206.699997,208.660004,198.259995,200.710007,198.805908,39889900.00
2019-07-26,200.190002,202.880005,196.250000,199.750000,197.855011,24434000.00
2019-07-29,199.000000,199.630005,195.300003,195.940002,194.081146,16530800.00
2019-07-30,195.389999,198.710007,193.500000,197.039993,195.170700,11903600.00
2019-07-31,196.949997,198.759995,192.679993,194.229996,192.387390,14593500.00
2019-08-01,194.169998,198.470001,190.880005,192.729996,190.901581,17777000.00
2019-08-02,191.100006,192.619995,188.070007,189.020004,187.226822,15297000.00
2019-08-05,184.690002,185.669998,179.339996,181.729996,180.005951,23086700.00
2019-08-06,183.690002,185.789993,183.089996,184.509995,182.759598,18035700.00
2019-08-07,183.600006,186.369995,181.220001,185.149994,183.393494,15833200.00
2019-08-08,186.619995,190.339996,184.050003,190.160004,188.355972,14828900.00
2019-08-09,190.000000,190.979996,187.119995,187.850006,186.067902,11058800.00
2019-08-12,186.850006,187.589996,184.460007,185.369995,183.611435,10930900.00
2019-08-13,185.520004,191.380005,185.369995,188.449997,186.662201,13577000.00
2019-08-14,185.800003,185.990005,179.309998,179.710007,178.005127,18903700.00
2019-08-15,180.949997,183.199997,180.029999,182.589996,180.857819,12925900.00
2019-08-16,183.750000,185.100006,182.360001,183.699997,181.957260,12654600.00
2019-08-19,186.009995,187.500000,184.850006,186.169998,184.403824,9691200.00
2019-08-20,185.449997,186.000000,182.389999,183.809998,182.066208,10083400.00
2019-08-21,185.000000,185.899994,183.139999,183.550003,181.808685,8398200.00
2019-08-22,183.429993,184.110001,179.910004,182.039993,180.313004,10821400.00
2019-08-23,180.839996,183.130005,176.660004,177.750000,176.063705,17323400.00
2019-08-26,179.399994,180.500000,178.240005,180.360001,178.648926,8773600.00
2019-08-27,181.929993,184.039993,181.009995,181.300003,179.580017,14399600.00
2019-08-28,180.529999,181.949997,178.919998,181.759995,180.035690,9386100.00
2019-08-29,183.770004,186.080002,183.470001,185.570007,183.809525,10128700.00
2019-08-30,186.779999,186.800003,183.460007,185.669998,183.908600,10774500.00
2019-09-03,184.000000,185.669998,182.110001,182.389999,180.659683,9779400.00
2019-09-04,184.649994,187.750000,183.889999,187.139999,185.364624,11308000.00
2019-09-05,188.529999,191.360001,187.940002,190.899994,189.088959,13876700.00
2019-09-06,190.210007,190.210007,186.350006,187.490005,185.711319,15226800.00
2019-09-09,187.729996,188.979996,185.850006,188.759995,186.969269,14722400.00
2019-09-10,187.440002,188.100006,184.550003,186.169998,184.403824,15455900.00
2019-09-11,186.460007,189.440002,186.080002,188.490005,186.701843,11761700.00
2019-09-12,189.860001,190.929993,187.229996,187.470001,185.691483,11419800.00
2019-09-13,187.330002,187.970001,186.539993,187.190002,185.414154,11441100.00
2019-09-16,186.929993,187.789993,185.770004,186.220001,184.453384,8444800.00
2019-09-17,186.660004,188.320007,185.539993,188.080002,186.295731,9671100.00
2019-09-18,188.089996,189.080002,186.009995,188.139999,186.355164,9681900.00
2019-09-19,188.660004,191.100006,188.149994,190.139999,188.336151,10392700.00
2019-09-20,190.660004,193.100006,188.119995,189.929993,188.128143,19934200.00
2019-09-23,189.339996,190.100006,185.210007,186.820007,185.047653,13327600.00
2019-09-24,187.979996,188.039993,180.389999,181.279999,179.560226,18546600.00
2019-09-25,181.449997,183.419998,177.869995,182.800003,181.065811,18068300.00
2019-09-26,181.330002,181.399994,177.669998,180.110001,178.401352,16083300.00
2019-09-27,180.490005,180.759995,175.660004,177.100006,175.419876,14656200.00
2019-09-30,177.869995,178.669998,176.850006,178.080002,176.390579,10740000.00
2019-10-01,179.149994,179.839996,174.880005,175.809998,174.142120,17073000.00
2019-10-02,174.839996,176.529999,173.089996,174.600006,172.943619,16151700.00
2019-10-03,175.570007,179.839996,173.630005,179.380005,177.678253,16086300.00
2019-10-04,179.550003,180.979996,178.100006,180.449997,178.738113,10430200.00
2019-10-07,180.000000,181.179993,178.089996,179.679993,177.975388,9178300.00
2019-10-08,178.259995,180.369995,177.720001,177.750000,176.063705,9466900.00
2019-10-09,179.160004,180.720001,177.940002,179.850006,178.143784,7556900.00
2019-10-10,180.320007,181.610001,179.169998,180.029999,178.322083,8605000.00
2019-10-11,182.149994,186.490005,182.139999,184.190002,182.442627,14930500.00
2019-10-14,184.199997,184.619995,182.570007,183.279999,181.541275,7006000.00
2019-10-15,183.800003,190.380005,183.660004,188.889999,187.098038,15039100.00
2019-10-16,188.320007,189.699997,186.899994,189.550003,187.751755,10516900.00
2019-10-17,190.300003,190.839996,188.770004,190.389999,188.583801,9603000.00
2019-10-18,190.229996,191.490005,183.919998,185.850006,184.086899,16874200.00
2019-10-21,187.039993,189.910004,186.750000,189.759995,187.959778,8122600.00
2019-10-22,190.000000,190.649994,181.500000,182.339996,180.610184,19537600.00
2019-10-23,182.009995,186.380005,182.000000,186.149994,184.384033,12300400.00
2019-10-24,184.619995,186.729996,182.800003,186.380005,184.611847,11413500.00
2019-10-25,185.830002,189.000000,185.089996,187.889999,186.107498,8061200.00
2019-10-28,187.199997,189.529999,185.080002,189.399994,187.603195,13657900.00
2019-10-29,191.690002,192.529999,188.470001,189.309998,187.514053,13574900.00
2019-10-30,189.559998,190.449997,185.979996,188.250000,186.464111,28734600.00
2019-10-31,196.699997,198.089996,188.250000,191.649994,189.831894,42286500.00
2019-11-01,192.850006,194.110001,189.910004,193.619995,191.783157,21711800.00
2019-11-04,194.550003,197.369995,193.809998,194.720001,192.872757,16371300.00
2019-11-05,195.369995,195.750000,193.600006,194.320007,192.476517,9942000.00
2019-11-06,194.029999,194.369995,191.350006,191.550003,189.732788,10973000.00
2019-11-07,191.910004,193.440002,189.470001,190.419998,188.613541,13473000.00
2019-11-08,190.000000,192.339996,189.699997,190.839996,189.029510,10760800.00
2019-11-11,189.929993,190.080002,188.539993,189.610001,187.811188,8631200.00
2019-11-12,190.000000,195.059998,189.740005,194.470001,192.625107,17615500.00
2019-11-13,194.699997,195.699997,192.740005,193.190002,191.357239,10860700.00
2019-11-14,192.929993,194.029999,191.449997,193.149994,191.317642,9040500.00
2019-11-15,194.259995,195.300003,193.380005,195.100006,193.249115,11524300.00
2019-11-18,194.559998,198.630005,193.050003,197.399994,195.527283,16167200.00
2019-11-19,197.399994,200.000000,196.860001,199.320007,197.429108,19056800.00
2019-11-20,198.580002,199.589996,195.429993,197.509995,195.636261,12355400.00
2019-11-21,197.419998,199.089996,196.860001,197.929993,196.052261,12131000.00
2019-11-22,198.380005,199.300003,197.619995,198.820007,196.933838,9959800.00
2019-11-25,199.520004,200.970001,199.250000,199.789993,197.894623,15272300.00
2019-11-26,200.000000,200.149994,198.039993,198.970001,197.082413,11735500.00
2019-11-27,199.899994,203.139999,199.419998,202.000000,200.083664,12736600.00
2019-11-29,201.600006,203.800003,201.210007,201.639999,199.727112,7985200.00
2019-12-02,202.130005,202.179993,198.050003,199.699997,197.805466,11503400.00
2019-12-03,197.600006,198.929993,195.080002,198.820007,196.933838,11595300.00
2019-12-04,200.000000,200.029999,198.050003,198.710007,196.824860,8456300.00
2019-12-05,199.860001,201.289993,198.210007,199.360001,197.468689,9740400.00
2019-12-06,200.500000,201.570007,200.059998,201.050003,199.142685,12270600.00
2019-12-09,200.649994,203.139999,200.210007,201.339996,199.429901,11954800.00
2019-12-10,201.660004,202.050003,200.149994,200.869995,198.964371,9475700.00
2019-12-11,200.279999,202.630005,200.279999,202.259995,200.341202,8036800.00
2019-12-12,202.350006,203.660004,194.100006,196.750000,194.883499,23734800.00
2019-12-13,196.399994,196.800003,193.169998,194.110001,192.268524,18798000.00
2019-12-16,195.270004,199.119995,194.809998,197.919998,196.042374,14911500.00
2019-12-17,198.839996,199.000000,196.130005,198.389999,196.507904,10175700.00
2019-12-18,200.089996,204.300003,200.089996,202.500000,200.578903,23274400.00
2019-12-19,202.779999,206.300003,202.509995,206.059998,204.105148,16514600.00
2019-12-20,207.479996,207.710007,203.429993,206.300003,204.342865,27306900.00
2019-12-23,206.699997,208.589996,205.679993,206.179993,204.223969,13348900.00
2019-12-24,206.300003,206.789993,205.000000,205.119995,203.174057,6046300.00
2019-12-26,205.570007,207.820007,205.309998,207.789993,205.818726,9350700.00
2019-12-27,208.669998,208.929993,206.589996,208.100006,206.125793,10284200.00
2019-12-30,207.860001,207.899994,203.899994,204.410004,202.470810,10524300.00
2019-12-31,204.000000,205.559998,203.600006,205.250000,203.302826,8953500.00
2020-01-02,206.750000,209.789993,206.270004,209.779999,207.789856,12077100.00
2020-01-03,207.210007,210.399994,206.949997,208.669998,206.690353,11188400.00
2020-01-06,206.699997,212.779999,206.520004,212.600006,210.583115,17058900.00
2020-01-07,212.820007,214.580002,211.750000,213.059998,211.038742,14912400.00
2020-01-08,213.000000,216.240005,212.610001,215.220001,213.178238,13475000.00
2020-01-09,217.539993,218.380005,216.279999,218.300003,216.229050,12642800.00
2020-01-10,219.199997,219.880005,217.419998,218.059998,215.991318,12119400.00
2020-01-13,219.600006,221.970001,219.210007,221.910004,219.804764,14463400.00
2020-01-14,221.610001,222.380005,218.630005,219.059998,216.981812,13288900.00
2020-01-15,220.610001,221.679993,220.139999,221.149994,219.051971,10036500.00
2020-01-16,222.570007,222.630005,220.389999,221.770004,219.666092,10015300.00
2020-01-17,222.029999,222.289993,220.529999,222.139999,220.032593,15905900.00
2020-01-21,222.160004,222.369995,219.119995,221.440002,219.339264,14275800.00
2020-01-22,222.309998,222.750000,221.279999,221.320007,219.220367,12212800.00
2020-01-23,220.750000,221.490005,219.270004,219.759995,217.675171,11195000.00
2020-01-24,220.800003,221.779999,216.110001,217.940002,215.872467,11905800.00
2020-01-27,213.100006,216.059998,212.500000,214.869995,212.831573,13810700.00
2020-01-28,216.139999,218.740005,213.520004,217.789993,215.723862,13413800.00
2020-01-29,221.440002,224.199997,218.449997,223.229996,221.112244,33181300.00
2020-01-30,206.529999,211.429993,204.750000,209.529999,207.542236,48775500.00
2020-01-31,208.429993,208.690002,201.059998,201.910004,199.994507,31359900.00
2020-02-03,203.440002,205.139999,202.500000,204.190002,202.252884,15495600.00
2020-02-04,206.619995,210.600006,205.199997,209.830002,207.839355,19628900.00
2020-02-05,212.509995,212.729996,208.710007,210.110001,208.116730,12538200.00
2020-02-06,210.470001,211.190002,209.339996,210.850006,208.849701,10567500.00
2020-02-07,210.300003,212.820007,209.929993,212.330002,210.315643,12242500.00
2020-02-10,211.520004,213.800003,210.660004,213.059998,211.038742,11856400.00
2020-02-11,210.190002,210.860001,206.509995,207.190002,205.224426,25030800.00
2020-02-12,207.850006,211.220001,207.399994,210.759995,208.760529,13813700.00
2020-02-13,209.520004,214.330002,209.179993,213.139999,211.117981,15396600.00
2020-02-14,214.000000,214.929993,212.649994,214.179993,212.148102,10741700.00
2020-02-18,213.550003,217.979996,213.399994,217.800003,215.733749,15609200.00
2020-02-19,217.990005,218.320007,216.110001,217.490005,215.426727,12135100.00
2020-02-20,216.520004,218.770004,212.949997,214.580002,212.544312,13109200.00
2020-02-21,213.479996,214.240005,208.830002,210.179993,208.186066,14092300.00
2020-02-24,201.800003,203.649994,198.169998,200.720001,198.815826,23080100.00
2020-02-25,202.250000,203.500000,195.949997,196.770004,194.903320,21433500.00
2020-02-26,197.190002,201.210007,195.490005,197.199997,195.329178,16524500.00
2020-02-27,191.820007,195.880005,189.500000,189.750000,187.949875,21682600.00
2020-02-28,182.699997,192.740005,181.820007,192.470001,190.644089,32568900.00
2020-03-02,194.029999,196.570007,188.850006,196.440002,194.576385,24949000.00
2020-03-03,196.220001,197.240005,183.970001,185.889999,184.126495,27984100.00
2020-03-04,189.169998,191.830002,186.389999,191.759995,189.940796,23062500.00
2020-03-05,186.779999,188.990005,183.889999,185.169998,183.413330,19333400.00
2020-03-06,178.330002,183.779999,176.259995,181.089996,179.372040,24559600.00
2020-03-09,169.600006,175.000000,165.190002,169.500000,167.891998,29949000.00
2020-03-10,174.669998,178.289993,169.500000,178.190002,176.499527,24517800.00
2020-03-11,174.009995,175.880005,167.660004,170.240005,168.624954,20373900.00
2020-03-12,159.539993,166.600006,154.339996,154.470001,153.004578,43266300.00
2020-03-13,163.529999,170.789993,157.600006,170.279999,168.664581,35028600.00
2020-03-16,152.320007,159.130005,143.100006,146.009995,144.624832,39120400.00
2020-03-17,150.740005,153.940002,140.000000,149.419998,148.002472,34255600.00
2020-03-18,139.750000,148.179993,137.100006,146.960007,145.565826,37553100.00
2020-03-19,146.619995,159.929993,144.800003,153.130005,151.677277,39862300.00
2020-03-20,156.020004,159.270004,148.000000,149.729996,148.309555,32568400.00
2020-03-23,149.660004,152.309998,142.250000,148.100006,146.694992,29830800.00
2020-03-24,155.210007,161.309998,152.570007,160.979996,159.452789,30440400.00
2020-03-25,158.919998,162.990005,153.059998,156.210007,154.728073,35184300.00
2020-03-26,158.250000,164.000000,157.020004,163.339996,161.790421,26556800.00
2020-03-27,158.199997,160.089996,154.750000,156.789993,155.302582,24879900.00
2020-03-30,159.179993,166.750000,158.059998,165.949997,164.375626,22515200.00
2020-03-31,165.479996,170.929993,164.199997,166.800003,165.217621,23676300.00
2020-04-01,161.619995,164.149994,158.039993,159.600006,158.085922,19507600.00
2020-04-02,159.100006,161.350006,155.919998,158.190002,156.689301,20886300.00
2020-04-03,157.149994,157.910004,150.830002,154.179993,152.717331,25983300.00
2020-04-06,160.149994,166.199997,158.509995,165.550003,163.979462,28453600.00
2020-04-07,171.789993,173.389999,166.009995,168.830002,167.228348,31411900.00
2020-04-08,171.250000,175.000000,167.740005,174.279999,172.626633,21664200.00
2020-04-09,175.899994,177.080002,171.570007,175.190002,173.528000,23534300.00
2020-04-13,173.669998,175.000000,169.449997,174.789993,173.131805,19355400.00
2020-04-14,178.979996,181.229996,176.619995,178.169998,176.479721,21011800.00
2020-04-15,175.190002,178.190002,172.820007,176.970001,175.291122,17423000.00
2020-04-16,177.949997,178.050003,172.509995,176.250000,174.577972,23593200.00
2020-04-17,179.199997,180.279999,176.660004,179.240005,177.539597,20974800.00
2020-04-20,177.410004,180.500000,176.770004,178.240005,176.549072,16110700.00
2020-04-21,175.250000,175.380005,168.339996,170.800003,169.179642,24850500.00
2020-04-22,178.449997,184.779999,178.139999,182.279999,180.550720,33242000.00
2020-04-23,184.080002,187.050003,183.149994,185.130005,183.373703,21426600.00
2020-04-24,183.229996,190.410004,180.830002,190.070007,188.266861,28792000.00
2020-04-27,192.660004,193.750000,187.410004,187.500000,185.721207,29197800.00
2020-04-28,188.660004,189.199997,182.559998,182.910004,181.174789,21731000.00
2020-04-29,190.929993,196.910004,190.000000,194.190002,192.347763,45954500.00
2020-04-30,206.919998,209.690002,201.570007,204.710007,202.767960,46230100.00
2020-05-01,201.600006,207.279999,199.050003,202.270004,200.351074,30415600.00
2020-05-04,200.199997,205.910004,198.759995,205.259995,203.312744,19250700.00
2020-05-05,207.020004,210.380005,206.500000,207.070007,205.105560,21071200.00
2020-05-06,208.119995,211.600006,206.660004,208.470001,206.492279,21857000.00
2020-05-07,211.160004,211.600006,209.039993,211.259995,209.255798,15152000.00
2020-05-08,212.240005,213.210007,210.850006,212.350006,210.335449,12506000.00
2020-05-11,210.889999,215.000000,210.369995,213.179993,211.157623,12911900.00
2020-05-12,213.289993,215.279999,210.000000,210.100006,208.106812,14704600.00
2020-05-13,209.429993,210.779999,202.110001,205.100006,203.154266,20684600.00
2020-05-14,202.559998,206.929993,200.690002,206.809998,204.848038,17178900.00
2020-05-15,205.270004,211.339996,204.119995,210.880005,208.879425,19383200.00
2020-05-18,212.149994,214.639999,210.940002,213.190002,211.167511,20151900.00
2020-05-19,213.270004,220.490005,212.830002,216.880005,214.822495,31843200.00
2020-05-20,223.500000,231.339996,223.190002,229.970001,227.788315,50162900.00
2020-05-21,234.720001,237.199997,231.199997,231.389999,229.194839,47782600.00
2020-05-22,231.509995,235.990005,228.740005,234.910004,232.681458,33925600.00
2020-05-26,239.770004,240.899994,231.669998,232.199997,229.997162,33178300.00
2020-05-27,229.070007,230.559998,221.130005,229.139999,226.966187,34697600.00
2020-05-28,224.300003,231.630005,224.000000,225.460007,223.321106,29377200.00
2020-05-29,225.199997,227.490005,222.880005,225.089996,222.954605,23241500.00
2020-06-01,224.589996,232.440002,223.500000,231.910004,229.709915,18223800.00
2020-06-02,230.940002,233.000000,226.559998,232.720001,230.512238,20919000.00
2020-06-03,232.110001,232.649994,228.529999,230.160004,227.976501,15380300.00
2020-06-04,229.559998,231.630005,224.610001,226.289993,224.143234,17041500.00
2020-06-05,226.710007,231.350006,225.309998,230.770004,228.580719,16750400.00
2020-06-08,229.029999,231.550003,227.410004,231.399994,229.204727,15466500.00
2020-06-09,231.520004,239.770004,230.410004,238.669998,236.405777,27462900.00
2020-06-10,240.960007,241.210007,235.279999,236.729996,234.484161,20720700.00
2020-06-11,229.940002,232.889999,223.550003,224.429993,222.300858,26708200.00
2020-06-12,229.899994,231.660004,224.500000,228.580002,226.411514,22091400.00
2020-06-15,225.089996,233.770004,224.800003,232.500000,230.294296,15340300.00
2020-06-16,237.139999,238.460007,233.000000,235.649994,233.414429,15236700.00
2020-06-17,235.000000,237.589996,231.729996,235.529999,233.295609,19578100.00
2020-06-18,234.990005,236.139999,232.149994,235.940002,233.701706,15782500.00
2020-06-19,237.789993,240.830002,235.550003,238.789993,236.524658,30081300.00
2020-06-22,238.559998,240.699997,236.910004,239.220001,236.950562,18917800.00
2020-06-23,241.279999,245.190002,239.860001,242.240005,239.941925,24017900.00
2020-06-24,241.199997,243.220001,232.679993,234.020004,231.799896,20834900.00
2020-06-25,234.619995,237.300003,232.740005,235.679993,233.444153,18704300.00
2020-06-26,232.639999,233.089996,215.399994,216.080002,214.030090,76343900.00
2020-06-29,209.750000,220.750000,207.110001,220.639999,218.546799,58514300.00
2020-06-30,220.589996,227.500000,218.470001,227.070007,224.915833,33927100.00
2020-07-01,228.500000,239.000000,227.559998,237.550003,235.296387,43399700.00
2020-07-02,239.000000,240.000000,232.610001,233.419998,231.205597,30633600.00
2020-07-06,233.759995,240.399994,232.270004,240.279999,238.000488,26206200.00
2020-07-07,239.410004,247.649994,238.820007,240.860001,238.574997,27887800.00
2020-07-08,238.110001,246.990005,236.589996,243.580002,241.269211,29791300.00
2020-07-09,245.000000,246.529999,239.240005,244.500000,242.180481,22174900.00
2020-07-10,243.690002,245.490005,239.320007,245.070007,242.745087,22982700.00
2020-07-13,247.009995,250.149994,238.419998,239.000000,236.732620,24674900.00
2020-07-14,236.759995,240.330002,232.029999,239.729996,237.455719,23378100.00
2020-07-15,241.550003,244.820007,238.050003,240.279999,238.000488,19133600.00
2020-07-16,238.000000,241.759995,236.330002,240.929993,238.644348,18880700.00
2020-07-17,241.000000,244.160004,237.860001,242.029999,239.733871,18152400.00
2020-07-20,240.059998,246.050003,235.639999,245.419998,243.091751,20872200.00
2020-07-21,246.220001,246.910004,240.080002,241.750000,239.456558,19364200.00
2020-07-22,240.259995,241.899994,238.119995,239.869995,237.594391,15427900.00
2020-07-23,239.630005,242.419998,231.750000,232.600006,230.393372,21771800.00
2020-07-24,230.190002,233.490005,226.899994,230.710007,228.521301,18325800.00
2020-07-27,231.460007,234.949997,230.830002,233.500000,231.284851,13163100.00
2020-07-28,234.630005,234.960007,229.830002,230.119995,227.936874,14170100.00
2020-07-29,231.139999,233.699997,230.309998,233.289993,231.076813,13588300.00
2020-07-30,230.220001,234.889999,229.000000,234.500000,232.275330,20615300.00
2020-07-31,255.820007,255.850006,249.000000,253.669998,251.263489,53005100.00
2020-08-03,252.649994,255.399994,250.330002,251.960007,249.569687,23124900.00
2020-08-04,251.559998,252.800003,247.429993,249.830002,247.459885,17183500.00
2020-08-05,250.190002,252.270004,247.770004,249.119995,246.756653,13050100.00
2020-08-06,249.039993,266.600006,248.669998,265.279999,262.763336,45241600.00
2020-08-07,264.079987,278.890015,263.429993,268.440002,265.893402,72766400.00
2020-08-10,268.040009,273.859985,259.690002,263.000000,260.504944,30248800.00
2020-08-11,260.190002,265.920013,255.130005,256.130005,253.700134,28238300.00
2020-08-12,258.970001,263.899994,258.109985,259.890015,257.424469,21415700.00
2020-08-13,261.549988,265.160004,259.570007,261.299988,258.821075,17374000.00
2020-08-14,262.309998,262.649994,258.679993,261.239990,258.761627,14792700.00
2020-08-17,262.500000,264.100006,259.399994,261.160004,258.682373,13351100.00
2020-08-18,260.950012,265.149994,259.260010,262.339996,259.851196,18690400.00
2020-08-19,261.390015,267.910004,261.350006,262.589996,260.098846,23291500.00
2020-08-20,261.500000,269.630005,261.459991,269.010010,266.457947,20299700.00
2020-08-21,268.690002,270.489990,266.420013,267.010010,264.476898,15538600.00
2020-08-24,271.070007,277.250000,268.769989,271.390015,268.815399,23685600.00
2020-08-25,272.410004,283.089996,270.260010,280.820007,278.155884,42127200.00
2020-08-26,284.000000,304.670013,284.000000,303.910004,301.026825,69015200.00
2020-08-27,300.160004,301.230011,292.019989,293.220001,290.438263,30301300.00
2020-08-28,295.000000,297.230011,290.980011,293.660004,290.874084,17157400.00
2020-08-31,293.950012,296.880005,291.549988,293.200012,290.418457,17345100.00
2020-09-01,294.709991,301.489990,292.709991,295.440002,292.637238,17295900.00
2020-09-02,298.880005,303.600006,293.049988,302.500000,299.630219,24341400.00
2020-09-03,295.989990,297.600006,283.630005,291.119995,288.358154,32294100.00
2020-09-04,287.250000,289.000000,271.140015,282.730011,280.047821,30333700.00
2020-09-08,271.279999,279.299988,269.420013,271.160004,268.587524,24864000.00
2020-09-09,275.769989,278.480011,271.350006,273.720001,271.123291,22918800.00
2020-09-10,275.510010,279.160004,267.029999,268.089996,265.546692,24814700.00
2020-09-11,270.059998,271.390015,262.640015,266.609985,264.080719,18913900.00
2020-09-14,270.950012,276.640015,265.700012,266.149994,263.625061,24093800.00
2020-09-15,270.670013,274.519989,269.299988,272.420013,269.835632,18478500.00
2020-09-16,267.290009,272.440002,261.790009,263.519989,261.019989,29183400.00
2020-09-17,258.279999,261.500000,250.190002,254.820007,252.402573,31281400.00
2020-09-18,258.399994,259.200012,250.050003,252.529999,250.134293,28130800.00
2020-09-21,247.539993,249.949997,244.130005,248.149994,245.795837,24709400.00
2020-09-22,253.309998,255.320007,248.220001,254.750000,252.333237,30293100.00
2020-09-23,255.259995,257.989990,248.149994,249.020004,246.657578,19641300.00
2020-09-24,246.500000,252.240005,245.619995,249.529999,247.162766,20006800.00
2020-09-25,249.399994,255.750000,246.610001,254.820007,252.402573,18351300.00
2020-09-28,259.399994,259.600006,254.820007,256.820007,254.383575,18826300.00
2020-09-29,257.809998,263.329987,256.899994,261.790009,259.306488,20200200.00
2020-09-30,261.980011,266.079987,260.100006,261.899994,259.415375,20142500.00
2020-10-01,265.350006,268.329987,264.799988,266.630005,264.100494,20009800.00
2020-10-02,261.209991,265.149994,259.179993,259.940002,257.473999,16367600.00
2020-10-05,262.200012,264.869995,260.839996,264.649994,262.139313,12822300.00
2020-10-06,261.779999,265.690002,258.239990,258.660004,256.206116,18696900.00
2020-10-07,259.209991,260.179993,254.820007,258.119995,255.671280,23133400.00
2020-10-08,259.750000,264.619995,259.149994,263.760010,261.257751,16312800.00
2020-10-09,264.519989,264.750000,262.170013,264.450012,261.941193,14107800.00
2020-10-12,270.200012,280.179993,267.869995,275.750000,273.133972,31019300.00
2020-10-13,277.579987,279.100006,273.390015,276.140015,273.520355,18063300.00
2020-10-14,277.619995,278.750000,271.500000,271.820007,269.241333,15577800.00
2020-10-15,267.600006,269.040009,263.670013,266.720001,264.189667,15416100.00
2020-10-16,267.380005,271.369995,265.299988,265.929993,263.407196,16622700.00
2020-10-19,265.529999,268.549988,259.880005,261.399994,258.920135,13587000.00
2020-10-20,263.059998,269.700012,262.880005,267.559998,265.021729,18763200.00
2020-10-21,279.559998,283.049988,276.369995,278.730011,276.085754,28998600.00
2020-10-22,279.869995,282.450012,275.040009,278.119995,275.481567,16720000.00
2020-10-23,278.799988,285.239990,276.820007,284.790009,282.088226,17535200.00
2020-10-26,283.160004,285.230011,274.260010,277.109985,274.481049,21322900.00
2020-10-27,278.760010,284.510010,276.309998,283.290009,280.602570,16287200.00
2020-10-28,278.790009,278.790009,267.260010,267.670013,265.130676,23121800.00
2020-10-29,276.549988,283.600006,273.779999,280.829987,278.165802,32368100.00
2020-10-30,274.500000,276.700012,259.100006,263.109985,260.613922,47247800.00
2020-11-02,264.600006,270.470001,257.339996,261.359985,258.880524,27165700.00
2020-11-03,263.160004,270.049988,260.880005,265.299988,262.783112,17961900.00
2020-11-04,281.000000,288.940002,278.619995,287.380005,284.653656,35364400.00
2020-11-05,291.899994,297.380005,288.950012,294.679993,291.884430,23823600.00
2020-11-06,293.950012,294.600006,288.059998,293.410004,290.626465,13891000.00
2020-11-09,289.869995,292.579987,278.529999,278.769989,276.125336,25117700.00
2020-11-10,273.100006,274.000000,264.000000,272.429993,269.845520,29067700.00
2020-11-11,273.470001,278.399994,272.480011,276.480011,273.857117,14957000.00
2020-11-12,277.179993,279.750000,274.429993,275.079987,272.470337,12899500.00
2020-11-13,277.720001,277.760010,273.100006,276.950012,274.322632,10391200.00
2020-11-16,275.049988,279.410004,274.630005,278.959991,276.313568,12970400.00
2020-11-17,277.679993,277.679993,273.290009,275.000000,272.391113,15040300.00
2020-11-18,274.519989,277.390015,271.839996,271.970001,269.389893,12152900.00
2020-11-19,271.019989,273.470001,269.190002,272.940002,270.350708,12963700.00
2020-11-20,272.559998,273.000000,269.410004,269.700012,267.141418,18114700.00
2020-11-23,270.890015,270.950012,264.529999,268.429993,265.883453,20990800.00
2020-11-24,268.489990,277.820007,267.869995,276.920013,274.292969,16930400.00
2020-11-25,278.140015,280.179993,272.649994,275.589996,272.975525,12467000.00
2020-11-27,277.390015,279.130005,274.820007,277.809998,275.174500,7808400.00
2020-11-30,276.029999,277.700012,271.010010,276.970001,274.342438,16693300.00
2020-12-01,279.160004,289.299988,278.959991,286.549988,283.831543,20738900.00
2020-12-02,285.359985,291.779999,280.829987,287.519989,284.792297,17361600.00
2020-12-03,286.250000,286.649994,281.070007,281.850006,279.176086,12921700.00
2020-12-04,280.299988,283.459991,279.299988,279.700012,277.046570,10880300.00
2020-12-07,279.190002,288.489990,278.200012,285.579987,282.870728,13007700.00
2020-12-08,286.010010,286.429993,281.549988,283.399994,280.711426,10747700.00
2020-12-09,283.660004,287.630005,271.750000,277.920013,275.283447,25189700.00
2020-12-10,275.540009,278.730011,271.859985,277.119995,274.491028,20065100.00
2020-12-11,274.529999,276.480011,270.250000,273.549988,270.954834,14391400.00
2020-12-14,273.369995,277.220001,271.559998,274.190002,271.588837,16376900.00
2020-12-15,274.829987,276.079987,267.470001,275.549988,272.935852,23979500.00
2020-12-16,274.760010,277.859985,272.510010,275.670013,273.054779,15885000.00
2020-12-17,277.070007,280.440002,273.609985,274.480011,271.876038,16377800.00
2020-12-18,275.769989,278.000000,271.140015,276.399994,273.777832,26693200.00
2020-12-21,272.980011,274.670013,267.790009,272.790009,270.202118,16553700.00
2020-12-22,271.500000,271.500000,264.630005,267.089996,264.556122,17312900.00
2020-12-23,266.890015,272.170013,266.230011,268.109985,265.566467,14329000.00
2020-12-24,268.880005,270.399994,266.200012,267.399994,264.863251,6702000.00
2020-12-28,268.739990,277.299988,265.660004,277.000000,274.372192,23299700.00
2020-12-29,276.950012,280.510010,276.279999,276.779999,274.154236,16383000.00
2020-12-30,277.950012,278.079987,271.709991,271.869995,269.290833,11803800.00
2020-12-31,272.000000,277.089996,269.809998,273.160004,270.568573,12900400.00
2021-01-04,274.779999,275.000000,265.200012,268.940002,266.388611,15106100.00
2021-01-05,268.290009,272.399994,268.209991,270.970001,268.399323,9871600.00
2021-01-06,262.000000,267.750000,260.010010,263.309998,260.812012,24354100.00
2021-01-07,265.899994,271.609985,264.779999,268.739990,266.190460,15789800.00
2021-01-08,268.309998,268.950012,263.179993,267.570007,265.031647,18528300.00
2021-01-11,260.480011,263.470001,255.899994,256.839996,254.403412,30412300.00
2021-01-12,256.630005,259.720001,250.300003,251.089996,248.707932,26383500.00
2021-01-13,251.550003,253.949997,249.199997,251.639999,249.252747,19528900.00
2021-01-14,253.399994,255.029999,244.610001,245.639999,243.309647,29739400.00
2021-01-15,247.899994,253.860001,247.160004,251.360001,248.975388,24942900.00
2021-01-19,256.899994,262.200012,252.720001,261.100006,258.623016,28028500.00
2021-01-20,268.929993,270.320007,263.600006,267.480011,264.942505,25199900.00
2021-01-21,269.260010,273.600006,267.489990,272.869995,270.281342,20838700.00
2021-01-22,272.010010,278.470001,272.000000,274.500000,271.895844,21954000.00
2021-01-25,278.140015,280.100006,271.510010,278.010010,275.372620,19087000.00
2021-01-26,278.140015,285.390015,277.809998,282.049988,279.374237,19373600.00
2021-01-27,282.529999,283.450012,268.119995,272.140015,269.558289,35346200.00
2021-01-28,277.179993,286.790009,264.700012,265.000000,262.485992,37758800.00
2021-01-29,265.299988,266.559998,254.850006,258.329987,255.879272,30389500.00
2021-02-01,259.519989,264.170013,254.910004,262.010010,259.524384,22914300.00
2021-02-02,264.000000,268.850006,263.269989,267.079987,264.546265,17320800.00
2021-02-03,265.619995,269.200012,263.839996,266.649994,264.120361,14223400.00
2021-02-04,267.010010,268.160004,264.000000,266.489990,263.961823,16060000.00
2021-02-05,266.799988,269.170013,265.670013,268.100006,265.556580,12454400.00
2021-02-08,268.750000,269.859985,265.000000,266.579987,264.050995,13755200.00
2021-02-09,266.440002,273.390015,265.750000,269.450012,266.893799,14613400.00
2021-02-10,272.450012,273.799988,267.720001,271.869995,269.290833,14687200.00
2021-02-11,271.890015,273.579987,268.489990,270.390015,267.824921,12828600.00
2021-02-12,270.519989,271.179993,268.339996,270.500000,267.933868,9097600.00
2021-02-16,270.799988,276.600006,270.049988,273.970001,271.370850,15417200.00
2021-02-17,271.239990,273.970001,269.579987,273.570007,270.974670,12763200.00
2021-02-18,269.570007,271.950012,266.029999,269.390015,266.834412,15249100.00
2021-02-19,269.859985,270.269989,260.149994,261.559998,259.078613,25622600.00
2021-02-22,257.950012,263.070007,257.529999,260.329987,257.860321,17434900.00
2021-02-23,259.500000,267.459991,254.960007,265.859985,263.337830,21924600.00
2021-02-24,262.329987,266.380005,258.390015,264.309998,261.802521,15736100.00
2021-02-25,262.299988,266.940002,254.039993,254.690002,252.273788,19053100.00
2021-02-26,256.470001,265.549988,256.470001,257.619995,255.176041,26619500.00
2021-03-01,260.820007,266.649994,257.899994,264.910004,262.396820,22157300.00
2021-03-02,265.779999,266.709991,258.649994,259.000000,256.542938,15191700.00
2021-03-03,260.290009,260.989990,255.100006,255.410004,252.986984,15513500.00
2021-03-04,256.470001,266.489990,253.500000,257.640015,255.195831,31626500.00
2021-03-05,260.670013,265.450012,255.610001,264.279999,261.772797,26820100.00
2021-03-08,265.549988,265.579987,255.050003,255.309998,252.887939,18391800.00
2021-03-09,261.179993,268.529999,259.809998,265.739990,263.218964,22039700.00
2021-03-10,268.640015,268.970001,262.869995,264.899994,262.386932,14210300.00
2021-03-11,268.109985,277.899994,267.820007,273.880005,271.281769,21834000.00
2021-03-12,269.140015,269.739990,264.019989,268.399994,265.853729,20600200.00
2021-03-15,269.079987,275.959991,268.500000,273.750000,271.152954,16844800.00
2021-03-16,276.079987,282.140015,274.799988,279.279999,276.630493,22437700.00
2021-03-17,275.709991,286.230011,275.410004,284.010010,281.315643,21315000.00
2021-03-18,279.869995,285.190002,278.279999,278.619995,275.976807,18728300.00
2021-03-19,281.220001,292.799988,281.200012,290.109985,287.357758,38930500.00
2021-03-22,290.450012,299.709991,286.750000,293.540009,290.755249,28273100.00
2021-03-23,293.149994,298.000000,289.809998,290.630005,287.872803,23000900.00
2021-03-24,291.000000,291.720001,281.160004,282.140015,279.463409,18675000.00
2021-03-25,280.980011,288.059998,277.750000,278.739990,276.095642,24505600.00
2021-03-26,278.299988,284.500000,277.769989,283.019989,280.335022,17629200.00
2021-03-29,285.769989,293.179993,284.700012,290.820007,288.061066,21718800.00
2021-03-30,289.829987,292.470001,286.700012,288.000000,285.267731,17474500.00
2021-03-31,289.989990,296.500000,288.609985,294.529999,291.735870,19498200.00
2021-04-01,298.399994,302.399994,296.600006,298.660004,295.826691,17616000.00
2021-04-05,300.890015,310.769989,300.679993,308.910004,305.979431,28237000.00
2021-04-06,308.839996,311.350006,305.250000,306.260010,303.354553,17335200.00
2021-04-07,306.339996,314.250000,305.500000,313.089996,310.119781,22855200.00
2021-04-08,314.850006,315.880005,310.049988,313.019989,310.050446,20894100.00
2021-04-09,311.399994,314.739990,310.329987,312.459991,309.495697,15988600.00
2021-04-12,311.049988,312.149994,307.929993,311.540009,308.584503,10881900.00
2021-04-13,312.209991,314.429993,309.320007,309.760010,306.821381,14036900.00
2021-04-14,307.299988,308.029999,301.950012,302.820007,299.947205,17421400.00
2021-04-15,306.339996,310.140015,304.100006,307.820007,304.899689,14558300.00
2021-04-16,308.170013,308.950012,304.609985,306.179993,303.275269,13059200.00
2021-04-19,305.010010,307.700012,300.559998,302.239990,299.372681,14553500.00
2021-04-20,301.989990,305.100006,297.209991,302.649994,299.778870,16796400.00
2021-04-21,301.950012,301.980011,297.390015,301.470001,298.610016,14863500.00
2021-04-22,301.329987,302.920013,296.040009,296.519989,293.706970,16375400.00
2021-04-23,298.760010,302.589996,297.149994,301.130005,298.273254,17536800.00
2021-04-26,303.339996,305.799988,301.559998,303.040009,300.165131,16172600.00
2021-04-27,304.279999,305.339996,301.109985,303.570007,300.690094,15309300.00
2021-04-28,307.359985,310.920013,305.369995,307.100006,304.186615,33907200.00
2021-04-29,330.119995,331.809998,321.609985,329.510010,326.384003,56526800.00
2021-04-30,326.140015,329.820007,324.500000,325.079987,321.996033,26332400.00
2021-05-03,326.170013,328.549988,321.839996,322.579987,319.519745,18719500.00
2021-05-04,320.019989,322.190002,313.119995,318.359985,315.339752,24032600.00
2021-05-05,318.190002,321.059998,314.489990,315.019989,312.031494,15577600.00
2021-05-06,314.519989,320.239990,313.269989,320.019989,316.983978,19012200.00
2021-05-07,322.380005,322.940002,318.750000,319.079987,316.052979,15916700.00
2021-05-10,314.350006,314.579987,304.829987,305.970001,303.067322,24239200.00
2021-05-11,300.750000,306.839996,299.690002,306.529999,303.622009,18920100.00
2021-05-12,301.130005,304.959991,298.190002,302.549988,299.679779,24645500.00
2021-05-13,306.079987,308.859985,302.769989,305.260010,302.364044,18079200.00
2021-05-14,309.540009,316.850006,309.079987,315.940002,312.942719,19245700.00
2021-05-17,313.549988,315.679993,311.579987,315.459991,312.467224,15401300.00
2021-05-18,315.589996,316.500000,309.809998,309.959991,307.019409,14522400.00
2021-05-19,304.190002,314.660004,303.570007,313.589996,310.614990,19106200.00
2021-05-20,313.579987,319.250000,313.160004,318.609985,315.587372,17320200.00
2021-05-21,319.290009,319.929993,315.809998,316.230011,313.230011,13600900.00
2021-05-24,318.209991,325.950012,318.029999,324.630005,321.550354,16445400.00
2021-05-25,327.079987,329.179993,324.799988,327.790009,324.680389,16437000.00
2021-05-26,328.350006,329.829987,325.820007,327.660004,324.551544,9686900.00
2021-05-27,328.000000,333.779999,326.760010,332.750000,329.593262,20477700.00
2021-05-28,331.000000,332.869995,328.329987,328.730011,325.611389,12037400.00
2021-06-01,330.149994,331.420013,326.640015,329.130005,326.007568,11765900.00
2021-06-02,330.380005,331.869995,327.119995,329.149994,326.027435,11654300.00
2021-06-03,325.779999,327.380005,323.480011,326.040009,322.946960,12610800.00
2021-06-04,325.899994,332.459991,325.179993,330.350006,327.216034,13289400.00
2021-06-07,329.480011,337.690002,328.929993,336.579987,333.386932,20136700.00
2021-06-08,336.700012,338.299988,332.239990,333.679993,330.514404,14580500.00
2021-06-09,335.739990,336.799988,330.000000,330.250000,327.117004,13727900.00
2021-06-10,330.790009,333.940002,328.549988,332.459991,329.306030,13240200.00
2021-06-11,332.579987,332.829987,328.929993,331.260010,328.117401,13587900.00
2021-06-14,331.899994,336.820007,329.809998,336.769989,333.575165,12250800.00
2021-06-15,336.989990,339.920013,335.029999,336.750000,333.555267,15795200.00
2021-06-16,336.700012,337.549988,328.720001,331.079987,327.939026,17232200.00
2021-06-17,330.489990,337.980011,330.149994,336.510010,333.317596,17794100.00
2021-06-18,334.529999,336.149994,329.000000,329.660004,326.532562,23039500.00
2021-06-21,331.089996,332.920013,327.649994,332.290009,329.137604,11337500.00
2021-06-22,332.690002,339.920013,332.600006,339.029999,335.813721,15345300.00
2021-06-23,339.350006,343.420013,338.200012,340.589996,337.358887,14817800.00
2021-06-24,341.850006,344.899994,341.790009,343.179993,339.924255,12329100.00
2021-06-25,342.589996,344.119995,339.679993,341.369995,338.131500,14594400.00
2021-06-28,342.459991,358.140015,341.769989,355.640015,352.266052,29156100.00
2021-06-29,356.269989,356.739990,349.049988,351.890015,348.551697,21417300.00
2021-06-30,352.170013,352.920013,347.170013,347.709991,344.411316,15107500.00
2021-07-01,346.820007,354.670013,346.500000,354.390015,351.027954,17137000.00
2021-07-02,355.100006,356.440002,352.619995,354.700012,351.335022,11521300.00
2021-07-06,356.500000,358.790009,349.179993,352.779999,349.433258,13488500.00
2021-07-07,355.260010,356.489990,350.000000,350.489990,347.164948,14218900.00
2021-07-08,345.730011,348.329987,342.559998,345.649994,342.370850,14406500.00
2021-07-09,345.320007,350.709991,345.269989,350.420013,347.095612,13018700.00
2021-07-12,351.230011,354.190002,349.640015,353.160004,349.809601,10018600.00
2021-07-13,351.500000,358.489990,348.799988,352.089996,348.749786,11456000.00
2021-07-14,354.559998,355.200012,346.730011,347.630005,344.332062,13894200.00
2021-07-15,349.230011,349.230011,340.220001,344.459991,341.192169,14781600.00
2021-07-16,344.910004,345.989990,340.140015,341.160004,337.923431,11026100.00
2021-07-19,337.570007,339.790009,334.540009,336.950012,333.753418,14372300.00
2021-07-20,338.799988,343.450012,334.500000,341.660004,338.418701,11024300.00
2021-07-21,341.500000,346.519989,341.250000,346.230011,342.945404,9279700.00
2021-07-22,346.679993,351.540009,345.209991,351.190002,347.858307,12385400.00
2021-07-23,360.910004,375.329987,357.190002,369.790009,366.281921,33694300.00
2021-07-26,369.579987,374.440002,368.220001,372.459991,368.926514,14925200.00
2021-07-27,371.910004,373.149994,364.549988,367.809998,364.320679,15705400.00
2021-07-28,374.559998,377.549988,366.929993,373.279999,369.738739,29676900.00
2021-07-29,361.000000,365.519989,356.739990,358.320007,354.920746,33413200.00
2021-07-30,354.000000,360.730011,352.940002,356.299988,352.919800,15976200.00
2021-08-02,358.100006,359.399994,350.739990,351.950012,348.611084,13180400.00
2021-08-03,352.730011,353.769989,347.700012,351.239990,347.907837,12406100.00
2021-08-04,352.420013,360.480011,351.510010,358.920013,355.515015,14180600.00
2021-08-05,359.640015,363.899994,356.899994,362.970001,359.526520,10247200.00
2021-08-06,361.399994,365.149994,361.399994,363.510010,360.061462,8925000.00
2021-08-09,363.760010,365.779999,360.750000,361.609985,358.179413,7798900.00
2021-08-10,361.829987,364.100006,359.040009,361.130005,357.704071,7469900.00
2021-08-11,362.100006,362.359985,357.809998,359.959991,356.545105,8400300.00
2021-08-12,358.450012,363.000000,357.109985,362.649994,359.209625,7170700.00
2021-08-13,362.970001,364.660004,361.480011,363.179993,359.734619,7195700.00
2021-08-16,362.519989,366.950012,357.380005,366.559998,363.082550,11222100.00
2021-08-17,362.980011,364.670013,355.070007,358.450012,355.049377,12328700.00
2021-08-18,356.250000,359.859985,355.149994,355.450012,352.077881,10042400.00
2021-08-19,351.350006,357.570007,351.000000,355.119995,351.751007,12004500.00
2021-08-20,354.600006,359.989990,353.309998,359.369995,355.960693,8697700.00
2021-08-23,359.440002,365.690002,359.100006,363.350006,359.902954,10942000.00
2021-08-24,363.660004,367.959991,361.839996,365.510010,362.042450,9235100.00
2021-08-25,365.600006,370.859985,365.399994,368.390015,364.895142,9684500.00
2021-08-26,368.380005,369.440002,364.130005,364.380005,360.923187,7888700.00
2021-08-27,365.100006,373.739990,364.079987,372.630005,369.094879,11219100.00
2021-08-30,372.559998,381.489990,370.519989,380.660004,377.048737,13547300.00
2021-08-31,379.950012,382.760010,378.799988,379.380005,375.780884,12345400.00
2021-09-01,379.589996,384.329987,378.809998,382.049988,378.425568,11567200.00
2021-09-02,381.500000,381.750000,374.059998,375.279999,371.719757,14832900.00
2021-09-03,374.750000,377.160004,373.109985,376.260010,372.690491,7509600.00
2021-09-07,375.880005,382.959991,373.149994,382.179993,378.554291,10793800.00
2021-09-08,380.160004,380.869995,374.790009,377.570007,373.988037,11067200.00
2021-09-09,377.640015,379.829987,376.570007,378.000000,374.414001,9098900.00
2021-09-10,381.359985,383.790009,378.260010,378.690002,375.097443,11549600.00
2021-09-13,381.679993,381.750000,374.350006,376.510010,372.938141,13026300.00
2021-09-14,377.399994,378.589996,375.109985,376.529999,372.957886,8711600.00
2021-09-15,377.000000,377.559998,367.670013,373.920013,370.372711,17940300.00
2021-09-16,372.790009,373.559998,369.709991,373.059998,369.520844,11934200.00
2021-09-17,371.410004,371.410004,361.589996,364.720001,361.259979,26299000.00
2021-09-20,359.299988,361.029999,349.799988,355.700012,352.325562,19822800.00
2021-09-21,358.500000,360.040009,355.190002,357.480011,354.088684,11751900.00
2021-09-22,347.230011,349.839996,340.690002,343.209991,339.954010,43692900.00
2021-09-23,345.359985,349.670013,343.000000,345.959991,342.677917,21806300.00
2021-09-24,343.239990,354.350006,342.369995,352.959991,349.611511,18801900.00
2021-09-27,349.809998,355.149994,347.079987,353.579987,350.225647,15205800.00
2021-09-28,347.970001,349.600006,338.920013,340.649994,337.418304,21710300.00
2021-09-29,343.149994,345.230011,338.880005,339.609985,336.388123,14452200.00
2021-09-30,340.450012,342.799988,338.149994,339.390015,336.170258,16547100.00
2021-10-01,341.609985,345.019989,338.640015,343.010010,339.755951,14905300.00
2021-10-04,335.529999,335.940002,322.700012,326.230011,323.135132,42885000.00
2021-10-05,328.579987,335.179993,326.160004,332.959991,329.801239,35377900.00
2021-10-06,329.739990,334.380005,325.799988,333.640015,330.474854,26443000.00
2021-10-07,337.000000,338.839996,328.980011,329.220001,326.096741,28307500.00
2021-10-08,331.510010,333.399994,328.709991,330.049988,326.918823,15946100.00
2021-10-11,327.630005,330.459991,325.309998,325.450012,322.362518,14708200.00
2021-10-12,323.029999,324.380005,317.369995,323.769989,320.698425,31658700.00
2021-10-13,326.970001,327.000000,322.660004,324.540009,321.461182,14761500.00
2021-10-14,328.359985,330.519989,327.100006,328.529999,325.413269,14302200.00
2021-10-15,328.679993,329.070007,322.510010,324.760010,321.679077,21596400.00
2021-10-18,328.950012,335.890015,327.500000,335.339996,332.158661,21585000.00
2021-10-19,339.649994,342.459991,337.279999,339.989990,336.764557,18786300.00
2021-10-20,343.450012,343.980011,339.450012,340.779999,337.547089,13639500.00
2021-10-21,340.279999,342.309998,337.799988,341.880005,338.636658,16354400.00
2021-10-22,326.350006,329.630005,321.109985,324.609985,321.530457,35224500.00
2021-10-25,320.299988,329.559998,319.720001,328.690002,325.571808,38409000.00
2021-10-26,328.260010,330.209991,309.600006,315.809998,312.813934,65654000.00
2021-10-27,314.190002,319.250000,312.059998,312.220001,309.258087,29971800.00
2021-10-28,312.989990,325.519989,308.109985,316.920013,313.913452,50806800.00
2021-10-29,320.190002,326.000000,319.600006,323.570007,320.500366,37059400.00
2021-11-01,326.040009,333.450012,326.000000,329.980011,326.849548,31518900.00
2021-11-02,331.380005,334.790009,323.799988,328.079987,324.967529,28353000.00
2021-11-03,327.489990,332.149994,323.200012,331.619995,328.474030,20786500.00
2021-11-04,334.010010,337.269989,332.649994,335.850006,332.663849,22495300.00
2021-11-05,340.309998,346.790009,339.640015,341.130005,337.893707,26872800.00
2021-11-08,344.420013,344.790009,338.339996,338.619995,335.407562,18342500.00
2021-11-09,340.000000,341.309998,334.470001,335.369995,332.188416,17556700.00
2021-11-10,332.489990,333.190002,325.510010,327.640015,324.531799,21872600.00
2021-11-11,329.820007,332.459991,327.000000,327.739990,324.630768,12376600.00
2021-11-12,330.179993,341.859985,329.779999,340.890015,337.656036,25414300.00
2021-11-15,344.339996,353.649994,343.200012,347.559998,344.262756,25076600.00
2021-11-16,343.829987,346.649994,340.869995,342.959991,339.706360,18181100.00
2021-11-17,344.239990,347.299988,340.100006,340.769989,337.537140,13602800.00
2021-11-18,339.720001,342.459991,335.299988,338.690002,335.476898,17487200.00
2021-11-19,342.200012,352.100006,339.899994,345.299988,342.024170,26488500.00
2021-11-22,349.049988,353.829987,340.510010,341.010010,337.774872,27116800.00
2021-11-23,338.929993,341.399994,333.500000,337.250000,334.050507,17225000.00
2021-11-24,336.000000,341.779999,332.809998,341.059998,337.824463,13566200.00
2021-11-26,335.799988,337.750000,331.899994,333.119995,329.959717,14750700.00
2021-11-29,336.890015,340.670013,335.309998,338.029999,334.823181,16650900.00
2021-11-30,335.000000,335.809998,323.429993,324.459991,321.381897,25390000.00
2021-12-01,330.290009,330.500000,310.290009,310.600006,307.653381,30329600.00
2021-12-02,311.399994,314.600006,307.200012,310.390015,307.445374,24396200.00
2021-12-03,313.730011,313.750000,299.500000,306.839996,303.929077,27471000.00
2021-12-06,308.130005,320.100006,306.339996,317.869995,314.854462,21758300.00
2021-12-07,321.570007,326.540009,321.000000,322.809998,319.747589,18794000.00
2021-12-08,325.000000,332.750000,323.070007,330.559998,327.424072,19937700.00
2021-12-09,329.540009,336.130005,328.000000,329.820007,326.691071,16879200.00
2021-12-10,332.559998,335.029999,326.369995,329.750000,326.621704,14528000.00
2021-12-13,330.950012,341.089996,329.589996,334.489990,331.316772,22948700.00
2021-12-14,328.049988,335.700012,327.649994,333.739990,330.573853,20461000.00
2021-12-15,332.489990,342.109985,323.980011,341.660004,338.418701,24681300.00
2021-12-16,338.980011,344.459991,333.739990,334.899994,331.722839,22635000.00
2021-12-17,332.799988,337.109985,330.750000,333.790009,330.623383,40012600.00
2021-12-20,329.779999,329.899994,322.529999,325.450012,322.362518,17901800.00
2021-12-21,326.410004,336.000000,323.750000,334.200012,331.029510,16116800.00
2021-12-22,333.799988,334.510010,328.260010,330.450012,327.315125,16764600.00
2021-12-23,330.100006,336.670013,328.359985,335.239990,332.059631,13987700.00
2021-12-27,338.850006,347.869995,338.010010,346.179993,342.895813,17795000.00
2021-12-28,346.630005,352.709991,345.200012,346.220001,342.935455,16637600.00
2021-12-29,346.910004,349.690002,341.640015,342.940002,339.686615,10747000.00
2021-12-30,344.000000,347.230011,343.220001,344.359985,341.093079,10593300.00
2021-12-31,343.019989,343.440002,336.269989,336.350006,333.159088,12870500.00
2022-01-03,338.299988,341.079987,337.190002,338.540009,335.328308,14537900.00
2022-01-04,339.950012,343.089996,331.869995,336.529999,333.337402,15998000.00
2022-01-05,333.019989,335.760010,323.839996,324.170013,321.094666,20564500.00
2022-01-06,322.820007,339.170013,322.720001,332.459991,329.306030,27962800.00
2022-01-07,332.739990,337.000000,328.880005,331.790009,328.642365,14722000.00
2022-01-10,325.309998,328.339996,315.429993,328.070007,324.957672,24942400.00
2022-01-11,326.779999,334.630005,325.279999,334.369995,331.197845,16226800.00
2022-01-12,335.179993,336.369995,330.029999,333.260010,330.098480,14104900.00
2022-01-13,334.980011,335.630005,325.760010,326.480011,323.382690,14797100.00
2022-01-14,321.790009,332.730011,321.209991,331.899994,328.751251,16868500.00
2022-01-18,323.290009,324.209991,317.640015,318.149994,315.131775,22645600.00
2022-01-19,319.579987,327.100006,319.329987,319.589996,316.558105,20814700.00
2022-01-20,323.899994,327.820007,315.980011,316.559998,313.556824,16925000.00
2022-01-21,314.809998,318.309998,303.040009,303.170013,300.293915,28710700.00
2022-01-24,297.839996,309.529999,289.010010,308.709991,305.781311,38878100.00
2022-01-25,299.950012,306.230011,297.579987,300.149994,297.302490,25108500.00
2022-01-26,307.010010,307.510010,290.850006,294.630005,291.834930,28348800.00
2022-01-27,297.750000,301.709991,294.260010,294.640015,291.844818,21629900.00
2022-01-28,295.619995,301.899994,293.029999,301.709991,298.847717,21871600.00
2022-01-31,300.679993,313.790009,299.320007,313.260010,310.288177,21579500.00
2022-02-01,314.559998,319.660004,312.119995,319.000000,315.973694,18023800.00
2022-02-02,327.820007,328.000000,316.869995,323.000000,319.935760,58458300.00
2022-02-03,244.649994,248.000000,235.750000,237.759995,235.504410,188119900.00
2022-02-04,234.970001,242.610001,230.110001,237.089996,234.840759,89342200.00
2022-02-07,237.699997,238.300003,224.009995,224.910004,222.776306,88613800.00
2022-02-08,220.850006,225.770004,216.149994,220.179993,218.091171,94729700.00
2022-02-09,224.199997,233.369995,222.210007,232.000000,229.799057,86563300.00
2022-02-10,228.270004,235.000000,226.699997,228.070007,225.906342,49310400.00
2022-02-11,228.460007,230.419998,218.770004,219.550003,217.467148,46156900.00
2022-02-14,219.309998,221.000000,214.779999,217.699997,215.634720,38184000.00
2022-02-15,220.470001,221.149994,215.059998,221.000000,218.903397,42685500.00
2022-02-16,212.410004,217.460007,212.360001,216.539993,214.485733,45817500.00
2022-02-17,214.020004,217.500000,207.160004,207.710007,205.739502,38747500.00
2022-02-18,209.389999,210.750000,205.179993,206.160004,204.204163,37128400.00
2022-02-22,202.339996,207.479996,200.059998,202.080002,200.162888,39852400.00
2022-02-23,204.160004,206.940002,198.050003,198.449997,196.567322,44481400.00
2022-02-24,191.059998,208.350006,190.220001,207.600006,205.630569,49957200.00
2022-02-25,204.940002,211.320007,203.179993,210.479996,208.483200,37627600.00
2022-02-28,207.679993,213.149994,206.830002,211.029999,209.028015,34239800.00
2022-03-01,209.869995,211.750000,202.220001,203.490005,201.559525,27094900.00
2022-03-02,204.779999,209.149994,202.020004,208.110001,206.135727,29452100.00
2022-03-03,209.020004,209.080002,201.419998,202.970001,201.044464,27263500.00
2022-03-04,202.369995,205.889999,198.789993,200.059998,198.162064,32130900.00
2022-03-07,200.789993,200.889999,187.279999,187.470001,185.691483,38560600.00
2022-03-08,187.850006,196.699997,186.110001,190.289993,188.484726,37508100.00
2022-03-09,195.740005,199.100006,193.919998,198.500000,196.616882,31894700.00
2022-03-10,194.839996,196.279999,191.070007,195.210007,193.358093,24853000.00
2022-03-11,192.639999,193.559998,186.669998,187.610001,185.830185,34694500.00
2022-03-14,187.029999,192.289993,185.820007,186.630005,184.859497,31010500.00
2022-03-15,190.800003,192.279999,185.910004,192.029999,190.208237,31721700.00
2022-03-16,194.699997,203.729996,194.520004,203.630005,201.698212,40640300.00
2022-03-17,201.699997,208.039993,201.110001,207.839996,205.868256,29499700.00
2022-03-18,206.699997,216.800003,206.000000,216.490005,214.436203,52128000.00
2022-03-21,214.500000,214.710007,207.630005,211.490005,209.483643,30142300.00
2022-03-22,211.369995,219.460007,210.179993,216.649994,214.594666,31998800.00
2022-03-23,213.330002,216.800003,212.160004,213.460007,211.434952,23717300.00
2022-03-24,215.000000,220.669998,214.789993,219.570007,217.486984,31502300.00
2022-03-25,220.509995,225.500000,218.889999,221.820007,219.715668,40039000.00
2022-03-28,222.130005,224.039993,219.539993,223.589996,221.468842,26224100.00
2022-03-29,226.070007,230.889999,225.289993,229.860001,227.679337,31417900.00
2022-03-30,228.910004,231.149994,226.710007,227.850006,225.688431,25588000.00
2022-03-31,228.449997,228.490005,222.259995,222.360001,220.250504,24192300.00
2022-04-01,224.550003,227.279999,222.699997,224.850006,222.716904,19544800.00
2022-04-04,225.979996,234.350006,225.860001,233.889999,231.671143,28054800.00
2022-04-05,234.080002,236.860001,231.020004,231.839996,229.640564,29727200.00
2022-04-06,226.910004,228.990005,221.410004,223.300003,221.181595,28995100.00
2022-04-07,223.929993,225.520004,218.559998,222.949997,220.834900,21037200.00
2022-04-08,222.380005,225.130005,220.029999,222.330002,220.220795,18375700.00
2022-04-11,218.419998,220.610001,215.220001,216.460007,214.406525,20516600.00
2022-04-12,220.240005,222.029999,213.130005,214.139999,212.108490,20128800.00
2022-04-13,211.820007,216.610001,211.330002,214.990005,212.950439,19231800.00
2022-04-14,214.889999,214.990005,210.000000,210.179993,208.186066,18379500.00
2022-04-18,210.000000,213.380005,208.300003,210.770004,208.770493,16580800.00
2022-04-19,210.520004,218.429993,209.000000,217.309998,215.248383,20089900.00
2022-04-20,213.610001,214.160004,198.919998,200.419998,198.518646,43036500.00
2022-04-21,201.600006,202.970001,185.580002,188.070007,186.285828,49954100.00
2022-04-22,190.369995,192.720001,183.270004,184.110001,182.363388,36426800.00
2022-04-25,182.729996,187.179993,181.660004,186.990005,185.216080,29281100.00
2022-04-26,186.630005,187.190002,179.500000,180.949997,179.233353,31747400.00
2022-04-27,174.429993,181.210007,169.000000,174.949997,173.290253,71062900.00
2022-04-28,202.919998,208.529999,192.899994,205.729996,203.778259,100890600.00
2022-04-29,204.460007,212.479996,199.899994,200.470001,198.568176,49193400.00
2022-05-02,201.169998,211.880005,200.990005,211.130005,209.127060,49915300.00
2022-05-03,210.449997,214.899994,208.089996,212.029999,210.018494,41556300.00
2022-05-04,210.649994,224.300003,206.960007,223.410004,221.290543,41375900.00
2022-05-05,218.740005,220.169998,206.160004,208.279999,206.304092,41129200.00
2022-05-06,207.339996,209.380005,201.020004,203.770004,201.836853,34747200.00
2022-05-09,199.839996,202.570007,195.580002,196.210007,194.348602,36303200.00
2022-05-10,199.509995,202.960007,194.190002,197.649994,195.774887,34452500.00
2022-05-11,196.330002,200.669998,188.270004,188.740005,186.949463,31153400.00
2022-05-12,187.059998,198.050003,184.779999,191.240005,189.425766,38262200.00
2022-05-13,192.580002,199.889999,191.279999,198.619995,196.735718,24549800.00
2022-05-16,197.050003,205.369995,195.929993,200.039993,198.142242,27112600.00
2022-05-17,202.119995,205.460007,198.360001,202.619995,200.697815,24872700.00
2022-05-18,200.000000,201.000000,191.630005,192.240005,190.416275,23960000.00
2022-05-19,191.199997,195.289993,189.600006,191.289993,189.475250,24446900.00
2022-05-20,194.970001,197.910004,187.869995,193.539993,191.703903,31465600.00
2022-05-23,195.190002,196.990005,191.240005,196.229996,194.368393,25059200.00
2022-05-24,180.550003,183.679993,176.110001,181.279999,179.560226,50406300.00
2022-05-25,180.399994,185.449997,179.320007,183.830002,182.086044,28030200.00
2022-05-26,182.880005,192.830002,182.259995,191.630005,189.812057,23056500.00
2022-05-27,191.360001,195.330002,189.800003,195.130005,193.278854,22562700.00
2022-05-31,194.889999,197.600006,192.009995,193.639999,191.802963,26131100.00
2022-06-01,196.509995,199.529999,185.000000,188.639999,186.850403,36623500.00
2022-06-02,188.449997,200.940002,187.729996,198.860001,196.973434,31951600.00
2022-06-03,195.979996,196.610001,189.779999,190.779999,188.970108,19465000.00
2022-06-06,193.990005,196.919998,188.399994,194.250000,192.407196,30574200.00
2022-06-07,191.929993,196.529999,191.490005,195.649994,193.793869,18828700.00
2022-06-08,194.669998,202.029999,194.410004,196.639999,194.774506,22267200.00
2022-06-09,194.279999,199.449997,183.679993,184.000000,182.254456,23501600.00
2022-06-10,183.039993,183.100006,175.020004,175.570007,173.904434,27450800.00
2022-06-13,170.589996,172.580002,164.029999,164.259995,162.701706,31749300.00
2022-06-14,166.029999,166.750000,161.360001,163.729996,162.176697,27244300.00
2022-06-15,167.199997,172.160004,163.979996,169.350006,167.743408,30008300.00
2022-06-16,163.720001,165.080002,159.610001,160.869995,159.343842,26944100.00
2022-06-17,161.679993,165.899994,159.899994,163.740005,162.186646,31374200.00
2022-06-21,165.929993,167.759995,155.970001,157.050003,155.560104,50724900.00
2022-06-22,158.380005,160.789993,155.440002,155.850006,154.371490,47267800.00
2022-06-23,156.270004,159.750000,154.250000,158.750000,157.243958,40499200.00
2022-06-24,161.729996,170.250000,161.300003,170.160004,168.545731,68736000.00
2022-06-27,171.320007,171.750000,168.009995,169.490005,167.882080,29174600.00
2022-06-28,169.899994,171.300003,160.610001,160.679993,159.155670,27744500.00
2022-06-29,163.570007,166.330002,160.320007,163.940002,162.384735,28595200.00
2022-06-30,162.149994,165.229996,158.490005,161.250000,159.720261,35250600.00
2022-07-01,160.309998,160.619995,155.000000,160.029999,158.511810,31423900.00
2022-07-05,158.139999,168.250000,157.020004,168.190002,166.594391,28618600.00
2022-07-06,168.199997,171.589996,165.460007,169.770004,168.159439,23085900.00
2022-07-07,169.449997,172.720001,167.779999,172.190002,170.556503,24083400.00
2022-07-08,169.979996,172.399994,168.149994,170.880005,169.258896,19249200.00
2022-07-11,167.070007,167.490005,161.910004,162.880005,161.334793,21885600.00
2022-07-12,164.800003,165.910004,162.100006,163.270004,161.721100,16639700.00
2022-07-13,160.160004,164.979996,159.610001,163.490005,161.938980,16555100.00
2022-07-14,161.220001,162.589996,157.279999,158.050003,156.550583,23765200.00
2022-07-15,160.539993,164.979996,159.820007,164.699997,163.137527,23342800.00
2022-07-18,166.750000,171.690002,165.639999,167.229996,165.643524,23574300.00
2022-07-19,170.369995,176.490005,169.509995,175.779999,174.112396,25933700.00
2022-07-20,177.490005,183.600006,176.699997,183.089996,181.353073,24784300.00
2022-07-21,180.630005,183.850006,178.869995,183.169998,181.432266,27195800.00
2022-07-22,173.070007,175.600006,168.410004,169.270004,167.664154,42583900.00
2022-07-25,169.000000,170.570007,164.809998,166.649994,165.069016,26166300.00
2022-07-26,165.940002,166.000000,157.949997,159.149994,157.640182,28468400.00
2022-07-27,162.589996,170.869995,162.020004,169.580002,167.971222,43846600.00
2022-07-28,161.059998,161.509995,154.850006,160.720001,159.195267,73214300.00
2022-07-29,157.690002,160.139999,155.169998,159.100006,157.590637,42065400.00
2022-08-01,157.250000,165.190002,155.229996,159.929993,158.412750,40596700.00
2022-08-02,158.309998,162.240005,158.009995,160.190002,158.670288,27374500.00
2022-08-03,162.690002,169.539993,161.570007,168.800003,167.198624,31721900.00
2022-08-04,168.300003,172.149994,166.800003,170.570007,168.951843,23938200.00
2022-08-05,166.990005,171.610001,165.800003,167.110001,165.524673,25832700.00
2022-08-08,168.000000,177.509995,167.130005,170.250000,168.634857,27299100.00
2022-08-09,168.949997,169.529999,166.600006,168.529999,166.931183,18655100.00
2022-08-10,175.990005,180.479996,173.949997,178.339996,176.648132,30262100.00
2022-08-11,179.710007,183.100006,176.369995,177.490005,175.806168,24079100.00
2022-08-12,180.809998,181.460007,178.910004,180.500000,178.787628,21274000.00
2022-08-15,178.960007,181.440002,178.199997,180.889999,179.173935,15878700.00
2022-08-16,179.440002,180.990005,177.039993,179.470001,177.767395,21156700.00
2022-08-17,176.759995,178.139999,174.169998,174.850006,173.191208,20118100.00
2022-08-18,174.339996,175.759995,171.860001,174.660004,173.003052,18844500.00
2022-08-19,170.199997,172.320007,167.050003,167.960007,166.366577,26240800.00
2022-08-22,165.490005,165.490005,162.259995,163.050003,161.503174,19499700.00
2022-08-23,162.479996,165.050003,160.699997,161.110001,159.581589,18111800.00
2022-08-24,160.600006,165.460007,159.770004,163.259995,161.711166,20891500.00
2022-08-25,165.179993,168.880005,164.020004,168.779999,167.178802,15550500.00
2022-08-26,168.479996,170.919998,161.669998,161.779999,160.245224,24023600.00
2022-08-29,160.660004,163.050003,159.009995,159.169998,157.659988,20052700.00
2022-08-30,160.350006,161.660004,155.910004,157.160004,155.669052,19567900.00
2022-08-31,167.070007,167.839996,162.139999,162.929993,161.384293,40953000.00
2022-09-01,163.580002,167.360001,160.350006,165.360001,163.791260,30145700.00
2022-09-02,167.449997,167.929993,159.220001,160.320007,158.799088,22634200.00
2022-09-06,160.100006,161.690002,157.690002,158.539993,157.035934,19339800.00
2022-09-07,157.759995,160.960007,156.809998,160.389999,158.868378,16831200.00
2022-09-08,158.710007,162.229996,157.740005,162.059998,160.522552,22530800.00
2022-09-09,163.250000,169.539993,163.020004,169.149994,167.545288,22086800.00
2022-09-12,167.389999,171.389999,167.279999,168.960007,167.357117,23220400.00
2022-09-13,161.539993,161.630005,152.669998,153.130005,151.677277,44444100.00
2022-09-14,153.330002,153.539993,149.050003,151.470001,150.033005,43064200.00
2022-09-15,149.800003,154.199997,148.699997,149.550003,148.131256,34606300.00
2022-09-16,148.050003,148.580002,144.289993,146.289993,144.902176,40122800.00
2022-09-19,145.240005,148.580002,145.100006,148.020004,146.615784,22169500.00
2022-09-20,145.779999,148.839996,145.220001,146.089996,144.704071,23217400.00
2022-09-21,146.389999,149.600006,142.000000,142.119995,140.771698,38338600.00
2022-09-22,141.550003,144.580002,140.869995,142.820007,141.465118,34418500.00
2022-09-23,141.419998,142.619995,138.889999,140.410004,139.077942,31710700.00
2022-09-26,140.119995,142.240005,136.190002,136.369995,135.076279,30497000.00
2022-09-27,137.919998,139.419998,134.119995,134.399994,133.124969,30826500.00
2022-09-28,134.619995,142.029999,134.270004,141.610001,140.266571,32658500.00
2022-09-29,139.360001,139.839996,135.199997,136.410004,135.115921,38985400.00
2022-09-30,136.050003,140.990005,135.500000,135.679993,134.392807,33166400.00
2022-10-03,137.139999,139.619995,136.100006,138.610001,137.295013,27723100.00
2022-10-04,140.490005,142.389999,139.339996,140.279999,138.949173,34670700.00
2022-10-05,138.240005,140.210007,134.779999,138.979996,137.661514,27979300.00
2022-10-06,137.720001,141.449997,136.600006,139.070007,137.750656,36231100.00
2022-10-07,136.759995,138.289993,132.440002,133.449997,132.183960,33214800.00
2022-10-10,133.550003,136.110001,131.869995,133.789993,132.520737,24024000.00
2022-10-11,131.619995,132.660004,126.989998,128.539993,127.320557,38481400.00
2022-10-12,128.320007,129.669998,126.250000,127.500000,126.290428,34605200.00
2022-10-13,123.529999,131.139999,122.529999,130.289993,129.053940,34325700.00
2022-10-14,131.000000,131.789993,126.519997,126.760002,125.557449,23559400.00
2022-10-17,130.300003,134.789993,130.179993,134.039993,132.768387,29612200.00
2022-10-18,137.089996,137.839996,131.399994,132.800003,131.540161,25445000.00
2022-10-19,132.889999,137.000000,132.220001,133.229996,131.966064,30691000.00
2022-10-20,132.929993,136.770004,131.309998,131.529999,130.282211,26356300.00
2022-10-21,126.309998,130.119995,125.440002,130.009995,128.776596,46348600.00
2022-10-24,127.250000,133.479996,124.570000,129.720001,128.489395,63563400.00
2022-10-25,130.880005,138.350006,130.589996,137.509995,136.205444,38433200.00
2022-10-26,131.679993,135.550003,128.529999,129.820007,128.588440,82791500.00
2022-10-27,97.980003,102.500000,96.379997,97.940002,97.010849,232316600.00
2022-10-28,99.580002,100.849998,97.510002,99.199997,98.258911,95928300.00
2022-10-31,98.220001,99.320000,92.599998,93.160004,92.276207,121361400.00
2022-11-01,94.330002,97.489998,93.550003,95.199997,94.296852,110189600.00
2022-11-02,94.209999,95.199997,90.480003,90.540001,89.681061,71821100.00
2022-11-03,90.080002,90.459999,88.410004,88.910004,88.066513,60664000.00
2022-11-04,90.349998,91.389999,88.089996,90.790001,89.928688,55638100.00
2022-11-07,94.779999,96.879997,93.099998,96.720001,95.802429,81987300.00
2022-11-08,95.919998,97.800003,94.790001,96.470001,95.554817,52088300.00
2022-11-09,101.720001,104.900002,100.739998,101.470001,100.507385,107677300.00
2022-11-10,107.120003,112.750000,104.610001,111.870003,110.808723,80671000.00
2022-11-11,109.230003,114.900002,108.809998,113.019997,111.947792,59961700.00
2022-11-14,110.989998,116.269997,110.800003,114.220001,113.136421,53395000.00
2022-11-15,116.070000,118.739998,114.410004,117.080002,115.969284,50670500.00
2022-11-16,114.500000,116.080002,112.660004,113.230003,112.155800,33287800.00
2022-11-17,110.410004,112.330002,109.800003,111.449997,110.392693,35093800.00
2022-11-18,113.800003,114.320000,110.620003,112.050003,110.987000,33357700.00
2022-11-21,111.519997,112.370003,109.190002,109.860001,108.817772,24351100.00
2022-11-22,109.860001,111.620003,108.320000,111.440002,110.382790,29029000.00
2022-11-23,111.720001,112.669998,110.730003,112.239998,111.175194,21343100.00
2022-11-25,111.300003,112.730003,111.019997,111.410004,110.353073,12007600.00
2022-11-28,110.779999,112.040001,108.379997,108.779999,107.748016,23309400.00
2022-11-29,109.540001,110.940002,108.540001,109.459999,108.421585,23899200.00
2022-11-30,109.510002,118.160004,109.379997,118.099998,116.979607,43348600.00
2022-12-01,119.199997,121.199997,118.400002,120.440002,119.297417,36551400.00
2022-12-02,117.830002,124.040001,117.610001,123.489998,122.318459,39950500.00
2022-12-05,121.750000,124.669998,121.349998,122.430000,121.268532,35474900.00
2022-12-06,119.910004,120.550003,113.739998,114.120003,113.037354,43689200.00
2022-12-07,113.760002,115.879997,112.879997,113.930000,112.849174,29461100.00
2022-12-08,116.389999,117.339996,114.589996,115.330002,114.235886,30619400.00
2022-12-09,115.300003,117.540001,113.870003,115.900002,114.800484,26033400.00
2022-12-12,115.180000,115.720001,113.139999,114.709999,113.621765,24747100.00
2022-12-13,122.129997,123.300003,118.639999,120.150002,119.010147,44701100.00
2022-12-14,119.389999,124.139999,119.389999,121.589996,120.436508,36922000.00
2022-12-15,118.330002,118.629997,114.010002,116.150002,115.048096,34531000.00
2022-12-16,120.230003,123.309998,118.820000,119.430000,118.296982,67064000.00
2022-12-19,116.830002,117.800003,114.330002,114.480003,113.393959,29769900.00
2022-12-20,113.260002,117.330002,112.459999,117.089996,115.979187,28742500.00
2022-12-21,116.699997,120.339996,115.620003,119.760002,118.623856,20392800.00
2022-12-22,117.199997,118.620003,114.379997,117.120003,116.008896,23618100.00
2022-12-23,116.029999,118.180000,115.540001,118.040001,116.920181,17796600.00
2022-12-27,117.930000,118.599998,116.050003,116.879997,115.771194,21392300.00
2022-12-28,116.250000,118.150002,115.510002,115.620003,114.523148,19612500.00
2022-12-29,116.400002,121.029999,115.769997,120.260002,119.119118,22366200.00
2022-12-30,118.160004,120.419998,117.739998,120.339996,119.198357,19583800.00
2023-01-03,122.820000,126.370003,122.279999,124.739998,123.556618,35528500.00
2023-01-04,127.379997,129.050003,125.849998,127.370003,126.161667,32397100.00
2023-01-05,126.129997,128.520004,124.540001,126.940002,125.735748,25447100.00
2023-01-06,128.970001,130.330002,126.040001,130.020004,128.786545,27584500.00
2023-01-09,131.160004,132.949997,129.279999,129.470001,128.241745,26649100.00
2023-01-10,127.269997,133.440002,127.150002,132.990005,131.728348,28684400.00
2023-01-11,130.960007,133.850006,130.339996,132.889999,131.629303,25423000.00
2023-01-12,133.440002,137.679993,131.759995,136.710007,135.413071,30757700.00
2023-01-13,134.970001,137.389999,134.839996,136.979996,135.680496,22423800.00
2023-01-17,136.179993,136.750000,134.250000,135.360001,134.075882,21147600.00
2023-01-18,135.809998,137.250000,132.800003,133.020004,131.758057,20215500.00
2023-01-19,132.490005,137.449997,132.139999,136.149994,134.858368,28625200.00
2023-01-20,135.889999,139.940002,134.610001,139.369995,138.047821,28688600.00
2023-01-23,139.289993,143.759995,138.660004,143.270004,141.910828,27470100.00
2023-01-24,141.690002,145.000000,141.360001,143.139999,141.782059,21970200.00
2023-01-25,141.220001,143.169998,140.309998,141.500000,140.157623,26622000.00
2023-01-26,144.399994,147.509995,143.300003,147.300003,145.902618,25482100.00
2023-01-27,148.240005,153.190002,147.389999,151.740005,150.300491,35771900.00
2023-01-30,149.410004,151.119995,146.949997,147.059998,145.664856,28040100.00
2023-01-31,147.949997,149.880005,147.520004,148.970001,147.556747,29842100.00
2023-02-01,148.029999,153.580002,147.059998,153.119995,151.667374,55661000.00
2023-02-02,183.380005,197.160004,180.160004,188.770004,186.979156,150475700.00
2023-02-03,183.470001,196.770004,182.889999,186.529999,184.760422,76809700.00
2023-02-06,186.529999,190.699997,185.520004,186.059998,184.294891,42483800.00
2023-02-07,185.580002,193.779999,184.399994,191.619995,189.802124,47080700.00
2023-02-08,190.000000,190.830002,182.919998,183.429993,181.689819,36139100.00
2023-02-09,186.130005,186.649994,177.270004,177.919998,176.232117,37118800.00
2023-02-10,176.350006,178.889999,173.350006,174.149994,172.497864,33433600.00
2023-02-13,178.220001,181.000000,175.820007,179.429993,177.727768,31463200.00
2023-02-14,177.160004,181.509995,175.880005,179.479996,177.777298,24034600.00
2023-02-15,176.419998,178.190002,175.330002,177.160004,175.479309,25308900.00
2023-02-16,172.750000,175.850006,171.789993,172.440002,170.804108,25827500.00
2023-02-17,170.220001,173.179993,169.699997,172.880005,171.239929,24171300.00
2023-02-21,174.309998,178.169998,171.880005,172.080002,170.447479,34592600.00
2023-02-22,171.070007,172.759995,169.690002,171.119995,169.496628,22433200.00
2023-02-23,172.000000,173.690002,169.380005,172.039993,170.407867,20017800.00
2023-02-24,168.639999,170.720001,167.660004,170.389999,168.773544,19791300.00
2023-02-27,171.880005,173.119995,169.059998,169.539993,167.931595,19277000.00
2023-02-28,171.899994,177.550003,171.869995,174.940002,173.280365,46051100.00
2023-03-01,174.589996,177.850006,173.050003,173.419998,171.774811,30998400.00
2023-03-02,172.380005,175.009995,171.429993,174.529999,172.874252,17352000.00
2023-03-03,178.919998,186.619995,177.050003,185.250000,183.492569,45877700.00
2023-03-06,188.000000,189.660004,184.639999,184.899994,183.145905,33209400.00
2023-03-07,189.000000,190.360001,184.009995,184.509995,182.759598,36701500.00
2023-03-08,182.869995,185.259995,181.339996,184.970001,183.215225,19432400.00
2023-03-09,186.350006,188.929993,180.300003,181.690002,179.966339,26582800.00
2023-03-10,181.009995,184.770004,178.800003,179.509995,177.807007,25665000.00
2023-03-13,177.960007,183.779999,174.820007,180.899994,179.183823,24728000.00
2023-03-14,187.580002,194.320007,186.559998,194.020004,192.179382,41642600.00
2023-03-15,192.949997,197.779999,190.839996,197.750000,195.873978,42123600.00
2023-03-16,198.259995,205.759995,196.089996,204.929993,202.985840,50447100.00
2023-03-17,200.559998,201.899994,195.429993,195.610001,193.754288,50141100.00
2023-03-20,198.479996,199.360001,193.639999,197.809998,195.933365,25186300.00
2023-03-21,203.199997,203.550003,197.949997,202.160004,200.242142,31827000.00
2023-03-22,202.500000,207.369995,199.669998,199.809998,197.914444,28477800.00
2023-03-23,202.839996,207.880005,202.149994,204.279999,202.342026,27389700.00
2023-03-24,205.179993,207.580002,203.550003,206.009995,204.055603,27716400.00
2023-03-27,204.809998,205.860001,201.360001,202.839996,200.915680,18527200.00
2023-03-28,200.149994,201.029999,197.899994,200.679993,198.776154,19127300.00
2023-03-29,203.559998,205.720001,202.539993,205.350006,203.401886,18851100.00
2023-03-30,203.380005,208.089996,202.820007,207.839996,205.868256,22608300.00
2023-03-31,207.240005,212.169998,206.770004,211.940002,209.929367,25440300.00
2023-04-03,208.839996,213.490005,208.199997,213.070007,211.048645,17924600.00
2023-04-04,213.389999,216.240005,212.539993,214.720001,212.682983,21026400.00
2023-04-05,214.149994,215.190002,209.940002,211.479996,209.473740,19396600.00
2023-04-06,209.250000,216.940002,208.649994,216.100006,214.049881,26104400.00
2023-04-10,214.710007,215.660004,210.660004,214.750000,212.712708,16106100.00
2023-04-11,215.479996,216.020004,213.410004,213.850006,211.821243,16710100.00
2023-04-12,214.839996,216.839996,212.580002,214.000000,211.969849,18972200.00
2023-04-13,215.729996,221.149994,215.690002,220.350006,218.259613,23310400.00
2023-04-14,217.880005,222.110001,217.550003,221.490005,219.388748,21591200.00
2023-04-17,219.789993,220.979996,217.130005,218.860001,216.783737,15481900.00
2023-04-18,219.910004,220.440002,216.210007,217.889999,215.822937,12281000.00
2023-04-19,213.470001,217.330002,212.929993,215.699997,213.653702,15898100.00
2023-04-20,213.479996,216.750000,212.770004,213.070007,211.048645,16475400.00
2023-04-21,210.210007,213.410004,209.580002,212.889999,210.870346,17717200.00
2023-04-24,213.679993,213.919998,210.710007,212.789993,210.771286,15750900.00
2023-04-25,210.820007,211.259995,207.130005,207.550003,205.580994,19198200.00
2023-04-26,212.500000,214.110001,208.880005,209.399994,207.413452,41992700.00
2023-04-27,239.889999,241.690002,236.770004,238.559998,236.296860,71196500.00
2023-04-28,239.009995,240.429993,235.750000,240.320007,238.040131,39554000.00
2023-05-01,238.619995,244.000000,236.460007,243.179993,240.873016,29143900.00
2023-05-02,243.179993,244.919998,238.990005,239.240005,236.970383,24350100.00
2023-05-03,239.470001,241.750000,232.750000,237.029999,234.781357,34463900.00
2023-05-04,236.059998,238.199997,232.929993,233.520004,231.304657,17889400.00
2023-05-05,232.240005,234.679993,229.850006,232.779999,230.571671,27000500.00
2023-05-08,231.419998,235.619995,230.270004,233.270004,231.057022,16400500.00
2023-05-09,231.460007,235.880005,231.080002,233.369995,231.156052,16865600.00
2023-05-10,236.169998,236.750000,230.720001,233.080002,230.868820,19119000.00
2023-05-11,233.050003,238.210007,232.300003,235.789993,233.553131,20449000.00
2023-05-12,236.740005,236.960007,231.449997,233.809998,231.591888,16161400.00
2023-05-15,236.919998,240.259995,235.330002,238.860001,236.593964,20653200.00
2023-05-16,235.789993,239.639999,235.520004,238.820007,236.554352,18163800.00
2023-05-17,238.449997,243.839996,238.139999,242.490005,240.189514,21193100.00
2023-05-18,241.300003,247.089996,241.190002,246.850006,244.508179,22943300.00
2023-05-19,247.470001,248.690002,243.410004,245.639999,243.309647,21733600.00
2023-05-22,245.410004,253.570007,245.119995,248.320007,245.964264,27738500.00
2023-05-23,246.809998,251.610001,246.649994,246.740005,244.399246,17748100.00
2023-05-24,245.279999,249.589996,244.949997,249.210007,246.845795,17724300.00
2023-05-25,253.399994,255.619995,249.169998,252.690002,250.292786,22371400.00
2023-05-26,252.929993,262.309998,252.710007,262.040009,259.554077,25727200.00
2023-05-30,265.250000,268.649994,261.290009,262.519989,260.029480,23816500.00
2023-05-31,260.000000,265.000000,258.450012,264.720001,262.208679,25473700.00
2023-06-01,265.899994,274.000000,265.890015,272.609985,270.023804,25609500.00
2023-06-02,272.660004,275.350006,271.119995,272.609985,270.023804,19416900.00
2023-06-05,270.299988,275.570007,269.559998,271.390015,268.815399,20742900.00
2023-06-06,270.140015,276.570007,269.690002,271.119995,268.547913,19419000.00
2023-06-07,271.670013,274.250000,262.799988,263.600006,261.099274,26163600.00
2023-06-08,260.619995,267.649994,258.880005,264.579987,262.069946,20899400.00
2023-06-09,262.480011,267.950012,261.700012,264.950012,262.436462,16949800.00
2023-06-12,267.170013,271.750000,265.329987,271.049988,268.478607,15442500.00
2023-06-13,274.880005,275.720001,269.089996,271.320007,268.746094,16164000.00
2023-06-14,271.890015,274.989990,268.320007,273.350006,270.756744,19175100.00
2023-06-15,272.299988,283.989990,271.420013,281.829987,279.156311,25973500.00
2023-06-16,284.750000,287.850006,280.130005,281.000000,278.334198,43127700.00
2023-06-20,278.730011,284.799988,276.220001,284.329987,281.632599,20701600.00
2023-06-21,283.529999,284.000000,278.359985,281.640015,278.968109,20556200.00
2023-06-22,279.079987,285.260010,277.790009,284.880005,282.177399,17563100.00
2023-06-23,281.510010,289.670013,278.950012,288.730011,285.990875,51092000.00
2023-06-26,288.700012,289.790009,277.600006,278.470001,275.828186,24232700.00
2023-06-27,282.010010,289.350006,280.649994,287.049988,284.326813,26108300.00
2023-06-28,284.820007,289.549988,284.059998,285.290009,282.583496,16722100.00
2023-06-29,284.500000,286.570007,280.690002,281.529999,278.859161,15395700.00
2023-06-30,284.760010,289.049988,284.420013,286.980011,284.257477,19694900.00
2023-07-03,286.700012,289.399994,284.850006,286.019989,283.306580,8629300.00
2023-07-05,287.649994,298.119995,286.359985,294.369995,291.577362,33865500.00
2023-07-06,295.890015,298.119995,291.309998,291.989990,289.219910,47600500.00
2023-07-07,292.179993,296.200012,288.660004,290.529999,287.773743,25586000.00
2023-07-10,295.549988,298.130005,287.049988,294.100006,291.309937,37058300.00
2023-07-11,293.899994,300.179993,291.899994,298.290009,295.460175,27585900.00
2023-07-12,301.750000,309.450012,300.100006,309.339996,306.405304,36677100.00
2023-07-13,313.619995,316.239990,310.290009,313.410004,310.436798,30281000.00
2023-07-14,311.790009,314.880005,307.359985,308.869995,305.939819,23054100.00
2023-07-17,307.540009,311.709991,304.709991,310.619995,307.673157,25323100.00
2023-07-18,310.880005,314.200012,307.619995,312.049988,309.089661,20731900.00
2023-07-19,313.029999,318.679993,310.519989,316.010010,313.012085,21763700.00
2023-07-20,313.500000,315.540009,302.220001,302.519989,299.650055,23836900.00
2023-07-21,304.570007,305.459991,291.200012,294.260010,291.468445,42139300.00
2023-07-24,295.779999,297.519989,288.299988,291.609985,288.843506,24915700.00
2023-07-25,295.190002,298.299988,291.859985,294.470001,291.676392,19585600.00
2023-07-26,301.190002,301.769989,291.899994,298.570007,295.737518,47256900.00
2023-07-27,325.119995,325.350006,309.839996,311.709991,308.752869,64229200.00
2023-07-28,316.880005,326.200012,314.250000,325.480011,322.392212,39220300.00
2023-07-31,323.690002,325.660004,317.589996,318.600006,315.577545,25799600.00
2023-08-01,317.540009,324.140015,314.660004,322.709991,319.648499,22817900.00
2023-08-02,318.000000,318.390015,310.649994,314.309998,311.328186,20461100.00
2023-08-03,309.929993,315.950012,309.929993,313.190002,310.218842,15180200.00
2023-08-04,314.959991,318.410004,310.200012,310.730011,307.782166,17612800.00
2023-08-07,313.230011,317.070007,310.459991,316.559998,313.556824,16236500.00
2023-08-08,314.399994,317.890015,310.109985,312.640015,309.674072,15183500.00
2023-08-09,312.880005,313.630005,302.850006,305.209991,302.314545,19955800.00
2023-08-10,307.940002,312.339996,303.869995,305.739990,302.839447,14358900.00
2023-08-11,302.570007,304.720001,300.359985,301.640015,298.778442,14046300.00
2023-08-14,300.980011,306.209991,298.250000,306.190002,303.285217,15641900.00
2023-08-15,306.140015,307.230011,300.029999,301.950012,299.085480,11623600.00
2023-08-16,300.200012,301.079987,294.279999,294.290009,291.498138,18547700.00
2023-08-17,293.049988,296.049988,284.950012,285.089996,282.385406,23950100.00
2023-08-18,279.029999,285.690002,274.380005,283.250000,280.562897,35347900.00
2023-08-21,283.450012,290.500000,281.850006,289.899994,287.149750,20181500.00
2023-08-22,292.549988,292.899994,286.750000,287.600006,284.871582,12980200.00
2023-08-23,288.500000,297.399994,287.670013,294.239990,291.448608,18287000.00
2023-08-24,298.500000,299.459991,286.640015,286.750000,284.029663,18360900.00
2023-08-25,286.130005,288.390015,276.029999,285.500000,282.791504,23701400.00
2023-08-28,288.000000,291.450012,285.799988,290.260010,287.506348,14239300.00
2023-08-29,288.579987,299.149994,288.179993,297.989990,295.162994,20844500.00
2023-08-30,297.170013,298.290009,293.429993,295.100006,292.300446,17717000.00
2023-08-31,295.799988,301.100006,295.660004,295.890015,293.083008,17229900.00
2023-09-01,299.369995,301.739990,294.470001,296.380005,293.568268,12842300.00
2023-09-05,297.019989,301.390015,295.510010,300.149994,297.302490,14956000.00
2023-09-06,301.709991,303.299988,295.660004,299.170013,296.331787,15418100.00
2023-09-07,298.000000,307.049988,292.220001,298.670013,295.836609,33748700.00
2023-09-08,299.220001,305.250000,296.779999,297.890015,295.063965,17548000.00
2023-09-11,301.410004,309.040009,301.279999,307.559998,304.642212,19489300.00
2023-09-12,306.329987,308.660004,300.230011,301.660004,298.798187,13480400.00
2023-09-13,302.359985,307.179993,301.320007,305.059998,302.165985,13210900.00
2023-09-14,306.739990,312.869995,305.029999,311.720001,308.762726,19343100.00
2023-09-15,311.609985,312.000000,298.750000,300.309998,297.460999,28131100.00
2023-09-18,298.190002,303.600006,297.799988,302.549988,299.679779,14234200.00
2023-09-19,302.480011,306.170013,299.809998,305.070007,302.175934,15924400.00
2023-09-20,305.049988,308.059998,299.429993,299.670013,296.827087,19379500.00
2023-09-21,295.700012,300.260010,293.269989,295.730011,292.924469,21319600.00
2023-09-22,299.299988,305.380005,298.269989,299.079987,296.242676,25369600.00
2023-09-25,295.640015,300.950012,293.700012,300.829987,297.976044,18987000.00
2023-09-26,297.660004,300.299988,296.010010,298.959991,296.123810,19417200.00
2023-09-27,300.450012,301.299988,286.790009,297.739990,294.915344,36429800.00
2023-09-28,298.940002,306.329987,296.700012,303.959991,301.076355,22167100.00
2023-09-29,307.380005,310.640015,299.359985,300.209991,297.361938,25373700.00
2023-10-02,302.739990,307.179993,301.630005,306.820007,303.909210,16265600.00
2023-10-03,304.260010,306.769989,299.640015,300.940002,298.085022,17362300.00
2023-10-04,298.730011,306.899994,298.500000,305.579987,302.680969,16880500.00
2023-10-05,304.630005,306.209991,299.500000,304.790009,301.898468,19130000.00
2023-10-06,301.440002,316.309998,300.910004,315.429993,312.437500,21803900.00
2023-10-09,312.500000,320.329987,311.820007,318.359985,315.339752,22503700.00
2023-10-10,319.119995,324.660004,318.160004,321.839996,318.786713,19038000.00
2023-10-11,323.010010,328.839996,322.950012,327.820007,324.710083,22036300.00
2023-10-12,328.000000,330.540009,322.690002,324.160004,321.084747,20530500.00
2023-10-13,323.529999,325.049988,312.369995,314.690002,311.704620,21341000.00
2023-10-16,318.640015,321.820007,315.519989,321.149994,318.103302,16536100.00
2023-10-17,318.179993,324.399994,317.299988,324.000000,320.926239,16387800.00
2023-10-18,321.390015,325.940002,315.559998,316.970001,313.963013,16851000.00
2023-10-19,319.880005,321.890015,311.750000,312.809998,309.842407,18709200.00
2023-10-20,314.140015,315.299988,306.470001,308.649994,305.721893,22312300.00
2023-10-23,309.500000,317.359985,307.260010,314.010010,311.031067,17796800.00
2023-10-24,316.779999,318.350006,310.630005,312.549988,309.584869,19525500.00
2023-10-25,310.000000,310.880005,298.839996,299.529999,296.688446,42192500.00
2023-10-26,295.000000,295.000000,279.399994,288.350006,285.614441,66684100.00
2023-10-27,294.480011,299.309998,292.970001,296.730011,293.914978,29596300.00
2023-10-30,299.089996,309.399994,299.049988,302.660004,299.788666,28435100.00
2023-10-31,303.309998,303.679993,296.859985,301.269989,298.411926,19434200.00
2023-11-01,301.850006,312.739990,301.850006,311.850006,308.891510,20434600.00
2023-11-02,317.299988,318.820007,308.329987,310.869995,307.920868,21631800.00
2023-11-03,312.549988,315.549988,311.019989,314.600006,311.615448,16764300.00
2023-11-06,315.980011,318.329987,314.450012,315.799988,312.804047,12887700.00
2023-11-07,317.059998,321.000000,315.119995,318.820007,315.795410,14055600.00
2023-11-08,318.140015,321.329987,314.880005,319.779999,316.746338,13609700.00
2023-11-09,319.420013,324.179993,318.799988,320.549988,317.508972,16103100.00
2023-11-10,319.940002,329.100006,319.459991,328.769989,325.651001,19096200.00
2023-11-13,326.200012,332.329987,325.700012,329.190002,326.067017,16908900.00
2023-11-14,334.540009,338.100006,333.329987,336.309998,333.119446,17179400.00
2023-11-15,337.929993,338.399994,330.019989,332.709991,329.553650,14531200.00
2023-11-16,329.369995,334.579987,326.380005,334.190002,331.019592,18932600.00
2023-11-17,330.260010,335.500000,329.350006,335.040009,331.861542,14494400.00
2023-11-20,334.890015,341.869995,334.190002,339.970001,336.744812,16960500.00
2023-11-21,338.329987,339.899994,335.899994,336.980011,333.783112,12027900.00
2023-11-22,339.209991,342.920013,338.579987,341.489990,338.250336,10702700.00
2023-11-24,340.130005,341.859985,336.769989,338.230011,335.021271,5467500.00
2023-11-27,336.179993,339.899994,334.200012,334.700012,331.524750,15684500.00
2023-11-28,333.399994,339.380005,333.399994,338.989990,335.774109,12637200.00
2023-11-29,339.690002,339.899994,330.779999,332.200012,329.048462,16024500.00
2023-11-30,331.890015,333.500000,322.399994,327.149994,324.046356,23146400.00
2023-12-01,325.480011,326.859985,320.760010,324.820007,321.738556,15276400.00
2023-12-04,317.290009,320.859985,313.660004,320.019989,316.983978,19037100.00
2023-12-05,318.980011,321.880005,315.390015,318.290009,315.270447,16952100.00
2023-12-06,321.929993,322.250000,317.040009,317.450012,314.438354,11294300.00
2023-12-07,317.769989,328.239990,317.769989,326.589996,323.491669,15905100.00
2023-12-08,323.089996,333.170013,323.000000,332.750000,329.593262,14087400.00
2023-12-11,329.399994,329.890015,320.000000,325.279999,322.194122,25802500.00
2023-12-12,324.600006,334.470001,324.559998,334.220001,331.049347,18485500.00
2023-12-13,333.929993,338.369995,332.640015,334.739990,331.564392,16353300.00
2023-12-14,333.850006,334.700012,328.640015,333.170013,330.009338,19607300.00
2023-12-15,331.989990,338.660004,331.220001,334.920013,331.742706,31776900.00
2023-12-18,337.480011,347.559998,337.019989,344.619995,341.350647,18993900.00
2023-12-19,345.579987,353.600006,345.119995,350.359985,347.036194,17729400.00
2023-12-20,348.649994,354.959991,347.790009,349.279999,345.966431,16369900.00
2023-12-21,352.980011,356.410004,349.209991,354.089996,350.730743,15289600.00
2023-12-22,355.579987,357.200012,351.220001,353.390015,350.037415,11772800.00
2023-12-26,354.989990,356.980011,353.450012,354.829987,351.463806,9898600.00
2023-12-27,356.070007,359.000000,355.309998,357.829987,354.435333,13207900.00
2023-12-28,359.700012,361.899994,357.809998,358.320007,354.920746,11798800.00
2023-12-29,358.989990,360.000000,351.820007,353.959991,350.602020,14987100.00
2024-01-02,351.320007,353.160004,340.010010,346.290009,343.004822,19042200.00
2024-01-03,344.980011,347.950012,343.179993,344.470001,341.202087,15451100.00
2024-01-04,344.500000,348.149994,343.399994,347.119995,343.826965,12099900.00
2024-01-05,346.989990,353.500000,346.260010,351.950012,348.611115,13920700.00
2024-01-08,354.700012,358.980011,352.049988,358.660004,355.257477,13890200.00
2024-01-09,356.399994,360.640015,355.359985,357.429993,354.039154,13463900.00
2024-01-10,360.170013,372.940002,359.079987,370.470001,366.955383,22117200.00
2024-01-11,372.130005,372.779999,362.929993,369.670013,366.163055,17205400.00
2024-01-12,370.160004,377.059998,369.540009,374.489990,370.937256,19310000.00
2024-01-16,373.649994,375.609985,367.230011,367.459991,363.973969,15306900.00
2024-01-17,366.299988,368.540009,358.609985,368.369995,364.875305,12724800.00
2024-01-18,371.489990,376.850006,370.950012,376.130005,372.561707,16354300.00
2024-01-19,379.000000,384.359985,377.970001,383.450012,379.812317,21670800.00
2024-01-22,387.950012,390.350006,381.160004,381.779999,378.158081,17680500.00
2024-01-23,384.619995,388.380005,382.079987,385.200012,381.545715,15506100.00
2024-01-24,390.000000,396.149994,387.809998,390.700012,386.993530,15698500.00
2024-01-25,390.170013,395.489990,385.660004,393.179993,389.449951,15091100.00
2024-01-26,394.350006,396.790009,391.589996,394.140015,390.400848,13163700.00
2024-01-29,394.989990,402.929993,393.100006,401.019989,397.215607,18742400.00
2024-01-30,403.589996,406.359985,399.570007,400.059998,396.264709,18614700.00
2024-01-31,389.000000,398.000000,387.100006,390.140015,386.438812,20180800.00
2024-02-01,393.940002,400.500000,393.049988,394.779999,391.034790,29727100.00
2024-02-02,459.600006,485.959991,453.010010,474.989990,470.483856,84707600.00
2024-02-05,469.880005,471.899994,459.220001,459.410004,455.051666,40832400.00
2024-02-06,464.000000,467.119995,453.000000,454.720001,450.406189,21655200.00
2024-02-07,458.000000,471.519989,456.179993,469.589996,465.135071,23066000.00
2024-02-08,468.320007,470.589996,465.029999,470.000000,465.541260,18815100.00
2024-02-09,472.950012,473.589996,467.470001,468.109985,463.669037,18413100.00
2024-02-12,468.190002,479.149994,466.579987,468.899994,464.451630,19382000.00
2024-02-13,456.869995,467.890015,455.089996,460.119995,455.754913,20916600.00
2024-02-14,467.929993,474.109985,466.089996,473.279999,468.790100,16858400.00
2024-02-15,475.279999,488.619995,472.220001,484.029999,479.438110,24212300.00
2024-02-16,478.109985,478.959991,469.209991,473.320007,468.829712,23324600.00
2024-02-20,469.720001,476.179993,466.559998,471.750000,467.274567,18015500.00
2024-02-21,466.500000,469.000000,461.790009,468.029999,464.081726,12921800.00
2024-02-22,480.239990,489.989990,476.059998,486.130005,482.029083,21625800.00
2024-02-23,488.049988,494.359985,482.350006,484.029999,479.946808,18374300.00
2024-02-26,483.470001,486.140015,480.600006,481.739990,477.676086,12101400.00
2024-02-27,479.980011,487.269989,479.920013,487.049988,482.941315,10809600.00
2024-02-28,485.000000,491.049988,482.750000,484.019989,479.936859,12715500.00
2024-02-29,488.440002,491.700012,482.609985,490.130005,485.995361,17732000.00
2024-03-01,492.109985,504.250000,491.850006,502.299988,498.062683,16273600.00
2024-03-04,503.000000,504.420013,496.420013,498.190002,493.987305,12324100.00
2024-03-05,495.000000,495.579987,487.890015,490.220001,486.084564,15325300.00
2024-03-06,497.630005,502.970001,494.290009,496.089996,491.905029,11757900.00
2024-03-07,503.279999,519.849976,501.380005,512.190002,507.869232,18586400.00
2024-03-08,514.190002,523.570007,499.350006,505.950012,501.681946,18597100.00
2024-03-11,497.010010,497.320007,476.000000,483.589996,479.510498,20428300.00
2024-03-12,493.260010,502.309998,484.730011,499.750000,495.534149,15448200.00
2024-03-13,495.390015,500.980011,491.029999,495.570007,491.389465,12090700.00
2024-03-14,500.260010,501.350006,488.160004,491.829987,487.680969,12620000.00
2024-03-15,489.010010,491.829987,481.299988,484.100006,480.016205,29153600.00
2024-03-18,491.910004,497.420013,486.809998,496.980011,492.787537,11755300.00
2024-03-19,488.170013,496.630005,481.279999,496.239990,492.053772,10903100.00
2024-03-20,499.500000,508.200012,495.170013,505.519989,501.255463,11711100.00
2024-03-21,514.710022,515.039978,506.010010,507.760010,503.476562,9712500.00
2024-03-22,507.000000,509.970001,504.339996,509.579987,505.281219,8120600.00
2024-03-25,505.790009,507.220001,500.239990,503.019989,498.776611,8380600.00
2024-03-26,505.130005,510.000000,495.209991,495.890015,491.706726,11205400.00
2024-03-27,499.299988,499.890015,488.070007,493.859985,489.693848,9989700.00
2024-03-28,492.839996,492.890015,485.149994,485.579987,481.483673,15212800.00
2024-04-01,487.200012,497.429993,481.779999,491.350006,487.205017,9247000.00
2024-04-02,485.100006,497.529999,484.649994,497.369995,493.174225,11081000.00
2024-04-03,498.929993,507.239990,498.750000,506.739990,502.465149,12099200.00
2024-04-04,516.419983,530.000000,510.579987,510.920013,506.609985,26476300.00
2024-04-05,516.859985,530.700012,514.409973,527.340027,522.891418,19263300.00
2024-04-08,529.280029,531.489990,518.890015,519.250000,514.869690,13260600.00
2024-04-09,522.229980,525.869995,506.739990,516.900024,512.539551,10863800.00
2024-04-10,509.290009,522.559998,505.799988,519.830017,515.444763,11418500.00
2024-04-11,521.109985,523.859985,517.289978,523.159973,518.746643,10369500.00
2024-04-12,517.750000,520.190002,509.329987,511.899994,507.581726,11984500.00
2024-04-15,516.719971,518.530029,497.279999,500.230011,496.010101,13512900.00
2024-04-16,498.109985,504.769989,497.109985,499.760010,495.544128,9847900.00
2024-04-17,503.100006,503.160004,487.140015,494.170013,490.001282,12193700.00
2024-04-18,499.820007,512.210022,499.040009,501.799988,497.566895,14808700.00
2024-04-19,502.799988,502.799988,475.730011,481.070007,477.011719,25215400.00
2024-04-22,489.720001,492.010010,473.399994,481.730011,477.666168,17271100.00
2024-04-23,491.250000,498.760010,488.970001,496.100006,491.915009,15079200.00
2024-04-24,508.059998,510.000000,484.579987,493.500000,489.336884,37772700.00
2024-04-25,421.399994,445.769989,414.500000,441.380005,437.656586,82890700.00
2024-04-26,441.459991,446.440002,431.959991,443.290009,439.550476,32691400.00
2024-04-29,439.559998,439.760010,428.559998,432.619995,428.970459,21502600.00
2024-04-30,431.049988,439.619995,429.720001,430.170013,426.541138,18429500.00
2024-05-01,428.600006,449.959991,427.109985,439.190002,435.485046,20344900.00
2024-05-02,438.839996,443.959991,432.279999,441.679993,437.954041,15221300.00
2024-05-03,445.929993,454.170013,443.850006,451.959991,448.147339,16489100.00
2024-05-06,455.579987,466.160004,453.339996,465.679993,461.751587,15094600.00
2024-05-07,466.290009,471.529999,461.309998,468.239990,464.289978,13406800.00
2024-05-08,463.500000,475.579987,463.000000,472.600006,468.613251,11683900.00
2024-05-09,470.000000,476.079987,467.630005,475.420013,471.409485,9437700.00
2024-05-10,477.089996,477.500000,469.600006,476.200012,472.182831,10750000.00
2024-05-13,472.750000,473.350006,462.850006,468.010010,464.061951,14668800.00
2024-05-14,463.369995,472.540009,460.079987,471.850006,467.869507,10478600.00
2024-05-15,474.980011,482.500000,471.200012,481.540009,477.477783,13100500.00
2024-05-16,475.000000,477.690002,472.750000,473.230011,469.237885,16608200.00
2024-05-17,470.829987,472.799988,468.420013,471.910004,467.929047,10807300.00
2024-05-20,469.950012,473.200012,467.040009,468.839996,464.884918,11745100.00
2024-05-21,467.119995,470.700012,462.269989,464.630005,460.710449,11742200.00
2024-05-22,467.869995,473.720001,465.649994,467.779999,463.833923,10078600.00
2024-05-23,472.880005,474.359985,461.540009,465.779999,461.850708,11747900.00
2024-05-24,467.619995,479.850006,466.299988,478.220001,474.185822,12024300.00
2024-05-28,476.579987,480.859985,474.839996,479.920013,475.871490,10175800.00
2024-05-29,474.660004,479.850006,473.700012,474.359985,470.358307,9226200.00
2024-05-30,471.670013,471.730011,464.709991,467.049988,463.109985,10719600.00
2024-05-31,465.799988,469.119995,454.459991,466.829987,462.891846,16919800.00
2024-06-03,470.859985,479.600006,468.239990,477.489990,473.461945,11279400.00
2024-06-04,477.000000,478.890015,473.230011,476.989990,472.966156,7088700.00
2024-06-05,484.450012,496.649994,483.910004,495.059998,490.883728,15690500.00
2024-06-06,492.980011,502.820007,490.890015,493.760010,489.594727,10667300.00
2024-06-07,495.910004,498.910004,490.170013,492.959991,488.801453,9380700.00
2024-06-10,493.859985,502.660004,493.410004,502.600006,498.360168,11220900.00
2024-06-11,500.160004,507.600006,498.269989,507.470001,503.189056,9673700.00
2024-06-12,513.989990,514.010010,504.470001,508.839996,504.547455,11983200.00
2024-06-13,505.709991,509.359985,501.359985,504.100006,499.847473,9954600.00
2024-06-14,502.649994,507.149994,500.750000,504.160004,500.403320,10243300.00
2024-06-17,501.670013,510.750000,496.010010,506.630005,502.854889,11266600.00
2024-06-18,504.559998,506.000000,495.019989,499.489990,495.768066,13060400.00
2024-06-20,502.000000,503.670013,496.769989,501.700012,497.961639,11801200.00
2024-06-21,503.450012,503.450012,492.390015,494.779999,491.093231,22359200.00
2024-06-24,499.200012,507.799988,494.290009,498.910004,495.192505,13525300.00
2024-06-25,497.049988,510.709991,495.500000,510.600006,506.795319,12063200.00
2024-06-26,506.649994,513.809998,504.679993,513.119995,509.296509,8882300.00
2024-06-27,514.250000,522.880005,513.900024,519.559998,515.688477,10121200.00
2024-06-28,517.150024,521.880005,503.839996,504.220001,500.462891,15855100.00
2024-07-01,504.950012,506.579987,493.170013,504.679993,500.919403,10328200.00
2024-07-02,500.760010,510.500000,499.450012,509.500000,505.703522,7739500.00
2024-07-03,506.369995,511.279999,506.019989,509.959991,506.160065,6005600.00
2024-07-05,511.600006,540.869995,511.600006,539.909973,535.886902,21354100.00
2024-07-08,542.349976,542.809998,526.650024,529.320007,525.375793,14917500.00
2024-07-09,533.750000,537.479980,528.190002,530.000000,526.050842,8753200.00
2024-07-10,530.789978,538.880005,528.359985,534.690002,530.705811,10983300.00
2024-07-11,530.890015,535.460022,508.369995,512.700012,508.879669,16458300.00
2024-07-12,497.760010,508.089996,494.230011,498.869995,495.152771,19750500.00
2024-07-15,498.630005,506.679993,493.369995,496.160004,492.462921,12539200.00
2024-07-16,501.500000,503.950012,485.790009,489.790009,486.140411,14075800.00
2024-07-17,479.170013,479.170013,459.119995,461.989990,458.547546,28076600.00
2024-07-18,475.000000,479.239990,464.540009,475.850006,472.304260,19267200.00
2024-07-19,476.059998,486.709991,475.709991,476.790009,473.237305,15149400.00
2024-07-22,486.579987,492.059998,483.899994,487.399994,483.768188,12023100.00
2024-07-23,489.839996,495.220001,487.720001,488.690002,485.048584,9455500.00
2024-07-24,472.309998,476.299988,460.579987,461.269989,457.832916,17649700.00
2024-07-25,463.260010,463.549988,442.649994,453.410004,450.031525,18240500.00
2024-07-26,464.200012,469.769989,459.420013,465.700012,462.229858,14222400.00
2024-07-29,469.880005,473.959991,465.019989,465.709991,462.239807,11339600.00
2024-07-30,467.000000,472.730011,456.700012,463.190002,459.738556,11390400.00
2024-07-31,471.019989,476.500000,466.750000,474.829987,471.291901,24285800.00
2024-08-01,521.000000,527.169983,492.100006,497.739990,494.031128,43083100.00
2024-08-02,489.000000,501.149994,476.149994,488.140015,484.502686,24044700.00
2024-08-05,451.350006,483.480011,450.799988,475.730011,472.185181,21396200.00
2024-08-06,479.000000,502.559998,478.649994,494.089996,490.408356,20955000.00
2024-08-07,503.130005,510.149994,486.859985,488.920013,485.276855,20105300.00
2024-08-08,497.500000,509.959991,494.720001,509.630005,505.832581,16156800.00
2024-08-09,507.709991,518.340027,505.700012,517.770020,513.911926,13696600.00
2024-08-12,516.859985,518.020020,509.100006,515.950012,512.105530,9767400.00
2024-08-13,520.010010,531.500000,518.150024,528.539978,524.601562,13743800.00
2024-08-14,528.059998,534.000000,523.130005,526.760010,522.834900,11444200.00
2024-08-15,531.789978,539.770020,526.700012,537.330017,533.326172,13482100.00
2024-08-16,531.900024,533.659973,524.659973,527.419983,523.489990,14776700.00
2024-08-19,526.869995,531.659973,522.760010,529.280029,525.336182,9879700.00
2024-08-20,528.349976,531.090027,525.880005,526.729980,522.805054,7944400.00
2024-08-21,527.150024,539.400024,526.929993,535.159973,531.172241,13423300.00
2024-08-22,537.000000,544.229980,528.590027,531.929993,527.966492,15708300.00
2024-08-23,536.919983,539.869995,525.059998,528.000000,524.065613,11323900.00
2024-08-26,527.599976,528.000000,514.950012,521.119995,517.237000,9584000.00
2024-08-27,518.979980,524.010010,515.309998,519.099976,515.231873,6282700.00
2024-08-28,517.669983,521.090027,512.450012,516.780029,512.929260,9106100.00
2024-08-29,519.049988,527.200012,515.679993,518.219971,514.358521,8317400.00
2024-08-30,521.349976,523.539978,515.200012,521.309998,517.425537,9157500.00
2024-09-03,519.640015,525.489990,508.619995,511.760010,507.946655,12459100.00
2024-09-04,506.070007,516.590027,504.070007,512.739990,508.919312,8335200.00
2024-09-05,511.720001,521.630005,511.149994,516.859985,513.008667,8640900.00
2024-09-06,521.880005,524.580017,498.250000,500.269989,496.542297,14744500.00
2024-09-09,506.160004,511.329987,502.079987,504.790009,501.028656,11047800.00
2024-09-10,508.160004,514.179993,500.029999,504.790009,501.028656,9899000.00
2024-09-11,507.010010,513.119995,495.600006,511.829987,508.016113,10782500.00
2024-09-12,517.049988,526.710022,515.219971,525.599976,521.683533,11970500.00
2024-09-13,520.340027,527.580017,517.109985,524.619995,520.710938,10321400.00
2024-09-16,524.539978,534.099976,517.400024,533.280029,529.811218,9527600.00
2024-09-17,537.599976,542.099976,530.570007,536.320007,532.831482,11690800.00
2024-09-18,537.070007,544.200012,533.900024,537.950012,534.450867,10323500.00
2024-09-19,550.000000,562.070007,546.520020,559.099976,555.463379,15647000.00
2024-09-20,560.000000,564.500000,556.299988,561.349976,557.698669,22066800.00
2024-09-23,569.500000,573.979980,562.409973,564.409973,560.738770,12830700.00
2024-09-24,566.679993,567.750000,554.190002,563.330017,559.665955,12993000.00
2024-09-25,564.049988,576.880005,563.719971,568.309998,564.613342,16543400.00
2024-09-26,575.729980,577.400024,562.349976,567.840027,564.146484,14400800.00
2024-09-27,570.099976,570.840027,564.510010,567.359985,563.669678,9398400.00
2024-09-30,567.700012,574.679993,564.799988,572.440002,568.716553,12792300.00
2024-10-01,577.979980,583.039978,570.099976,576.469971,572.720276,15259300.00
2024-10-02,574.859985,576.000000,569.340027,572.809998,569.084045,6524700.00
2024-10-03,570.150024,583.359985,568.729980,582.770020,578.979370,11581000.00
2024-10-04,583.729980,596.849976,581.429993,595.940002,592.063660,14169500.00
2024-10-07,598.219971,602.950012,584.039978,584.780029,580.976257,12014200.00
2024-10-08,589.690002,593.559998,585.969971,592.890015,589.033508,7857400.00
2024-10-09,593.989990,594.390015,581.609985,590.510010,586.669067,9529700.00
2024-10-10,587.570007,590.229980,582.520020,583.830017,580.032471,7740400.00
2024-10-11,584.830017,591.210022,582.710022,589.950012,586.112671,8587100.00
2024-10-14,594.219971,600.099976,589.960022,590.419983,586.579529,8252000.00
2024-10-15,590.159973,590.609985,580.140015,586.270020,582.456543,9564200.00
2024-10-16,581.400024,582.080017,574.030029,576.789978,573.038269,11268400.00
2024-10-17,583.330017,584.969971,575.200012,576.929993,573.177429,8701200.00
2024-10-18,581.099976,583.969971,575.250000,576.469971,572.720276,7694300.00
2024-10-21,576.030029,577.239990,569.109985,575.159973,571.418762,8171900.00
2024-10-22,574.289978,583.530029,572.119995,582.010010,578.224365,8544500.00
2024-10-23,579.969971,585.000000,562.500000,563.690002,560.023499,14248400.00
2024-10-24,567.130005,568.880005,561.520020,567.780029,564.086853,7184700.00
2024-10-25,573.929993,581.289978,571.719971,573.250000,569.521240,11337900.00
2024-10-28,582.000000,583.750000,574.119995,578.159973,574.399414,10925100.00
2024-10-29,580.150024,593.669983,575.400024,593.280029,589.421082,13019100.00
2024-10-30,600.979980,601.200012,589.380005,591.799988,587.950623,26864900.00
2024-10-31,585.000000,589.900024,563.010010,567.580017,563.888123,26838400.00
2024-11-01,567.609985,573.669983,562.559998,567.159973,563.470886,15303200.00
2024-11-04,564.099976,568.690002,557.890015,560.679993,557.033081,12064600.00
2024-11-05,567.299988,573.479980,566.669983,572.429993,568.706604,9775400.00
2024-11-06,562.750000,573.000000,555.169983,572.049988,568.329041,18305400.00
2024-11-07,576.890015,594.799988,575.210022,591.700012,587.851318,14653700.00
2024-11-08,591.539978,593.099976,584.520020,589.340027,585.506653,9415700.00
2024-11-11,586.359985,587.000000,576.510010,583.169983,579.376770,10209100.00
2024-11-12,588.539978,599.659973,580.380005,584.820007,581.016113,16287700.00
2024-11-13,582.609985,585.640015,575.169983,580.000000,576.227417,10757600.00
2024-11-14,577.000000,580.760010,573.010010,577.159973,573.405823,11053700.00
2024-11-15,571.219971,572.570007,551.500000,554.080017,550.476074,17712900.00
2024-11-18,557.039978,559.900024,550.090027,554.400024,550.793945,14327300.00
2024-11-19,551.859985,561.429993,550.599976,561.090027,557.440491,9522400.00
2024-11-20,562.929993,566.349976,554.200012,565.520020,561.841553,9797300.00
2024-11-21,569.520020,570.000000,549.049988,563.090027,559.427490,11154700.00
2024-11-22,563.549988,563.830017,554.590027,559.140015,555.503052,9164000.00
2024-11-25,562.099976,572.590027,556.390015,565.109985,561.434265,13599800.00
2024-11-26,566.000000,577.500000,565.200012,573.539978,569.809326,10356600.00
2024-11-27,574.890015,574.979980,564.099976,569.200012,565.497681,7200200.00
2024-11-29,569.000000,578.460022,566.900024,574.320007,570.584229,7130500.00
2024-12-02,577.500000,594.500000,575.570007,592.830017,588.973999,12522400.00
2024-12-03,595.000000,614.200012,591.250000,613.650024,609.658508,14907200.00
2024-12-04,612.960022,617.780029,605.099976,613.780029,609.787720,14697000.00
2024-12-05,617.080017,619.900024,607.049988,608.929993,604.969177,8081200.00
2024-12-06,610.099976,629.789978,608.530029,623.770020,619.712769,16935500.00
2024-12-09,623.919983,626.400024,606.169983,613.570007,609.579041,11426000.00
2024-12-10,617.559998,625.590027,612.739990,619.320007,615.291626,10938900.00
2024-12-11,623.369995,638.400024,621.530029,632.679993,628.564697,10837200.00
2024-12-12,631.500000,636.659973,627.210022,630.789978,626.686951,7474700.00
2024-12-13,627.219971,631.080017,616.890015,620.349976,616.314819,8453300.00
2024-12-16,629.979980,631.150024,618.580017,624.239990,620.679749,10885600.00
2024-12-17,626.169983,632.369995,616.539978,619.440002,615.907227,12897800.00
2024-12-18,621.000000,627.359985,596.320007,597.190002,593.784180,17075500.00
2024-12-19,610.390015,611.520020,595.000000,595.570007,592.173462,14958100.00
2024-12-20,590.580017,603.109985,580.000000,585.250000,581.912231,48989400.00
2024-12-23,589.599976,601.090027,586.250000,599.849976,596.428955,10205800.00
2024-12-24,602.719971,607.989990,599.280029,607.750000,604.283936,4726100.00
2024-12-26,605.479980,606.299988,598.940002,603.349976,599.908936,6081400.00
2024-12-27,599.409973,601.849976,589.799988,599.809998,596.389221,8084200.00
2024-12-30,588.750000,596.940002,585.580017,591.239990,587.868042,7025900.00
2024-12-31,592.270020,593.969971,583.849976,585.510010,582.170837,6019500.00
2025-01-02,589.719971,604.909973,587.820007,599.239990,595.822327,12682300.00
2025-01-03,604.760010,609.500000,596.409973,604.630005,601.181763,11436800.00
2025-01-06,611.830017,630.989990,605.619995,630.200012,626.605896,14560800.00
2025-01-07,631.700012,632.099976,608.229980,617.890015,614.366089,12071500.00
2025-01-08,613.400024,616.440002,602.789978,610.719971,607.236877,10085800.00
2025-01-10,610.030029,629.909973,597.340027,615.859985,612.347656,19256600.00
2025-01-13,607.099976,608.969971,598.450012,608.330017,604.860657,10785000.00
2025-01-14,605.070007,605.489990,588.549988,594.250000,590.860901,13598000.00
2025-01-15,610.210022,622.460022,606.500000,617.119995,613.600464,15524300.00
2025-01-16,611.500000,616.250000,609.710022,611.299988,607.813721,8355300.00
2025-01-17,624.049988,624.969971,603.669983,612.770020,609.275269,17280600.00
2025-01-21,617.830017,621.500000,609.010010,616.460022,612.944214,11674000.00
2025-01-22,623.299988,633.700012,619.429993,623.500000,619.944153,12274000.00
2025-01-23,627.359985,636.599976,621.150024,636.450012,632.820190,9910200.00
2025-01-24,636.400024,652.000000,634.200012,647.489990,643.797302,19065300.00
2025-01-27,626.609985,663.869995,625.099976,659.880005,656.116699,28399200.00
2025-01-28,666.000000,682.580017,659.469971,674.330017,670.484192,20950100.00
2025-01-29,675.000000,681.049988,665.669983,676.489990,672.631836,21377800.00
2025-01-30,696.820007,710.789978,676.099976,687.000000,683.081909,29322900.00
2025-01-31,691.000000,705.299988,685.580017,689.179993,685.249451,19303900.00
2025-02-03,675.909973,704.000000,675.250000,697.460022,693.482300,21415700.00
2025-02-04,702.500000,707.710022,691.609985,704.190002,700.173950,13826300.00
2025-02-05,703.549988,718.140015,699.010010,704.869995,700.850037,17778200.00
2025-02-06,705.880005,718.900024,703.500000,711.989990,707.929443,13080700.00
2025-02-07,716.799988,725.010010,711.750000,714.520020,710.445007,16427100.00
2025-02-10,718.559998,721.200012,711.330017,717.400024,713.308594,12904300.00
2025-02-11,713.320007,723.659973,710.039978,719.799988,715.694946,12998000.00
2025-02-12,715.299988,727.099976,712.599976,725.380005,721.243042,12016500.00
2025-02-13,721.520020,729.000000,718.039978,728.559998,724.404907,12569100.00
2025-02-14,726.140015,740.909973,725.619995,736.669983,732.468628,16901200.00
2025-02-18,736.000000,737.000000,706.440002,716.369995,712.284424,21938700.00
2025-02-19,704.099976,707.000000,695.390015,703.770020,699.756287,17535500.00
2025-02-20,697.280029,705.630005,693.640015,694.840027,690.877197,12587400.00
2025-02-21,696.580017,703.869995,682.359985,683.549988,679.651611,15660400.00
2025-02-24,686.280029,687.270020,662.450012,668.130005,664.319580,15677000.00
2025-02-25,665.969971,668.000000,641.859985,657.500000,653.750122,20579700.00
2025-02-26,659.650024,683.010010,658.000000,673.700012,669.857849,14488700.00
2025-02-27,682.450012,688.650024,657.570007,658.239990,654.485901,12500000.00
2025-02-28,658.039978,669.630005,642.599976,668.200012,664.389160,17534200.00
2025-03-03,673.679993,681.250000,650.840027,655.049988,651.314148,10843800.00
2025-03-04,645.510010,649.750000,623.650024,640.000000,636.349976,21495200.00
2025-03-05,641.000000,659.500000,637.659973,656.469971,652.726013,13770000.00
2025-03-06,648.000000,650.559998,624.109985,627.929993,624.348877,13446500.00
2025-03-07,625.369995,634.789978,600.609985,625.659973,622.091736,21375700.00
2025-03-10,608.070007,610.109985,586.869995,597.989990,594.579529,21999900.00
2025-03-11,595.049988,614.929993,593.330017,605.710022,602.255554,17401500.00
2025-03-12,629.900024,633.330017,609.349976,619.559998,616.026611,15747000.00
2025-03-13,620.250000,620.500000,586.510010,590.640015,587.271484,16480300.00
2025-03-14,602.799988,608.859985,594.780029,607.599976,604.672302,12364500.00
2025-03-17,607.460022,613.099976,598.000000,604.900024,601.985352,15473900.00
2025-03-18,600.049988,600.250000,574.659973,582.359985,579.553894,20297700.00
2025-03-19,584.280029,592.320007,574.770020,584.059998,581.245728,20537500.00
2025-03-20,582.760010,610.200012,579.510010,586.000000,583.176331,24336500.00
2025-03-21,583.419983,597.539978,580.950012,596.250000,593.376953,25015900.00
2025-03-24,614.969971,622.539978,612.200012,618.849976,615.868042,15741300.00
2025-03-25,626.760010,633.880005,621.179993,626.309998,623.292053,15312500.00
2025-03-26,624.890015,626.750000,606.609985,610.979980,608.035889,12609800.00
2025-03-27,602.000000,614.250000,600.099976,602.580017,599.676514,10436500.00
2025-03-28,600.309998,601.750000,573.919983,576.739990,573.960938,17602800.00
2025-03-31,563.500000,578.700012,553.299988,576.359985,573.582764,21124700.00
2025-04-01,570.840027,589.909973,570.000000,586.000000,583.176331,12836600.00
2025-04-02,574.909973,592.659973,573.359985,583.929993,581.116333,13470800.00
2025-04-03,546.219971,552.559998,530.299988,531.619995,529.058411,34777500.00
2025-04-04,506.619995,518.000000,494.200012,504.730011,502.297943,38589800.00
2025-04-07,485.100006,539.369995,481.899994,516.250000,513.762390,36606100.00
2025-04-08,543.250000,547.429993,502.859985,510.450012,507.990387,28034200.00
2025-04-09,509.269989,587.890015,502.109985,585.770020,582.947510,39216600.00
2025-04-10,575.489990,581.299988,535.299988,546.289978,543.657715,28173500.00
2025-04-11,535.510010,547.400024,528.590027,543.570007,540.950806,17642300.00
2025-04-14,556.169983,557.770020,528.280029,531.479980,528.919128,14130900.00
2025-04-15,532.109985,537.940002,517.500000,521.520020,519.007141,15558700.00
2025-04-16,508.510010,513.369995,495.630005,502.309998,499.889587,18735100.00
2025-04-17,505.250000,507.299988,498.010010,501.480011,499.063599,14593500.00
2025-04-21,491.329987,493.500000,479.799988,484.660004,482.324677,16166000.00
2025-04-22,491.869995,506.880005,486.359985,500.279999,497.869385,17399400.00
2025-04-23,528.530029,535.340027,516.520020,520.270020,517.763062,18173900.00
2025-04-24,518.729980,533.900024,517.500000,533.150024,530.581055,13910000.00
2025-04-25,546.799988,549.859985,536.250000,547.270020,544.632935,17098900.00
2025-04-28,555.640015,558.489990,540.590027,549.739990,547.091003,15179000.00
2025-04-29,546.000000,556.570007,544.119995,554.440002,551.768433,11835000.00
2025-04-30,538.400024,549.099976,529.500000,549.000000,546.354614,29244000.00
2025-05-01,592.080017,592.950012,570.500000,572.210022,569.452881,31159000.00
2025-05-02,583.460022,604.340027,578.330017,597.020020,594.143311,24739300.00
2025-05-05,591.219971,603.210022,588.049988,599.270020,596.382446,13887700.00
2025-05-06,592.530029,596.030029,586.580017,587.309998,584.480042,10600700.00
2025-05-07,590.359985,603.080017,586.669983,596.809998,593.934265,13139100.00
2025-05-08,606.289978,611.299988,596.619995,598.010010,595.128479,14622800.00
2025-05-09,603.719971,606.969971,591.710022,592.489990,589.635071,10427300.00
2025-05-12,630.919983,640.390015,621.030029,639.429993,636.348877,21965100.00
2025-05-13,645.539978,660.919983,642.830017,656.030029,652.868958,18570800.00
2025-05-14,661.210022,662.669983,654.309998,659.359985,656.182861,12348200.00
2025-05-15,654.280029,657.309998,638.580017,643.880005,640.777405,14341800.00
2025-05-16,637.960022,640.440002,626.150024,640.340027,637.254517,18519000.00
2025-05-19,628.250000,643.000000,627.799988,640.429993,637.344055,9592400.00
2025-05-20,636.010010,639.349976,632.260010,637.099976,634.030090,6743500.00
2025-05-21,631.789978,646.609985,630.169983,635.500000,632.437805,11464600.00
2025-05-22,634.049988,643.250000,630.710022,636.570007,633.502686,8228400.00
2025-05-23,624.000000,632.450012,622.650024,627.059998,624.038513,8454100.00
2025-05-27,635.409973,643.080017,632.750000,642.320007,639.224915,9508400.00
2025-05-28,642.599976,650.880005,642.549988,643.580017,640.478882,9042900.00
2025-05-29,651.650024,653.320007,639.500000,645.049988,641.941833,8858800.00
2025-05-30,642.500000,649.409973,632.780029,647.489990,644.369995,16241000.00
2025-06-02,644.390015,673.260010,644.260010,670.900024,667.667297,15766300.00
2025-06-03,671.450012,675.580017,665.030029,666.849976,663.636780,11585000.00
2025-06-04,669.320007,689.000000,668.570007,687.950012,684.635132,14031900.00
2025-06-05,691.659973,694.380005,682.250000,684.619995,681.321106,13083100.00
2025-06-06,696.169983,702.809998,691.869995,697.710022,694.348022,11728000.00
2025-06-09,698.460022,705.190002,693.940002,694.059998,690.715576,12773200.00
2025-06-10,701.349976,703.229980,691.559998,702.400024,699.015503,10850100.00
2025-06-11,703.710022,708.869995,691.989990,694.140015,690.795227,9582500.00
2025-06-12,693.299988,695.380005,687.000000,693.359985,690.019043,7322700.00
2025-06-13,687.950012,694.570007,681.010010,682.869995,679.579590,9274400.00
2025-06-16,699.330017,707.150024,693.510010,702.119995,699.274414,13720300.00
2025-06-17,702.000000,705.969971,696.059998,697.229980,694.404297,10066100.00
2025-06-18,698.179993,701.590027,694.900024,695.770020,692.950134,10068300.00
2025-06-20,700.750000,701.820007,678.669983,682.349976,679.584595,22538600.00
2025-06-23,683.690002,699.049988,678.750000,698.530029,695.699036,11080100.00
2025-06-24,704.890015,713.190002,702.109985,712.200012,709.313538,13823200.00
2025-06-25,713.320007,716.580017,705.380005,708.679993,705.807861,9320400.00
2025-06-26,714.359985,728.219971,711.049988,726.090027,723.147339,13964800.00
2025-06-27,726.520020,735.429993,725.859985,733.630005,730.656738,18775700.00
2025-06-30,744.549988,747.900024,734.250000,738.090027,735.098694,15402100.00
2025-07-01,736.880005,737.750000,715.369995,719.219971,716.305115,13431200.00
2025-07-02,715.330017,720.299988,712.799988,713.570007,710.678040,9336700.00
2025-07-03,726.609985,729.030029,714.419983,719.010010,716.096008,8601700.00
2025-07-07,717.599976,727.000000,713.510010,718.349976,715.438660,9457100.00
2025-07-08,721.570007,722.909973,714.809998,720.669983,717.749268,7770700.00
2025-07-09,722.719971,737.530029,722.719971,732.780029,729.810242,11418000.00
2025-07-10,731.549988,735.799988,719.599976,727.239990,724.292603,9913600.00
2025-07-11,722.500000,725.159973,709.700012,717.510010,714.602112,10873900.00
2025-07-14,717.599976,728.000000,716.549988,720.919983,717.998230,8939400.00
2025-07-15,723.900024,724.469971,709.820007,710.390015,707.510986,11529500.00
2025-07-16,713.369995,713.969971,699.270020,702.909973,700.061218,13067600.00
2025-07-17,704.390015,705.900024,697.109985,701.409973,698.567322,11803300.00
2025-07-18,702.190002,704.710022,691.650024,704.280029,701.425720,12779800.00
2025-07-21,706.799988,717.000000,705.760010,712.969971,710.080505,9404400.00
2025-07-22,716.190002,716.599976,701.409973,704.809998,701.953613,8921100.00
2025-07-23,706.369995,714.630005,704.929993,713.580017,710.688049,8771600.00
2025-07-24,717.049988,723.619995,714.000000,714.799988,711.903076,10920800.00
2025-07-25,716.919983,720.650024,711.900024,712.679993,709.791687,8271700.00
2025-07-28,715.200012,724.739990,712.679993,717.630005,714.721558,8715700.00
2025-07-29,720.000000,724.469971,699.909973,700.000000,697.163086,13267000.00
2025-07-30,708.090027,708.500000,691.200012,695.210022,692.392517,27077300.00
2025-07-31,775.200012,784.750000,765.510010,773.440002,770.305420,38831100.00
2025-08-01,760.729980,766.000000,745.309998,750.010010,746.970398,19028700.00
2025-08-04,760.000000,776.849976,758.409973,776.369995,773.223511,15801700.00
2025-08-05,776.450012,783.130005,763.000000,763.460022,760.365906,11640300.00
2025-08-06,770.000000,773.640015,760.460022,771.989990,768.861267,9733900.00
2025-08-07,773.489990,775.000000,759.549988,761.830017,758.742432,9019700.00
2025-08-08,762.750000,769.900024,758.580017,769.299988,766.182190,7320800.00
2025-08-11,770.080017,773.460022,764.669983,765.869995,762.766052,7612000.00
2025-08-12,773.000000,793.669983,772.429993,790.000000,786.798279,14563100.00
2025-08-13,791.150024,795.460022,778.229980,780.080017,776.918518,8811800.00
2025-08-14,777.880005,787.809998,772.510010,782.130005,778.960205,8116200.00
2025-08-15,784.150024,796.250000,780.820007,785.229980,782.047607,13375400.00
2025-08-18,775.090027,775.809998,756.559998,767.369995,764.260010,16513700.00
2025-08-19,767.119995,767.169983,749.359985,751.479980,748.434448,12286700.00
2025-08-20,747.570007,750.200012,731.000000,747.719971,744.689636,11898200.00
2025-08-21,744.710022,745.500000,733.109985,739.099976,736.104553,8876300.00
2025-08-22,739.229980,756.900024,734.390015,754.789978,751.730896,10612700.00
2025-08-25,754.820007,758.880005,750.130005,753.299988,750.247009,6861200.00
2025-08-26,750.799988,754.869995,747.940002,754.099976,751.043823,7601800.00
2025-08-27,752.299988,754.150024,742.840027,747.380005,744.351013,8315400.00
2025-08-28,744.000000,753.049988,740.799988,751.109985,748.065918,7468000.00
2025-08-29,745.280029,747.140015,735.349976,738.700012,735.706177,9070500.00
2025-09-02,726.039978,736.000000,721.729980,735.109985,732.130737,9350900.00
2025-09-03,736.000000,740.250000,733.989990,737.049988,734.062866,7699300.00
2025-09-04,748.570007,761.159973,745.820007,748.650024,745.615906,11439100.00
2025-09-05,752.619995,757.950012,745.030029,752.450012,749.400513,9663400.00
2025-09-08,756.000000,766.510010,752.020020,752.299988,749.251099,13087800.00
2025-09-09,757.489990,766.299988,753.429993,765.700012,762.596741,10999000.00
2025-09-10,765.130005,765.700012,751.000000,751.979980,748.932312,12478300.00
2025-09-11,754.650024,757.099976,748.369995,750.900024,747.856689,7923300.00
2025-09-12,748.729980,757.570007,743.760010,755.590027,752.527771,8248600.00
2025-09-15,757.469971,774.070007,751.989990,764.700012,761.600769,10533800.00
2025-09-16,767.000000,781.359985,765.099976,779.000000,775.842896,11782500.00
2025-09-17,779.989990,783.289978,766.309998,775.719971,772.576111,9400900.00
2025-09-18,780.750000,788.780029,773.359985,780.250000,777.087830,10955000.00
2025-09-19,786.419983,790.799988,769.190002,778.380005,775.225342,23696800.00
2025-09-22,781.849976,785.729980,764.469971,765.159973,762.573242,11706900.00
2025-09-23,769.250000,770.599976,751.070007,755.400024,752.846252,10872600.00
2025-09-24,757.500000,761.109985,752.530029,760.659973,758.088501,8828200.00
2025-09-25,753.450012,756.770020,744.549988,748.909973,746.378235,10591100.00
2025-09-26,750.000000,751.929993,737.349976,743.750000,741.235718,9696300.00
2025-09-29,748.719971,750.780029,739.150024,743.400024,740.886841,9246800.00
2025-09-30,742.250000,742.969971,726.299988,734.380005,731.897339,16226800.00
2025-10-01,721.489990,721.849976,710.200012,717.340027,714.914917,20419600.00
2025-10-02,722.580017,727.770020,718.140015,727.049988,724.592163,11415300.00
2025-10-03,729.630005,731.000000,710.179993,710.559998,708.157898,16154300.00
2025-10-06,705.190002,716.880005,690.510010,715.659973,713.240662,21654700.00
2025-10-07,717.719971,718.500000,705.750000,713.080017,710.669373,12062900.00
2025-10-08,713.450012,719.650024,707.809998,717.840027,715.413330,10790600.00
2025-10-09,718.280029,733.510010,712.440002,733.510010,731.030273,12717200.00
2025-10-10,730.919983,735.270020,704.510010,705.299988,702.915649,16980100.00
2025-10-13,713.010010,719.940002,707.640015,715.700012,713.280457,9251800.00
2025-10-14,707.780029,715.549988,699.330017,708.650024,706.254333,8829800.00
2025-10-15,717.059998,723.900024,709.510010,717.549988,715.124268,10246800.00
2025-10-16,717.549988,725.489990,703.880005,712.070007,709.662781,9017000.00
2025-10-17,707.080017,718.539978,706.119995,716.919983,714.496399,12232400.00
2025-10-20,721.190002,733.770020,720.179993,732.169983,729.694763,8900200.00
2025-10-21,736.020020,738.500000,728.750000,733.270020,730.791199,7647300.00
2025-10-22,733.830017,740.599976,724.030029,733.409973,730.930664,8734500.00
2025-10-23,734.700012,742.409973,733.099976,734.000000,731.518677,9856000.00
2025-10-24,736.789978,741.210022,731.150024,738.359985,735.863953,9151300.00
2025-10-27,749.729980,755.750000,748.010010,750.820007,748.281738,11321100.00
2025-10-28,752.630005,758.400024,745.520020,751.440002,748.899658,12193800.00
2025-10-29,754.750000,759.159973,742.510010,751.669983,749.128906,26818600.00
2025-10-30,669.150024,680.960022,650.169983,666.469971,664.216919,88440100.00
2025-10-31,674.510010,674.890015,645.570007,648.349976,646.158203,56953200.00
2025-11-03,656.000000,659.330017,636.179993,637.710022,635.554199,33003600.00
2025-11-04,628.039978,641.739990,626.010010,627.320007,625.199280,27356600.00
2025-11-05,632.309998,642.229980,626.539978,635.950012,633.800110,20219900.00
2025-11-06,635.849976,636.000000,618.000000,618.940002,616.847595,23628800.00
2025-11-07,616.489990,622.130005,601.200012,621.710022,619.608276,29946800.00
2025-11-10,631.090027,635.000000,618.109985,631.760010,629.624268,19245000.00
2025-11-11,628.000000,629.559998,619.390015,627.080017,624.960083,13302200.00
2025-11-12,628.130005,628.989990,607.770020,609.010010,606.951172,24493300.00
2025-11-13,613.070007,617.650024,603.000000,609.890015,607.828247,20973800.00
2025-11-14,601.789978,613.679993,595.200012,609.460022,607.399719,20724100.00
2025-11-17,609.039978,611.690002,595.400024,602.010010,599.974854,16501300.00
2025-11-18,591.599976,603.659973,583.780029,597.690002,595.669434,25500600.00
2025-11-19,593.719971,595.330017,581.250000,590.320007,588.324341,24744700.00
2025-11-20,603.500000,606.719971,583.349976,589.150024,587.158325,20603000.00
2025-11-21,588.500000,598.119995,581.859985,594.250000,592.241089,21052600.00
2025-11-24,598.719971,616.700012,597.630005,613.049988,610.977478,23554900.00
2025-11-25,624.000000,637.049988,618.299988,636.219971,634.069153,25213000.00
2025-11-26,637.690002,638.359985,631.630005,633.609985,631.467957,15209500.00
2025-11-28,636.080017,648.049988,635.500000,647.950012,645.759583,11033200.00
2025-12-01,639.549988,645.320007,637.760010,640.869995,638.703430,13029900.00
2025-12-02,642.340027,647.869995,638.070007,647.099976,644.912354,11640900.00
2025-12-03,644.409973,648.849976,637.549988,639.599976,637.437744,11134300.00
2025-12-04,676.000000,676.099976,660.049988,661.530029,659.293701,29874600.00
2025-12-05,664.000000,674.690002,662.390015,673.419983,671.143433,21207900.00
2025-12-08,669.340027,676.710022,665.070007,666.799988,664.545776,13161000.00
2025-12-09,663.770020,664.479980,653.340027,656.960022,654.739136,12997100.00
2025-12-10,649.950012,654.510010,643.400024,650.130005,647.932190,16910900.00
2025-12-11,643.289978,655.280029,640.799988,652.710022,650.503479,13056700.00
2025-12-12,649.799988,711.000000,638.609985,644.229980,642.052124,14016900.00
2025-12-15,645.700012,653.000000,638.700012,647.510010,645.847351,15549100.00
2025-12-16,643.500000,662.539978,643.200012,657.150024,655.462585,14309100.00
2025-12-17,655.609985,661.229980,649.200012,649.500000,647.832214,15598500.00
2025-12-18,657.030029,670.559998,656.460022,664.450012,662.743835,20260300.00
2025-12-19,666.419983,671.000000,658.179993,658.770020,657.078491,49977100.00
2025-12-22,661.650024,673.580017,656.650024,661.500000,659.801392,15659400.00
2025-12-23,660.049988,666.000000,658.250000,664.940002,663.232544,8486800.00
2025-12-24,662.530029,668.179993,662.200012,667.549988,665.835876,5627500.00
2025-12-26,668.059998,668.950012,661.320007,663.289978,661.586792,7133800.00
2025-12-29,658.010010,660.250000,654.390015,658.690002,656.998657,8506500.00
2025-12-30,658.690002,672.219971,657.840027,665.950012,664.239990,9187500.00
2025-12-31,664.750000,665.000000,659.440002,660.090027,658.395081,7940400.00
2026-01-02,662.729980,664.390015,643.500000,650.409973,648.739929,13726500.00
2026-01-05,651.010010,664.539978,647.750000,658.789978,657.098328,12213700.00
2026-01-06,659.570007,665.520020,651.900024,660.619995,658.923706,11074400.00
2026-01-07,655.640015,659.150024,644.809998,648.690002,647.024353,12846300.00
2026-01-08,645.880005,647.099976,635.719971,646.059998,644.401123,11921700.00
2026-01-09,645.440002,654.950012,642.849976,653.059998,651.383057,11634900.00
2026-01-12,652.530029,653.969971,641.229980,641.969971,640.321533,14797200.00
2026-01-13,642.270020,642.270020,624.099976,631.090027,629.469543,18030400.00
2026-01-14,626.500000,628.450012,614.820007,615.520020,613.939514,15527900.00
2026-01-15,618.479980,624.169983,614.229980,620.799988,619.205933,13076100.00
2026-01-16,624.179993,629.080017,620.080017,620.250000,618.657349,17012500.00
2026-01-20,607.880005,611.400024,600.000000,604.119995,602.568726,15169600.00
2026-01-21,606.739990,618.270020,600.080017,612.960022,611.386108,14494700.00
2026-01-22,629.349976,660.570007,626.549988,647.630005,645.967041,21394700.00
2026-01-23,644.770020,666.489990,644.450012,658.760010,657.068481,22797700.00
2026-01-26,665.130005,675.280029,661.289978,672.359985,670.633545,16327400.00
2026-01-27,674.590027,676.820007,664.659973,672.969971,671.241882,13297400.00
2026-01-28,674.500000,677.679993,666.099976,668.729980,667.012817,25709600.00
2026-01-29,737.429993,744.000000,712.549988,738.309998,736.414185,59852900.00
2026-01-30,727.500000,732.169983,713.590027,716.500000,714.660156,23744600.00
2026-02-02,714.599976,721.299988,703.520020,706.409973,704.596069,14365200.00
2026-02-03,707.369995,717.000000,686.409973,691.700012,689.923889,13760700.00
2026-02-04,687.729980,688.830017,667.460022,668.989990,667.272217,16882800.00
2026-02-05,663.580017,681.500000,653.500000,670.210022,668.489075,17131800.00
2026-02-06,665.489990,671.989990,646.500000,661.460022,659.761536,18159300.00
2026-02-09,663.179993,683.309998,658.780029,677.219971,675.481018,14837500.00
2026-02-10,677.599976,680.650024,669.789978,670.719971,668.997742,10455800.00
2026-02-11,674.000000,679.270020,657.099976,668.690002,666.972961,14323800.00
2026-02-12,669.969971,676.000000,645.280029,649.809998,648.141418,14960100.00
2026-02-13,645.099976,651.429993,634.570007,639.770020,638.127258,12336400.00
2026-02-17,639.500000,642.599976,628.799988,639.289978,637.648376,12674700.00
2026-02-18,633.799988,645.000000,628.150024,643.219971,641.568298,14649200.00
2026-02-19,638.570007,647.190002,636.719971,644.780029,643.124329,10035700.00
2026-02-20,639.690002,663.349976,638.780029,655.659973,653.976379,14183500.00
2026-02-23,652.539978,657.700012,636.000000,637.250000,635.613647,8605900.00
2026-02-24,633.080017,641.109985,628.979980,639.299988,637.658386,10135600.00
2026-02-25,642.530029,653.880005,642.140015,653.690002,652.011475,11330700.00
2026-02-26,650.549988,661.000000,647.500000,657.010010,655.322937,10637700.00
2026-02-27,643.450012,649.440002,638.119995,648.179993,646.515625,15703000.00
2026-03-02,637.159973,659.940002,634.500000,653.559998,651.881836,9816100.00
2026-03-03,648.289978,659.039978,638.840027,655.080017,653.397888,12263800.00
2026-03-04,657.960022,672.770020,657.669983,667.729980,666.015381,10810100.00
2026-03-05,661.929993,670.700012,650.309998,660.570007,658.873840,13341400.00
2026-03-06,647.900024,649.469971,636.109985,644.859985,643.204102,13159400.00
2026-03-09,634.780029,647.750000,626.780029,647.390015,645.727722,13489700.00
2026-03-10,653.559998,660.299988,649.000000,654.070007,652.390503,9859300.00
2026-03-11,654.760010,659.119995,648.359985,654.859985,653.178406,8977200.00
2026-03-12,648.750000,653.500000,636.900024,638.179993,636.541260,11617500.00
2026-03-13,623.890015,629.169983,609.549988,613.710022,612.134094,18957600.00
2026-03-16,632.000000,634.750000,623.099976,627.450012,626.374695,15134900.00
2026-03-17,627.989990,636.549988,621.700012,622.659973,621.592896,10348800.00
2026-03-18,616.340027,622.650024,614.609985,615.679993,614.624878,11726300.00
2026-03-19,612.150024,613.000000,602.260010,606.700012,605.660278,13247700.00
2026-03-20,603.530029,603.960022,587.250000,593.659973,592.642578,21214900.00
2026-03-23,605.789978,608.640015,599.010010,604.059998,603.024780,13638000.00
2026-03-24,599.099976,601.000000,591.000000,592.919983,591.903870,10739700.00
2026-03-25,598.739990,603.669983,593.400024,594.890015,593.870483,12585000.00
2026-03-26,582.489990,583.000000,543.349976,547.539978,546.601562,35780100.00
2026-03-27,540.099976,543.599976,520.260010,525.719971,524.818970,30133000.00
2026-03-30,536.380005,539.549988,528.539978,536.380005,535.460754,22795200.00
2026-03-31,549.979980,573.690002,546.770020,572.130005,571.149475,32898300.00
2026-04-01,580.130005,592.549988,573.820007,579.229980,578.237305,23608100.00
2026-04-02,566.039978,578.500000,559.700012,574.460022,573.475525,13518500.00
2026-04-06,577.690002,582.789978,572.000000,573.020020,572.037964,9515700.00
2026-04-07,572.479980,575.229980,564.760010,575.049988,574.064453,9580800.00
2026-04-08,606.000000,629.950012,591.830017,612.419983,611.370422,32036600.00
2026-04-09,626.969971,637.500000,623.000000,628.390015,627.313110,19012900.00
2026-04-10,634.469971,638.580017,624.330017,629.859985,628.780518,13294800.00
2026-04-13,629.500000,635.000000,624.400024,634.530029,633.442627,9538900.00
2026-04-14,643.219971,666.260010,639.369995,662.489990,661.354614,17818000.00
2026-04-15,667.000000,678.500000,664.219971,671.580017,670.429077,14952600.00
2026-04-16,675.989990,677.580017,667.750000,676.869995,675.709961,9544800.00
2026-04-17,678.599976,691.520020,675.130005,688.549988,687.369934,16283500.00
2026-04-20,681.359985,683.380005,668.000000,670.909973,669.760193,12534000.00
2026-04-21,671.000000,676.200012,667.330017,668.840027,667.693787,8660100.00
2026-04-22,674.359985,678.380005,669.750000,674.719971,673.563660,9215600.00
2026-04-23,663.700012,669.559998,653.049988,659.150024,658.020386,11667000.00
2026-04-24,660.320007,680.669983,653.840027,675.030029,673.873169,13348300.00
2026-04-27,671.000000,682.500000,670.840027,678.619995,677.456970,12805200.00
2026-04-28,674.239990,678.179993,665.630005,671.340027,670.189453,10606800.00
2026-04-29,668.909973,674.250000,663.809998,669.119995,667.973267,18947500.00
2026-04-30,619.320007,620.849976,600.000000,611.909973,610.861267,52765000.00
2026-05-01,614.690002,618.880005,606.109985,608.750000,607.706726,21404000.00
2026-05-04,607.940002,614.000000,602.750000,610.409973,609.363892,16203900.00
2026-05-05,613.309998,614.349976,600.359985,604.960022,603.923218,17171300.00
2026-05-06,601.049988,619.950012,598.099976,612.880005,611.829651,19915500.00
2026-05-07,614.719971,624.979980,613.539978,616.809998,615.752869,12307400.00
2026-05-08,615.200012,616.770020,606.059998,609.630005,608.585205,13557000.00
2026-05-11,604.570007,604.909973,598.080017,598.859985,597.833679,15940600.00
2026-05-12,594.820007,603.750000,592.599976,603.000000,601.966614,11351600.00
2026-05-13,598.830017,619.900024,596.659973,616.630005,615.573242,14634400.00
2026-05-14,616.000000,623.729980,615.000000,618.429993,617.370117,10651200.00
2026-05-15,613.989990,621.200012,609.309998,614.229980,613.177368,13272600.00
2026-05-18,609.109985,615.590027,603.690002,611.210022,610.162537,13772400.00
2026-05-19,608.919983,613.929993,600.549988,602.609985,601.577271,11749900.00
2026-05-20,600.760010,608.000000,597.809998,605.059998,604.023071,11329700.00
2026-05-21,600.000000,609.599976,594.809998,607.380005,606.339050,13476100.00
2026-05-22,607.880005,614.809998,606.950012,610.260010,609.214172,11688600.00
2026-05-26,608.890015,614.469971,605.299988,612.340027,611.290588,12234200.00
2026-05-27,609.400024,638.500000,609.000000,635.260010,634.171326,23143600.00
2026-05-28,639.500000,643.000000,629.309998,635.289978,634.201233,16772400.00
2026-05-29,633.500000,634.500000,623.349976,632.510010,631.426025,19806500.00
2026-06-01,630.400024,635.750000,599.530029,600.469971,599.440857,29138800.00
2026-06-02,603.239990,608.880005,596.679993,597.630005,596.605774,18252000.00
2026-06-03,603.000000,624.150024,600.270020,622.979980,621.912354,23020100.00
2026-06-04,623.669983,642.400024,622.429993,627.570007,626.494446,21469200.00
2026-06-05,623.460022,629.150024,582.909973,593.000000,591.983765,30091600.00
2026-06-08,592.000000,592.000000,579.219971,585.390015,584.386780,19512400.00
2026-06-09,591.000000,597.630005,581.010010,584.590027,583.588135,16977400.00
2026-06-10,580.729980,591.320007,570.599976,570.979980,570.001465,17064000.00
2026-06-11,565.830017,572.169983,557.010010,568.429993,567.455811,17628000.00
2026-06-12,572.950012,576.070007,560.900024,566.979980,566.008240,14326400.00
2026-06-15,579.900024,601.270020,579.299988,593.479980,593.011963,17653300.00
2026-06-16,593.650024,605.809998,592.000000,600.210022,599.736694,11344400.00
2026-06-17,592.000000,593.809998,566.190002,567.580017,567.132446,20478300.00
2026-06-18,572.820007,580.219971,563.099976,577.219971,576.764771,28824600.00
2026-06-22,572.020020,575.809998,559.809998,563.849976,563.405334,15405500.00
2026-06-23,562.250000,572.200012,561.020020,562.200012,561.756653,13103300.00
2026-06-24,561.890015,569.039978,555.549988,557.669983,557.230225,13963600.00
2026-06-25,555.549988,556.340027,540.179993,542.869995,542.441895,16968600.00
2026-06-26,543.340027,556.849976,540.400024,550.250000,549.816101,18867700.00
2026-06-29,560.000000,570.900024,558.000000,562.599976,562.156311,15011400.00
2026-06-30,560.940002,565.539978,551.429993,563.289978,562.845764,18111100.00
2026-07-01,607.909973,628.280029,595.099976,612.909973,612.426636,45536300.00
2026-07-02,607.900024,610.000000,580.419983,582.900024,582.440369,21705900.00
2026-07-06,594.840027,603.580017,581.760010,600.289978,599.816589,17674100.00
2026-07-07,607.590027,625.369995,603.659973,615.580017,615.094604,18560800.00
2026-07-08,614.390015,616.000000,598.010010,603.119995,602.644409,13606500.00
2026-07-09,583.989990,633.270020,577.070007,631.479980,630.981995,26579700.00
2026-07-10,660.340027,677.859985,658.010010,669.210022,668.682312,40608900.00
2026-07-13,661.380005,676.619995,654.200012,656.729980,656.212097,19840700.00
2026-07-14,652.000000,666.500000,649.049988,661.039978,660.518677,16748200.00
2026-07-15,663.599976,686.080017,656.659973,681.309998,680.772766,19003400.00
2026-07-16,677.280029,681.900024,660.159973,664.539978,664.015930,15816000.00
2026-07-17,647.700012,652.200012,626.000000,646.010010,645.500610,22267900.00
2026-07-20,646.700012,653.299988,636.010010,645.849976,645.340698,10225200.00
2026-07-21,654.179993,655.880005,643.200012,643.809998,643.302307,9140500.00
2026-07-22,647.700012,649.000000,624.000000,627.169983,626.675415,11019600.00
2026-07-23,608.409973,614.650024,597.219971,606.099976,605.622009,15494800.00
2026-07-24,605.299988,609.979980,594.450012,595.190002,594.720642,11503500.00
2026-07-27,607.219971,611.260010,593.130005,593.869995,593.401672,11195300.00
2026-07-28,596.820007,601.000000,587.000000,593.409973,592.942017,12009300.00
2026-07-29,593.250000,599.969971,582.219971,585.609985,585.148193,22371100.00
2026-07-30,526.000000,539.880005,524.489990,539.030029,538.604980,42271500.00
2026-07-31,543.599976,558.330017,540.219971,556.710022,556.270996,24261500.00
2026-08-03,562.239990,597.520020,559.359985,590.239990,589.774536,25938100.00
2026-08-04,581.500000,592.789978,578.250000,587.940002,587.476379,17959200.00
2026-08-05,600.460022,601.000000,580.119995,588.770020,588.305725,14897200.00
2026-08-06,586.950012,595.309998,586.000000,589.900024,589.434875,11811500.00
2026-08-07,585.640015,598.739990,585.619995,592.099976,591.633057,11250300.00
2026-08-10,599.130005,608.210022,592.030029,594.919983,594.450867,14967300.00
2026-08-11,598.000000,612.429993,593.400024,599.119995,598.647522,13146900.00
2026-08-12,601.070007,604.500000,578.210022,578.849976,578.393494,16186900.00
2026-08-13,580.710022,595.849976,579.390015,594.969971,594.500793,11164200.00
2026-08-14,596.979980,601.859985,589.289978,589.849976,589.384827,8758000.00
2026-08-17,589.750000,590.239990,564.750000,568.969971,568.521301,17225600.00
2026-08-18,557.479980,560.659973,543.210022,543.669983,543.241272,27094900.00
2026-08-19,541.340027,554.070007,537.270020,546.030029,545.599426,16971700.00
2026-08-20,546.950012,549.989990,539.309998,545.830017,545.399597,13872200.00
2026-08-21,546.890015,553.869995,543.229980,549.900024,549.466370,13848000.00
2026-08-24,550.200012,561.419983,546.299988,559.020020,558.579224,12990600.00
2026-08-25,563.880005,570.799988,561.400024,570.049988,569.600464,9769100.00
2026-08-26,590.309998,593.340027,561.880005,576.140015,575.685669,31416300.00
2026-08-27,576.479980,588.390015,567.619995,571.099976,570.649597,15221400.00
2026-08-28,571.549988,589.190002,571.000000,578.020020,577.564209,16042400.00
2026-08-31,577.630005,578.679993,569.140015,572.340027,571.888672,13383800.00
2026-09-01,558.349976,584.950012,556.099976,578.539978,578.083740,15796900.00
2026-09-02,578.789978,600.380005,577.000000,592.849976,592.382446,16552700.00
2026-09-03,604.489990,619.460022,604.349976,610.679993,610.198425,19737100.00
2026-09-04,612.349976,617.460022,605.270020,616.770020,616.283630,15966200.00
2026-09-08,616.210022,624.799988,609.739990,613.479980,612.996216,18909700.00
2026-09-09,648.640015,657.859985,638.559998,653.690002,653.174500,35900700.00
2026-09-10,653.710022,663.500000,642.140015,644.380005,643.871887,21531900.00
2026-09-11,653.510010,664.239990,646.200012,648.030029,647.519043,16925000.00
2026-09-14,657.830017,668.599976,649.219971,665.599976,665.075134,19332300.00
2026-09-15,659.299988,678.869995,656.200012,670.239990,669.711487,19502800.00
2026-09-16,679.909973,685.309998,671.909973,673.309998,672.779053,17217800.00
2026-09-17,682.440002,683.200012,667.049988,682.309998,681.771973,15928000.00
2026-09-18,688.619995,690.150024,660.799988,665.750000,665.225037,27596400.00
2026-09-21,680.299988,753.000000,679.599976,741.250000,741.250000,48720500.00
2026-09-22,731.400024,757.270020,730.000000,736.599976,736.599976,28122100.00
2026-09-23,747.599976,763.900024,739.510010,744.099976,744.099976,30829200.00
2026-09-24,744.359985,779.820007,743.010010,777.590027,777.590027,34808500.00
2026-09-25,768.849976,769.570007,746.539978,751.659973,751.659973,25826700.00
2026-09-28,750.039978,750.580017,713.190002,715.619995,715.619995,27943100.00
2026-09-29,725.000000,740.450012,715.099976,738.789978,738.789978,23591100.00
2026-09-30,730.270020,738.250000,721.299988,725.179993,725.179993,19293000.00
2026-10-01,728.530029,735.880005,721.510010,725.929993,725.929993,12408400.00
2026-10-02,733.250000,741.580017,726.200012,728.080017,728.080017,12944900.00
