date,open,high,low,close,adjclose,volume
2009-01-02,19.530001,20.400000,19.370001,20.330000,14.751614,50084000.00
2009-01-05,20.200001,20.670000,20.059999,20.520000,14.889464,61475200.00
2009-01-06,20.750000,21.000000,20.610001,20.760000,15.063623,58083400.00
2009-01-07,20.190001,20.290001,19.480000,19.510000,14.156611,72709900.00
2009-01-08,19.629999,20.190001,19.549999,20.120001,14.599228,70255400.00
2009-01-09,20.170000,20.299999,19.410000,19.520000,14.163864,49815300.00
2009-01-12,19.709999,19.790001,19.299999,19.469999,14.127579,52163500.00
2009-01-13,19.520000,19.990000,19.520000,19.820000,14.381540,65843500.00
2009-01-14,19.530001,19.680000,19.010000,19.090000,13.851854,80257500.00
2009-01-15,19.070000,19.299999,18.520000,19.240000,13.960695,96169800.00
2009-01-16,19.629999,19.910000,19.150000,19.709999,14.301727,79634100.00
2009-01-20,19.459999,19.620001,18.370001,18.480000,13.409228,89873000.00
2009-01-21,18.870001,19.450001,18.459999,19.379999,14.062276,68340900.00
2009-01-22,18.049999,18.180000,17.070000,17.110001,12.415150,222436600.00
2009-01-23,16.969999,17.490000,16.750000,17.200001,12.480456,117020600.00
2009-01-26,17.290001,17.809999,17.230000,17.629999,12.792460,92476500.00
2009-01-27,17.780001,17.969999,17.430000,17.660000,12.814231,61695000.00
2009-01-28,17.799999,18.309999,17.760000,18.040001,13.089963,64145500.00
2009-01-29,17.780001,17.959999,17.559999,17.590000,12.763437,49192800.00
2009-01-30,17.740000,17.790001,17.100000,17.100000,12.407893,62370900.00
2009-02-02,17.030001,18.129999,17.000000,17.830000,12.937582,88871700.00
2009-02-03,17.850000,18.610001,17.600000,18.500000,13.423742,86865100.00
2009-02-04,18.540001,19.000000,18.500000,18.629999,13.518070,75618000.00
2009-02-05,18.510000,19.139999,18.250000,19.040001,13.815572,75195200.00
2009-02-06,19.160000,19.930000,19.059999,19.660000,14.265446,86746000.00
2009-02-09,19.639999,19.770000,19.260000,19.440001,14.105816,52196400.00
2009-02-10,19.250000,19.799999,18.700001,18.799999,13.641426,83953200.00
2009-02-11,18.940001,19.490000,18.920000,19.209999,13.938930,58599000.00
2009-02-12,18.969999,19.320000,18.540001,19.260000,13.975205,75323200.00
2009-02-13,19.270000,19.469999,19.040001,19.090000,13.851854,47416000.00
2009-02-17,18.490000,18.500000,17.889999,18.090000,13.216249,75853300.00
2009-02-18,18.219999,18.450001,18.000000,18.120001,13.238161,54946900.00
2009-02-19,18.299999,18.379999,17.809999,17.910000,13.084746,49195600.00
2009-02-20,17.770000,18.190001,17.660000,18.000000,13.150496,69413800.00
2009-02-23,18.020000,18.150000,17.160000,17.209999,12.573328,70803400.00
2009-02-24,17.030001,17.350000,16.360001,17.170000,12.544103,122674500.00
2009-02-25,17.010000,17.240000,16.459999,16.959999,12.390685,105894600.00
2009-02-26,17.049999,17.080000,16.420000,16.420000,11.996173,83219500.00
2009-02-27,16.290001,16.520000,16.100000,16.150000,11.798913,93428000.00
2009-03-02,15.960000,16.250000,15.720000,15.790000,11.535905,80602100.00
2009-03-03,16.030001,16.240000,15.640000,15.880000,11.601658,80476600.00
2009-03-04,16.120001,16.400000,15.890000,16.120001,11.777000,69285100.00
2009-03-05,15.860000,15.880000,15.270000,15.270000,11.156000,89708500.00
2009-03-06,15.350000,15.620000,14.870000,15.280000,11.163305,92821400.00
2009-03-09,15.200000,15.740000,15.100000,15.150000,11.068331,66479100.00
2009-03-10,15.370000,16.620001,15.250000,16.480000,12.040002,95184200.00
2009-03-11,16.629999,17.200001,16.430000,17.110001,12.500274,84522200.00
2009-03-12,17.010000,17.040001,16.480000,17.010000,12.427217,93694100.00
2009-03-13,16.980000,17.049999,16.180000,16.650000,12.164205,82965800.00
2009-03-16,16.820000,16.959999,16.240000,16.250000,11.871970,67028900.00
2009-03-17,16.320000,16.900000,16.260000,16.900000,12.346850,62481000.00
2009-03-18,17.030001,17.219999,16.600000,16.959999,12.390685,70710700.00
2009-03-19,17.370001,17.450001,16.920000,17.139999,12.522187,58994600.00
2009-03-20,17.320000,17.650000,16.879999,17.059999,12.463739,81725500.00
2009-03-23,17.370001,18.590000,17.309999,18.330000,13.391587,71600000.00
2009-03-24,18.040001,18.209999,17.840000,17.930000,13.099347,50044100.00
2009-03-25,17.980000,18.309999,17.520000,17.879999,13.062820,73927100.00
2009-03-26,18.170000,18.879999,18.120001,18.830000,13.756871,63775100.00
2009-03-27,18.540001,18.620001,18.049999,18.129999,13.245468,47670400.00
2009-03-30,17.740000,17.760000,17.270000,17.480000,12.770589,49633000.00
2009-03-31,17.830000,18.790001,17.780001,18.370001,13.420813,92423300.00
2009-04-01,18.230000,19.360001,18.180000,19.309999,14.107553,96438900.00
2009-04-02,19.500000,19.889999,19.000000,19.290001,14.092943,99082300.00
2009-04-03,19.129999,19.150000,18.430000,18.750000,13.698427,81858400.00
2009-04-06,18.540001,18.760000,18.270000,18.760000,13.705739,47476100.00
2009-04-07,18.760000,19.139999,18.629999,18.760000,13.705739,65815200.00
2009-04-08,18.969999,19.620001,18.959999,19.190001,14.019890,56408900.00
2009-04-09,19.450001,19.700001,19.219999,19.670000,14.370564,55759600.00
2009-04-13,19.690001,19.850000,19.370001,19.590000,14.312121,44444700.00
2009-04-14,19.440001,19.549999,19.000000,19.350000,14.136782,63796300.00
2009-04-15,19.209999,19.250000,18.510000,18.830000,13.756871,72725500.00
2009-04-16,19.160000,19.780001,18.990000,19.760000,14.436315,67688700.00
2009-04-17,19.690001,19.690001,19.000000,19.200001,14.027188,61398500.00
2009-04-20,18.889999,18.950001,18.570000,18.610001,13.596149,62937200.00
2009-04-21,18.590000,19.080000,18.570000,18.969999,13.859159,60928300.00
2009-04-22,18.760000,19.190001,18.700001,18.780001,13.720345,59401000.00
2009-04-23,18.920000,18.940001,18.469999,18.920000,13.822623,86116300.00
2009-04-24,19.820000,21.200001,19.500000,20.910000,15.276486,168478500.00
2009-04-27,20.549999,20.820000,20.280001,20.400000,14.903883,68219600.00
2009-04-28,20.250000,20.270000,19.790001,19.930000,14.560512,76685200.00
2009-04-29,20.110001,20.889999,20.059999,20.250000,14.794304,79301600.00
2009-04-30,20.600000,21.100000,20.010000,20.260000,14.801605,87439900.00
2009-05-01,20.190001,20.350000,19.860001,20.240000,14.787002,63224500.00
2009-05-04,20.370001,20.400000,19.980000,20.190001,14.750467,54313400.00
2009-05-05,20.139999,20.240000,19.639999,19.790001,14.458233,66835500.00
2009-05-06,20.059999,20.070000,19.610001,19.790001,14.458233,59639100.00
2009-05-07,19.959999,19.990000,19.139999,19.320000,14.114860,68727200.00
2009-05-08,19.459999,19.639999,19.139999,19.420000,14.187919,67597600.00
2009-05-11,19.200001,19.730000,19.010000,19.320000,14.114860,63762600.00
2009-05-12,19.510000,20.059999,19.469999,19.889999,14.531291,71966800.00
2009-05-13,19.920000,20.000000,19.670000,19.750000,14.429009,49281700.00
2009-05-14,19.830000,20.230000,19.799999,20.059999,14.655493,54539500.00
2009-05-15,20.129999,20.500000,19.980000,20.219999,14.772382,61289900.00
2009-05-18,20.360001,20.600000,20.240000,20.600000,15.050007,46073800.00
2009-05-19,20.510000,20.740000,20.250000,20.309999,14.932366,51368300.00
2009-05-20,20.410000,20.690001,20.219999,20.379999,14.983840,47450700.00
2009-05-21,20.139999,20.230000,19.510000,19.820000,14.572106,58232800.00
2009-05-22,19.930000,20.170000,19.469999,19.750000,14.520645,37318700.00
2009-05-26,19.540001,20.450001,19.450001,20.340000,14.954428,44991700.00
2009-05-27,20.250000,20.600000,20.070000,20.129999,14.800036,42892900.00
2009-05-28,20.320000,20.629999,20.049999,20.450001,15.035302,45480800.00
2009-05-29,20.559999,20.940001,20.299999,20.889999,15.358798,46134900.00
2009-06-01,21.000000,21.500000,20.860001,21.400000,15.733759,57317100.00
2009-06-02,21.360001,21.980000,21.200001,21.400000,15.733759,48935700.00
2009-06-03,21.309999,21.760000,21.290001,21.730000,15.976386,56039600.00
2009-06-04,21.770000,21.900000,21.580000,21.830000,16.049917,42330000.00
2009-06-05,21.959999,22.309999,21.809999,22.139999,16.277822,59579200.00
2009-06-08,21.980000,22.320000,21.629999,22.049999,16.211658,49000600.00
2009-06-09,22.059999,22.320000,21.879999,22.080000,16.233713,50887700.00
2009-06-10,22.170000,22.620001,22.120001,22.549999,16.579277,61297200.00
2009-06-11,22.590000,23.260000,22.570000,22.830000,16.785135,65124600.00
2009-06-12,22.900000,23.379999,22.740000,23.330000,17.152737,50963500.00
2009-06-15,23.230000,23.540001,23.020000,23.420000,17.218918,69089600.00
2009-06-16,23.469999,24.110001,23.440001,23.450001,17.240971,105295600.00
2009-06-17,23.500000,23.820000,23.170000,23.680000,17.410074,86483100.00
2009-06-18,23.620001,23.690001,23.299999,23.500000,17.277737,58852200.00
2009-06-19,24.040001,24.340000,23.750000,24.070000,17.696814,115459000.00
2009-06-22,23.950001,23.950001,23.250000,23.280001,17.115986,71291600.00
2009-06-23,23.379999,23.660000,23.209999,23.340000,17.160103,56752700.00
2009-06-24,23.450001,23.750000,23.360001,23.469999,17.255671,54287700.00
2009-06-25,23.430000,23.920000,23.200001,23.790001,17.490946,57724300.00
2009-06-26,23.570000,23.690001,23.320000,23.350000,17.167456,65126400.00
2009-06-29,23.600000,24.030001,23.549999,23.860001,17.542412,62854900.00
2009-06-30,23.969999,24.240000,23.629999,23.770000,17.476242,66452400.00
2009-07-01,24.049999,24.299999,23.959999,24.040001,17.674755,54908400.00
2009-07-02,23.760000,24.040001,23.209999,23.370001,17.182154,65422200.00
2009-07-06,23.209999,23.280001,22.870001,23.200001,17.057169,49207700.00
2009-07-07,23.080000,23.139999,22.459999,22.530001,16.564573,52842500.00
2009-07-08,22.309999,22.690001,22.000000,22.559999,16.586626,73023400.00
2009-07-09,22.650000,22.809999,22.370001,22.440001,16.498398,46981200.00
2009-07-10,22.190001,22.540001,22.150000,22.389999,16.461628,43229200.00
2009-07-13,22.420000,23.290001,22.139999,23.230000,17.079214,67584000.00
2009-07-14,23.200001,23.219999,22.860001,23.110001,16.990995,45448700.00
2009-07-15,23.750000,24.120001,23.559999,24.120001,17.733562,67238700.00
2009-07-16,23.930000,24.440001,23.860001,24.440001,17.968843,64555100.00
2009-07-17,24.400000,24.450001,24.100000,24.290001,17.858564,52860100.00
2009-07-20,24.440001,24.530001,24.150000,24.530001,18.035017,47798000.00
2009-07-21,24.690001,24.830000,24.370001,24.830000,18.255577,52028400.00
2009-07-22,24.700001,24.900000,24.510000,24.799999,18.233521,66192500.00
2009-07-23,24.930000,25.719999,24.840000,25.559999,18.792290,106060500.00
2009-07-24,23.610001,23.889999,22.809999,23.450001,17.240971,215135700.00
2009-07-27,23.440001,23.450001,22.900000,23.110001,16.990995,80950000.00
2009-07-28,22.990000,23.549999,22.900000,23.469999,17.255671,70288400.00
2009-07-29,23.730000,23.910000,23.340000,23.799999,17.498297,73626900.00
2009-07-30,24.200001,24.430000,23.709999,23.809999,17.505657,67820000.00
2009-07-31,23.770000,24.070000,23.500000,23.520000,17.292439,54258200.00
2009-08-03,23.820000,23.860001,23.500000,23.830000,17.520365,46902900.00
2009-08-04,23.680000,23.790001,23.530001,23.770000,17.476242,49218300.00
2009-08-05,23.840000,24.250000,23.790001,23.809999,17.505657,53310300.00
2009-08-06,23.930000,23.980000,23.270000,23.459999,17.248325,59686000.00
2009-08-07,23.750000,23.820000,23.500000,23.559999,17.321846,46169700.00
2009-08-10,23.459999,23.549999,23.299999,23.420000,17.218918,35261900.00
2009-08-11,23.320000,23.400000,23.049999,23.129999,17.005705,33615800.00
2009-08-12,23.129999,23.900000,23.030001,23.530001,17.299791,61972300.00
2009-08-13,23.629999,23.850000,23.400000,23.620001,17.365965,38954500.00
2009-08-14,23.620001,23.799999,23.510000,23.690001,17.417423,46330200.00
2009-08-17,23.320000,23.600000,23.230000,23.250000,17.093931,42474400.00
2009-08-18,23.290001,23.650000,23.270000,23.580000,17.434034,38878900.00
2009-08-19,23.250000,23.719999,23.250000,23.650000,17.485779,41821300.00
2009-08-20,23.600000,23.870001,23.540001,23.670000,17.500574,39505900.00
2009-08-21,23.930000,24.420000,23.770000,24.410000,18.047695,69011400.00
2009-08-24,24.410000,24.730000,24.280001,24.639999,18.217751,54180900.00
2009-08-25,24.600000,24.820000,24.459999,24.639999,18.217751,43980300.00
2009-08-26,24.590000,24.750000,24.420000,24.549999,18.151201,41079000.00
2009-08-27,24.410000,24.780001,24.299999,24.690001,18.254707,45495600.00
2009-08-28,25.070000,25.490000,24.610001,24.680000,18.247318,55808000.00
2009-08-31,24.570000,24.850000,24.290001,24.650000,18.225140,49592800.00
2009-09-01,24.350000,24.740000,23.900000,24.000000,17.744560,62608500.00
2009-09-02,23.820000,24.139999,23.780001,23.860001,17.641052,40771300.00
2009-09-03,23.910000,24.139999,23.760000,24.110001,17.825882,34120000.00
2009-09-04,24.090000,24.799999,24.080000,24.620001,18.202969,44999700.00
2009-09-08,24.620001,24.840000,24.410000,24.820000,18.350834,53737100.00
2009-09-09,24.740000,24.950001,24.670000,24.780001,18.321259,49900300.00
2009-09-10,24.799999,25.049999,24.650000,25.000000,18.483917,46256000.00
2009-09-11,24.930000,25.170000,24.809999,24.860001,18.380407,54303500.00
2009-09-14,24.650000,25.090000,24.639999,25.000000,18.483917,42806800.00
2009-09-15,24.969999,25.270000,24.860001,25.200001,18.631784,44716600.00
2009-09-16,25.250000,25.350000,24.950001,25.200001,18.631784,50055800.00
2009-09-17,25.059999,25.379999,25.059999,25.299999,18.705730,42428800.00
2009-09-18,25.459999,25.480000,25.100000,25.260000,18.676155,68016500.00
2009-09-21,25.110001,25.370001,25.100000,25.299999,18.705730,28878700.00
2009-09-22,25.400000,25.820000,25.290001,25.770000,19.053223,61376700.00
2009-09-23,25.920000,26.250000,25.639999,25.709999,19.008852,60599900.00
2009-09-24,25.920000,26.110001,25.660000,25.940001,19.178923,56302900.00
2009-09-25,25.690001,25.820000,25.520000,25.549999,18.890556,50158900.00
2009-09-28,25.600000,26.160000,25.600000,25.830000,19.097589,44358000.00
2009-09-29,25.910000,25.959999,25.690001,25.750000,19.038431,39050300.00
2009-09-30,25.760000,25.990000,25.379999,25.719999,19.016253,63533400.00
2009-10-01,25.410000,25.469999,24.799999,24.879999,18.395191,75958100.00
2009-10-02,24.459999,25.090000,24.430000,24.959999,18.454346,51219700.00
2009-10-05,24.980000,25.059999,24.520000,24.639999,18.217751,60804900.00
2009-10-06,24.680000,25.209999,24.660000,25.110001,18.565250,48795300.00
2009-10-07,24.990000,25.180000,24.879999,25.100000,18.557856,38472700.00
2009-10-08,25.440001,25.900000,25.219999,25.670000,18.979286,60521300.00
2009-10-09,25.570000,25.790001,25.459999,25.549999,18.890556,39520000.00
2009-10-12,25.660000,25.889999,25.549999,25.719999,19.016253,29145800.00
2009-10-13,25.590000,25.940001,25.520000,25.809999,19.082794,37749000.00
2009-10-14,26.139999,26.200001,25.820000,25.959999,19.193703,45365500.00
2009-10-15,25.900000,26.709999,25.900000,26.709999,19.748213,65620100.00
2009-10-16,26.450001,26.629999,26.100000,26.500000,19.592953,56500900.00
2009-10-19,26.490000,26.580000,26.250000,26.360001,19.489441,48143200.00
2009-10-20,26.420000,26.510000,25.940001,26.370001,19.496838,54604700.00
2009-10-21,26.459999,26.750000,26.389999,26.580000,19.652094,61672700.00
2009-10-22,26.559999,26.719999,26.129999,26.590000,19.659496,61600000.00
2009-10-23,29.200001,29.350000,27.879999,28.020000,20.716776,281761000.00
2009-10-26,28.129999,29.020000,28.110001,28.680000,21.204741,124149700.00
2009-10-27,28.730000,28.879999,28.440001,28.590000,21.138208,69685800.00
2009-10-28,28.240000,28.770000,27.950001,28.020000,20.716776,73542400.00
2009-10-29,28.070000,28.410000,27.850000,28.219999,20.864645,65225500.00
2009-10-30,28.030001,28.400000,27.660000,27.730000,20.502363,73371800.00
2009-11-02,27.700001,28.049999,27.410000,27.879999,20.613268,62428900.00
2009-11-03,27.639999,27.740000,27.430000,27.530001,20.354494,50294800.00
2009-11-04,27.690001,28.389999,27.620001,28.059999,20.746349,63898400.00
2009-11-05,28.520000,28.740000,28.280001,28.469999,21.049494,52681700.00
2009-11-06,28.379999,28.629999,28.200001,28.520000,21.086456,38908500.00
2009-11-09,28.620001,29.000000,28.530001,28.990000,21.433952,57518000.00
2009-11-10,28.900000,29.280001,28.809999,29.010000,21.448736,65881100.00
2009-11-11,29.080000,29.299999,29.020000,29.120001,21.530067,49693400.00
2009-11-12,29.010000,29.490000,29.000000,29.360001,21.707518,55352400.00
2009-11-13,29.469999,29.790001,29.370001,29.629999,21.907139,53037600.00
2009-11-16,29.610001,29.799999,29.370001,29.540001,21.840595,54129500.00
2009-11-17,29.500000,30.000000,29.469999,30.000000,22.278742,75648900.00
2009-11-18,30.000000,30.139999,29.809999,30.110001,22.360435,59431200.00
2009-11-19,29.990000,30.000000,29.700001,29.780001,22.115366,51967700.00
2009-11-20,29.660000,29.770000,29.430000,29.620001,21.996542,42647100.00
2009-11-23,29.840000,30.010000,29.700001,29.940001,22.234186,41832700.00
2009-11-24,29.950001,29.990000,29.750000,29.910000,22.211906,37341400.00
2009-11-25,29.809999,29.860001,29.580000,29.790001,22.122793,32033500.00
2009-11-27,29.110001,29.389999,28.750000,29.219999,21.699488,29357900.00
2009-11-30,29.150000,29.450001,29.000000,29.410000,21.840593,44172000.00
2009-12-01,29.520000,30.049999,29.410000,30.010000,22.286171,49904200.00
2009-12-02,29.900000,29.990000,29.650000,29.780001,22.115366,36308600.00
2009-12-03,29.840000,30.200001,29.760000,29.830000,22.152498,43095200.00
2009-12-04,30.049999,30.370001,29.830000,29.980000,22.263891,58810700.00
2009-12-07,29.780001,30.080000,29.680000,29.790001,22.122793,38082700.00
2009-12-08,29.520000,29.740000,29.379999,29.570000,21.959415,37402200.00
2009-12-09,29.469999,29.809999,29.250000,29.709999,22.063387,44713300.00
2009-12-10,29.709999,29.959999,29.660000,29.870001,22.182201,45940200.00
2009-12-11,29.969999,30.000000,29.790001,29.850000,22.167355,43744200.00
2009-12-14,29.910000,30.160000,29.900000,30.110001,22.360435,34651200.00
2009-12-15,29.889999,30.209999,29.879999,30.020000,22.293600,49473200.00
2009-12-16,30.070000,30.410000,30.040001,30.100000,22.353016,55737800.00
2009-12-17,29.950001,29.959999,29.570000,29.600000,21.981697,43691200.00
2009-12-18,29.840000,30.450001,29.799999,30.360001,22.546089,94118000.00
2009-12-21,30.400000,30.840000,30.370001,30.520000,22.664904,40129100.00
2009-12-22,30.600000,30.930000,30.540001,30.820000,22.887695,36321000.00
2009-12-23,30.709999,30.950001,30.690001,30.920000,22.961962,28362700.00
2009-12-24,30.879999,31.000000,30.760000,31.000000,23.021368,11083900.00
2009-12-28,31.000000,31.180000,30.889999,31.170000,23.147615,25384000.00
2009-12-29,31.350000,31.500000,31.230000,31.389999,23.310991,29716200.00
2009-12-30,31.150000,31.290001,30.799999,30.959999,22.991659,42006200.00
2009-12-31,30.980000,30.990000,30.480000,30.480000,22.635212,31929700.00
2010-01-04,30.620001,31.100000,30.590000,30.950001,22.984238,38409100.00
2010-01-05,30.850000,31.100000,30.639999,30.959999,22.991659,49749600.00
2010-01-06,30.879999,31.080000,30.520000,30.770000,22.850561,58182400.00
2010-01-07,30.629999,30.700001,30.190001,30.450001,22.612926,50559700.00
2010-01-08,30.280001,30.879999,30.240000,30.660000,22.768883,51197400.00
2010-01-11,30.709999,30.760000,30.120001,30.270000,22.479254,68754700.00
2010-01-12,30.150000,30.400000,29.910000,30.070000,22.330727,65912100.00
2010-01-13,30.260000,30.520000,30.010000,30.350000,22.538658,51863500.00
2010-01-14,30.309999,31.100000,30.260000,30.959999,22.991659,63228100.00
2010-01-15,31.080000,31.240000,30.709999,30.860001,22.917402,79913200.00
2010-01-19,30.750000,31.240000,30.680000,31.100000,23.095625,46575700.00
2010-01-20,30.809999,30.940001,30.309999,30.590000,22.716896,54849500.00
2010-01-21,30.610001,30.719999,30.000000,30.010000,22.286171,73086700.00
2010-01-22,30.000000,30.200001,28.840000,28.959999,21.506413,102004600.00
2010-01-25,29.240000,29.660000,29.100000,29.320000,21.773752,63373000.00
2010-01-26,29.200001,29.850000,29.090000,29.500000,21.907436,66639900.00
2010-01-27,29.350000,29.820000,29.020000,29.670000,22.033678,63949500.00
2010-01-28,29.840000,29.870001,28.889999,29.160000,21.654942,117513700.00
2010-01-29,29.900000,29.920000,27.660000,28.180000,20.927160,193888500.00
2010-02-01,28.389999,28.480000,27.920000,28.410000,21.097967,85931100.00
2010-02-02,28.370001,28.500000,28.139999,28.459999,21.135099,54413700.00
2010-02-03,28.260000,28.790001,28.120001,28.629999,21.261349,61397900.00
2010-02-04,28.379999,28.500000,27.809999,27.840000,20.674671,77850000.00
2010-02-05,28.000000,28.280001,27.570000,28.020000,20.808352,80960100.00
2010-02-08,28.010000,28.080000,27.570000,27.719999,20.585564,52820600.00
2010-02-09,27.969999,28.340000,27.750000,28.010000,20.800920,59195800.00
2010-02-10,28.030001,28.240000,27.840000,27.990000,20.786070,48591300.00
2010-02-11,27.930000,28.400000,27.700001,28.120001,20.882607,65993700.00
2010-02-12,27.809999,28.059999,27.580000,27.930000,20.741516,81117200.00
2010-02-16,28.129999,28.370001,28.020000,28.350000,21.151867,51935600.00
2010-02-17,28.530001,28.650000,28.360001,28.590000,21.330925,45882900.00
2010-02-18,28.590000,29.030001,28.510000,28.969999,21.614439,42856500.00
2010-02-19,28.790001,28.920000,28.690001,28.770000,21.465219,44451800.00
2010-02-22,28.840000,28.940001,28.650000,28.730000,21.435387,36707100.00
2010-02-23,28.680000,28.830000,28.090000,28.330000,21.136944,52266200.00
2010-02-24,28.520000,28.790001,28.379999,28.629999,21.360773,43165900.00
2010-02-25,28.270000,28.650000,28.020000,28.600000,21.338385,48735300.00
2010-02-26,28.650000,28.850000,28.510000,28.670000,21.390614,40370600.00
2010-03-01,28.770000,29.049999,28.530001,29.020000,21.651756,43805400.00
2010-03-02,29.080000,29.299999,28.240000,28.459999,21.233938,93123900.00
2010-03-03,28.510000,28.610001,28.350000,28.459999,21.233938,48442100.00
2010-03-04,28.459999,28.650000,28.270000,28.629999,21.360773,42890600.00
2010-03-05,28.660000,28.680000,28.420000,28.590000,21.330925,56001800.00
2010-03-08,28.520000,28.930000,28.500000,28.629999,21.360773,39414500.00
2010-03-09,28.559999,29.110001,28.549999,28.799999,21.487608,50271600.00
2010-03-10,28.860001,29.110001,28.799999,28.969999,21.614439,44891400.00
2010-03-11,28.889999,29.190001,28.850000,29.180000,21.771120,35349700.00
2010-03-12,29.320000,29.379999,29.040001,29.270000,21.838284,31700200.00
2010-03-15,29.180000,29.370001,29.010000,29.290001,21.853197,37512000.00
2010-03-16,29.420000,29.490000,29.200001,29.370001,21.912888,36723500.00
2010-03-17,29.500000,29.870001,29.400000,29.629999,22.106863,50385700.00
2010-03-18,29.629999,29.719999,29.500000,29.610001,22.091944,43845200.00
2010-03-19,29.760000,29.900000,29.350000,29.590000,22.077024,81332100.00
2010-03-22,29.500000,29.700001,29.389999,29.600000,22.084484,37718200.00
2010-03-23,29.590000,29.900000,29.410000,29.879999,22.293392,42026600.00
2010-03-24,29.719999,29.850000,29.600000,29.650000,22.121786,33987700.00
2010-03-25,29.830000,30.570000,29.799999,30.010000,22.390387,73168700.00
2010-03-26,30.090000,30.200001,29.590000,29.660000,22.129250,55595500.00
2010-03-29,29.709999,29.820000,29.549999,29.590000,22.077024,33336000.00
2010-03-30,29.629999,29.860001,29.500000,29.770000,22.211325,34954800.00
2010-03-31,29.639999,29.719999,29.170000,29.290001,21.853197,63760000.00
2010-04-01,29.350000,29.540001,28.620001,29.160000,21.756205,74768100.00
2010-04-05,29.129999,29.430000,29.030001,29.270000,21.838284,34331200.00
2010-04-06,29.150000,29.580000,28.980000,29.320000,21.875582,47366800.00
2010-04-07,29.160000,29.559999,29.139999,29.350000,21.897964,58318800.00
2010-04-08,29.320000,29.980000,29.299999,29.920000,22.323242,63713800.00
2010-04-09,29.950001,30.410000,29.900000,30.340000,22.636597,54752500.00
2010-04-12,30.250000,30.490000,30.209999,30.320000,22.621679,37068800.00
2010-04-13,30.150000,30.500000,30.129999,30.450001,22.718666,41374600.00
2010-04-14,30.790001,31.000000,30.660000,30.820000,22.994730,68941200.00
2010-04-15,30.820000,30.950001,30.709999,30.870001,23.032036,52745400.00
2010-04-16,30.790001,30.980000,30.600000,30.670000,22.882807,88703100.00
2010-04-19,30.770000,31.250000,30.760000,31.040001,23.158873,64970300.00
2010-04-20,31.219999,31.440001,31.129999,31.360001,23.397617,52199500.00
2010-04-21,31.330000,31.500000,31.230000,31.330000,23.375237,55343100.00
2010-04-22,31.040001,31.530001,30.900000,31.389999,23.420004,84847600.00
2010-04-23,31.120001,31.580000,30.650000,30.959999,23.099180,126766600.00
2010-04-26,31.000000,31.280001,30.860001,31.110001,23.211090,63649300.00
2010-04-27,30.950001,31.250000,30.750000,30.850000,23.017115,68730900.00
2010-04-28,30.920000,31.000000,30.620001,30.910000,23.061871,64557900.00
2010-04-29,30.930000,31.430000,30.670000,31.000000,23.129015,52665200.00
2010-04-30,31.070000,31.080000,30.520000,30.540001,22.785812,63214800.00
2010-05-03,30.670000,31.059999,30.580000,30.860001,23.024565,43989500.00
2010-05-04,30.520000,30.549999,29.750000,30.129999,22.479921,82085600.00
2010-05-05,29.770000,30.090000,29.690001,29.850000,22.271006,66833800.00
2010-05-06,29.590000,29.879999,27.910000,28.980000,21.621908,128613000.00
2010-05-07,28.930000,28.950001,27.320000,28.209999,21.047417,173718100.00
2010-05-10,29.010000,29.480000,28.709999,28.940001,21.592056,86653300.00
2010-05-11,28.680000,29.650000,28.570000,28.879999,21.547298,63789400.00
2010-05-12,28.980000,29.580000,28.920000,29.440001,21.965113,47146800.00
2010-05-13,29.260000,29.730000,29.180000,29.240000,21.815891,45188800.00
2010-05-14,29.200001,29.209999,28.639999,28.930000,21.584602,63334000.00
2010-05-17,29.120001,29.230000,28.450001,28.940001,21.592056,46053300.00
2010-05-18,28.870001,29.000000,28.400000,28.600000,21.434677,52690600.00
2010-05-19,28.520000,28.690001,27.790001,28.240000,21.164867,61746700.00
2010-05-20,27.650000,27.840000,27.040001,27.110001,20.317970,87991100.00
2010-05-21,26.629999,27.110001,26.440001,26.840000,20.115618,117596300.00
2010-05-24,26.850000,26.860001,26.260000,26.270000,19.688425,73711700.00
2010-05-25,25.650000,26.330000,25.379999,26.070000,19.538525,98373600.00
2010-05-26,26.230000,26.610001,24.559999,25.010000,18.744101,176684100.00
2010-05-27,25.730000,26.360001,25.730000,26.000000,19.486063,136433600.00
2010-05-28,25.840000,26.120001,25.660000,25.799999,19.336174,67496900.00
2010-06-01,25.530001,26.309999,25.520000,25.889999,19.403627,76152400.00
2010-06-02,26.059999,26.480000,25.730000,26.459999,19.830818,65718800.00
2010-06-03,26.549999,26.930000,26.410000,26.860001,20.130608,67837000.00
2010-06-04,26.100000,26.570000,25.620001,25.790001,19.328684,89832200.00
2010-06-07,25.820000,25.830000,25.240000,25.290001,18.953947,80456200.00
2010-06-08,25.250000,25.260000,24.650000,25.110001,18.819046,87355000.00
2010-06-09,25.219999,25.520000,24.750000,24.790001,18.579222,87794000.00
2010-06-10,25.129999,25.150000,24.780001,25.000000,18.736601,78930900.00
2010-06-11,25.040001,25.719999,24.770000,25.660000,19.231249,68057700.00
2010-06-14,25.860001,25.959999,25.469999,25.500000,19.111338,50972400.00
2010-06-15,25.750000,26.650000,25.740000,26.580000,19.920753,81641500.00
2010-06-16,26.469999,26.580000,26.230000,26.320000,19.725899,48698000.00
2010-06-17,26.559999,26.670000,26.040001,26.370001,19.763367,47995500.00
2010-06-18,26.370001,26.530001,26.170000,26.440001,19.815840,52075600.00
2010-06-21,26.780001,26.889999,25.889999,25.950001,19.448597,54625300.00
2010-06-22,26.160000,26.450001,25.760000,25.770000,19.313690,55985400.00
2010-06-23,25.780001,25.780001,25.219999,25.309999,18.968939,61466200.00
2010-06-24,25.459999,25.719999,24.930000,25.000000,18.736601,85243400.00
2010-06-25,25.049999,25.110001,24.309999,24.530001,18.384352,156256700.00
2010-06-28,24.510000,24.610001,24.120001,24.309999,18.219471,73784800.00
2010-06-29,24.129999,24.200001,23.110001,23.309999,17.470011,119882100.00
2010-06-30,23.299999,23.680000,22.950001,23.010000,17.245163,81050500.00
2010-07-01,23.090000,23.320000,22.730000,23.160000,17.357590,92239400.00
2010-07-02,23.360001,23.480000,23.049999,23.270000,17.440029,62485100.00
2010-07-06,23.700001,24.090000,23.580000,23.820000,17.852234,73592000.00
2010-07-07,23.820000,24.320000,23.610001,24.299999,18.211975,79965300.00
2010-07-08,24.600000,24.620001,23.969999,24.410000,18.294418,50758100.00
2010-07-09,24.330000,24.410000,24.150000,24.270000,18.189491,53806100.00
2010-07-12,24.430000,24.889999,24.420000,24.830000,18.609196,49854200.00
2010-07-13,25.139999,25.299999,24.900000,25.129999,18.834030,61928700.00
2010-07-14,25.500000,25.610001,25.120001,25.440001,19.066368,72808100.00
2010-07-15,25.500000,25.590000,24.980000,25.510000,19.118834,56934700.00
2010-07-16,25.510000,25.639999,24.879999,24.889999,18.654167,65064800.00
2010-07-19,24.959999,25.299999,24.910000,25.230000,18.908981,38181800.00
2010-07-20,24.860001,25.480000,24.700001,25.480000,19.096348,45530700.00
2010-07-21,25.600000,25.650000,24.980000,25.120001,18.826542,73297300.00
2010-07-22,25.510000,25.990000,25.469999,25.840000,19.366154,73016400.00
2010-07-23,25.840000,26.020000,25.250000,25.809999,19.343676,108520100.00
2010-07-26,25.860001,26.200001,25.799999,26.100000,19.561014,67249900.00
2010-07-27,26.139999,26.240000,25.959999,26.160000,19.605988,60672100.00
2010-07-28,26.070000,26.190001,25.830000,25.950001,19.448597,69704800.00
2010-07-29,26.129999,26.410000,25.600000,26.030001,19.508553,69446200.00
2010-07-30,25.750000,25.840000,25.350000,25.809999,19.343676,83534800.00
2010-08-02,25.990000,26.379999,25.750000,26.330000,19.733397,55044600.00
2010-08-03,26.200001,26.350000,25.969999,26.160000,19.605988,56877700.00
2010-08-04,26.150000,26.240000,25.440001,25.730000,19.283716,78531900.00
2010-08-05,25.490000,25.580000,25.209999,25.370001,19.013901,64922100.00
2010-08-06,25.180000,25.559999,25.020000,25.549999,19.148808,55982100.00
2010-08-09,25.549999,25.730000,25.370001,25.610001,19.193779,57096500.00
2010-08-10,25.330000,25.340000,24.879999,25.070000,18.789062,87257700.00
2010-08-11,24.680000,24.900000,24.559999,24.860001,18.631676,76746900.00
2010-08-12,24.420000,24.680000,24.360001,24.490000,18.354382,70240500.00
2010-08-13,24.350000,24.670000,24.240000,24.400000,18.286921,45263500.00
2010-08-16,24.360001,24.610001,24.299999,24.500000,18.361870,40909700.00
2010-08-17,24.709999,24.959999,24.600000,24.709999,18.618050,52912600.00
2010-08-18,24.680000,24.950001,24.410000,24.820000,18.700935,46818900.00
2010-08-19,24.620001,24.740000,24.209999,24.440001,18.414606,54064600.00
2010-08-20,24.309999,24.400000,24.200001,24.230000,18.256390,49560100.00
2010-08-23,24.440001,24.639999,24.240000,24.280001,18.294062,51643000.00
2010-08-24,24.090000,24.350000,24.000000,24.040001,18.113230,66522500.00
2010-08-25,24.000000,24.219999,23.870001,24.100000,18.158442,47404800.00
2010-08-26,24.090000,24.190001,23.790001,23.820000,17.947464,49105300.00
2010-08-27,23.879999,24.020000,23.510000,23.930000,18.030352,60939400.00
2010-08-30,23.740000,23.820000,23.600000,23.639999,17.811846,45453100.00
2010-08-31,23.600000,23.730000,23.320000,23.469999,17.683760,66074600.00
2010-09-01,23.670000,23.950001,23.540001,23.900000,18.007748,65235900.00
2010-09-02,23.879999,23.950001,23.709999,23.940001,18.037888,48837100.00
2010-09-03,24.240000,24.450001,24.200001,24.290001,18.301596,64189100.00
2010-09-07,24.100000,24.299999,23.920000,23.959999,18.052952,51928700.00
2010-09-08,24.070000,24.200001,23.740000,23.930000,18.030352,65512400.00
2010-09-09,24.190001,24.209999,23.990000,24.010000,18.090626,46028900.00
2010-09-10,23.980000,24.030001,23.790001,23.850000,17.970066,58284300.00
2010-09-13,24.200001,25.290001,24.090000,25.110001,18.919436,114680400.00
2010-09-14,25.040001,25.350000,24.889999,25.030001,18.859150,87160400.00
2010-09-15,25.100000,25.219999,24.920000,25.120001,18.926971,56201900.00
2010-09-16,25.059999,25.370001,25.049999,25.330000,19.085196,44548300.00
2010-09-17,25.400000,25.530001,25.080000,25.219999,19.002312,70341600.00
2010-09-20,25.280001,25.520000,25.110001,25.430000,19.160543,49838700.00
2010-09-21,25.420000,25.420000,25.080000,25.150000,18.949575,52675700.00
2010-09-22,24.889999,24.969999,24.360001,24.610001,18.542704,94299400.00
2010-09-23,24.510000,24.590000,24.360001,24.430000,18.407082,46201800.00
2010-09-24,24.639999,24.799999,24.580000,24.780001,18.670784,51948800.00
2010-09-27,24.850000,24.990000,24.590000,24.730000,18.633120,43603300.00
2010-09-28,24.799999,24.900000,24.350000,24.680000,18.595446,56041200.00
2010-09-29,24.629999,24.660000,24.400000,24.500000,18.459824,44318900.00
2010-09-30,24.610001,24.830000,24.360001,24.490000,18.452286,61262700.00
2010-10-01,24.770000,24.820000,24.299999,24.379999,18.369404,62672300.00
2010-10-04,23.959999,23.990000,23.780001,23.910000,18.015285,98143400.00
2010-10-05,24.059999,24.450001,23.910000,24.350000,18.346800,78152900.00
2010-10-06,24.320000,24.540001,24.129999,24.430000,18.407082,50489700.00
2010-10-07,24.620001,24.750000,24.280001,24.530001,18.482424,50096100.00
2010-10-08,24.620001,24.650000,24.370001,24.570000,18.512560,41327800.00
2010-10-11,24.740000,24.740000,24.500000,24.590000,18.527632,27587800.00
2010-10-12,24.650000,24.930000,24.430000,24.830000,18.708467,50141500.00
2010-10-13,25.020000,25.540001,24.889999,25.340000,19.092731,75336500.00
2010-10-14,25.290001,25.340000,25.000000,25.230000,19.009848,51949100.00
2010-10-15,25.360001,25.549999,25.230000,25.540001,19.243420,68954800.00
2010-10-18,25.590000,25.950001,25.450001,25.820000,19.454388,48330500.00
2010-10-19,25.270000,25.370001,24.950001,25.100000,18.911900,66150900.00
2010-10-20,25.260000,25.400000,25.100000,25.309999,19.070124,56283600.00
2010-10-21,25.400000,25.540001,25.049999,25.420000,19.153011,50032400.00
2010-10-22,25.520000,25.540001,25.270000,25.379999,19.122873,25837900.00
2010-10-25,25.240000,25.350000,25.170000,25.190001,18.979713,50912400.00
2010-10-26,25.120001,25.969999,25.059999,25.900000,19.514666,69304200.00
2010-10-27,25.790001,26.110001,25.620001,26.049999,19.627686,64805500.00
2010-10-28,26.209999,26.379999,25.920000,26.280001,19.800987,80730300.00
2010-10-29,27.150000,27.200001,26.480000,26.670000,20.094837,114193200.00
2010-11-01,26.879999,27.219999,26.700001,26.950001,20.305803,61912100.00
2010-11-02,27.059999,27.420000,27.020000,27.389999,20.637329,54402100.00
2010-11-03,27.459999,27.490000,26.959999,27.030001,20.366081,110255300.00
2010-11-04,27.410000,27.430000,27.010000,27.139999,20.448957,93599300.00
2010-11-05,27.170000,27.190001,26.530001,26.850000,20.230459,110953700.00
2010-11-08,26.680000,28.870001,26.580000,26.809999,20.200319,71670800.00
2010-11-09,26.809999,27.110001,26.709999,26.950001,20.305803,58538600.00
2010-11-10,27.010000,27.080000,26.809999,26.940001,20.298273,52277300.00
2010-11-11,26.680000,26.719999,26.280001,26.680000,20.102362,62073100.00
2010-11-12,26.469999,26.520000,26.100000,26.270000,19.793446,64962200.00
2010-11-15,26.330000,26.500000,26.170000,26.200001,19.740704,51794600.00
2010-11-16,26.040001,26.040001,25.650000,25.809999,19.566349,65339200.00
2010-11-17,25.900000,25.910000,25.549999,25.570000,19.384407,58299700.00
2010-11-18,25.709999,26.080000,25.610001,25.840000,19.589087,59514000.00
2010-11-19,25.799999,25.830000,25.600000,25.690001,19.475378,52423200.00
2010-11-22,25.650000,25.740000,25.440001,25.730000,19.505699,53350500.00
2010-11-23,25.570000,25.600000,25.090000,25.120001,19.043262,69742500.00
2010-11-24,25.200001,25.459999,25.160000,25.370001,19.232786,56825900.00
2010-11-26,25.209999,25.410000,25.170000,25.250000,19.141821,21356500.00
2010-11-29,25.190001,25.420000,24.930000,25.309999,19.187302,56603600.00
2010-11-30,25.049999,25.469999,25.000000,25.260000,19.149393,75282100.00
2010-12-01,25.570000,26.250000,25.559999,26.040001,19.740704,74123500.00
2010-12-02,26.240000,26.980000,26.200001,26.889999,20.385084,91759200.00
2010-12-03,26.809999,27.059999,26.780001,27.020000,20.483646,52622000.00
2010-12-06,26.930000,26.980000,26.760000,26.840000,20.347181,36264200.00
2010-12-07,27.080000,27.129999,26.850000,26.870001,20.369925,57860500.00
2010-12-08,26.830000,27.240000,26.799999,27.230000,20.642836,41666800.00
2010-12-09,27.280001,27.340000,27.010000,27.080000,20.529119,47148300.00
2010-12-10,27.190001,27.400000,27.110001,27.340000,20.726225,37625800.00
2010-12-13,27.270000,27.450001,27.170000,27.250000,20.657997,47943900.00
2010-12-14,27.309999,27.750000,27.260000,27.620001,20.938490,64070500.00
2010-12-15,27.530001,27.990000,27.530001,27.850000,21.112856,69634200.00
2010-12-16,27.760000,27.990000,27.660000,27.990000,21.218985,57680200.00
2010-12-17,27.920000,28.090000,27.750000,27.900000,21.150757,87456500.00
2010-12-20,27.950001,27.990000,27.680000,27.809999,21.082539,52811000.00
2010-12-21,27.850000,28.139999,27.760000,28.070000,21.279638,38153000.00
2010-12-22,28.010000,28.400000,27.980000,28.190001,21.370607,42252300.00
2010-12-23,27.969999,28.320000,27.959999,28.299999,21.453997,24902500.00
2010-12-27,28.120001,28.200001,27.879999,28.070000,21.279638,21652800.00
2010-12-28,27.969999,28.170000,27.959999,28.010000,21.234144,23042200.00
2010-12-29,27.940001,28.120001,27.879999,27.969999,21.203817,19502500.00
2010-12-30,27.920000,28.000000,27.780001,27.850000,21.112856,20786100.00
2010-12-31,27.799999,27.920000,27.629999,27.910000,21.158344,24752000.00
2011-01-03,28.049999,28.180000,27.920000,27.980000,21.211405,53443800.00
2011-01-04,27.940001,28.170000,27.850000,28.090000,21.294796,54405600.00
2011-01-05,27.900000,28.010000,27.770000,28.000000,21.226566,58998700.00
2011-01-06,28.040001,28.850000,27.860001,28.820000,21.848204,88026300.00
2011-01-07,28.639999,28.740000,28.250000,28.600000,21.681421,73762000.00
2011-01-10,28.260000,28.400000,28.040001,28.219999,21.393343,57573600.00
2011-01-11,28.200001,28.250000,28.049999,28.110001,21.309956,50298900.00
2011-01-12,28.120001,28.590000,28.070000,28.549999,21.643518,52631100.00
2011-01-13,28.330000,28.389999,28.010000,28.190001,21.370607,67077600.00
2011-01-14,28.080000,28.379999,27.910000,28.299999,21.453997,62688400.00
2011-01-18,28.160000,28.740000,28.139999,28.660000,21.726913,53322700.00
2011-01-19,28.459999,28.680000,28.270000,28.469999,21.582869,50005900.00
2011-01-20,28.500000,28.549999,28.129999,28.350000,21.491896,58613600.00
2011-01-21,28.400000,28.430000,28.020000,28.020000,21.241720,58080300.00
2011-01-24,28.020000,28.559999,27.990000,28.379999,21.514647,52047800.00
2011-01-25,28.139999,28.450001,28.120001,28.450001,21.567707,42436600.00
2011-01-26,28.510000,28.990000,28.500000,28.780001,21.817888,74628800.00
2011-01-27,28.750000,29.459999,28.490000,28.870001,21.886105,146938600.00
2011-01-28,28.900000,28.930000,27.450001,27.750000,21.037046,141249400.00
2011-01-31,27.770000,27.900000,27.420000,27.730000,21.021883,65029000.00
2011-02-01,27.799999,28.059999,27.610001,27.990000,21.218985,62810700.00
2011-02-02,27.930000,28.110001,27.879999,27.940001,21.181078,45824000.00
2011-02-03,27.969999,27.969999,27.540001,27.650000,20.961233,60340100.00
2011-02-04,27.700001,27.840000,27.510000,27.770000,21.052206,40412200.00
2011-02-07,27.799999,28.340000,27.790001,28.200001,21.378183,68980900.00
2011-02-08,28.100000,28.340000,28.049999,28.280001,21.438833,34904200.00
2011-02-09,28.190001,28.260000,27.910000,27.969999,21.203817,52905100.00
2011-02-10,27.930000,27.940001,27.290001,27.500000,20.847519,76672400.00
2011-02-11,27.760000,27.809999,27.070000,27.250000,20.657997,83939700.00
2011-02-14,27.209999,27.270000,26.950001,27.230000,20.642836,56766200.00
2011-02-15,27.040001,27.330000,26.950001,26.959999,20.558950,44116500.00
2011-02-16,27.049999,27.070000,26.600000,27.020000,20.604719,70817900.00
2011-02-17,26.969999,27.370001,26.910000,27.209999,20.749598,57207300.00
2011-02-18,27.129999,27.209999,26.990000,27.059999,20.635212,68667800.00
2011-02-22,26.780001,27.100000,26.520000,26.590000,20.276800,60889000.00
2011-02-23,26.530001,26.860001,26.430000,26.590000,20.276800,60234100.00
2011-02-24,26.639999,27.059999,26.500000,26.770000,20.414070,64494200.00
2011-02-25,26.910000,26.950001,26.500000,26.549999,20.246292,53006300.00
2011-02-28,26.690001,26.860001,26.510000,26.580000,20.269173,51379900.00
2011-03-01,26.600000,26.780001,26.150000,26.160000,19.948900,60055000.00
2011-03-02,26.110001,26.370001,26.040001,26.080000,19.887897,48658200.00
2011-03-03,26.260000,26.400000,26.180000,26.200001,19.979395,68271500.00
2011-03-04,26.219999,26.240000,25.799999,25.950001,19.788757,70437200.00
2011-03-07,26.129999,26.270000,25.549999,25.719999,19.613367,64980400.00
2011-03-08,25.770000,26.020000,25.650000,25.910000,19.758249,50549800.00
2011-03-09,25.809999,25.980000,25.660000,25.889999,19.742998,39789100.00
2011-03-10,25.620001,25.709999,25.350000,25.410000,19.376961,66549500.00
2011-03-11,25.410000,25.850000,25.360001,25.680000,19.582861,49905800.00
2011-03-14,25.490000,25.760000,25.350000,25.690001,19.590488,54473400.00
2011-03-15,25.080000,25.469999,25.000000,25.389999,19.361717,76067300.00
2011-03-16,25.219999,25.280001,24.680000,24.790001,18.904173,100725400.00
2011-03-17,25.059999,25.219999,24.750000,24.780001,18.896542,62497000.00
2011-03-18,25.059999,25.180000,24.799999,24.799999,18.911798,85486700.00
2011-03-21,25.180000,25.580000,25.150000,25.330000,19.315956,46878100.00
2011-03-22,25.299999,25.459999,25.230000,25.299999,19.293083,30895600.00
2011-03-23,25.230000,25.610001,25.180000,25.540001,19.476097,43969000.00
2011-03-24,25.600000,25.870001,25.500000,25.809999,19.681997,38696700.00
2011-03-25,25.930000,25.950001,25.590000,25.620001,19.537106,57029800.00
2011-03-28,25.660000,25.719999,25.379999,25.410000,19.376961,48973200.00
2011-03-29,25.340000,25.520000,25.299999,25.490000,19.437969,40763500.00
2011-03-30,25.600000,25.719999,25.500000,25.610001,19.529482,41999300.00
2011-03-31,25.600000,25.680000,25.340000,25.389999,19.361717,63233700.00
2011-04-01,25.530001,25.530001,25.309999,25.480000,19.430346,63114200.00
2011-04-04,25.450001,25.660000,25.410000,25.549999,19.483723,35433700.00
2011-04-05,25.820000,26.180000,25.740000,25.780001,19.659119,73651100.00
2011-04-06,25.980000,26.309999,25.860001,26.150000,19.941271,65581400.00
2011-04-07,26.190001,26.260000,25.969999,26.200001,19.979395,46134700.00
2011-04-08,26.170000,26.280001,25.959999,26.070000,19.880264,39887600.00
2011-04-11,26.190001,26.250000,25.799999,25.980000,19.811636,34286300.00
2011-04-12,25.830000,25.850000,25.549999,25.639999,19.552355,36920400.00
2011-04-13,25.650000,25.870001,25.559999,25.629999,19.544729,38144700.00
2011-04-14,25.420000,25.440001,25.090000,25.420000,19.384590,55239900.00
2011-04-15,25.459999,25.559999,25.180000,25.370001,19.346464,65080400.00
2011-04-18,25.100000,25.280001,24.719999,25.080000,19.125311,58045100.00
2011-04-19,25.000000,25.170000,24.870001,25.150000,19.178698,38892400.00
2011-04-20,25.540001,26.000000,25.510000,25.760000,19.643866,61608600.00
2011-04-21,25.790001,25.889999,25.360001,25.520000,19.460850,46892300.00
2011-04-25,25.559999,25.620001,25.340000,25.610001,19.529482,33525100.00
2011-04-26,25.740000,26.440001,25.670000,26.190001,19.971771,69200000.00
2011-04-27,26.299999,26.389999,26.129999,26.379999,20.116665,52689000.00
2011-04-28,26.459999,26.870001,26.400000,26.709999,20.368309,80200000.00
2011-04-29,26.549999,26.639999,25.360001,25.920000,19.765877,319317900.00
2011-05-02,25.940001,26.000000,25.480000,25.660000,19.567606,89825600.00
2011-05-03,25.600000,25.850000,25.490000,25.809999,19.681997,71892900.00
2011-05-04,25.850000,26.250000,25.790001,26.059999,19.872641,73292300.00
2011-05-05,26.049999,26.080000,25.680000,25.790001,19.666746,55600000.00
2011-05-06,26.070000,26.219999,25.750000,25.870001,19.727755,55993000.00
2011-05-09,25.799999,25.959999,25.670000,25.830000,19.697248,38696400.00
2011-05-10,25.379999,25.850000,25.250000,25.670000,19.575241,120798700.00
2011-05-11,25.650000,25.660000,25.209999,25.360001,19.338837,78600000.00
2011-05-12,25.350000,25.389999,25.100000,25.320000,19.308336,77400000.00
2011-05-13,25.280001,25.320000,24.950001,25.030001,19.087189,66812300.00
2011-05-16,24.959999,25.070000,24.500000,24.570000,18.736406,91350900.00
2011-05-17,24.400000,24.700001,24.270000,24.520000,18.820837,82882100.00
2011-05-18,24.530001,24.740000,24.250000,24.690001,18.951326,53931100.00
2011-05-19,24.850000,24.879999,24.500000,24.719999,18.974350,37783600.00
2011-05-20,24.719999,24.870001,24.440001,24.490000,18.797810,45451500.00
2011-05-23,24.209999,24.250000,24.030001,24.170000,18.552191,52692500.00
2011-05-24,24.200001,24.290001,24.040001,24.150000,18.536835,47691800.00
2011-05-25,24.170000,24.309999,24.160000,24.190001,18.567539,34904200.00
2011-05-26,24.350000,25.030001,24.320000,24.670000,18.935974,78016600.00
2011-05-27,24.680000,24.900000,24.650000,24.760000,19.005051,50251000.00
2011-05-31,24.959999,25.059999,24.700001,25.010000,19.196947,60196300.00
2011-06-01,24.990000,25.100000,24.370001,24.430000,18.751759,74033500.00
2011-06-02,24.490000,24.650000,24.180000,24.219999,18.590559,51487800.00
2011-06-03,24.049999,24.139999,23.840000,23.910000,18.352625,60697700.00
2011-06-06,23.889999,24.250000,23.770000,24.010000,18.429379,54778700.00
2011-06-07,24.090000,24.170000,23.900000,24.059999,18.467749,41112600.00
2011-06-08,23.900000,24.020000,23.860001,23.940001,18.375647,42205000.00
2011-06-09,24.010000,24.040001,23.820000,23.959999,18.390999,42878700.00
2011-06-10,24.020000,24.020000,23.690001,23.709999,18.199102,49327200.00
2011-06-13,23.790001,24.190001,23.700001,24.040001,18.452402,47572500.00
2011-06-14,24.299999,24.450001,24.190001,24.219999,18.590559,42894500.00
2011-06-15,24.000000,24.010000,23.670000,23.740000,18.222130,49410200.00
2011-06-16,23.750000,24.100000,23.650000,24.000000,18.421705,57184100.00
2011-06-17,24.219999,24.299999,23.980000,24.260000,18.621267,83320400.00
2011-06-20,24.170000,24.660000,24.160000,24.469999,18.782455,54338400.00
2011-06-21,24.520000,24.860001,24.400000,24.760000,19.005051,49708700.00
2011-06-22,24.600000,24.809999,24.590000,24.650000,18.920618,44287300.00
2011-06-23,24.440001,24.650000,24.200001,24.629999,18.905270,59470400.00
2011-06-24,24.510000,24.540001,24.190001,24.299999,18.651972,101387200.00
2011-06-27,24.230000,25.459999,24.230000,25.200001,19.342783,92044200.00
2011-06-28,25.299999,25.920000,25.160000,25.799999,19.803328,81032100.00
2011-06-29,25.709999,25.709999,25.360001,25.620001,19.665165,66051000.00
2011-06-30,25.740000,26.000000,25.660000,26.000000,19.956835,52535400.00
2011-07-01,25.930000,26.170000,25.840000,26.020000,19.972197,52906200.00
2011-07-05,26.100000,26.150000,25.900000,26.030001,19.979870,37805300.00
2011-07-06,25.969999,26.370001,25.959999,26.330000,20.210144,48744200.00
2011-07-07,26.490000,26.879999,26.360001,26.770000,20.547874,51946500.00
2011-07-08,26.540001,26.980000,26.510000,26.920000,20.663006,58320700.00
2011-07-11,26.620001,26.799999,26.490000,26.629999,20.440411,43999800.00
2011-07-12,26.549999,26.790001,26.340000,26.540001,20.371334,47319300.00
2011-07-13,26.600000,26.959999,26.510000,26.629999,20.440411,40861800.00
2011-07-14,26.620001,27.010000,26.360001,26.469999,20.317598,46382300.00
2011-07-15,26.469999,26.930000,26.469999,26.780001,20.555550,49132400.00
2011-07-18,26.629999,26.900000,26.260000,26.590000,20.409708,44501900.00
2011-07-19,26.809999,27.639999,26.780001,27.540001,21.138901,86730600.00
2011-07-20,27.280001,27.350000,26.980000,27.059999,20.770466,49795400.00
2011-07-21,27.040001,27.309999,26.650000,27.100000,20.801167,81737400.00
2011-07-22,26.860001,27.549999,26.680000,27.530001,21.131222,76380600.00
2011-07-25,27.260000,28.090000,27.190001,27.910000,21.422905,108482400.00
2011-07-26,27.820000,28.150000,27.780001,28.080000,21.553385,74636500.00
2011-07-27,27.879999,27.990000,27.200001,27.330000,20.977707,71488700.00
2011-07-28,27.290001,28.070000,27.209999,27.719999,21.277069,83761400.00
2011-07-29,27.520000,27.709999,27.260000,27.400000,21.031437,104394800.00
2011-08-01,27.510000,27.690001,26.750000,27.270000,20.931648,61838400.00
2011-08-02,26.980000,27.450001,26.760000,26.799999,20.570900,63883100.00
2011-08-03,26.830000,27.000000,26.480000,26.920000,20.663006,64581200.00
2011-08-04,26.530001,26.870001,25.930000,25.940001,19.910788,92949500.00
2011-08-05,25.969999,26.100000,25.230000,25.680000,19.711224,112071700.00
2011-08-08,25.020000,25.600000,24.389999,24.480000,18.790133,134257200.00
2011-08-09,24.709999,25.620001,24.030001,25.580000,19.634466,126268900.00
2011-08-10,24.950001,25.090000,24.100000,24.200001,18.575209,127819900.00
2011-08-11,24.500000,25.379999,24.400000,25.190001,19.335110,90690100.00
2011-08-12,25.129999,25.340000,24.650000,25.100000,19.266029,64787100.00
2011-08-15,25.240000,25.580000,25.150000,25.510000,19.580738,56529400.00
2011-08-16,25.219999,25.590000,25.049999,25.350000,19.580736,54251500.00
2011-08-17,25.250000,25.700001,24.930000,25.250000,19.503492,50923700.00
2011-08-18,24.570000,25.090000,24.030001,24.670000,19.055490,105714200.00
2011-08-19,24.410000,24.620001,23.910000,24.049999,18.576591,77397900.00
2011-08-22,24.420000,24.490000,23.790001,23.980000,18.522530,54721000.00
2011-08-23,24.030001,24.750000,24.030001,24.719999,19.094109,59670600.00
2011-08-24,24.650000,24.930000,24.420000,24.900000,19.233149,45329700.00
2011-08-25,25.080000,25.160000,24.500000,24.570000,18.978243,48192000.00
2011-08-26,24.510000,25.340000,24.420000,25.250000,19.503492,71957000.00
2011-08-29,25.530001,25.860001,25.370001,25.840000,19.959217,38863200.00
2011-08-30,25.730000,26.430000,25.700001,26.230000,20.260462,57341400.00
2011-08-31,26.290001,26.709999,26.260000,26.600000,20.546257,59300800.00
2011-09-01,26.459999,26.860001,26.209999,26.209999,20.245008,60510800.00
2011-09-02,25.780001,26.000000,25.660000,25.799999,19.928316,43894400.00
2011-09-06,25.200001,25.590000,25.110001,25.510000,19.704321,54929300.00
2011-09-07,25.690001,26.000000,25.570000,26.000000,20.082806,41961000.00
2011-09-08,26.000000,26.660000,25.950001,26.219999,20.252733,65811900.00
2011-09-09,26.000000,26.180000,25.500000,25.740000,19.881979,64529200.00
2011-09-12,25.440001,25.930000,25.270000,25.889999,19.997835,55046100.00
2011-09-13,25.920000,26.190001,25.809999,26.040001,20.113697,48792300.00
2011-09-14,26.170000,26.799999,25.889999,26.500000,20.469007,66739200.00
2011-09-15,26.730000,27.030001,26.309999,26.990000,20.847502,67808300.00
2011-09-16,27.049999,27.270000,26.830000,27.120001,20.947912,89681500.00
2011-09-19,26.799999,27.309999,26.600000,27.209999,21.017427,52324900.00
2011-09-20,27.309999,27.500000,26.930000,26.980000,20.839766,49211900.00
2011-09-21,27.049999,27.059999,25.969999,25.990000,20.075077,72750700.00
2011-09-22,25.299999,25.650000,24.600000,25.059999,19.356730,96278300.00
2011-09-23,24.900000,25.150000,24.690001,25.059999,19.356730,64768100.00
2011-09-26,25.190001,25.520000,24.730000,25.440001,19.650257,51057600.00
2011-09-27,25.660000,25.920000,25.450001,25.670000,19.827908,55620700.00
2011-09-28,25.930000,26.370001,25.510000,25.580000,19.758390,60736200.00
2011-09-29,25.980000,26.170000,25.090000,25.450001,19.657974,63407300.00
2011-09-30,25.200001,25.500000,24.879999,24.889999,19.225420,54060500.00
2011-10-03,24.719999,25.340000,24.520000,24.530001,18.947357,64592500.00
2011-10-04,24.299999,25.389999,24.260000,25.340000,19.573011,83485400.00
2011-10-05,25.420000,26.160000,25.160000,25.889999,19.997835,94061300.00
2011-10-06,25.900000,26.400000,25.700001,26.340000,20.345419,55111400.00
2011-10-07,26.340000,26.510000,26.200001,26.250000,20.275908,52741600.00
2011-10-10,26.580000,26.969999,26.469999,26.940001,20.808874,41815300.00
2011-10-11,26.860001,27.070000,26.719999,27.000000,20.855219,38826200.00
2011-10-12,27.180000,27.309999,26.900000,26.959999,20.824316,52489800.00
2011-10-13,26.760000,27.200001,26.620001,27.180000,20.994251,43823500.00
2011-10-14,27.309999,27.500000,27.020000,27.270000,21.063766,50947700.00
2011-10-17,27.110001,27.420000,26.850000,26.980000,20.839766,39453300.00
2011-10-18,26.940001,27.400000,26.799999,27.309999,21.094671,52487900.00
2011-10-19,27.370001,27.469999,27.010000,27.129999,20.955631,42880000.00
2011-10-20,27.260000,27.340000,26.400000,27.040001,20.886116,76300200.00
2011-10-21,27.150000,27.190001,26.799999,27.160000,20.978806,76620600.00
2011-10-24,27.059999,27.400000,27.040001,27.190001,21.001978,56897800.00
2011-10-25,27.080000,27.230000,26.719999,26.809999,20.708460,53554600.00
2011-10-26,27.030001,27.059999,26.100000,26.590000,20.538528,63029900.00
2011-10-27,27.129999,27.400000,26.650000,27.250000,21.048319,74512400.00
2011-10-28,27.139999,27.190001,26.790001,26.980000,20.839766,57712100.00
2011-10-31,26.760000,27.000000,26.620001,26.629999,20.569420,46799000.00
2011-11-01,26.190001,26.320000,25.860001,25.990000,20.075077,61182600.00
2011-11-02,26.100000,26.200001,25.700001,26.010000,20.090523,53533100.00
2011-11-03,26.240000,26.590000,25.980000,26.530001,20.492186,65836100.00
2011-11-04,26.379999,26.400000,26.000000,26.250000,20.275908,36549200.00
2011-11-07,26.209999,26.820000,26.129999,26.799999,20.700735,42589700.00
2011-11-08,27.010000,27.200001,26.690001,27.160000,20.978806,47822500.00
2011-11-09,26.590000,26.750000,26.059999,26.200001,20.237278,62950900.00
2011-11-10,26.469999,26.500000,26.120001,26.280001,20.299082,32514400.00
2011-11-11,26.580000,27.080000,26.570000,26.910000,20.785702,37903000.00
2011-11-14,26.879999,27.000000,26.650000,26.760000,20.669838,34199200.00
2011-11-15,26.559999,26.940001,26.400000,26.740000,20.809925,43874200.00
2011-11-16,26.469999,26.510000,26.040001,26.070000,20.288500,53262800.00
2011-11-17,26.010000,26.040001,25.440001,25.540001,19.876036,70977500.00
2011-11-18,25.480000,25.500000,25.150000,25.299999,19.689268,47626200.00
2011-11-21,25.240000,25.250000,24.900000,25.000000,19.455795,61882500.00
2011-11-22,24.889999,24.959999,24.650000,24.790001,19.292370,49204500.00
2011-11-23,24.610001,24.790001,24.469999,24.469999,19.043337,49099700.00
2011-11-25,24.379999,24.670000,24.299999,24.299999,18.911034,26164600.00
2011-11-28,24.940001,24.969999,24.690001,24.870001,19.354626,46766700.00
2011-11-29,24.820000,25.040001,24.750000,24.840000,19.331284,40917100.00
2011-11-30,25.370001,25.590000,25.139999,25.580000,19.907171,81350900.00
2011-12-01,25.559999,25.629999,25.200001,25.280001,19.673700,48545400.00
2011-12-02,25.590000,25.620001,25.160000,25.219999,19.627010,52293800.00
2011-12-05,25.780001,25.799999,25.500000,25.700001,20.000557,56818400.00
2011-12-06,25.809999,25.870001,25.610001,25.660000,19.969427,46175300.00
2011-12-07,25.670000,25.760000,25.340000,25.600000,19.922731,62667000.00
2011-12-08,25.480000,25.719999,25.370001,25.400000,19.767088,60522200.00
2011-12-09,25.520000,25.870001,25.500000,25.700001,20.000557,53788500.00
2011-12-12,25.410000,25.570000,25.290001,25.510000,19.852692,38945900.00
2011-12-13,25.750000,26.100000,25.650000,25.760000,20.047251,54581100.00
2011-12-14,25.719999,25.860001,25.570000,25.590000,19.914953,47926400.00
2011-12-15,25.719999,25.879999,25.540001,25.559999,19.891609,46213900.00
2011-12-16,25.670000,26.170000,25.629999,26.000000,20.234030,101408100.00
2011-12-19,26.020000,26.120001,25.459999,25.530001,19.868267,52258300.00
2011-12-20,25.860001,26.100000,25.809999,26.030001,20.257385,60767600.00
2011-12-21,26.010000,26.190001,25.440001,25.760000,20.047251,64132500.00
2011-12-22,25.820000,25.860001,25.480000,25.809999,20.086168,35794100.00
2011-12-23,25.910000,26.040001,25.730000,26.030001,20.257385,23205800.00
2011-12-27,25.959999,26.139999,25.930000,26.040001,20.265160,21287200.00
2011-12-28,26.110001,26.150000,25.760000,25.820000,20.093943,29822500.00
2011-12-29,25.950001,26.049999,25.860001,26.020000,20.249599,22616900.00
2011-12-30,26.000000,26.120001,25.910000,25.959999,20.202898,27395700.00
2012-01-03,26.549999,26.959999,26.389999,26.770000,20.833261,64731500.00
2012-01-04,26.820000,27.469999,26.780001,27.400000,21.323557,80516100.00
2012-01-05,27.379999,27.730000,27.290001,27.680000,21.541456,56081400.00
2012-01-06,27.530001,28.190001,27.530001,28.110001,21.876095,99455500.00
2012-01-09,28.049999,28.100000,27.719999,27.740000,21.588150,59706800.00
2012-01-10,27.930000,28.150000,27.750000,27.840000,21.665970,60014400.00
2012-01-11,27.430000,27.980000,27.370001,27.719999,21.572584,65582400.00
2012-01-12,27.870001,28.020000,27.650000,28.000000,21.790485,49370800.00
2012-01-13,27.930000,28.250000,27.790001,28.250000,21.985048,60196100.00
2012-01-17,28.400000,28.650000,28.170000,28.260000,21.992838,72395300.00
2012-01-18,28.309999,28.400000,27.969999,28.230000,21.969490,64860600.00
2012-01-19,28.160000,28.440001,28.030001,28.120001,21.883873,74053500.00
2012-01-20,28.820000,29.740000,28.750000,29.709999,23.121264,165902900.00
2012-01-23,29.549999,29.950001,29.350000,29.730000,23.136839,76078100.00
2012-01-24,29.469999,29.570000,29.180000,29.340000,22.833321,51703300.00
2012-01-25,29.070000,29.650000,29.070000,29.559999,23.004538,59231700.00
2012-01-26,29.610001,29.700001,29.400000,29.500000,22.957840,49102800.00
2012-01-27,29.450001,29.530001,29.170000,29.230000,22.747723,44187700.00
2012-01-30,28.969999,29.620001,28.830000,29.610001,23.043442,51114800.00
2012-01-31,29.660000,29.700001,29.230000,29.530001,22.981186,50572400.00
2012-02-01,29.790001,30.049999,29.760000,29.889999,23.261351,67409900.00
2012-02-02,29.900000,30.170000,29.709999,29.950001,23.308046,52223300.00
2012-02-03,30.139999,30.400000,30.090000,30.240000,23.533737,41838500.00
2012-02-06,30.040001,30.219999,29.969999,30.200001,23.502600,28039700.00
2012-02-07,30.150000,30.490000,30.049999,30.350000,23.619333,39242400.00
2012-02-08,30.260000,30.670000,30.219999,30.660000,23.860582,49659100.00
2012-02-09,30.680000,30.799999,30.480000,30.770000,23.946184,50481600.00
2012-02-10,30.639999,30.799999,30.360001,30.500000,23.736069,44605300.00
2012-02-13,30.629999,30.770000,30.430000,30.580000,23.798328,33319800.00
2012-02-14,30.330000,30.459999,29.850000,30.250000,23.696493,59644000.00
2012-02-15,30.330000,30.389999,30.030001,30.049999,23.539824,43311300.00
2012-02-16,30.309999,31.549999,30.299999,31.290001,24.511192,94705100.00
2012-02-17,31.200001,31.320000,30.950001,31.250000,24.479849,70036500.00
2012-02-21,31.180000,31.610001,31.150000,31.440001,24.628687,50829900.00
2012-02-22,31.450001,31.680000,31.180000,31.270000,24.495523,49253200.00
2012-02-23,31.200001,31.590000,31.000000,31.370001,24.573853,35034700.00
2012-02-24,31.480000,31.500000,31.240000,31.480000,24.660019,35575400.00
2012-02-27,31.240000,31.500000,31.100000,31.350000,24.558182,34568400.00
2012-02-28,31.410000,31.930000,31.379999,31.870001,24.965536,45230600.00
2012-02-29,31.889999,32.000000,31.610001,31.740000,24.863697,59323600.00
2012-03-01,31.930000,32.389999,31.850000,32.290001,25.294550,77344100.00
2012-03-02,32.310001,32.439999,32.000000,32.080002,25.130033,47314200.00
2012-03-05,32.009998,32.049999,31.620001,31.799999,24.910700,45240000.00
2012-03-06,31.540001,31.980000,31.490000,31.559999,24.722698,51932900.00
2012-03-07,31.670000,31.920000,31.530001,31.840000,24.942026,34340400.00
2012-03-08,32.040001,32.209999,31.900000,32.009998,25.075191,36747400.00
2012-03-09,32.099998,32.160000,31.920000,31.990000,25.059536,34628400.00
2012-03-12,31.969999,32.200001,31.820000,32.040001,25.098703,34073600.00
2012-03-13,32.240002,32.689999,32.150002,32.669998,25.592215,48951700.00
2012-03-14,32.529999,32.880001,32.490002,32.770000,25.670542,41986900.00
2012-03-15,32.790001,32.939999,32.580002,32.849998,25.733208,49068300.00
2012-03-16,32.910000,32.950001,32.500000,32.599998,25.537374,65626400.00
2012-03-19,32.540001,32.610001,32.150002,32.200001,25.224033,44789200.00
2012-03-20,32.099998,32.150002,31.740000,31.990000,25.059536,41566800.00
2012-03-21,31.959999,32.150002,31.820000,31.910000,24.996861,37928600.00
2012-03-22,31.809999,32.090000,31.790001,32.000000,25.067375,31749500.00
2012-03-23,32.099998,32.110001,31.719999,32.009998,25.075191,35912200.00
2012-03-26,32.189999,32.610001,32.150002,32.590000,25.529547,36758300.00
2012-03-27,32.650002,32.700001,32.400002,32.520000,25.474712,36274900.00
2012-03-28,32.520000,32.700001,32.040001,32.189999,25.216204,41344800.00
2012-03-29,32.060001,32.189999,31.809999,32.119999,25.161371,37038500.00
2012-03-30,32.400002,32.410000,32.040001,32.259998,25.271034,31749400.00
2012-04-02,32.220001,32.459999,31.950001,32.290001,25.294550,35853600.00
2012-04-03,32.160000,32.189999,31.660000,31.940001,25.020365,42752100.00
2012-04-04,31.660000,31.690001,31.049999,31.209999,24.448511,49455900.00
2012-04-05,31.150000,31.629999,31.049999,31.520000,24.691357,50368600.00
2012-04-09,31.219999,31.400000,30.969999,31.100000,24.362352,31056400.00
2012-04-10,31.059999,31.190001,30.299999,30.469999,23.868830,54131300.00
2012-04-11,30.430000,30.530001,30.230000,30.350000,23.774828,43014000.00
2012-04-12,30.480000,31.040001,30.420000,30.980000,24.268345,38304000.00
2012-04-13,30.889999,31.160000,30.719999,30.809999,24.135172,39749200.00
2012-04-16,30.990000,31.190001,30.770000,31.080000,24.346674,38124800.00
2012-04-17,31.270000,31.610001,31.200001,31.440001,24.628687,34361500.00
2012-04-18,31.280001,31.309999,31.040001,31.139999,24.393682,40552900.00
2012-04-19,31.129999,31.680000,30.940001,31.010000,24.291843,54781200.00
2012-04-20,32.150002,32.889999,32.049999,32.419998,25.396376,106045000.00
2012-04-23,32.310001,32.500000,32.029999,32.119999,25.161371,61398200.00
2012-04-24,32.209999,32.520000,31.830000,31.920000,25.004694,40871100.00
2012-04-25,31.920000,32.320000,31.870001,32.200001,25.224033,62495500.00
2012-04-26,32.119999,32.230000,31.920000,32.110001,25.153538,40308100.00
2012-04-27,32.119999,32.220001,31.879999,31.980000,25.051702,41419100.00
2012-04-30,31.980000,32.110001,31.920000,32.020000,25.083038,35697200.00
2012-05-01,32.049999,32.340000,31.950001,32.009998,25.075191,43832300.00
2012-05-02,31.850000,31.930000,31.639999,31.799999,24.910700,37385300.00
2012-05-03,31.879999,31.900000,31.610001,31.760000,24.879358,31501300.00
2012-05-04,31.450001,31.570000,30.920000,30.980000,24.268345,57927200.00
2012-05-07,30.700001,30.860001,30.570000,30.650000,24.009842,48641400.00
2012-05-08,30.480000,30.780001,30.170000,30.500000,23.892332,46328300.00
2012-05-09,30.190001,30.830000,30.100000,30.760000,24.096010,50309300.00
2012-05-10,30.860001,31.020000,30.450001,30.740000,24.080338,43839200.00
2012-05-11,30.690001,31.540001,30.690001,31.160000,24.409344,43459300.00
2012-05-14,30.820000,31.040001,30.639999,30.680000,24.033342,40528900.00
2012-05-15,30.639999,30.799999,30.150000,30.209999,23.820440,61822800.00
2012-05-16,30.309999,30.320000,29.740000,29.900000,23.576012,60083700.00
2012-05-17,29.990000,30.209999,29.709999,29.719999,23.434086,48484000.00
2012-05-18,29.790001,29.809999,29.170000,29.270000,23.079256,56205300.00
2012-05-21,29.100000,29.790001,29.059999,29.750000,23.457729,38787900.00
2012-05-22,29.690001,29.879999,29.500000,29.760000,23.465618,39504900.00
2012-05-23,29.350000,29.400000,28.639999,29.110001,22.953094,65171000.00
2012-05-24,29.160000,29.299999,28.760000,29.070000,22.921560,52575000.00
2012-05-25,29.200001,29.360001,29.010000,29.059999,22.913675,29507200.00
2012-05-29,29.379999,29.719999,29.219999,29.559999,23.307922,37758800.00
2012-05-30,29.350000,29.480000,29.120001,29.340000,23.134449,41585500.00
2012-05-31,29.299999,29.420000,28.940001,29.190001,23.016182,39134000.00
2012-06-01,28.760000,28.959999,28.440001,28.450001,22.432690,56634300.00
2012-06-04,28.620001,28.780001,28.320000,28.549999,22.511539,47926300.00
2012-06-05,28.510000,28.750000,28.389999,28.510000,22.480003,45715400.00
2012-06-06,28.879999,29.370001,28.809999,29.350000,23.142336,46860500.00
2012-06-07,29.639999,29.700001,29.170000,29.230000,23.047720,37792800.00
2012-06-08,29.209999,29.680000,29.049999,29.650000,23.378889,42551100.00
2012-06-11,29.730000,29.809999,28.820000,28.900000,22.787516,46361900.00
2012-06-12,29.100000,29.299999,28.840000,29.290001,23.095028,35337900.00
2012-06-13,29.219999,29.440001,29.049999,29.129999,22.968870,32984600.00
2012-06-14,29.330000,29.459999,28.879999,29.340000,23.134449,39458900.00
2012-06-15,29.590000,30.080000,29.490000,30.020000,23.670635,62314400.00
2012-06-18,29.990000,30.030001,29.709999,29.840000,23.528706,58679900.00
2012-06-19,30.190001,31.110001,30.049999,30.700001,24.206806,75725800.00
2012-06-20,30.930000,31.049999,30.639999,30.930000,24.388168,36257100.00
2012-06-21,30.959999,31.139999,30.059999,30.139999,23.765249,48456600.00
2012-06-22,30.299999,30.730000,30.030001,30.700001,24.206806,45098100.00
2012-06-25,30.299999,30.320000,29.620001,29.870001,23.552353,42217200.00
2012-06-26,30.000000,30.270000,29.940001,30.020000,23.670635,38421300.00
2012-06-27,30.190001,30.500000,30.030001,30.170000,23.788902,33781700.00
2012-06-28,29.980000,30.049999,29.420000,29.910000,23.583895,45328400.00
2012-06-29,30.450001,30.690001,30.139999,30.590000,24.120068,55227200.00
2012-07-02,30.620001,30.620001,30.209999,30.559999,24.096420,30589100.00
2012-07-03,30.230000,30.760000,30.170000,30.760000,24.254118,20938100.00
2012-07-05,30.590000,30.780001,30.379999,30.700001,24.206806,28801900.00
2012-07-06,30.610001,30.700001,29.950001,30.190001,23.804676,38294800.00
2012-07-09,30.120001,30.230000,29.780001,30.000000,23.654856,30680800.00
2012-07-10,30.080000,30.219999,29.510000,29.740000,23.449856,37534100.00
2012-07-11,29.709999,29.740000,29.110001,29.299999,23.102915,39184900.00
2012-07-12,29.150000,29.180000,28.540001,28.629999,22.574621,63523600.00
2012-07-13,28.760000,29.480000,28.719999,29.389999,23.173876,39085000.00
2012-07-16,29.480000,29.530001,29.040001,29.440001,23.213303,27900600.00
2012-07-17,29.639999,29.860001,29.200001,29.660000,23.386772,33771300.00
2012-07-18,29.600000,30.450001,29.459999,30.450001,24.009684,41090400.00
2012-07-19,30.510000,30.799999,30.379999,30.670000,24.183147,46663200.00
2012-07-20,31.000000,31.049999,30.049999,30.120001,23.749483,64021700.00
2012-07-23,29.570000,29.580000,29.010000,29.280001,23.087139,55151900.00
2012-07-24,29.240000,29.360001,28.900000,29.150000,22.984636,47723300.00
2012-07-25,29.240000,29.330000,28.780001,28.830000,22.732313,45579500.00
2012-07-26,29.230000,29.500000,29.090000,29.160000,22.992527,45301400.00
2012-07-27,29.480000,29.850000,29.180000,29.760000,23.465618,44242600.00
2012-07-30,29.750000,29.820000,29.459999,29.639999,23.371000,28905000.00
2012-07-31,29.480000,29.709999,29.330000,29.469999,23.236961,37620900.00
2012-08-01,29.590000,29.650000,29.209999,29.410000,23.189651,31721800.00
2012-08-02,29.209999,29.530001,28.969999,29.190001,23.016182,39520500.00
2012-08-03,29.530001,29.940001,29.480000,29.750000,23.457729,35859400.00
2012-08-06,30.000000,30.110001,29.809999,29.950001,23.615438,27471800.00
2012-08-07,30.070000,30.350000,29.870001,30.260000,23.859867,28002900.00
2012-08-08,30.209999,30.469999,30.110001,30.330000,23.915062,26257600.00
2012-08-09,30.389999,30.650000,30.299999,30.500000,24.049109,24920800.00
2012-08-10,30.500000,30.620001,30.250000,30.420000,23.986029,27810300.00
2012-08-13,30.350000,30.459999,30.160000,30.389999,23.962368,23049100.00
2012-08-14,30.299999,30.389999,30.010000,30.129999,23.914742,34551400.00
2012-08-15,30.110001,30.280001,30.020000,30.200001,23.970308,24351000.00
2012-08-16,30.360001,30.940001,30.260000,30.780001,24.430666,35787200.00
2012-08-17,30.920000,30.920000,30.590000,30.900000,24.525911,32589900.00
2012-08-20,30.820000,30.850000,30.580000,30.740000,24.398916,23737700.00
2012-08-21,30.760000,30.959999,30.610001,30.799999,24.446533,28822700.00
2012-08-22,30.590000,30.760000,30.469999,30.540001,24.240173,33437400.00
2012-08-23,30.389999,30.400000,30.080000,30.260000,24.017933,28355600.00
2012-08-24,30.250000,30.629999,30.180000,30.559999,24.256052,22943300.00
2012-08-27,30.930000,30.959999,30.590000,30.690001,24.359238,34691100.00
2012-08-28,30.700001,30.799999,30.520000,30.629999,24.311602,23947900.00
2012-08-29,30.650000,30.750000,30.440001,30.650000,24.327486,23346800.00
2012-08-30,30.530001,30.610001,30.219999,30.320000,24.065554,23982100.00
2012-08-31,30.600000,30.959999,30.379999,30.820000,24.462412,36590100.00
2012-09-04,30.450001,30.660000,30.150000,30.389999,24.121117,48556700.00
2012-09-05,30.219999,30.530001,30.209999,30.389999,24.121117,33650000.00
2012-09-06,30.500000,31.360001,30.459999,31.350000,24.883089,48371700.00
2012-09-07,31.040001,31.070000,30.730000,30.950001,24.565596,42649100.00
2012-09-10,30.830000,30.900000,30.510000,30.719999,24.383043,40524000.00
2012-09-11,30.690001,30.910000,30.610001,30.790001,24.438608,25191800.00
2012-09-12,30.940001,31.180000,30.730000,30.780001,24.430666,32775800.00
2012-09-13,30.889999,31.180000,30.400000,30.940001,24.557663,45047300.00
2012-09-14,31.010000,31.250000,30.809999,31.209999,24.771961,51422800.00
2012-09-17,31.190001,31.260000,31.040001,31.209999,24.771961,36488500.00
2012-09-18,31.100000,31.209999,31.030001,31.180000,24.748154,34542700.00
2012-09-19,31.090000,31.190001,31.040001,31.049999,24.644970,48871900.00
2012-09-20,30.950001,31.480000,30.910000,31.450001,24.962460,45543000.00
2012-09-21,31.430000,31.610001,31.090000,31.190001,24.756088,102348900.00
2012-09-24,31.000000,31.070000,30.639999,30.780001,24.430666,46825900.00
2012-09-25,30.950001,31.000000,30.360001,30.389999,24.121117,54266400.00
2012-09-26,30.280001,30.600000,30.040001,30.170000,23.946497,54672000.00
2012-09-27,30.170000,30.400000,29.889999,30.160000,23.938555,47129900.00
2012-09-28,30.180000,30.260000,29.740000,29.760000,23.621073,54229300.00
2012-10-01,29.809999,29.980000,29.420000,29.490000,23.406773,54042700.00
2012-10-02,29.680000,29.889999,29.500000,29.660000,23.541704,43338900.00
2012-10-03,29.750000,29.990000,29.670000,29.860001,23.700443,46655900.00
2012-10-04,29.969999,30.030001,29.570000,30.030001,23.835379,43634900.00
2012-10-05,30.230000,30.250000,29.740000,29.850000,23.692507,41133900.00
2012-10-08,29.639999,29.920000,29.549999,29.780001,23.636951,29752000.00
2012-10-09,29.680000,29.740000,29.180000,29.280001,23.240091,45121100.00
2012-10-10,29.150000,29.309999,28.950001,28.980000,23.001972,47227100.00
2012-10-11,29.219999,29.250000,28.870001,28.950001,22.978165,41488500.00
2012-10-12,28.969999,29.320000,28.799999,29.200001,23.176590,46464700.00
2012-10-15,29.370001,29.719999,29.250000,29.510000,23.422647,42440200.00
2012-10-16,29.450001,29.740000,29.320000,29.490000,23.406773,47739400.00
2012-10-17,29.299999,29.639999,29.090000,29.590000,23.486143,44206100.00
2012-10-18,29.650000,29.730000,29.260000,29.500000,23.414703,59238500.00
2012-10-19,29.049999,29.080000,28.500000,28.639999,22.732111,90470800.00
2012-10-22,28.730000,28.830000,27.830000,28.000000,22.224127,83374000.00
2012-10-23,27.770000,28.200001,27.760000,28.049999,22.263811,64414800.00
2012-10-24,28.160000,28.200001,27.870001,27.900000,22.144751,53320400.00
2012-10-25,28.190001,28.200001,27.860001,27.879999,22.128880,54084300.00
2012-10-26,27.860001,28.340000,27.840000,28.209999,22.390810,57790000.00
2012-10-31,28.549999,28.879999,28.500000,28.540001,22.652739,69464100.00
2012-11-01,28.840000,29.559999,28.820000,29.520000,23.430580,72047900.00
2012-11-02,29.590000,29.770000,29.330000,29.500000,23.414703,57131600.00
2012-11-05,29.620001,29.740000,29.330000,29.629999,23.517893,38070800.00
2012-11-06,29.820000,30.200001,29.610001,29.860001,23.700443,43401500.00
2012-11-07,29.530001,29.830000,29.049999,29.080000,23.081347,57871800.00
2012-11-08,29.120001,29.370001,28.799999,28.809999,22.867041,49841800.00
2012-11-09,28.879999,29.190001,28.809999,28.830000,22.882914,43291200.00
2012-11-12,28.940001,29.010000,28.209999,28.219999,22.398739,61112300.00
2012-11-13,27.020000,27.299999,26.750000,27.090000,21.678528,131689200.00
2012-11-14,27.240000,27.290001,26.799999,26.840000,21.478462,76086100.00
2012-11-15,26.879999,26.969999,26.629999,26.660000,21.334423,50955600.00
2012-11-16,26.670000,26.700001,26.340000,26.520000,21.222395,64083300.00
2012-11-19,26.799999,26.799999,26.469999,26.730000,21.390446,57179300.00
2012-11-20,26.760000,26.799999,26.459999,26.709999,21.374437,47070400.00
2012-11-21,26.709999,27.170000,26.670000,26.950001,21.566494,66360300.00
2012-11-23,27.230000,27.770000,27.200001,27.700001,22.166668,57845700.00
2012-11-26,27.540001,27.580000,27.170000,27.389999,21.918602,85198700.00
2012-11-27,27.360001,27.379999,27.040001,27.080000,21.670519,45018600.00
2012-11-28,27.010000,27.389999,26.770000,27.360001,21.894594,53018400.00
2012-11-29,27.110001,27.360001,26.860001,26.950001,21.566494,69551400.00
2012-11-30,27.049999,27.129999,26.490000,26.620001,21.302418,83690200.00
2012-12-03,26.780001,26.820000,26.400000,26.430000,21.150372,53173800.00
2012-12-04,26.500000,26.629999,26.340000,26.370001,21.102354,49777500.00
2012-12-05,26.379999,26.930000,26.260000,26.670000,21.342428,68283800.00
2012-12-06,26.809999,26.980000,26.610001,26.730000,21.390446,39182300.00
2012-12-07,26.820000,26.820000,26.370001,26.459999,21.174377,46162100.00
2012-12-10,26.559999,26.969999,26.520000,26.940001,21.558495,47031100.00
2012-12-11,27.049999,27.490000,27.049999,27.320000,21.862583,52282800.00
2012-12-12,27.530001,27.620001,27.080000,27.240000,21.798565,43966300.00
2012-12-13,27.320000,27.520000,26.950001,27.110001,21.694532,45080100.00
2012-12-14,27.110001,27.129999,26.700001,26.809999,21.454462,42077500.00
2012-12-17,26.790001,27.219999,26.680000,27.100000,21.686531,42046100.00
2012-12-18,27.250000,27.629999,27.139999,27.559999,22.054644,50486900.00
2012-12-19,27.690001,27.730000,27.250000,27.309999,21.854584,53519900.00
2012-12-20,27.360001,27.680000,27.150000,27.680000,22.150667,52607300.00
2012-12-21,27.450001,27.490000,27.000000,27.450001,21.966618,98776500.00
2012-12-24,27.200001,27.250000,27.000000,27.059999,21.654524,20842400.00
2012-12-26,27.030001,27.200001,26.700001,26.860001,21.494473,31631100.00
2012-12-27,26.889999,27.090000,26.570000,26.959999,21.574495,39394000.00
2012-12-28,26.709999,26.900000,26.549999,26.549999,21.246397,28239900.00
2012-12-31,26.590000,26.770000,26.370001,26.709999,21.374437,42749500.00
2013-01-02,27.250000,27.730000,27.150000,27.620001,22.102663,52899300.00
2013-01-03,27.629999,27.650000,27.160000,27.250000,21.806564,48294400.00
2013-01-04,27.270000,27.340000,26.730000,26.740000,21.398449,52521100.00
2013-01-07,26.770000,26.879999,26.639999,26.690001,21.358437,37110400.00
2013-01-08,26.750000,26.790001,26.459999,26.549999,21.246397,44703100.00
2013-01-09,26.719999,26.750000,26.559999,26.700001,21.366430,49047900.00
2013-01-10,26.650000,26.980000,26.290001,26.459999,21.174377,71431300.00
2013-01-11,26.490000,26.930000,26.280001,26.830000,21.470469,55512100.00
2013-01-14,26.900000,27.080000,26.760000,26.889999,21.518486,48324400.00
2013-01-15,26.830000,27.290001,26.830000,27.209999,21.774559,48244500.00
2013-01-16,27.150000,27.230000,27.010000,27.040001,21.638515,41077400.00
2013-01-17,27.190001,27.469999,27.059999,27.250000,21.806564,51685900.00
2013-01-18,27.100000,27.290001,27.040001,27.250000,21.806564,52167700.00
2013-01-22,27.299999,27.450001,27.000000,27.150000,21.726538,58650600.00
2013-01-23,27.200001,27.639999,27.200001,27.610001,22.094656,50387700.00
2013-01-24,27.700001,28.070000,27.469999,27.629999,22.110655,101739300.00
2013-01-25,27.580000,28.230000,27.389999,27.879999,22.310719,81847700.00
2013-01-28,28.010000,28.230000,27.760000,27.910000,22.334724,56056500.00
2013-01-29,27.820000,28.129999,27.600000,28.010000,22.414757,49242600.00
2013-01-30,28.010000,28.190001,27.760000,27.850000,22.286707,43580500.00
2013-01-31,27.790001,27.969999,27.400000,27.450001,21.966618,50530000.00
2013-02-01,27.670000,28.049999,27.549999,27.930000,22.350740,55565900.00
2013-02-04,27.870001,28.020000,27.420000,27.440001,21.958614,50540000.00
2013-02-05,27.620001,27.660000,27.360001,27.500000,22.006632,35410400.00
2013-02-06,27.379999,27.540001,27.250000,27.340000,21.878588,41889600.00
2013-02-07,27.350000,27.389999,27.100000,27.280001,21.830572,38028300.00
2013-02-08,27.350000,27.709999,27.309999,27.549999,22.046640,33318500.00
2013-02-11,27.650000,27.920000,27.500000,27.860001,22.294716,32247700.00
2013-02-12,27.879999,28.000000,27.750000,27.879999,22.310719,35990900.00
2013-02-13,27.930000,28.110001,27.879999,28.030001,22.430756,41715600.00
2013-02-14,27.920000,28.059999,27.870001,28.040001,22.438757,32663200.00
2013-02-15,28.040001,28.160000,27.879999,28.010000,22.414757,49650900.00
2013-02-19,27.879999,28.090000,27.799999,28.049999,22.632605,38781400.00
2013-02-20,28.129999,28.200001,27.830000,27.870001,22.487371,44110200.00
2013-02-21,27.740000,27.740000,27.230000,27.490000,22.180752,49078500.00
2013-02-22,27.680000,27.760000,27.480000,27.760000,22.398617,31425900.00
2013-02-25,27.969999,28.049999,27.370001,27.370001,22.083939,48011800.00
2013-02-26,27.379999,27.600000,27.340000,27.370001,22.083939,49923300.00
2013-02-27,27.420000,28.000000,27.330000,27.809999,22.438953,36394700.00
2013-02-28,27.879999,27.969999,27.740000,27.799999,22.430887,35840200.00
2013-03-01,27.719999,27.980000,27.520000,27.950001,22.551920,34849700.00
2013-03-04,27.850000,28.150000,27.700001,28.150000,22.713297,38157500.00
2013-03-05,28.290001,28.540001,28.160000,28.350000,22.874670,41432200.00
2013-03-06,28.209999,28.230000,27.780001,28.090000,22.664881,51448500.00
2013-03-07,28.110001,28.280001,28.010000,28.139999,22.705219,29196700.00
2013-03-08,28.250000,28.330000,27.959999,28.000000,22.592257,37667800.00
2013-03-11,27.940001,27.969999,27.670000,27.870001,22.487371,36627500.00
2013-03-12,27.840000,27.950001,27.639999,27.910000,22.519642,39255200.00
2013-03-13,27.870001,28.020000,27.750000,27.920000,22.527708,29093400.00
2013-03-14,28.000000,28.160000,27.930000,28.139999,22.705219,55914800.00
2013-03-15,28.030001,28.160000,27.980000,28.040001,22.624537,92710300.00
2013-03-18,27.879999,28.280001,27.809999,28.100000,22.672955,44809400.00
2013-03-19,28.120001,28.219999,28.030001,28.180000,22.737492,51901600.00
2013-03-20,28.340000,28.490000,28.180000,28.320000,22.850456,35447800.00
2013-03-21,28.110001,28.360001,28.049999,28.110001,22.681019,34233200.00
2013-03-22,28.190001,28.340000,28.100000,28.250000,22.793980,28720900.00
2013-03-25,28.299999,28.350000,27.959999,28.160000,22.721361,44154000.00
2013-03-26,28.240000,28.340000,28.110001,28.160000,22.721361,27824300.00
2013-03-27,28.139999,28.450001,28.080000,28.370001,22.890800,36047400.00
2013-03-28,28.320000,28.660000,28.260000,28.610001,23.084457,55453800.00
2013-04-01,28.639999,28.660000,28.360001,28.610001,23.084457,29201100.00
2013-04-02,28.590000,28.850000,28.520000,28.799999,23.237759,28456500.00
2013-04-03,28.750000,28.950001,28.540001,28.559999,23.044100,35062800.00
2013-04-04,28.389999,28.610001,28.270000,28.600000,23.076374,45263200.00
2013-04-05,28.219999,28.780001,28.110001,28.700001,23.157068,50927300.00
2013-04-08,28.730000,28.730000,28.469999,28.590000,23.068319,34759500.00
2013-04-09,28.730000,29.820000,28.680000,29.610001,23.891312,77733800.00
2013-04-10,29.570000,30.320000,29.520000,30.280001,24.431917,71116700.00
2013-04-11,29.100000,29.200001,28.730000,28.940001,23.350723,130923200.00
2013-04-12,28.850000,29.020000,28.660000,28.790001,23.229691,62886300.00
2013-04-15,28.650000,28.980000,28.510000,28.690001,23.149000,56332900.00
2013-04-16,28.900000,29.139999,28.700001,28.969999,23.374920,52797300.00
2013-04-17,28.850000,29.040001,28.600000,28.830000,23.261969,52840700.00
2013-04-18,28.950001,28.980000,28.500000,28.790001,23.229691,56906600.00
2013-04-19,29.620001,30.240000,29.610001,29.770000,24.020414,99790700.00
2013-04-22,30.299999,31.180000,30.270000,30.830000,24.875692,137904000.00
2013-04-23,30.700001,30.900000,30.379999,30.600000,24.690119,59126900.00
2013-04-24,30.620001,31.920000,30.600000,31.760000,25.626072,90946600.00
2013-04-25,31.709999,32.840000,31.540001,31.940001,25.771315,110700200.00
2013-04-26,31.900000,31.980000,31.450001,31.790001,25.650284,47799300.00
2013-04-29,31.799999,32.680000,31.770000,32.610001,26.311914,59116400.00
2013-04-30,32.560001,33.110001,32.279999,33.099998,26.707283,75165200.00
2013-05-01,32.930000,33.080002,32.599998,32.720001,26.400675,54330900.00
2013-05-02,32.630001,33.169998,32.389999,33.160000,26.755686,46059500.00
2013-05-03,33.230000,33.520000,33.080002,33.490002,27.021965,46784600.00
2013-05-06,33.419998,33.910000,33.250000,33.750000,27.231750,40978300.00
2013-05-07,33.650002,33.790001,33.240002,33.310001,26.876724,43078300.00
2013-05-08,33.070000,33.240002,32.650002,32.990002,26.618526,51595700.00
2013-05-09,32.849998,33.000000,32.590000,32.660000,26.352264,46417800.00
2013-05-10,32.669998,32.720001,32.320000,32.689999,26.376469,36394900.00
2013-05-13,32.610001,33.070000,32.549999,33.029999,26.650799,36027600.00
2013-05-14,32.860001,33.529999,32.799999,33.529999,27.243942,56870100.00
2013-05-15,33.450001,33.900002,33.430000,33.849998,27.503956,46303900.00
2013-05-16,33.639999,34.150002,33.549999,34.080002,27.690830,59382900.00
2013-05-17,34.130001,34.869999,34.099998,34.869999,28.332726,60666700.00
2013-05-20,34.730000,35.099998,34.680000,35.080002,28.503361,54020800.00
2013-05-21,35.099998,35.270000,34.720001,34.849998,28.316467,48702400.00
2013-05-22,34.790001,34.840000,34.360001,34.610001,28.121466,66047500.00
2013-05-23,34.230000,34.549999,33.900002,34.150002,27.747713,51102700.00
2013-05-24,33.919998,34.279999,33.900002,34.270000,27.845213,33174400.00
2013-05-28,34.419998,35.180000,34.410000,35.020000,28.454603,48212100.00
2013-05-29,34.740002,35.020000,34.570000,34.880001,28.340860,38412200.00
2013-05-30,34.849998,35.250000,34.810001,35.029999,28.462725,51131000.00
2013-05-31,34.820000,35.279999,34.790001,34.900002,28.357109,56165700.00
2013-06-03,34.919998,35.630001,34.830002,35.590000,28.917751,51252600.00
2013-06-04,35.619999,35.740002,34.770000,34.990002,28.430225,65529500.00
2013-06-05,34.599998,34.889999,34.430000,34.779999,28.259594,46025100.00
2013-06-06,34.840000,35.110001,34.490002,34.959999,28.405855,37618500.00
2013-06-07,35.250000,35.779999,35.060001,35.669998,28.982748,40757300.00
2013-06-10,35.509998,35.650002,35.139999,35.470001,28.820244,35994500.00
2013-06-11,35.049999,35.180000,34.680000,34.840000,28.308355,39435900.00
2013-06-12,35.139999,35.270000,34.849998,35.000000,28.438362,37372700.00
2013-06-13,34.990002,35.020000,34.590000,34.720001,28.210844,45654900.00
2013-06-14,34.549999,34.689999,34.250000,34.400002,27.950848,53192600.00
2013-06-17,34.689999,35.160000,34.630001,35.000000,28.438362,49670100.00
2013-06-18,34.970001,35.169998,34.900002,34.980000,28.422104,28616500.00
2013-06-19,34.959999,35.090000,34.590000,34.590000,28.105221,30816200.00
2013-06-20,34.259998,34.330002,33.369999,33.490002,27.211443,54493700.00
2013-06-21,33.660000,33.730000,33.049999,33.270000,27.032686,85338500.00
2013-06-24,32.939999,34.200001,32.570000,33.720001,27.398321,56109000.00
2013-06-25,34.080002,34.380001,33.459999,33.669998,27.357697,44073400.00
2013-06-26,34.119999,34.480000,33.889999,34.349998,27.910204,48665900.00
2013-06-27,34.520000,34.779999,34.500000,34.619999,28.129601,28993100.00
2013-06-28,34.380001,34.790001,34.340000,34.540001,28.064594,65545500.00
2013-07-01,34.750000,34.990002,34.330002,34.360001,27.918337,31055400.00
2013-07-02,34.410000,34.439999,33.630001,33.939999,27.577076,37630000.00
2013-07-03,33.660000,34.369999,33.599998,34.009998,27.633949,15994400.00
2013-07-05,34.090000,34.240002,33.580002,34.209999,27.796453,26085900.00
2013-07-08,34.349998,34.590000,33.980000,34.330002,27.893970,32396900.00
2013-07-09,34.580002,34.599998,34.139999,34.349998,27.910204,25318500.00
2013-07-10,34.340000,34.810001,34.320000,34.700001,28.194595,29658800.00
2013-07-11,35.000000,35.770000,34.900002,35.689999,28.999002,53638300.00
2013-07-12,35.580002,35.730000,35.279999,35.669998,28.982748,35501200.00
2013-07-15,35.660000,36.220001,35.580002,36.169998,29.389009,34142600.00
2013-07-16,36.009998,36.430000,35.959999,36.270000,29.470251,36378500.00
2013-07-17,36.340000,36.389999,35.490002,35.740002,29.039631,37285100.00
2013-07-18,35.720001,35.889999,35.220001,35.439999,28.795872,49547100.00
2013-07-19,32.400002,32.669998,31.020000,31.400000,25.513273,248428500.00
2013-07-22,31.700001,32.009998,31.600000,32.009998,26.008904,79040700.00
2013-07-23,31.910000,32.040001,31.709999,31.820000,25.854527,65810400.00
2013-07-24,32.040001,32.189999,31.889999,31.959999,25.968287,52803100.00
2013-07-25,31.620001,31.650000,31.250000,31.389999,25.505135,63213000.00
2013-07-26,31.260000,31.620001,31.209999,31.620001,25.692026,38633600.00
2013-07-29,31.469999,31.600000,31.400000,31.540001,25.627018,28870700.00
2013-07-30,31.780001,32.119999,31.549999,31.850000,25.878906,45799500.00
2013-07-31,31.969999,32.049999,31.709999,31.840000,25.870777,43898400.00
2013-08-01,32.060001,32.090000,31.600000,31.670000,25.732649,42557900.00
2013-08-02,31.690001,31.900000,31.570000,31.889999,25.911402,29199900.00
2013-08-05,31.900000,32.000000,31.639999,31.700001,25.757023,30984000.00
2013-08-06,31.549999,31.670000,31.379999,31.580000,25.659523,36331500.00
2013-08-07,31.540001,32.099998,31.250000,32.060001,26.049534,38078600.00
2013-08-08,32.240002,33.070000,32.049999,32.889999,26.723930,59034400.00
2013-08-09,32.770000,32.900002,32.470001,32.700001,26.569553,26800700.00
2013-08-12,32.459999,32.970001,32.459999,32.869999,26.707670,25493700.00
2013-08-13,32.509998,32.549999,32.209999,32.230000,26.372202,39464100.00
2013-08-14,32.139999,33.360001,31.700001,32.349998,26.470379,48519600.00
2013-08-15,32.000000,32.180000,30.840000,31.790001,26.012163,33338000.00
2013-08-16,31.790001,31.990000,31.660000,31.799999,26.020351,32866300.00
2013-08-19,31.760000,31.969999,31.379999,31.389999,25.684858,27902500.00
2013-08-20,31.440001,31.900000,31.370001,31.620001,25.873068,22979600.00
2013-08-21,31.610001,32.009998,31.540001,31.610001,25.864882,37409100.00
2013-08-22,32.189999,32.490002,32.099998,32.389999,26.503119,31169900.00
2013-08-23,35.169998,35.200001,34.000000,34.750000,28.434174,225493800.00
2013-08-26,34.400002,34.669998,34.029999,34.150002,27.943241,72786800.00
2013-08-27,33.520000,34.099998,33.150002,33.259998,27.214993,58522300.00
2013-08-28,33.389999,33.599998,33.000000,33.020000,27.018618,44257400.00
2013-08-29,32.930000,33.599998,32.799999,33.549999,27.452291,45284700.00
2013-08-30,33.369999,33.480000,33.090000,33.400002,27.329552,42790200.00
2013-09-03,31.750000,32.070000,31.290001,31.879999,26.085806,154507000.00
2013-09-04,31.389999,31.469999,31.110001,31.200001,25.529402,142320600.00
2013-09-05,31.100000,31.440001,30.950001,31.230000,25.553944,71644900.00
2013-09-06,31.309999,31.389999,31.129999,31.150000,25.488489,75434900.00
2013-09-09,31.219999,31.790001,31.200001,31.660000,25.905796,49628500.00
2013-09-10,31.900000,32.400002,31.790001,32.389999,26.503119,56881200.00
2013-09-11,32.570000,32.930000,32.529999,32.740002,26.789507,39087500.00
2013-09-12,32.720001,32.779999,32.590000,32.689999,26.748587,32860200.00
2013-09-13,32.770000,33.070000,32.509998,33.029999,27.026798,40899000.00
2013-09-16,33.380001,33.500000,32.730000,32.799999,26.838598,52839700.00
2013-09-17,33.419998,33.470001,32.900002,32.930000,26.944969,84716500.00
2013-09-18,32.990002,33.400002,32.830002,33.320000,27.264091,64099900.00
2013-09-19,33.480000,33.680000,33.320000,33.639999,27.525932,42026600.00
2013-09-20,33.410000,33.480000,32.689999,32.790001,26.830421,102904900.00
2013-09-23,32.540001,32.970001,32.500000,32.740002,26.789507,39826100.00
2013-09-24,32.869999,32.869999,32.150002,32.450001,26.552204,40685000.00
2013-09-25,32.490002,32.799999,32.400002,32.509998,26.601309,28907500.00
2013-09-26,32.639999,33.000000,32.590000,32.770000,26.814054,28504000.00
2013-09-27,32.880001,33.750000,32.869999,33.270000,27.223186,55348000.00
2013-09-30,33.000000,33.310001,32.700001,33.279999,27.231358,39839500.00
2013-10-01,33.349998,33.610001,33.299999,33.580002,27.476839,36718700.00
2013-10-02,33.360001,34.029999,33.290001,33.919998,27.755037,46946800.00
2013-10-03,33.880001,34.000000,33.419998,33.860001,27.705950,38703800.00
2013-10-04,33.689999,33.990002,33.619999,33.880001,27.722309,33008100.00
2013-10-07,33.599998,33.709999,33.200001,33.299999,27.247721,35069300.00
2013-10-08,33.310001,33.330002,32.799999,33.009998,27.010429,41017600.00
2013-10-09,33.070000,33.349998,32.959999,33.070000,27.059523,35878600.00
2013-10-10,33.310001,33.889999,33.259998,33.759998,27.624121,42875100.00
2013-10-11,33.680000,34.139999,33.680000,34.130001,27.926884,30033300.00
2013-10-14,33.900002,34.500000,33.779999,34.450001,28.188709,27757900.00
2013-10-15,34.669998,34.990002,34.470001,34.490002,28.221437,47097800.00
2013-10-16,34.599998,34.900002,34.560001,34.639999,28.344175,35111600.00
2013-10-17,34.450001,34.990002,34.369999,34.919998,28.573292,31359200.00
2013-10-18,34.820000,34.990002,34.330002,34.959999,28.606016,41811700.00
2013-10-21,34.980000,35.200001,34.910000,34.990002,28.630558,27433500.00
2013-10-22,35.020000,35.099998,34.520000,34.580002,28.295082,40438500.00
2013-10-23,34.349998,34.490002,33.669998,33.759998,27.624121,58600500.00
2013-10-24,33.820000,34.099998,33.570000,33.720001,27.591393,53209700.00
2013-10-25,35.880001,36.290001,35.470001,35.730000,29.236073,113494000.00
2013-10-28,35.610001,35.730000,35.270000,35.570000,29.105154,38383600.00
2013-10-29,35.630001,35.720001,35.259998,35.520000,29.064230,31702200.00
2013-10-30,35.529999,35.790001,35.430000,35.540001,29.080603,36997700.00
2013-10-31,35.660000,35.689999,35.340000,35.410000,28.974234,41682300.00
2013-11-01,35.669998,35.689999,35.389999,35.529999,29.072411,40264600.00
2013-11-04,35.590000,35.980000,35.549999,35.939999,29.407900,28060700.00
2013-11-05,35.790001,36.709999,35.770000,36.639999,29.980671,51681900.00
2013-11-06,37.240002,38.220001,37.060001,38.180000,31.240784,88948800.00
2013-11-07,37.959999,38.009998,37.430000,37.500000,30.684381,60437400.00
2013-11-08,37.669998,37.779999,37.340000,37.779999,30.913486,36737800.00
2013-11-11,37.689999,37.779999,37.349998,37.590000,30.758017,26872500.00
2013-11-12,37.380001,37.599998,37.200001,37.360001,30.569818,31651600.00
2013-11-13,36.980000,38.160000,36.900002,38.160000,31.224422,44957600.00
2013-11-14,37.869999,38.130001,37.720001,38.020000,31.109867,46183700.00
2013-11-15,37.950001,38.020000,37.720001,37.840000,30.962587,50601300.00
2013-11-18,37.349998,37.580002,37.070000,37.200001,30.438906,53277500.00
2013-11-19,36.849998,37.230000,36.669998,36.740002,30.290489,44275000.00
2013-11-20,36.919998,37.410000,36.860001,37.080002,30.570801,32229900.00
2013-11-21,37.270000,37.529999,37.259998,37.400002,30.834644,23064700.00
2013-11-22,37.529999,37.680000,37.330002,37.570000,30.974802,27982000.00
2013-11-25,37.930000,37.950001,37.570000,37.639999,31.032497,30646800.00
2013-11-26,37.570000,37.650002,37.349998,37.349998,30.793411,34465300.00
2013-11-27,37.570000,37.759998,37.490002,37.599998,30.999535,26002100.00
2013-11-29,37.820000,38.290001,37.820000,38.130001,31.436481,22090400.00
2013-12-02,38.090000,38.779999,38.060001,38.450001,31.700319,42950400.00
2013-12-03,38.139999,38.490002,38.080002,38.310001,31.584894,52109800.00
2013-12-04,38.209999,38.980000,38.119999,38.939999,32.104271,51983600.00
2013-12-05,38.849998,38.880001,37.180000,38.000000,31.329304,116305000.00
2013-12-06,38.419998,38.549999,37.990002,38.360001,31.626106,36457300.00
2013-12-09,38.560001,38.869999,38.369999,38.709999,31.914680,30286000.00
2013-12-10,38.610001,38.900002,38.020000,38.110001,31.420008,37828600.00
2013-12-11,38.060001,38.299999,37.389999,37.610001,31.007778,39853400.00
2013-12-12,37.639999,37.639999,37.180000,37.220001,30.686228,36012800.00
2013-12-13,37.419998,37.450001,36.619999,36.689999,30.249271,40066100.00
2013-12-16,36.730000,37.000000,36.540001,36.889999,30.414162,31734200.00
2013-12-17,36.939999,37.110001,36.330002,36.520000,30.109119,45687700.00
2013-12-18,36.360001,36.599998,35.529999,36.580002,30.158585,63192100.00
2013-12-19,36.509998,36.549999,36.080002,36.250000,29.886511,34160100.00
2013-12-20,36.200001,36.930000,36.189999,36.799999,30.339960,62649100.00
2013-12-23,36.810001,36.889999,36.549999,36.619999,30.191559,25128700.00
2013-12-24,36.720001,37.169998,36.639999,37.080002,30.570801,14243000.00
2013-12-26,37.200001,37.490002,37.169998,37.439999,30.867619,17612800.00
2013-12-27,37.580002,37.619999,37.169998,37.290001,30.743958,14563000.00
2013-12-30,37.220001,37.380001,36.900002,37.290001,30.743958,16290500.00
2013-12-31,37.400002,37.580002,37.220001,37.410000,30.842888,17503500.00
2014-01-02,37.349998,37.400002,37.099998,37.160000,30.636763,30632200.00
2014-01-03,37.200001,37.220001,36.599998,36.910000,30.430645,31134800.00
2014-01-06,36.849998,36.889999,36.110001,36.130001,29.787579,43603700.00
2014-01-07,36.330002,36.490002,36.209999,36.410000,30.018423,35802800.00
2014-01-08,36.000000,36.139999,35.580002,35.759998,29.482525,59971700.00
2014-01-09,35.880001,35.910000,35.400002,35.529999,29.292896,36516300.00
2014-01-10,35.900002,36.150002,35.750000,36.040001,29.713379,40548800.00
2014-01-13,35.990002,36.020000,34.830002,34.980000,28.839455,45901900.00
2014-01-14,34.730000,35.880001,34.630001,35.779999,29.499014,41623300.00
2014-01-15,35.900002,36.790001,35.849998,36.759998,30.306974,44812600.00
2014-01-16,36.689999,37.000000,36.310001,36.889999,30.414173,38018700.00
2014-01-17,36.830002,36.830002,36.150002,36.380001,29.993692,46267500.00
2014-01-21,36.820000,36.820000,36.060001,36.169998,29.820560,31567300.00
2014-01-22,36.259998,36.320000,35.750000,35.930000,29.622684,21904300.00
2014-01-23,36.090000,36.130001,35.520000,36.060001,29.729864,43954000.00
2014-01-24,37.450001,37.549999,36.529999,36.810001,30.348211,76395500.00
2014-01-27,36.869999,36.889999,35.980000,36.029999,29.705122,44420800.00
2014-01-28,36.119999,36.389999,35.750000,36.270000,29.902994,36205500.00
2014-01-29,35.980000,36.880001,35.900002,36.660000,30.224546,52745900.00
2014-01-30,36.790001,36.880001,36.230000,36.860001,30.389429,35036300.00
2014-01-31,36.950001,37.889999,36.560001,37.840000,31.197388,93162300.00
2014-02-03,37.740002,37.990002,36.430000,36.480000,30.076139,64063100.00
2014-02-04,36.970001,37.189999,36.250000,36.349998,29.968964,54697900.00
2014-02-05,36.290001,36.470001,35.799999,35.820000,29.531996,55814400.00
2014-02-06,35.799999,36.250000,35.689999,36.180000,29.828798,35351800.00
2014-02-07,36.320000,36.590000,36.009998,36.560001,30.142092,33260500.00
2014-02-10,36.630001,36.799999,36.290001,36.799999,30.339968,26767000.00
2014-02-11,36.880001,37.259998,36.860001,37.169998,30.645006,32141400.00
2014-02-12,37.349998,37.599998,37.299999,37.470001,30.892365,27051800.00
2014-02-13,37.330002,37.860001,37.330002,37.610001,31.007780,37635500.00
2014-02-14,37.389999,37.779999,37.330002,37.619999,31.016016,31407500.00
2014-02-18,37.630001,37.779999,37.410000,37.419998,31.082466,32834000.00
2014-02-19,37.220001,37.750000,37.209999,37.509998,31.157221,29750400.00
2014-02-20,37.570000,37.869999,37.400002,37.750000,31.356571,27526100.00
2014-02-21,37.939999,38.349998,37.860001,37.980000,31.547625,38021300.00
2014-02-24,37.689999,37.980000,37.540001,37.689999,31.306753,32085100.00
2014-02-25,37.610001,37.849998,37.349998,37.540001,31.182144,30736500.00
2014-02-26,37.580002,37.740002,37.189999,37.470001,31.124002,41041800.00
2014-02-27,37.450001,37.889999,37.230000,37.860001,31.447950,33903400.00
2014-02-28,37.980000,38.459999,37.820000,38.310001,31.821735,41215000.00
2014-03-03,37.919998,38.130001,37.490002,37.779999,31.381477,29717500.00
2014-03-04,38.200001,38.480000,38.070000,38.410000,31.904804,26802400.00
2014-03-05,38.250000,38.270000,37.930000,38.110001,31.655603,20520100.00
2014-03-06,38.139999,38.240002,37.889999,38.150002,31.688829,23582200.00
2014-03-07,38.279999,38.360001,37.689999,37.900002,31.481173,26591600.00
2014-03-10,37.990002,38.009998,37.720001,37.820000,31.414722,19006600.00
2014-03-11,37.869999,38.230000,37.720001,38.020000,31.580849,25216400.00
2014-03-12,37.799999,38.430000,37.790001,38.270000,31.788517,30494100.00
2014-03-13,38.419998,38.450001,37.639999,37.889999,31.472868,32169700.00
2014-03-14,37.650002,38.139999,37.509998,37.700001,31.315052,27195600.00
2014-03-17,37.900002,38.410000,37.790001,38.049999,31.605761,20479600.00
2014-03-18,38.259998,39.900002,38.220001,39.549999,32.851730,64063900.00
2014-03-19,39.470001,39.549999,38.910000,39.270000,32.619148,35597200.00
2014-03-20,39.250000,40.650002,39.240002,40.330002,33.499611,59269800.00
2014-03-21,40.720001,40.939999,40.009998,40.160000,33.358406,80721800.00
2014-03-24,40.340000,40.639999,39.860001,40.500000,33.640827,46098400.00
2014-03-25,40.660000,40.990002,39.959999,40.340000,33.507935,43193100.00
2014-03-26,40.480000,40.709999,39.599998,39.790001,33.051067,41977500.00
2014-03-27,39.740002,39.970001,39.340000,39.360001,32.693905,35369200.00
2014-03-28,39.790001,40.639999,39.680000,40.299999,33.474701,43472700.00
2014-03-31,40.430000,41.500000,40.400002,40.990002,34.047852,46886300.00
2014-04-01,41.150002,41.590000,41.070000,41.419998,34.405022,32605000.00
2014-04-02,41.439999,41.660000,41.169998,41.349998,34.346889,28666700.00
2014-04-03,41.290001,41.290001,40.709999,41.009998,34.064457,30139600.00
2014-04-04,41.250000,41.389999,39.639999,39.869999,33.117523,51409600.00
2014-04-07,39.959999,40.270000,39.740002,39.799999,33.059372,37559600.00
2014-04-08,39.750000,39.930000,39.200001,39.820000,33.076004,35918600.00
2014-04-09,39.930000,40.549999,39.880001,40.470001,33.615906,27398700.00
2014-04-10,40.439999,40.689999,39.090000,39.360001,32.693905,45960800.00
2014-04-11,39.000000,39.790001,39.000000,39.209999,32.569305,34330200.00
2014-04-14,39.110001,39.410000,38.900002,39.180000,32.544403,32006600.00
2014-04-15,39.340000,39.959999,39.049999,39.750000,33.017860,33968700.00
2014-04-16,40.060001,40.419998,39.910000,40.400002,33.557770,30615800.00
2014-04-17,40.009998,40.200001,39.509998,40.009998,33.233814,36688400.00
2014-04-21,40.130001,40.150002,39.790001,39.939999,33.175678,22221200.00
2014-04-22,39.959999,40.139999,39.830002,39.990002,33.217224,27056700.00
2014-04-23,39.990002,39.990002,39.470001,39.689999,32.968018,24602800.00
2014-04-24,39.740002,39.970001,39.299999,39.860001,33.109230,42381600.00
2014-04-25,40.290001,40.680000,39.750000,39.910000,33.150764,56876800.00
2014-04-28,40.139999,41.290001,40.090000,40.869999,33.948170,50610200.00
2014-04-29,41.099998,41.189999,40.389999,40.509998,33.649128,29636200.00
2014-04-30,40.400002,40.500000,40.169998,40.400002,33.557770,35458700.00
2014-05-01,40.240002,40.360001,39.950001,40.000000,33.225513,28787400.00
2014-05-02,40.310001,40.340000,39.660000,39.689999,32.968018,43416600.00
2014-05-05,39.520000,39.639999,39.299999,39.430000,32.752041,22460900.00
2014-05-06,39.290001,39.349998,38.950001,39.060001,32.444729,27112400.00
2014-05-07,39.220001,39.509998,38.509998,39.419998,32.743729,41744500.00
2014-05-08,39.340000,39.900002,38.970001,39.639999,32.926476,32120400.00
2014-05-09,39.540001,39.849998,39.369999,39.540001,32.843418,29647600.00
2014-05-12,39.740002,40.020000,39.650002,39.970001,33.200603,22782600.00
2014-05-13,39.919998,40.500000,39.849998,40.419998,33.811226,27004800.00
2014-05-14,40.299999,40.450001,40.049999,40.240002,33.660664,18818700.00
2014-05-15,40.090000,40.400002,39.509998,39.599998,33.125290,37793200.00
2014-05-16,39.669998,39.840000,39.270000,39.830002,33.317707,29867100.00
2014-05-19,39.610001,39.820000,39.459999,39.750000,33.250782,24537400.00
2014-05-20,39.680000,39.939999,39.459999,39.680000,33.192238,21320900.00
2014-05-21,39.799999,40.349998,39.740002,40.349998,33.752674,22398700.00
2014-05-22,40.290001,40.349998,39.849998,40.099998,33.543560,20201800.00
2014-05-23,40.369999,40.369999,40.000000,40.119999,33.560284,18020000.00
2014-05-27,40.259998,40.259998,39.810001,40.189999,33.618843,26160600.00
2014-05-28,40.139999,40.189999,39.820000,40.009998,33.468269,25711500.00
2014-05-29,40.150002,40.349998,39.910000,40.340000,33.744312,19888200.00
2014-05-30,40.450001,40.970001,40.250000,40.939999,34.246204,34567600.00
2014-06-02,40.950001,41.090000,40.680000,40.790001,34.120735,18504300.00
2014-06-03,40.599998,40.680000,40.250000,40.290001,33.702496,18068900.00
2014-06-04,40.209999,40.369999,39.860001,40.320000,33.727585,23209000.00
2014-06-05,40.590000,41.250000,40.400002,41.209999,34.472080,31865200.00
2014-06-06,41.480000,41.660000,41.240002,41.480000,34.697918,24060500.00
2014-06-09,41.389999,41.480000,41.020000,41.270000,34.522259,15019200.00
2014-06-10,41.029999,41.160000,40.860001,41.110001,34.388416,15117700.00
2014-06-11,40.930000,41.070000,40.770000,40.860001,34.179295,18040000.00
2014-06-12,40.810001,40.880001,40.290001,40.580002,33.945072,29818900.00
2014-06-13,41.099998,41.570000,40.860001,41.230000,34.488792,26310000.00
2014-06-16,41.040001,41.610001,41.040001,41.500000,34.714664,24205300.00
2014-06-17,41.290001,41.910000,40.340000,41.680000,34.865223,22518600.00
2014-06-18,41.610001,41.740002,41.180000,41.650002,34.840137,27097000.00
2014-06-19,41.570000,41.770000,41.330002,41.509998,34.723026,19828200.00
2014-06-20,41.450001,41.830002,41.380001,41.680000,34.865223,47764900.00
2014-06-23,41.730000,42.000000,41.689999,41.990002,35.124531,18743900.00
2014-06-24,41.830002,41.939999,41.560001,41.750000,34.923771,26509100.00
2014-06-25,41.700001,42.049999,41.459999,42.029999,35.158005,20049100.00
2014-06-26,41.930000,41.939999,41.430000,41.720001,34.898689,23604400.00
2014-06-27,41.610001,42.290001,41.509998,42.250000,35.342026,74640000.00
2014-06-30,42.169998,42.209999,41.700001,41.700001,34.881950,30793100.00
2014-07-01,41.860001,42.150002,41.689999,41.869999,35.024155,26917000.00
2014-07-02,41.730000,41.900002,41.529999,41.900002,35.049252,20208100.00
2014-07-03,41.910000,41.990002,41.560001,41.799999,34.965603,15969300.00
2014-07-07,41.750000,42.119999,41.709999,41.990002,35.124531,21952400.00
2014-07-08,41.869999,42.000000,41.610001,41.779999,34.948872,31218200.00
2014-07-09,41.980000,41.990002,41.529999,41.669998,34.856861,18445900.00
2014-07-10,41.369999,42.000000,41.049999,41.689999,34.873589,21854700.00
2014-07-11,41.700001,42.090000,41.480000,42.090000,35.208191,24083000.00
2014-07-14,42.220001,42.450001,42.040001,42.139999,35.250011,21881100.00
2014-07-15,42.330002,42.470001,42.029999,42.450001,35.509315,28748700.00
2014-07-16,42.509998,44.310001,42.480000,44.080002,36.872814,63318000.00
2014-07-17,45.450001,45.709999,44.250000,44.529999,37.249252,82180300.00
2014-07-18,44.650002,44.840000,44.250000,44.689999,37.383083,43407500.00
2014-07-21,44.560001,45.160000,44.220001,44.840000,37.508572,37604400.00
2014-07-22,45.000000,45.150002,44.590000,44.830002,37.500198,43095800.00
2014-07-23,45.450001,45.450001,44.619999,44.869999,37.533657,52362900.00
2014-07-24,44.930000,45.000000,44.320000,44.400002,37.140507,30725300.00
2014-07-25,44.299999,44.660000,44.299999,44.500000,37.224148,26737700.00
2014-07-28,44.360001,44.509998,43.930000,43.970001,36.780807,29684200.00
2014-07-29,43.910000,44.090000,43.639999,43.889999,36.713871,27763100.00
2014-07-30,44.070000,44.099998,43.290001,43.580002,36.454559,31921400.00
2014-07-31,43.380001,43.689999,43.080002,43.160000,36.103249,31537500.00
2014-08-01,43.209999,43.250000,42.599998,42.860001,35.852291,31170300.00
2014-08-04,42.970001,43.470001,42.810001,43.369999,36.278896,34277400.00
2014-08-05,43.310001,43.459999,42.830002,43.080002,36.036316,26266400.00
2014-08-06,42.740002,43.169998,42.209999,42.740002,35.751915,24634000.00
2014-08-07,42.840000,43.450001,42.650002,43.230000,36.161785,30314900.00
2014-08-08,43.230000,43.320000,42.910000,43.200001,36.136696,28942700.00
2014-08-11,43.259998,43.450001,43.020000,43.200001,36.136696,20351600.00
2014-08-12,43.040001,43.590000,43.000000,43.520000,36.404388,21431100.00
2014-08-13,43.680000,44.180000,43.520000,44.080002,36.872814,22889500.00
2014-08-14,44.080002,44.419998,44.009998,44.270000,37.031754,19313200.00
2014-08-15,44.580002,44.900002,44.400002,44.790001,37.466732,41611300.00
2014-08-18,44.939999,45.110001,44.680000,45.110001,37.734406,26891100.00
2014-08-19,44.970001,45.340000,44.830002,45.330002,38.155266,28139500.00
2014-08-20,45.340000,45.400002,44.900002,44.950001,37.835411,24770500.00
2014-08-21,44.840000,45.250000,44.830002,45.220001,38.062683,22285500.00
2014-08-22,45.349998,45.470001,45.070000,45.150002,38.003769,18294500.00
2014-08-25,45.400002,45.439999,45.040001,45.169998,38.020596,16910000.00
2014-08-26,45.310001,45.400002,44.939999,45.009998,37.885925,14873100.00
2014-08-27,44.900002,45.000000,44.759998,44.869999,37.768074,21287900.00
2014-08-28,44.750000,44.980000,44.610001,44.880001,37.776501,17657600.00
2014-08-29,45.090000,45.439999,44.860001,45.430000,38.239452,21607600.00
2014-09-02,45.430000,45.459999,44.849998,45.090000,37.953262,22976800.00
2014-09-03,44.529999,45.110001,44.529999,44.959999,37.843830,33684500.00
2014-09-04,44.740002,45.270000,44.720001,45.259998,38.096348,26475500.00
2014-09-05,45.110001,45.930000,45.110001,45.910000,38.643456,36939400.00
2014-09-08,46.020000,46.799999,45.990002,46.470001,39.114838,45736700.00
2014-09-09,46.470001,46.970001,46.419998,46.759998,39.358940,40302400.00
2014-09-10,46.820000,46.939999,46.279999,46.840000,39.426270,27302400.00
2014-09-11,46.740002,47.000000,46.470001,47.000000,39.560944,29216400.00
2014-09-12,46.910000,47.020000,46.599998,46.700001,39.308426,38244700.00
2014-09-15,46.540001,46.709999,46.099998,46.240002,38.921242,37667600.00
2014-09-16,46.389999,46.849998,46.290001,46.759998,39.358940,27910600.00
2014-09-17,46.259998,46.689999,46.230000,46.520000,39.156929,38311900.00
2014-09-18,46.590000,46.830002,46.459999,46.680000,39.291607,35556600.00
2014-09-19,46.810001,47.570000,46.599998,47.520000,39.998650,202522400.00
2014-09-22,47.299999,47.380001,46.980000,47.060001,39.611454,38686100.00
2014-09-23,46.849998,46.980000,46.470001,46.560001,39.190594,33430300.00
2014-09-24,46.630001,47.110001,46.340000,47.080002,39.628288,26582700.00
2014-09-25,46.880001,47.090000,46.029999,46.040001,38.752895,33077400.00
2014-09-26,45.930000,46.619999,45.759998,46.410000,39.064331,27078800.00
2014-09-29,45.980000,46.560001,45.759998,46.439999,39.089592,26091000.00
2014-09-30,46.369999,46.480000,46.009998,46.360001,39.022243,33033100.00
2014-10-01,46.270000,46.529999,45.849998,45.900002,38.635048,38088400.00
2014-10-02,45.830002,46.099998,45.639999,45.759998,38.517216,25119400.00
2014-10-03,45.980000,46.299999,45.610001,46.090000,38.794975,32453200.00
2014-10-06,46.119999,46.299999,45.919998,46.090000,38.794975,20604000.00
2014-10-07,45.860001,45.930000,45.419998,45.529999,38.323620,25723700.00
2014-10-08,45.480000,46.889999,45.340000,46.779999,39.375763,33031000.00
2014-10-09,46.500000,46.799999,45.740002,45.849998,38.592964,34422800.00
2014-10-10,45.599998,46.119999,43.950001,44.029999,37.061039,51978100.00
2014-10-13,43.820000,44.560001,43.490002,43.650002,36.741177,37100200.00
2014-10-14,43.869999,44.380001,43.560001,43.730000,36.808514,38115700.00
2014-10-15,43.000000,43.389999,42.099998,43.220001,36.379238,60218700.00
2014-10-16,42.529999,43.080002,42.220001,42.740002,35.975208,49040400.00
2014-10-17,43.200001,43.939999,42.790001,43.630001,36.724335,40683300.00
2014-10-20,43.060001,44.139999,42.810001,44.080002,37.103111,34527900.00
2014-10-21,44.360001,44.980000,44.189999,44.880001,37.776501,36433800.00
2014-10-22,45.000000,45.070000,44.230000,44.380001,37.355637,33570900.00
2014-10-23,44.619999,45.450001,44.529999,45.020000,37.894329,45451900.00
2014-10-24,46.830002,46.900002,45.180000,46.130001,38.828648,61076700.00
2014-10-27,45.709999,46.099998,45.709999,45.910000,38.643456,30371300.00
2014-10-28,45.860001,46.500000,45.770000,46.490002,39.131676,29049800.00
2014-10-29,46.439999,46.700001,46.340000,46.619999,39.241093,30276100.00
2014-10-30,46.320000,46.320000,45.770000,46.049999,38.761307,30073900.00
2014-10-31,46.939999,46.970001,46.480000,46.950001,39.518860,35849700.00
2014-11-03,46.889999,47.459999,46.730000,47.439999,39.931313,23130400.00
2014-11-04,47.299999,47.730000,47.250000,47.570000,40.040733,21530800.00
2014-11-05,47.799999,47.900002,47.259998,47.860001,40.284836,22449600.00
2014-11-06,47.860001,48.860001,47.790001,48.700001,40.991875,33037800.00
2014-11-07,48.919998,48.919998,48.290001,48.680000,40.975029,28000600.00
2014-11-10,48.650002,49.150002,48.549999,48.889999,41.151806,36370100.00
2014-11-11,48.849998,48.950001,48.650002,48.869999,41.134964,23445200.00
2014-11-12,48.560001,48.919998,48.520000,48.779999,41.059223,22722100.00
2014-11-13,48.810001,49.650002,48.709999,49.610001,41.757839,26210400.00
2014-11-14,49.740002,50.049999,49.389999,49.580002,41.732597,29081700.00
2014-11-17,49.410000,49.709999,49.139999,49.459999,41.631580,30318600.00
2014-11-18,49.130001,49.330002,48.700001,48.740002,41.284309,23995500.00
2014-11-19,48.660000,48.750000,47.930000,48.220001,40.843842,26177500.00
2014-11-20,48.000000,48.700001,47.869999,48.700001,41.250423,21510600.00
2014-11-21,49.020000,49.049999,47.570000,47.980000,40.640560,42884800.00
2014-11-24,47.990002,48.000000,47.389999,47.590000,40.310223,35434200.00
2014-11-25,47.660000,47.970001,47.450001,47.470001,40.208580,28008000.00
2014-11-26,47.490002,47.990002,47.279999,47.750000,40.445732,27163600.00
2014-11-28,47.950001,48.200001,47.610001,47.810001,40.496567,21534400.00
2014-12-01,47.880001,48.779999,47.709999,48.619999,41.182667,31191600.00
2014-12-02,48.840000,49.049999,48.200001,48.459999,41.047127,25773500.00
2014-12-03,48.439999,48.500000,47.810001,48.080002,40.725266,23534800.00
2014-12-04,48.389999,49.060001,48.200001,48.840000,41.369019,30320400.00
2014-12-05,48.820000,48.970001,48.380001,48.419998,41.013252,27313400.00
2014-12-08,48.259998,48.349998,47.450001,47.700001,40.403404,26663100.00
2014-12-09,47.110001,47.919998,47.049999,47.590000,40.310223,24330500.00
2014-12-10,47.580002,47.660000,46.700001,46.900002,39.725765,30431800.00
2014-12-11,47.080002,47.740002,46.680000,47.169998,39.954445,29060400.00
2014-12-12,46.779999,47.730000,46.669998,46.950001,39.768120,34248400.00
2014-12-15,47.200001,47.669998,46.549999,46.669998,39.530941,29247800.00
2014-12-16,45.900002,46.340000,45.130001,45.160000,38.251934,47801400.00
2014-12-17,45.049999,45.950001,44.900002,45.740002,38.743214,34970900.00
2014-12-18,46.580002,47.520000,46.340000,47.520000,40.250919,40105600.00
2014-12-19,47.630001,48.099998,47.169998,47.660000,40.369511,64551200.00
2014-12-22,47.779999,48.119999,47.709999,47.980000,40.640560,26566000.00
2014-12-23,48.369999,48.799999,48.130001,48.450001,41.038658,23648100.00
2014-12-24,48.639999,48.639999,48.080002,48.139999,40.776089,11437800.00
2014-12-26,48.410000,48.410000,47.820000,47.880001,40.555855,13197800.00
2014-12-29,47.700001,47.779999,47.259998,47.450001,40.191631,14439500.00
2014-12-30,47.439999,47.619999,46.840000,47.020000,39.827408,16384700.00
2014-12-31,46.730000,47.439999,46.450001,46.450001,39.344589,21552500.00
2015-01-02,46.660000,47.419998,46.540001,46.759998,39.607185,27913900.00
2015-01-05,46.369999,46.730000,46.250000,46.330002,39.242977,39673900.00
2015-01-06,46.380001,46.750000,45.540001,45.650002,38.666985,36447900.00
2015-01-07,45.980000,46.459999,45.490002,46.230000,39.158253,29114100.00
2015-01-08,46.750000,47.750000,46.720001,47.590000,40.310223,29645200.00
2015-01-09,47.610001,47.820000,46.900002,47.189999,39.971405,23944200.00
2015-01-12,47.419998,47.540001,46.360001,46.599998,39.471657,23651900.00
2015-01-13,46.970001,47.910000,46.060001,46.360001,39.268353,35270600.00
2015-01-14,45.959999,46.240002,45.619999,45.959999,38.929558,29719600.00
2015-01-15,46.220001,46.380001,45.410000,45.480000,38.522972,32750800.00
2015-01-16,45.310001,46.279999,45.169998,46.240002,39.166729,35695300.00
2015-01-20,46.299999,46.650002,45.570000,46.389999,39.293785,36161900.00
2015-01-21,45.939999,46.139999,45.480000,45.919998,38.895660,39081100.00
2015-01-22,46.380001,47.139999,46.080002,47.130001,39.920586,35898000.00
2015-01-23,47.360001,47.389999,46.799999,47.180000,39.962933,26211600.00
2015-01-26,47.000000,47.130001,46.240002,47.009998,39.818939,42525500.00
2015-01-27,42.950001,43.200001,42.110001,42.660000,36.134365,169164000.00
2015-01-28,42.740002,42.790001,41.160000,41.189999,34.889221,84507100.00
2015-01-29,40.930000,42.119999,40.790001,42.009998,35.583775,63585300.00
2015-01-30,41.549999,41.580002,40.349998,40.400002,34.220055,78004900.00
2015-02-02,40.590000,41.369999,40.230000,41.279999,34.965454,50352500.00
2015-02-03,41.630001,41.930000,41.049999,41.599998,35.236488,52082400.00
2015-02-04,41.939999,42.209999,41.360001,41.840000,35.439789,41614800.00
2015-02-05,42.220001,42.639999,41.860001,42.450001,35.956474,36548200.00
2015-02-06,42.680000,42.790001,42.150002,42.410000,35.922585,34616600.00
2015-02-09,42.240002,42.740002,42.209999,42.360001,35.880249,31381100.00
2015-02-10,42.740002,42.770000,42.180000,42.599998,36.083530,29670700.00
2015-02-11,42.650002,42.650002,42.209999,42.380001,35.897182,38262500.00
2015-02-12,42.660000,43.090000,42.509998,43.090000,36.498577,33268800.00
2015-02-13,43.380001,43.869999,43.150002,43.869999,37.159264,40264900.00
2015-02-17,43.970001,44.000000,43.189999,43.580002,37.176308,33695700.00
2015-02-18,43.630001,43.700001,43.389999,43.529999,37.133675,27111700.00
2015-02-19,43.180000,43.529999,43.049999,43.500000,37.108078,27603400.00
2015-02-20,43.509998,43.880001,43.290001,43.860001,37.415188,29721100.00
2015-02-23,43.700001,44.189999,43.650002,44.150002,37.662567,32518800.00
2015-02-24,44.150002,44.299999,43.919998,44.090000,37.611389,25271700.00
2015-02-25,43.950001,44.090000,43.799999,43.990002,37.526066,29759800.00
2015-02-26,43.990002,44.230000,43.889999,44.060001,37.585796,28957300.00
2015-02-27,44.130001,44.200001,43.660000,43.849998,37.406643,33807700.00
2015-03-02,43.669998,44.189999,43.549999,43.880001,37.432232,31924000.00
2015-03-03,43.560001,43.830002,43.090000,43.279999,36.920410,31748600.00
2015-03-04,43.009998,43.209999,42.880001,43.060001,36.732731,25748700.00
2015-03-05,43.070000,43.240002,42.820000,43.110001,36.775387,23193500.00
2015-03-06,43.000000,43.110001,42.150002,42.360001,36.135582,36248800.00
2015-03-09,42.189999,43.130001,42.189999,42.849998,36.553585,32108000.00
2015-03-10,42.349998,42.709999,42.029999,42.029999,35.854092,39159700.00
2015-03-11,42.310001,42.369999,41.840000,41.980000,35.811420,32215300.00
2015-03-12,41.330002,41.650002,40.860001,41.020000,34.992485,59992500.00
2015-03-13,40.700001,41.470001,40.610001,41.380001,35.299599,58007700.00
2015-03-16,41.470001,41.639999,41.279999,41.560001,35.453136,35273500.00
2015-03-17,41.369999,41.830002,41.150002,41.700001,35.572575,31673400.00
2015-03-18,41.430000,42.830002,41.330002,42.500000,36.255009,44194800.00
2015-03-19,42.259998,42.590000,42.220001,42.290001,36.075886,33879100.00
2015-03-20,42.560001,42.980000,42.490002,42.880001,36.579178,71904500.00
2015-03-23,42.880001,43.130001,42.779999,42.860001,36.562126,26246100.00
2015-03-24,42.779999,43.169998,42.750000,42.900002,36.596241,25513300.00
2015-03-25,42.919998,42.930000,41.439999,41.459999,35.367840,43469900.00
2015-03-26,41.220001,41.610001,40.919998,41.209999,35.154575,37495600.00
2015-03-27,41.119999,41.430000,40.830002,40.970001,34.949841,34401400.00
2015-03-30,41.099998,41.540001,40.910000,40.959999,34.941296,35049700.00
2015-03-31,40.779999,41.029999,40.540001,40.660000,34.685390,34887200.00
2015-04-01,40.599998,40.759998,40.310001,40.720001,34.736580,36865300.00
2015-04-02,40.660000,40.740002,40.119999,40.290001,34.369759,37487500.00
2015-04-06,40.340000,41.779999,40.180000,41.549999,35.444618,39223700.00
2015-04-07,41.610001,41.910000,41.310001,41.529999,35.427544,28809400.00
2015-04-08,41.459999,41.689999,41.040001,41.419998,35.333721,24753400.00
2015-04-09,41.250000,41.619999,41.250000,41.480000,35.384880,25723900.00
2015-04-10,41.630001,41.950001,41.410000,41.720001,35.589626,28022000.00
2015-04-13,41.400002,42.060001,41.389999,41.759998,35.623753,30276700.00
2015-04-14,41.799999,42.029999,41.389999,41.650002,35.529934,24244400.00
2015-04-15,41.759998,42.459999,41.680000,42.259998,36.050285,27343600.00
2015-04-16,41.950001,42.340000,41.820000,42.160000,35.964985,22509700.00
2015-04-17,41.669998,41.740002,41.160000,41.619999,35.504314,42387600.00
2015-04-20,41.730000,43.169998,41.680000,42.910000,36.604763,46057700.00
2015-04-21,43.000000,43.150002,42.529999,42.639999,36.374451,26013800.00
2015-04-22,42.669998,43.130001,42.549999,42.990002,36.673019,25064300.00
2015-04-23,42.889999,43.610001,42.799999,43.340000,36.971588,46309500.00
2015-04-24,45.660000,48.139999,45.650002,47.869999,40.835949,130933700.00
2015-04-27,47.230000,48.130001,47.220001,48.029999,40.972435,59248200.00
2015-04-28,47.779999,49.209999,47.700001,49.160000,41.936390,60730800.00
2015-04-29,48.720001,49.310001,48.500000,49.060001,41.851074,47804600.00
2015-04-30,48.700001,49.540001,48.599998,48.639999,41.492786,64725500.00
2015-05-01,48.580002,48.880001,48.400002,48.660000,41.509853,38937300.00
2015-05-04,48.369999,48.869999,48.180000,48.240002,41.151581,34039500.00
2015-05-05,47.820000,48.160000,47.310001,47.599998,40.605629,50369200.00
2015-05-06,47.570000,47.770000,46.020000,46.279999,39.479580,52433000.00
2015-05-07,46.270000,47.090000,46.160000,46.700001,39.837860,32971700.00
2015-05-08,47.549999,47.980000,47.520000,47.750000,40.733578,35364900.00
2015-05-11,47.549999,47.910000,47.369999,47.369999,40.409420,24609400.00
2015-05-12,46.849998,47.680000,46.419998,47.349998,40.392365,29928300.00
2015-05-13,48.189999,48.320000,47.570000,47.630001,40.631203,34184600.00
2015-05-14,48.029999,48.820000,48.029999,48.720001,41.561039,32980900.00
2015-05-15,48.869999,48.910000,48.049999,48.299999,41.202751,28642700.00
2015-05-18,47.980000,48.220001,47.610001,48.009998,40.955357,24136500.00
2015-05-19,47.560001,47.810001,47.180000,47.580002,40.852345,28574800.00
2015-05-20,47.389999,47.930000,47.270000,47.580002,40.852345,25047900.00
2015-05-21,47.279999,47.599998,47.009998,47.419998,40.714958,22410700.00
2015-05-22,47.299999,47.349998,46.820000,46.900002,40.268486,25720600.00
2015-05-26,46.830002,46.880001,46.189999,46.590000,40.002335,29581900.00
2015-05-27,46.820000,47.770000,46.619999,47.610001,40.878094,27335600.00
2015-05-28,47.500000,48.020000,47.389999,47.450001,40.740711,19283700.00
2015-05-29,47.430000,47.570000,46.590000,46.860001,40.234150,36519600.00
2015-06-01,47.060001,47.770000,46.619999,47.230000,40.551830,28837300.00
2015-06-02,46.930000,47.349998,46.619999,46.919998,40.285652,21498300.00
2015-06-03,47.369999,47.740002,46.820000,46.849998,40.225563,28002200.00
2015-06-04,46.790001,47.160000,46.200001,46.360001,39.804844,27745500.00
2015-06-05,46.310001,46.520000,45.840000,46.139999,39.615959,25438100.00
2015-06-08,46.299999,46.430000,45.669998,45.730000,39.263927,22121600.00
2015-06-09,45.759998,45.939999,45.459999,45.650002,39.195240,24406100.00
2015-06-10,45.790001,46.830002,45.689999,46.610001,40.019485,28417400.00
2015-06-11,46.660000,46.919998,46.130001,46.439999,39.873543,27347800.00
2015-06-12,46.220001,46.470001,45.900002,45.970001,39.469986,23931000.00
2015-06-15,45.450001,45.650002,45.020000,45.480000,39.049263,33254500.00
2015-06-16,45.349998,46.240002,45.299999,45.830002,39.349800,27070300.00
2015-06-17,45.730000,46.070000,45.360001,45.970001,39.469986,28704100.00
2015-06-18,46.220001,46.799999,46.169998,46.720001,40.113945,32658300.00
2015-06-19,46.790001,46.830002,45.990002,46.099998,39.581608,63837000.00
2015-06-22,46.330002,46.720001,46.160000,46.230000,39.693226,20318100.00
2015-06-23,46.130001,46.279999,45.619999,45.910000,39.418480,25896500.00
2015-06-24,45.669998,46.250000,45.549999,45.639999,39.186646,34890900.00
2015-06-25,46.029999,46.060001,45.500000,45.650002,39.195240,20616000.00
2015-06-26,45.650002,46.279999,45.029999,45.259998,38.860371,49835300.00
2015-06-29,45.040001,45.230000,44.360001,44.369999,38.096218,34081700.00
2015-06-30,44.709999,44.720001,43.939999,44.150002,37.907333,35945400.00
2015-07-01,44.459999,45.230000,44.099998,44.450001,38.164917,28343900.00
2015-07-02,44.480000,44.750000,44.060001,44.400002,38.121975,21752000.00
2015-07-06,43.959999,44.480000,43.950001,44.389999,38.113400,23034000.00
2015-07-07,44.340000,44.490002,43.320000,44.299999,38.036110,36435800.00
2015-07-08,44.439999,44.900002,44.029999,44.240002,37.984604,39785900.00
2015-07-09,44.750000,45.220001,44.500000,44.520000,38.225014,32424700.00
2015-07-10,45.009998,45.139999,44.570000,44.610001,38.302288,25465800.00
2015-07-13,44.980000,45.619999,44.950001,45.540001,39.100792,28178300.00
2015-07-14,45.450001,45.959999,45.310001,45.619999,39.169487,22880300.00
2015-07-15,45.680000,45.889999,45.430000,45.759998,39.289688,26629600.00
2015-07-16,46.009998,46.689999,45.970001,46.660000,40.062420,26271700.00
2015-07-17,46.549999,46.779999,46.259998,46.619999,40.028076,29467100.00
2015-07-20,46.650002,47.130001,46.439999,46.919998,40.285652,30631900.00
2015-07-21,46.779999,47.330002,46.480000,47.279999,40.594746,42781900.00
2015-07-22,45.439999,46.930000,45.200001,45.540001,39.100792,59152400.00
2015-07-23,45.270000,46.230000,45.099998,46.110001,39.590191,33934000.00
2015-07-24,45.910000,46.320000,45.799999,45.939999,39.444241,32333200.00
2015-07-27,45.939999,46.009998,45.250000,45.349998,38.937645,39701400.00
2015-07-28,45.580002,45.639999,44.790001,45.340000,38.929062,34328900.00
2015-07-29,45.400002,46.779999,45.259998,46.290001,39.744732,40945900.00
2015-07-30,46.259998,47.400002,45.930000,46.880001,40.251320,39777900.00
2015-07-31,47.290001,47.369999,46.500000,46.700001,40.096764,31201500.00
2015-08-03,46.980000,47.000000,46.450001,46.810001,40.191212,24125900.00
2015-08-04,46.750000,47.709999,46.680000,47.540001,40.817993,33403900.00
2015-08-05,47.980000,48.410000,47.540001,47.580002,40.852345,26959700.00
2015-08-06,47.709999,47.770000,46.330002,46.619999,40.028076,27368000.00
2015-08-07,46.389999,46.779999,46.259998,46.740002,40.131119,19163000.00
2015-08-10,46.950001,47.490002,46.840000,47.330002,40.637688,23079900.00
2015-08-11,46.820000,46.939999,45.900002,46.410000,39.847771,29237400.00
2015-08-12,46.189999,46.900002,45.709999,46.740002,40.131119,30181400.00
2015-08-13,47.060001,47.099998,46.490002,46.730000,40.122536,22627200.00
2015-08-14,46.529999,47.099998,46.520000,47.000000,40.354340,21473400.00
2015-08-17,46.810001,47.450001,46.570000,47.320000,40.629097,21099700.00
2015-08-18,46.840000,47.430000,46.700001,47.270000,40.853821,23574100.00
2015-08-19,46.779999,47.080002,46.299999,46.610001,40.283398,31485500.00
2015-08-20,46.070000,46.470001,45.660000,45.660000,39.462334,36238200.00
2015-08-21,45.299999,45.480000,43.070000,43.070000,37.223900,70053100.00
2015-08-24,40.450001,42.689999,39.720001,41.680000,36.022556,88753700.00
2015-08-25,42.570000,43.240002,40.389999,40.470001,34.976814,70616600.00
2015-08-26,42.009998,42.840000,41.060001,42.709999,36.912758,63408000.00
2015-08-27,43.230000,43.950001,42.930000,43.900002,37.941231,50943200.00
2015-08-28,43.400002,44.150002,43.389999,43.930000,37.967159,28246700.00
2015-08-31,43.560001,43.930000,43.099998,43.520000,37.612820,34441700.00
2015-09-01,42.169998,42.590000,41.660000,41.820000,36.143570,49688900.00
2015-09-02,42.360001,43.380001,41.880001,43.360001,37.474533,37671500.00
2015-09-03,43.410000,43.980000,43.279999,43.500000,37.595524,28285200.00
2015-09-04,42.810001,43.040001,42.200001,42.610001,36.826340,37138800.00
2015-09-08,43.299999,44.000000,43.200001,43.889999,37.932579,32469800.00
2015-09-09,44.209999,44.400002,42.910000,43.070000,37.223900,33469500.00
2015-09-10,43.119999,43.790001,42.750000,43.290001,37.414032,31366600.00
2015-09-11,43.139999,43.590000,42.939999,43.480000,37.578251,27132500.00
2015-09-14,43.430000,43.439999,42.860001,43.040001,37.197983,23656000.00
2015-09-15,43.189999,44.290001,43.080002,43.980000,38.010380,28882200.00
2015-09-16,43.970001,44.380001,43.840000,44.299999,38.286949,23372200.00
2015-09-17,44.290001,45.000000,44.080002,44.250000,38.243725,32768200.00
2015-09-18,43.500000,43.990002,43.330002,43.480000,37.578251,63143700.00
2015-09-21,43.619999,44.470001,43.599998,44.110001,38.122738,26177200.00
2015-09-22,43.380001,44.049999,43.310001,43.900002,37.941231,28085900.00
2015-09-23,43.930000,44.169998,43.509998,43.869999,37.915310,17145200.00
2015-09-24,43.450001,44.130001,43.270000,43.910000,37.949879,27905600.00
2015-09-25,44.480000,44.730000,43.759998,43.939999,37.975815,29384600.00
2015-09-28,43.830002,44.090000,43.209999,43.290001,37.414032,27613800.00
2015-09-29,43.369999,43.570000,43.049999,43.439999,37.543686,32763600.00
2015-09-30,43.880001,44.299999,43.660000,44.259998,38.252384,34958900.00
2015-10-01,44.750000,44.750000,43.750000,44.610001,38.554871,28657900.00
2015-10-02,44.270000,45.570000,43.919998,45.570000,39.384552,41839000.00
2015-10-05,45.750000,46.889999,45.700001,46.630001,40.300682,34369300.00
2015-10-06,46.330002,47.180000,46.220001,46.750000,40.404392,27017200.00
2015-10-07,47.099998,47.349998,45.950001,46.799999,40.447601,27711500.00
2015-10-08,46.560001,47.520000,46.500000,47.450001,41.009377,33772700.00
2015-10-09,47.450001,47.540001,46.919998,47.110001,40.715538,28600600.00
2015-10-12,46.980000,47.070000,46.500000,47.000000,40.620461,19769100.00
2015-10-13,46.560001,47.130001,46.560001,46.889999,40.525398,19987800.00
2015-10-14,46.650002,47.099998,46.529999,46.680000,40.343899,24697800.00
2015-10-15,47.009998,47.029999,46.529999,47.009998,40.629093,27189400.00
2015-10-16,47.020000,47.540001,46.900002,47.509998,41.061230,26450300.00
2015-10-19,47.419998,47.880001,47.020000,47.619999,41.156300,29387600.00
2015-10-20,47.439999,47.810001,47.020000,47.770000,41.285946,30802200.00
2015-10-21,47.919998,47.990002,47.110001,47.200001,40.793312,25144300.00
2015-10-22,47.529999,48.950001,47.090000,48.029999,41.510643,56637100.00
2015-10-23,52.299999,54.070000,52.250000,52.869999,45.693710,135227100.00
2015-10-26,52.529999,54.320000,52.500000,54.250000,46.886383,64633300.00
2015-10-27,53.990002,54.369999,53.580002,53.689999,46.402393,50999900.00
2015-10-28,53.540001,53.980000,52.860001,53.980000,46.653027,47000800.00
2015-10-29,53.540001,53.830002,53.220001,53.360001,46.117191,30202100.00
2015-10-30,53.320000,53.990002,52.619999,52.639999,45.494915,46619800.00
2015-11-02,52.849998,53.360001,52.619999,53.240002,46.013477,30285000.00
2015-11-03,52.930000,54.389999,52.900002,54.150002,46.799965,36596900.00
2015-11-04,54.180000,54.880001,54.060001,54.400002,47.016022,37087800.00
2015-11-05,54.490002,54.700001,54.000000,54.380001,46.998741,31468500.00
2015-11-06,54.090000,54.980000,53.959999,54.919998,47.465443,32851200.00
2015-11-09,54.549999,54.869999,53.560001,54.160000,46.808609,32513100.00
2015-11-10,54.070000,54.130001,53.270000,53.509998,46.246830,55283700.00
2015-11-11,53.700001,54.200001,53.459999,53.650002,46.367828,36516300.00
2015-11-12,53.480000,53.980000,53.189999,53.320000,46.082626,35361100.00
2015-11-13,53.070000,53.290001,52.529999,52.840000,45.667763,36848200.00
2015-11-16,53.080002,53.889999,52.849998,53.770000,46.471519,32165200.00
2015-11-17,53.169998,53.529999,52.849998,52.970001,46.088696,31551300.00
2015-11-18,53.000000,53.980000,52.980000,53.849998,46.854389,29710000.00
2015-11-19,53.990002,54.660000,53.779999,53.939999,46.932686,28149200.00
2015-11-20,54.250000,54.299999,53.270000,54.189999,47.150192,37147600.00
2015-11-23,54.250000,54.459999,53.750000,54.189999,47.150192,28235900.00
2015-11-24,53.919998,54.439999,53.580002,54.250000,47.202412,24600000.00
2015-11-25,54.090000,54.230000,53.689999,53.689999,46.715160,21005100.00
2015-11-27,53.799999,54.080002,53.790001,53.930000,46.923988,9009100.00
2015-11-30,54.540001,54.959999,54.000000,54.349998,47.289413,56241400.00
2015-12-01,54.410000,55.230000,54.299999,55.220001,48.046406,39952800.00
2015-12-02,55.320000,55.959999,55.060001,55.209999,48.037704,47274900.00
2015-12-03,55.490002,55.770000,53.930000,54.200001,47.158913,38627800.00
2015-12-04,54.119999,56.230000,54.099998,55.910000,48.646774,43963700.00
2015-12-07,55.790001,55.970001,55.290001,55.810001,48.559757,30709800.00
2015-12-08,55.470001,56.099998,54.990002,55.790001,48.542351,32878000.00
2015-12-09,55.369999,55.869999,54.509998,54.980000,47.837593,36373200.00
2015-12-10,55.389999,55.660000,55.009998,55.270000,48.089916,31775800.00
2015-12-11,54.709999,55.099998,54.009998,54.060001,47.037094,39549500.00
2015-12-14,54.330002,55.209999,53.680000,55.139999,47.976788,46768900.00
2015-12-15,55.660000,55.900002,55.090000,55.200001,48.029003,39843000.00
2015-12-16,55.540001,56.250000,54.759998,56.130001,48.838188,37503300.00
2015-12-17,56.360001,56.790001,55.529999,55.700001,48.464046,41280900.00
2015-12-18,55.770000,56.000000,54.029999,54.130001,47.098000,84684200.00
2015-12-21,54.880001,55.349998,54.230000,54.830002,47.707062,37246300.00
2015-12-22,54.990002,55.480000,54.500000,55.349998,48.159500,28322200.00
2015-12-23,55.700001,55.880001,55.439999,55.820000,48.568455,27279800.00
2015-12-24,55.860001,55.959999,55.430000,55.669998,48.437943,9558500.00
2015-12-28,55.349998,55.950001,54.980000,55.950001,48.681564,22458300.00
2015-12-29,56.290001,56.849998,56.060001,56.549999,49.203613,27731400.00
2015-12-30,56.470001,56.779999,56.290001,56.310001,48.994808,21704500.00
2015-12-31,56.040001,56.189999,55.419998,55.480000,48.272625,27334100.00
2016-01-04,54.320000,54.799999,53.389999,54.799999,47.680962,53778000.00
2016-01-05,54.930000,55.389999,54.540001,55.049999,47.898476,34079700.00
2016-01-06,54.320000,54.400002,53.639999,54.049999,47.028397,39518900.00
2016-01-07,52.700001,53.490002,52.070000,52.169998,45.392628,56564900.00
2016-01-08,52.369999,53.279999,52.150002,52.330002,45.531841,48754000.00
2016-01-11,52.509998,52.849998,51.459999,52.299999,45.505749,36943800.00
2016-01-12,52.759998,53.099998,52.060001,52.779999,45.923367,36095500.00
2016-01-13,53.799999,54.070000,51.299999,51.639999,44.931484,66883600.00
2016-01-14,52.000000,53.419998,51.570000,53.110001,46.210518,52381900.00
2016-01-15,51.310001,51.970001,50.340000,50.990002,44.365917,71820700.00
2016-01-19,51.480000,51.680000,50.060001,50.560001,43.991787,43564500.00
2016-01-20,49.980000,51.380001,49.099998,50.790001,44.191887,63273000.00
2016-01-21,51.000000,51.580002,50.299999,50.480000,43.922169,40191200.00
2016-01-22,51.410000,52.330002,51.259998,52.290001,45.497051,37555800.00
2016-01-25,51.939999,52.650002,51.650002,51.790001,45.061993,34707700.00
2016-01-26,51.790001,52.439999,51.549999,52.169998,45.392628,28900800.00
2016-01-27,52.009998,52.200001,51.020000,51.220001,44.566048,36775200.00
2016-01-28,51.860001,52.209999,51.250000,52.060001,45.296913,62513800.00
2016-01-29,54.730000,55.090000,54.000000,55.090000,47.933300,83611700.00
2016-02-01,54.880001,55.090000,54.500000,54.709999,47.602642,44208500.00
2016-02-02,54.169998,54.259998,52.650002,53.000000,46.114792,56313800.00
2016-02-03,53.250000,53.389999,51.259998,52.160000,45.383926,57559800.00
2016-02-04,52.099998,52.810001,51.369999,52.000000,45.244705,46987100.00
2016-02-05,51.939999,52.000000,49.560001,50.160000,43.643757,62009000.00
2016-02-08,49.549999,49.570000,48.189999,49.410000,42.991184,59290500.00
2016-02-09,49.020000,50.240002,48.669998,49.279999,42.878056,46740500.00
2016-02-10,49.889999,50.389999,49.520000,49.709999,43.252216,38237000.00
2016-02-11,48.680000,50.110001,48.509998,49.689999,43.234798,48878600.00
2016-02-12,50.250000,50.680000,49.750000,50.500000,43.939579,34243300.00
2016-02-16,50.900002,51.090000,50.130001,51.090000,44.772110,37291200.00
2016-02-17,51.490002,52.770000,51.450001,52.419998,45.937618,40789000.00
2016-02-18,52.330002,52.950001,52.099998,52.189999,45.736061,27176000.00
2016-02-19,51.970001,52.279999,51.529999,51.820000,45.411823,33559100.00
2016-02-22,52.279999,53.000000,52.279999,52.650002,46.139183,25008300.00
2016-02-23,52.340000,52.369999,50.980000,51.180000,44.850975,28895300.00
2016-02-24,50.689999,51.500000,50.200001,51.360001,45.008709,33014500.00
2016-02-25,51.730000,52.099998,50.610001,52.099998,45.657188,26939500.00
2016-02-26,52.599998,52.680000,51.099998,51.299999,44.956127,35975900.00
2016-02-29,51.349998,51.650002,50.660000,50.880001,44.588066,31654000.00
2016-03-01,50.970001,52.590000,50.919998,52.580002,46.077843,33024500.00
2016-03-02,52.410000,52.959999,52.160000,52.950001,46.402084,29289900.00
2016-03-03,52.970001,52.970001,51.779999,52.349998,45.876289,24427800.00
2016-03-04,52.400002,52.450001,51.709999,52.029999,45.595860,33034200.00
2016-03-07,51.560001,51.799999,50.580002,51.029999,44.719513,38407800.00
2016-03-08,50.799999,52.130001,50.599998,51.650002,45.262859,33835100.00
2016-03-09,51.889999,52.849998,51.860001,52.840000,46.305687,28251600.00
2016-03-10,52.930000,52.939999,51.160000,52.049999,45.613392,38387800.00
2016-03-11,53.000000,53.070000,52.380001,53.070000,46.507236,32275700.00
2016-03-14,52.709999,53.590000,52.630001,53.169998,46.594868,24083600.00
2016-03-15,52.750000,53.590000,52.740002,53.590000,46.962944,21104800.00
2016-03-16,53.450001,54.599998,53.400002,54.349998,47.628952,31691700.00
2016-03-17,54.209999,55.000000,54.000000,54.660000,47.900620,28223900.00
2016-03-18,54.919998,54.970001,53.450001,53.490002,46.875305,67625500.00
2016-03-21,53.250000,53.930000,52.930000,53.860001,47.199547,23925700.00
2016-03-22,53.610001,54.250000,53.459999,54.070000,47.383587,23124100.00
2016-03-23,54.110001,54.240002,53.740002,53.970001,47.295940,20129000.00
2016-03-24,53.840000,54.330002,53.730000,54.209999,47.506268,19950000.00
2016-03-28,54.209999,54.290001,53.330002,53.540001,46.919125,17025100.00
2016-03-29,53.660000,54.860001,53.450001,54.709999,47.944439,23924300.00
2016-03-30,54.930000,55.639999,54.900002,55.049999,48.242386,23008300.00
2016-03-31,54.950001,55.590000,54.860001,55.230000,48.400131,26360500.00
2016-04-01,55.049999,55.610001,54.570000,55.570000,48.698082,24399200.00
2016-04-04,55.430000,55.660000,55.000000,55.430000,48.575394,18928800.00
2016-04-05,55.189999,55.299999,54.459999,54.560001,47.813004,19272300.00
2016-04-06,54.360001,55.200001,54.209999,55.119999,48.303726,21188700.00
2016-04-07,54.869999,54.910000,54.230000,54.459999,47.725361,19225100.00
2016-04-08,54.669998,55.279999,54.320000,54.419998,47.690304,22167200.00
2016-04-11,54.490002,55.150002,54.299999,54.310001,47.593887,21414200.00
2016-04-12,54.369999,54.779999,53.759998,54.650002,47.891861,24944300.00
2016-04-13,55.119999,55.439999,54.889999,55.349998,48.505291,20818000.00
2016-04-14,55.220001,55.580002,55.070000,55.360001,48.514061,20877100.00
2016-04-15,55.299999,55.919998,55.110001,55.650002,48.768192,28793800.00
2016-04-18,55.490002,56.590000,55.209999,56.459999,49.478016,23786000.00
2016-04-19,56.630001,56.770000,55.680000,56.389999,49.416687,29596800.00
2016-04-20,56.290001,56.500000,55.490002,55.590000,48.715607,36195700.00
2016-04-21,55.799999,56.230000,55.419998,55.779999,48.882126,38909100.00
2016-04-22,51.910000,52.430000,50.770000,51.779999,45.376778,126834100.00
2016-04-25,51.779999,52.130001,51.630001,52.110001,45.665970,33226900.00
2016-04-26,52.259998,52.349998,51.090000,51.439999,45.078819,33532600.00
2016-04-27,51.480000,51.500000,50.549999,50.939999,44.640636,43369300.00
2016-04-28,50.619999,50.770000,49.560001,49.900002,43.729256,43134800.00
2016-04-29,49.349998,50.250000,49.349998,49.869999,43.702969,48411700.00
2016-05-02,50.000000,50.750000,49.779999,50.610001,44.351460,33114500.00
2016-05-03,50.340000,50.410000,49.599998,49.779999,43.624084,26460200.00
2016-05-04,49.840000,50.060001,49.459999,49.869999,43.702969,24257600.00
2016-05-05,49.869999,50.299999,49.730000,49.939999,43.764305,25390700.00
2016-05-06,49.919998,50.389999,49.660000,50.389999,44.158653,24787300.00
2016-05-09,50.490002,50.590000,50.000000,50.070000,43.878235,17951600.00
2016-05-10,50.330002,51.099998,50.189999,51.020000,44.710758,22891000.00
2016-05-11,51.130001,51.779999,51.000000,51.049999,44.737053,24039100.00
2016-05-12,51.200001,51.810001,50.919998,51.509998,45.140160,24102800.00
2016-05-13,51.439999,51.900002,51.040001,51.080002,44.763321,22592300.00
2016-05-16,50.799999,51.959999,50.750000,51.830002,45.420586,20032000.00
2016-05-17,51.720001,51.730000,50.360001,50.509998,44.573421,27803500.00
2016-05-18,50.480000,51.139999,50.299999,50.810001,44.838158,24907500.00
2016-05-19,50.470001,50.619999,49.820000,50.320000,44.405750,23842400.00
2016-05-20,50.480000,51.220001,50.400002,50.619999,44.670483,23905800.00
2016-05-23,50.599998,50.680000,49.980000,50.029999,44.149837,26118700.00
2016-05-24,50.700001,51.709999,50.400002,51.590000,45.526489,34757900.00
2016-05-25,51.919998,52.490002,51.790001,52.119999,45.994194,24040200.00
2016-05-26,51.930000,51.980000,51.360001,51.889999,45.791222,24335200.00
2016-05-27,51.919998,52.320000,51.770000,52.320000,46.170689,17721400.00
2016-05-31,52.259998,53.000000,52.080002,53.000000,46.770763,37653100.00
2016-06-01,52.439999,52.950001,52.439999,52.849998,46.638382,25324800.00
2016-06-02,52.639999,52.740002,51.840000,52.480000,46.311882,22840800.00
2016-06-03,52.380001,52.419998,51.599998,51.790001,45.702976,23368300.00
2016-06-06,51.990002,52.349998,51.889999,52.130001,46.003021,18243300.00
2016-06-07,52.240002,52.730000,52.099998,52.099998,45.976540,20866800.00
2016-06-08,52.020000,52.439999,51.869999,52.040001,45.923592,21149400.00
2016-06-09,52.000000,52.000000,51.490002,51.619999,45.552956,20305700.00
2016-06-10,51.049999,52.049999,51.040001,51.480000,45.429401,25833200.00
2016-06-13,49.580002,50.720001,49.060001,50.139999,44.246910,83217800.00
2016-06-14,49.900002,50.099998,49.570000,49.830002,43.973347,42577100.00
2016-06-15,49.779999,50.119999,49.689999,49.689999,43.849792,33757600.00
2016-06-16,49.520000,50.470001,49.509998,50.389999,44.467522,31188600.00
2016-06-17,50.410000,50.430000,49.820000,50.130001,44.238079,45710500.00
2016-06-20,50.639999,50.830002,50.029999,50.070000,44.185135,35607900.00
2016-06-21,50.200001,51.430000,50.160000,51.189999,45.173492,34097800.00
2016-06-22,51.080002,51.459999,50.950001,50.990002,44.997002,28816800.00
2016-06-23,51.279999,52.060001,51.150002,51.910000,45.808861,29028800.00
2016-06-24,49.810001,50.939999,49.520000,49.830002,43.973347,133503000.00
2016-06-27,49.099998,49.150002,48.040001,48.430000,42.737881,50216300.00
2016-06-28,48.919998,49.470001,48.669998,49.439999,43.629169,38140700.00
2016-06-29,49.910000,50.720001,49.799999,50.540001,44.599884,31304000.00
2016-06-30,50.720001,51.299999,50.500000,51.169998,45.155849,28527800.00
2016-07-01,51.130001,51.720001,51.070000,51.160000,45.147026,21400400.00
2016-07-05,50.830002,51.279999,50.740002,51.169998,45.155849,24806400.00
2016-07-06,50.779999,51.540001,50.389999,51.380001,45.341175,28167500.00
2016-07-07,51.419998,51.610001,51.070000,51.380001,45.341175,19585200.00
2016-07-08,51.730000,52.360001,51.549999,52.299999,46.153038,28391000.00
2016-07-11,52.500000,52.830002,52.470001,52.590000,46.408955,22269200.00
2016-07-12,52.939999,53.400002,52.790001,53.209999,46.956074,27317600.00
2016-07-13,53.560001,53.860001,53.180000,53.509998,47.220818,25356800.00
2016-07-14,53.840000,53.990002,53.580002,53.740002,47.423786,24545500.00
2016-07-15,53.950001,54.000000,53.209999,53.700001,47.388489,32024400.00
2016-07-18,53.700001,54.340000,53.549999,53.959999,47.617928,31433900.00
2016-07-19,53.709999,53.900002,52.930000,53.090000,46.850182,53336500.00
2016-07-20,56.150002,56.840000,55.529999,55.910000,49.338741,89893300.00
2016-07-21,55.980000,56.230000,55.759998,55.799999,49.241669,32776700.00
2016-07-22,56.080002,56.630001,55.779999,56.570000,49.921158,32157200.00
2016-07-25,56.470001,56.740002,56.259998,56.730000,50.062359,25610600.00
2016-07-26,56.520000,57.290001,56.509998,56.759998,50.088840,28079000.00
2016-07-27,56.610001,56.799999,56.110001,56.189999,49.585835,32327500.00
2016-07-28,56.000000,56.369999,55.720001,56.209999,49.603477,37550400.00
2016-07-29,56.259998,56.759998,56.049999,56.680000,50.018246,30558700.00
2016-08-01,56.599998,56.750000,56.139999,56.580002,49.929981,26003400.00
2016-08-02,56.849998,56.900002,56.310001,56.580002,49.929981,35122000.00
2016-08-03,56.680000,57.110001,56.490002,56.970001,50.274147,22075600.00
2016-08-04,56.799999,57.520000,56.669998,57.389999,50.644779,26587700.00
2016-08-05,57.650002,58.209999,57.450001,57.959999,51.147797,29335200.00
2016-08-08,58.060001,58.090000,57.779999,58.060001,51.236023,19473500.00
2016-08-09,58.169998,58.500000,58.020000,58.200001,51.359589,16920700.00
2016-08-10,58.160000,58.320000,57.820000,58.020000,51.200748,15756900.00
2016-08-11,58.029999,58.450001,58.029999,58.299999,51.447823,18162300.00
2016-08-12,58.029999,58.189999,57.619999,57.939999,51.130138,21655200.00
2016-08-15,58.009998,58.500000,57.959999,58.119999,51.288994,19283900.00
2016-08-16,57.610001,57.619999,57.270000,57.439999,51.004852,20523500.00
2016-08-17,57.540001,57.680000,57.230000,57.560001,51.111389,18856400.00
2016-08-18,57.419998,57.700001,57.270000,57.599998,51.146912,14214300.00
2016-08-19,57.430000,57.730000,57.200001,57.619999,51.164669,17271000.00
2016-08-22,57.599998,57.750000,57.259998,57.669998,51.209064,15221900.00
2016-08-23,57.900002,58.180000,57.849998,57.889999,51.404427,18732400.00
2016-08-24,57.799999,58.040001,57.720001,57.950001,51.457710,18151500.00
2016-08-25,57.880001,58.290001,57.779999,58.169998,51.653049,18552600.00
2016-08-26,58.279999,58.700001,57.689999,58.029999,51.528744,20971200.00
2016-08-29,58.180000,58.599998,58.099998,58.099998,51.590893,16417200.00
2016-08-30,57.980000,58.189999,57.610001,57.889999,51.404427,16930200.00
2016-08-31,57.650002,57.799999,57.299999,57.459999,51.022602,20860300.00
2016-09-01,57.009998,57.820000,57.009998,57.590000,51.138031,26075400.00
2016-09-02,57.669998,58.189999,57.419998,57.669998,51.209064,18900500.00
2016-09-06,57.779999,57.799999,57.209999,57.610001,51.155785,16278400.00
2016-09-07,57.470001,57.840000,57.410000,57.660000,51.200191,17493400.00
2016-09-08,57.630001,57.790001,57.180000,57.430000,50.995964,20146100.00
2016-09-09,56.790001,57.520000,56.209999,56.209999,49.912640,35113900.00
2016-09-12,56.000000,57.209999,55.610001,57.049999,50.658539,29303000.00
2016-09-13,56.500000,56.650002,56.049999,56.529999,50.196781,30130200.00
2016-09-14,56.389999,56.630001,56.029999,56.259998,49.957031,24062500.00
2016-09-15,56.150002,57.349998,55.980000,57.189999,50.782860,26847000.00
2016-09-16,57.630001,57.630001,56.750000,57.250000,50.836132,44607000.00
2016-09-19,57.270000,57.750000,56.849998,56.930000,50.551975,20937100.00
2016-09-20,57.349998,57.349998,56.750000,56.810001,50.445415,17384000.00
2016-09-21,57.509998,57.849998,57.080002,57.759998,51.288990,33707300.00
2016-09-22,57.919998,58.000000,57.630001,57.820000,51.342266,19822200.00
2016-09-23,57.869999,57.910000,57.380001,57.430000,50.995964,19955300.00
2016-09-26,57.080002,57.139999,56.830002,56.900002,50.525337,21688700.00
2016-09-27,56.930000,58.060001,56.680000,57.950001,51.457710,28065100.00
2016-09-28,57.880001,58.060001,57.669998,58.029999,51.528744,20536400.00
2016-09-29,57.810001,58.169998,57.209999,57.400002,50.969322,25463500.00
2016-09-30,57.570000,57.770000,57.340000,57.599998,51.146912,29910800.00
2016-10-03,57.410000,57.549999,57.060001,57.419998,50.987072,19189500.00
2016-10-04,57.270000,57.599998,56.970001,57.240002,50.827271,20085900.00
2016-10-05,57.290001,57.959999,57.259998,57.639999,51.182430,16726400.00
2016-10-06,57.740002,57.860001,57.279999,57.740002,51.271221,16212600.00
2016-10-07,57.849998,57.980000,57.419998,57.799999,51.324505,20089000.00
2016-10-10,57.910000,58.389999,57.869999,58.040001,51.537628,18196500.00
2016-10-11,57.889999,58.020000,56.889999,57.189999,50.782860,26497400.00
2016-10-12,57.110001,57.270000,56.400002,57.110001,50.711811,22177500.00
2016-10-13,56.700001,57.299999,56.320000,56.919998,50.543091,25313700.00
2016-10-14,57.119999,57.740002,57.119999,57.419998,50.987072,27402500.00
2016-10-17,57.360001,57.459999,56.869999,57.220001,50.809494,23830000.00
2016-10-18,57.529999,57.950001,57.410000,57.660000,51.200191,19149500.00
2016-10-19,57.470001,57.840000,57.400002,57.529999,51.084759,22878400.00
2016-10-20,57.500000,57.520000,56.660000,57.250000,50.836132,49455600.00
2016-10-21,60.279999,60.450001,59.490002,59.660000,52.976124,80032200.00
2016-10-24,59.939999,61.000000,59.930000,61.000000,54.166004,54067000.00
2016-10-25,60.849998,61.369999,60.799999,60.990002,54.157127,35137200.00
2016-10-26,60.810001,61.200001,60.470001,60.630001,53.837444,29911600.00
2016-10-27,60.610001,60.830002,60.090000,60.099998,53.366833,28479900.00
2016-10-28,60.009998,60.520000,59.580002,59.869999,53.162594,33574700.00
2016-10-31,60.160000,60.419998,59.919998,59.919998,53.206997,26434700.00
2016-11-01,59.970001,60.020000,59.250000,59.799999,53.100437,24533000.00
2016-11-02,59.820000,59.930000,59.299999,59.430000,52.771900,22147000.00
2016-11-03,59.529999,59.639999,59.110001,59.209999,52.576550,21600400.00
2016-11-04,58.650002,59.279999,58.520000,58.709999,52.132553,28697000.00
2016-11-07,59.779999,60.520000,59.779999,60.419998,53.650978,31664800.00
2016-11-08,60.549999,60.779999,60.150002,60.470001,53.695385,22935400.00
2016-11-09,60.000000,60.590000,59.200001,60.169998,53.428982,49632500.00
2016-11-10,60.480000,60.490002,57.630001,58.700001,52.123688,57822400.00
2016-11-11,58.230000,59.119999,58.009998,59.020000,52.407825,38767800.00
2016-11-14,59.020000,59.080002,57.279999,58.119999,51.608658,41328400.00
2016-11-15,58.330002,59.490002,58.320000,58.869999,52.627781,35904100.00
2016-11-16,58.939999,59.660000,58.810001,59.650002,53.325077,27332500.00
2016-11-17,60.410000,60.950001,59.970001,60.639999,54.210102,32132700.00
2016-11-18,60.779999,61.139999,60.299999,60.349998,53.950844,27686300.00
2016-11-21,60.500000,60.970001,60.419998,60.860001,54.406776,19652600.00
2016-11-22,60.980000,61.259998,60.810001,61.119999,54.639191,23206700.00
2016-11-23,61.009998,61.099998,60.250000,60.400002,53.995548,21848900.00
2016-11-25,60.299999,60.529999,60.130001,60.529999,54.111763,8409600.00
2016-11-28,60.340000,61.020000,60.209999,60.610001,54.183277,20732600.00
2016-11-29,60.650002,61.410000,60.520000,61.090000,54.612389,22366700.00
2016-11-30,60.860001,61.180000,60.220001,60.259998,53.870388,34655400.00
2016-12-01,60.110001,60.150002,58.939999,59.200001,52.922779,34542100.00
2016-12-02,59.080002,59.470001,58.799999,59.250000,52.967484,25515700.00
2016-12-05,59.700001,60.590000,59.560001,60.220001,53.834629,23552700.00
2016-12-06,60.430000,60.459999,59.799999,59.950001,53.593262,19907000.00
2016-12-07,60.009998,61.380001,59.799999,61.369999,54.862698,30809000.00
2016-12-08,61.299999,61.580002,60.840000,61.009998,54.540871,21220800.00
2016-12-09,61.180000,61.990002,61.130001,61.970001,55.399082,27349400.00
2016-12-12,61.820000,62.299999,61.720001,62.169998,55.577869,20198100.00
2016-12-13,62.500000,63.419998,62.240002,62.980000,56.301979,35718900.00
2016-12-14,63.000000,63.450001,62.529999,62.680000,56.033791,30352700.00
2016-12-15,62.700001,63.150002,62.299999,62.580002,55.944393,27669900.00
2016-12-16,62.950001,62.950001,62.119999,62.299999,55.694084,42453100.00
2016-12-19,62.560001,63.770000,62.419998,63.619999,56.874119,34338200.00
2016-12-20,63.689999,63.799999,63.029999,63.540001,56.802605,26028400.00
2016-12-21,63.430000,63.700001,63.119999,63.540001,56.802605,17096300.00
2016-12-22,63.840000,64.099998,63.410000,63.549999,56.811531,22176600.00
2016-12-23,63.450001,63.540001,62.799999,63.240002,56.534420,12403800.00
2016-12-27,63.209999,64.070000,63.209999,63.279999,56.570171,11763200.00
2016-12-28,63.400002,63.400002,62.830002,62.990002,56.310921,14653300.00
2016-12-29,62.860001,63.200001,62.730000,62.900002,56.230465,10250600.00
2016-12-30,62.959999,62.990002,62.029999,62.139999,55.551044,25579900.00
2017-01-03,62.790001,62.840000,62.130001,62.580002,55.944393,20694100.00
2017-01-04,62.480000,62.750000,62.119999,62.299999,55.694084,21340000.00
2017-01-05,62.189999,62.660000,62.029999,62.299999,55.694084,24876000.00
2017-01-06,62.299999,63.150002,62.040001,62.840000,56.176826,19922900.00
2017-01-09,62.759998,63.080002,62.540001,62.639999,55.998028,20382700.00
2017-01-10,62.730000,63.070000,62.279999,62.619999,55.980148,18593000.00
2017-01-11,62.610001,63.230000,62.430000,63.189999,56.489712,21517300.00
2017-01-12,63.060001,63.400002,61.950001,62.610001,55.971203,20968200.00
2017-01-13,62.619999,62.869999,62.349998,62.700001,56.051659,19422300.00
2017-01-17,62.680000,62.700001,62.029999,62.529999,55.899681,20664000.00
2017-01-18,62.669998,62.700001,62.119999,62.500000,55.872871,19670100.00
2017-01-19,62.240002,62.980000,62.200001,62.299999,55.694084,18451700.00
2017-01-20,62.669998,62.820000,62.369999,62.740002,56.087437,30213500.00
2017-01-23,62.700001,63.119999,62.570000,62.959999,56.284107,23097600.00
2017-01-24,63.200001,63.740002,62.939999,63.520000,56.784714,24672900.00
2017-01-25,63.950001,64.099998,63.450001,63.680000,56.927753,23672700.00
2017-01-26,64.120003,64.540001,63.549999,64.269997,57.455177,43554600.00
2017-01-27,65.389999,65.910004,64.889999,65.779999,58.805080,44818000.00
2017-01-30,65.690002,65.790001,64.800003,65.129997,58.224003,31651400.00
2017-01-31,64.860001,65.150002,64.260002,64.650002,57.794903,25270500.00
2017-02-01,64.360001,64.620003,63.470001,63.580002,56.838356,39671500.00
2017-02-02,63.250000,63.410000,62.750000,63.169998,56.471836,45827000.00
2017-02-03,63.500000,63.700001,63.070000,63.680000,56.927753,30301800.00
2017-02-06,63.500000,63.650002,63.139999,63.639999,56.891998,19796400.00
2017-02-07,63.740002,63.779999,63.230000,63.430000,56.704258,20277200.00
2017-02-08,63.570000,63.810001,63.220001,63.340000,56.623802,18096400.00
2017-02-09,63.520000,64.440002,63.320000,64.059998,57.267460,22644400.00
2017-02-10,64.250000,64.300003,63.980000,64.000000,57.213821,18170700.00
2017-02-13,64.239998,64.860001,64.129997,64.720001,57.857491,22920100.00
2017-02-14,64.410004,64.720001,64.019997,64.570000,58.073338,23108400.00
2017-02-15,64.500000,64.570000,64.160004,64.529999,58.037354,17005200.00
2017-02-16,64.739998,65.239998,64.440002,64.519997,58.028351,20546300.00
2017-02-17,64.470001,64.690002,64.300003,64.620003,58.118309,21248800.00
2017-02-21,64.610001,64.949997,64.449997,64.489998,58.001389,20655900.00
2017-02-22,64.330002,64.389999,64.050003,64.360001,57.884460,19292700.00
2017-02-23,64.419998,64.730003,64.190002,64.620003,58.118309,20273100.00
2017-02-24,64.529999,64.800003,64.139999,64.620003,58.118309,21796800.00
2017-02-27,64.540001,64.540001,64.050003,64.230003,57.767544,15871500.00
2017-02-28,64.080002,64.199997,63.759998,63.980000,57.542698,23239800.00
2017-03-01,64.129997,64.989998,64.019997,64.940002,58.406113,26937500.00
2017-03-02,64.690002,64.750000,63.880001,64.010002,57.569679,24539600.00
2017-03-03,63.990002,64.279999,63.619999,64.250000,57.785526,18135900.00
2017-03-06,63.970001,64.559998,63.810001,64.269997,57.803524,18750300.00
2017-03-07,64.190002,64.779999,64.190002,64.400002,57.920425,18521000.00
2017-03-08,64.260002,65.080002,64.250000,64.989998,58.451077,21510900.00
2017-03-09,65.190002,65.199997,64.480003,64.730003,58.217247,19846800.00
2017-03-10,65.110001,65.260002,64.750000,64.930000,58.397099,19538200.00
2017-03-13,65.010002,65.190002,64.570000,64.709999,58.199245,20100000.00
2017-03-14,64.529999,64.550003,64.150002,64.410004,57.929440,14280200.00
2017-03-15,64.550003,64.919998,64.250000,64.750000,58.235229,24833800.00
2017-03-16,64.750000,64.760002,64.300003,64.639999,58.136276,20674300.00
2017-03-17,64.910004,65.239998,64.680000,64.870003,58.343151,49219700.00
2017-03-20,64.910004,65.180000,64.720001,64.930000,58.397099,14598100.00
2017-03-21,65.190002,65.500000,64.129997,64.209999,57.749554,26640500.00
2017-03-22,64.120003,65.139999,64.120003,65.029999,58.487049,20680000.00
2017-03-23,64.940002,65.239998,64.769997,64.870003,58.343151,19269200.00
2017-03-24,65.360001,65.449997,64.760002,64.980003,58.442085,22617100.00
2017-03-27,64.629997,65.220001,64.349998,65.099998,58.550007,18614700.00
2017-03-28,64.959999,65.470001,64.650002,65.290001,58.720901,20080400.00
2017-03-29,65.120003,65.500000,64.949997,65.470001,58.882774,13618400.00
2017-03-30,65.419998,65.980003,65.360001,65.709999,59.098637,15122800.00
2017-03-31,65.650002,66.190002,65.449997,65.860001,59.233532,21040300.00
2017-04-03,65.809998,65.940002,65.190002,65.550003,58.954735,20400900.00
2017-04-04,65.389999,65.809998,65.279999,65.730003,59.116615,12997400.00
2017-04-05,66.300003,66.349998,65.440002,65.559998,58.963734,21448600.00
2017-04-06,65.599998,66.059998,65.480003,65.730003,59.116615,18103500.00
2017-04-07,65.849998,65.959999,65.440002,65.680000,59.071651,14108500.00
2017-04-10,65.610001,65.820000,65.360001,65.529999,58.936749,17952700.00
2017-04-11,65.599998,65.610001,64.849998,65.480003,58.891781,18791500.00
2017-04-12,65.419998,65.510002,65.110001,65.230003,58.666931,17108500.00
2017-04-13,65.290001,65.860001,64.949997,64.949997,58.415096,17896500.00
2017-04-17,65.040001,65.489998,65.010002,65.480003,58.891781,16689300.00
2017-04-18,65.330002,65.709999,65.160004,65.389999,58.810825,15155600.00
2017-04-19,65.650002,65.750000,64.889999,65.040001,58.496033,26992800.00
2017-04-20,65.459999,65.750000,65.139999,65.500000,58.909756,22299500.00
2017-04-21,65.669998,66.699997,65.449997,66.400002,59.719212,32522600.00
2017-04-24,67.480003,67.660004,67.099998,67.529999,60.735519,29770000.00
2017-04-25,67.900002,68.040001,67.599998,67.919998,61.086262,30242700.00
2017-04-26,68.080002,68.309998,67.620003,67.830002,61.005322,26190800.00
2017-04-27,68.150002,68.379997,67.580002,68.269997,61.401043,34971000.00
2017-04-28,68.910004,69.139999,67.690002,68.459999,61.571941,39548800.00
2017-05-01,68.680000,69.550003,68.500000,69.410004,62.426373,31954400.00
2017-05-02,69.709999,69.709999,69.129997,69.300003,62.327427,23906100.00
2017-05-03,69.379997,69.379997,68.709999,69.080002,62.129585,28928000.00
2017-05-04,69.029999,69.080002,68.639999,68.809998,61.886734,21749400.00
2017-05-05,68.900002,69.029999,68.489998,69.000000,62.057610,19128800.00
2017-05-08,68.970001,69.050003,68.419998,68.940002,62.003635,18566100.00
2017-05-09,68.860001,69.279999,68.680000,69.040001,62.093582,22858400.00
2017-05-10,68.989998,69.559998,68.919998,69.309998,62.336414,17977800.00
2017-05-11,68.360001,68.730003,68.120003,68.459999,61.571941,28789400.00
2017-05-12,68.610001,68.610001,68.040001,68.379997,61.499985,18714100.00
2017-05-15,68.139999,68.480003,67.570000,68.430000,61.544949,31530300.00
2017-05-16,68.230003,69.440002,68.160004,69.410004,62.784203,34956000.00
2017-05-17,68.889999,69.099998,67.430000,67.480003,61.038425,30548800.00
2017-05-18,67.400002,68.129997,67.139999,67.709999,61.246471,25201300.00
2017-05-19,67.500000,68.099998,67.430000,67.690002,61.228386,26961100.00
2017-05-22,67.889999,68.500000,67.500000,68.449997,61.915840,16237600.00
2017-05-23,68.720001,68.750000,68.379997,68.680000,62.123840,15425800.00
2017-05-24,68.870003,68.879997,68.449997,68.769997,62.205288,14593900.00
2017-05-25,68.970001,69.879997,68.910004,69.620003,62.974133,21854100.00
2017-05-26,69.800003,70.220001,69.519997,69.959999,63.281685,19827900.00
2017-05-30,69.790001,70.410004,69.769997,70.410004,63.688751,17072800.00
2017-05-31,70.529999,70.739998,69.809998,69.839996,63.173130,30436400.00
2017-06-01,70.239998,70.610001,69.449997,70.099998,63.408306,21603600.00
2017-06-02,70.440002,71.860001,70.239998,71.760002,64.909836,34770300.00
2017-06-05,71.970001,72.889999,71.809998,72.279999,65.380226,33316800.00
2017-06-06,72.300003,72.620003,72.269997,72.519997,65.597313,31511100.00
2017-06-07,72.639999,72.769997,71.949997,72.389999,65.479729,22301800.00
2017-06-08,72.510002,72.519997,71.500000,71.949997,65.081726,24588300.00
2017-06-09,72.040001,72.080002,68.589996,70.320000,63.607307,49187400.00
2017-06-12,69.250000,69.940002,68.129997,69.779999,63.118885,47761700.00
2017-06-13,70.019997,70.820000,69.959999,70.650002,63.905815,25258600.00
2017-06-14,70.910004,71.099998,69.430000,70.269997,63.562080,25510700.00
2017-06-15,69.269997,70.209999,68.800003,69.900002,63.227432,26068700.00
2017-06-16,69.730003,70.029999,69.220001,70.000000,63.317860,48345100.00
2017-06-19,70.500000,70.940002,70.349998,70.870003,64.104813,23798300.00
2017-06-20,70.820000,70.870003,69.870003,69.910004,63.236454,21512200.00
2017-06-21,70.209999,70.620003,69.940002,70.269997,63.562080,19891100.00
2017-06-22,70.540001,70.589996,69.709999,70.260002,63.553043,22965700.00
2017-06-23,70.089996,71.250000,69.919998,71.209999,64.412376,27617300.00
2017-06-26,71.400002,71.709999,70.440002,70.529999,63.797272,19607000.00
2017-06-27,70.110001,70.180000,69.180000,69.209999,62.603283,25215100.00
2017-06-28,69.209999,69.839996,68.790001,69.800003,63.136936,25806200.00
2017-06-29,69.379997,69.489998,68.089996,68.489998,61.952011,28918700.00
2017-06-30,68.779999,69.379997,68.739998,68.930000,62.350014,24161100.00
2017-07-03,69.330002,69.599998,68.019997,68.169998,61.662560,16165500.00
2017-07-05,68.260002,69.440002,68.220001,69.080002,62.485703,21176300.00
2017-07-06,68.269997,68.779999,68.120003,68.570000,62.024345,21117600.00
2017-07-07,68.699997,69.839996,68.699997,69.459999,62.829407,16878300.00
2017-07-10,69.459999,70.250000,69.199997,69.980003,63.299786,15014500.00
2017-07-11,70.000000,70.680000,69.750000,69.989998,63.308807,17460000.00
2017-07-12,70.690002,71.279999,70.550003,71.150002,64.358109,17750900.00
2017-07-13,71.500000,72.040001,71.309998,71.769997,64.918900,20269800.00
2017-07-14,72.239998,73.269997,71.959999,72.779999,65.832489,25868100.00
2017-07-17,72.800003,73.449997,72.720001,73.349998,66.348091,21803900.00
2017-07-18,73.089996,73.389999,72.660004,73.300003,66.302864,26435300.00
2017-07-19,73.500000,74.040001,73.449997,73.860001,66.809410,22416200.00
2017-07-20,74.180000,74.300003,73.279999,74.220001,67.135017,42361000.00
2017-07-21,73.449997,74.290001,73.169998,73.790001,66.746063,46717100.00
2017-07-24,73.529999,73.750000,73.129997,73.599998,66.574203,21394800.00
2017-07-25,73.800003,74.309998,73.500000,74.190002,67.107895,22018700.00
2017-07-26,74.339996,74.379997,73.809998,74.050003,66.981262,16252200.00
2017-07-27,73.760002,74.419998,72.320000,73.160004,66.176216,36844200.00
2017-07-28,72.669998,73.309998,72.540001,73.040001,66.067673,18306700.00
2017-07-31,73.300003,73.440002,72.410004,72.699997,65.760124,23600100.00
2017-08-01,73.099998,73.419998,72.489998,72.580002,65.651596,22132300.00
2017-08-02,72.550003,72.559998,71.440002,72.260002,65.362122,26499200.00
2017-08-03,72.190002,72.440002,71.849998,72.150002,65.262634,18214400.00
2017-08-04,72.400002,73.040001,72.239998,72.680000,65.742027,22579000.00
2017-08-07,72.800003,72.900002,72.260002,72.400002,65.488747,18705700.00
2017-08-08,72.089996,73.129997,71.750000,72.790001,65.841537,22044600.00
2017-08-09,72.250000,72.510002,72.050003,72.470001,65.552063,22213400.00
2017-08-10,71.900002,72.190002,71.349998,71.410004,64.593269,24734500.00
2017-08-11,71.610001,72.699997,71.279999,72.500000,65.579193,21443700.00
2017-08-14,73.059998,73.720001,72.949997,73.589996,66.565193,20096600.00
2017-08-15,73.589996,73.589996,73.040001,73.220001,66.583336,19181400.00
2017-08-16,73.339996,74.099998,73.169998,73.650002,66.974365,18150400.00
2017-08-17,73.580002,73.870003,72.400002,72.400002,65.837662,22977500.00
2017-08-18,72.269997,72.839996,71.930000,72.489998,65.919525,18761500.00
2017-08-21,72.470001,72.480003,71.699997,72.150002,65.610329,17734800.00
2017-08-22,72.349998,73.239998,72.349998,73.160004,66.528786,14343700.00
2017-08-23,72.959999,73.150002,72.529999,72.720001,66.128693,13766500.00
2017-08-24,72.739998,72.860001,72.070000,72.690002,66.101418,17098300.00
2017-08-25,72.860001,73.349998,72.480003,72.820000,66.219604,12794300.00
2017-08-28,73.059998,73.089996,72.550003,72.830002,66.228706,14569700.00
2017-08-29,72.250000,73.160004,72.050003,73.050003,66.428741,11478400.00
2017-08-30,73.010002,74.209999,72.830002,74.010002,67.301750,16897800.00
2017-08-31,74.029999,74.959999,73.800003,74.769997,67.992882,27652800.00
2017-09-01,74.709999,74.739998,73.639999,73.940002,67.238113,21736200.00
2017-09-05,73.339996,73.889999,72.980003,73.610001,66.937973,21556000.00
2017-09-06,73.739998,74.040001,73.349998,73.400002,66.747025,16535800.00
2017-09-07,73.680000,74.599998,73.599998,74.339996,67.601830,17471200.00
2017-09-08,74.330002,74.440002,73.839996,73.980003,67.274460,14703800.00
2017-09-11,74.309998,74.940002,74.309998,74.760002,67.983780,17910400.00
2017-09-12,74.760002,75.239998,74.370003,74.680000,67.911026,14394900.00
2017-09-13,74.930000,75.230003,74.550003,75.209999,68.392937,13380800.00
2017-09-14,75.000000,75.489998,74.519997,74.769997,67.992882,15733900.00
2017-09-15,74.830002,75.389999,74.070000,75.309998,68.483887,38578400.00
2017-09-18,75.230003,75.970001,75.040001,75.160004,68.347527,23307000.00
2017-09-19,75.209999,75.709999,75.010002,75.440002,68.602135,16093300.00
2017-09-20,75.349998,75.550003,74.309998,74.940002,68.147446,21587900.00
2017-09-21,75.110001,75.239998,74.110001,74.209999,67.483627,19186100.00
2017-09-22,73.989998,74.510002,73.849998,74.410004,67.665482,14111400.00
2017-09-25,74.089996,74.250000,72.919998,73.260002,66.619713,24149200.00
2017-09-26,73.669998,73.809998,72.989998,73.260002,66.619713,18019600.00
2017-09-27,73.550003,74.169998,73.169998,73.849998,67.156227,19565100.00
2017-09-28,73.540001,73.970001,73.309998,73.870003,67.174416,10883800.00
2017-09-29,73.940002,74.540001,73.879997,74.489998,67.738258,17079100.00
2017-10-02,74.709999,75.010002,74.300003,74.610001,67.847343,15304800.00
2017-10-03,74.669998,74.879997,74.190002,74.260002,67.529083,12190400.00
2017-10-04,74.089996,74.720001,73.709999,74.690002,67.920090,13317700.00
2017-10-05,75.220001,76.120003,74.959999,75.970001,69.084106,21195300.00
2017-10-06,75.669998,76.029999,75.540001,76.000000,69.111382,13959800.00
2017-10-09,75.970001,76.550003,75.860001,76.290001,69.375084,11386500.00
2017-10-10,76.330002,76.629997,76.139999,76.290001,69.375084,13944500.00
2017-10-11,76.360001,76.459999,75.949997,76.419998,69.493301,15388900.00
2017-10-12,76.489998,77.290001,76.370003,77.120003,70.129875,16876500.00
2017-10-13,77.589996,77.870003,77.290001,77.489998,70.466324,15335700.00
2017-10-16,77.419998,77.809998,77.349998,77.650002,70.611832,12380100.00
2017-10-17,77.470001,77.620003,77.250000,77.589996,70.557243,16824000.00
2017-10-18,77.669998,77.849998,77.370003,77.610001,70.575470,13300700.00
2017-10-19,77.570000,77.930000,77.349998,77.910004,70.848236,15092800.00
2017-10-20,78.320000,78.970001,78.220001,78.809998,71.666695,22866400.00
2017-10-23,78.989998,79.339996,78.760002,78.830002,71.684853,20627200.00
2017-10-24,78.900002,79.199997,78.459999,78.860001,71.712143,17517200.00
2017-10-25,78.580002,79.099998,78.010002,78.629997,71.502991,20410800.00
2017-10-26,79.199997,79.419998,78.750000,78.760002,71.621208,32120700.00
2017-10-27,84.370003,86.199997,83.610001,83.809998,76.213478,71066700.00
2017-10-30,83.699997,84.330002,83.110001,83.889999,76.286224,31756700.00
2017-10-31,84.360001,84.360001,83.110001,83.180000,75.640572,27086600.00
2017-11-01,83.680000,83.760002,82.879997,83.180000,75.640572,22307400.00
2017-11-02,83.349998,84.459999,83.120003,84.050003,76.431740,23992900.00
2017-11-03,84.080002,84.540001,83.400002,84.139999,76.513596,17633500.00
2017-11-06,84.199997,84.699997,84.080002,84.470001,76.813652,19860900.00
2017-11-07,84.769997,84.900002,83.930000,84.269997,76.631790,17939700.00
2017-11-08,84.139999,84.610001,83.830002,84.559998,76.895493,18034200.00
2017-11-09,84.110001,84.269997,82.900002,84.089996,76.468109,21178400.00
2017-11-10,83.790001,84.099998,83.230003,83.870003,76.268044,19397800.00
2017-11-13,83.660004,83.940002,83.459999,83.930000,76.322609,14196900.00
2017-11-14,83.500000,84.099998,82.980003,84.050003,76.431740,18801300.00
2017-11-15,83.470001,83.690002,82.690002,82.980003,75.837662,19383100.00
2017-11-16,83.099998,83.419998,82.940002,83.199997,76.038742,20962800.00
2017-11-17,83.120003,83.120003,82.239998,82.400002,75.307594,22079000.00
2017-11-20,82.400002,82.589996,82.250000,82.529999,75.426384,16315000.00
2017-11-21,82.739998,83.839996,82.739998,83.720001,76.513969,21237500.00
2017-11-22,83.830002,83.900002,83.040001,83.110001,75.956474,20553100.00
2017-11-24,83.010002,83.430000,82.779999,83.260002,76.093582,7425600.00
2017-11-27,83.309998,83.980003,83.300003,83.870003,76.651062,18265200.00
2017-11-28,84.070000,85.059998,84.019997,84.879997,77.574135,21926000.00
2017-11-29,84.709999,84.919998,83.180000,83.339996,76.166687,27381100.00
2017-11-30,83.510002,84.519997,83.339996,84.169998,76.925247,33054600.00
2017-12-01,83.599998,84.809998,83.220001,84.260002,77.007477,29532100.00
2017-12-04,84.419998,84.430000,80.699997,81.080002,74.101212,39094900.00
2017-12-05,81.339996,82.680000,80.980003,81.589996,74.567307,26152300.00
2017-12-06,81.550003,83.139999,81.430000,82.779999,75.654854,26162100.00
2017-12-07,82.540001,82.800003,82.000000,82.489998,75.389839,23184500.00
2017-12-08,83.629997,84.580002,83.330002,84.160004,76.916115,24489100.00
2017-12-11,84.290001,85.370003,84.120003,85.230003,77.894028,22857900.00
2017-12-12,85.309998,86.050003,85.080002,85.580002,78.213898,23924100.00
2017-12-13,85.739998,86.000000,85.169998,85.349998,78.003662,22062700.00
2017-12-14,85.430000,85.870003,84.529999,84.690002,77.400490,19306000.00
2017-12-15,85.260002,87.089996,84.879997,86.849998,79.374588,53936700.00
2017-12-18,87.120003,87.500000,86.230003,86.379997,78.945023,22283800.00
2017-12-19,86.349998,86.349998,85.269997,85.830002,78.442368,23524800.00
2017-12-20,86.199997,86.300003,84.709999,85.519997,78.159042,23674900.00
2017-12-21,86.050003,86.099998,85.400002,85.500000,78.140770,17990700.00
2017-12-22,85.400002,85.629997,84.919998,85.510002,78.149887,14145800.00
2017-12-26,85.309998,85.529999,85.029999,85.400002,78.049362,9891200.00
2017-12-27,85.650002,85.980003,85.220001,85.709999,78.332695,14678000.00
2017-12-28,85.900002,85.930000,85.550003,85.720001,78.341812,10594300.00
2017-12-29,85.629997,86.050003,85.500000,85.540001,78.177330,18717400.00
2018-01-02,86.129997,86.309998,85.500000,85.949997,78.552032,22483800.00
2018-01-03,86.059998,86.510002,85.970001,86.349998,78.917587,26061400.00
2018-01-04,86.589996,87.660004,86.570000,87.110001,79.612183,21912000.00
2018-01-05,87.660004,88.410004,87.430000,88.190002,80.599243,23407100.00
2018-01-08,88.199997,88.580002,87.599998,88.279999,80.681488,22113000.00
2018-01-09,88.650002,88.730003,87.860001,88.220001,80.626648,19484300.00
2018-01-10,87.860001,88.190002,87.410004,87.820000,80.261070,18652200.00
2018-01-11,88.129997,88.129997,87.239998,88.080002,80.498688,17808900.00
2018-01-12,88.669998,89.779999,88.449997,89.599998,81.887856,24271500.00
2018-01-16,90.099998,90.790001,88.010002,88.349998,80.745461,36599700.00
2018-01-17,89.080002,90.279999,88.750000,90.139999,82.381378,25621200.00
2018-01-18,89.800003,90.669998,89.660004,90.099998,82.344826,24159700.00
2018-01-19,90.139999,90.610001,89.660004,90.000000,82.253448,36875000.00
2018-01-22,90.000000,91.620003,89.739998,91.610001,83.724869,23601600.00
2018-01-23,91.900002,92.300003,91.540001,91.900002,83.989899,23412800.00
2018-01-24,92.550003,93.430000,91.580002,91.820000,83.916779,33277500.00
2018-01-25,92.470001,93.239998,91.930000,92.330002,84.382889,26383200.00
2018-01-26,93.120003,94.059998,92.580002,94.059998,85.963959,29172200.00
2018-01-29,95.139999,95.449997,93.720001,93.919998,85.836044,31569900.00
2018-01-30,93.300003,93.660004,92.099998,92.739998,84.757614,38635100.00
2018-01-31,93.750000,95.400002,93.510002,95.010002,86.832214,48756300.00
2018-02-01,94.790001,96.070000,93.580002,94.260002,86.146767,47227900.00
2018-02-02,93.639999,93.970001,91.500000,91.779999,83.880219,47867800.00
2018-02-05,90.559998,93.239998,88.000000,88.000000,80.425568,51031500.00
2018-02-06,86.889999,91.480003,85.250000,91.330002,83.468971,67998600.00
2018-02-07,90.489998,91.769997,89.199997,89.610001,81.897011,41107600.00
2018-02-08,89.709999,89.879997,84.760002,85.010002,77.692932,55628700.00
2018-02-09,86.300003,88.930000,83.830002,88.180000,80.590073,63499100.00
2018-02-12,88.739998,89.779999,87.930000,89.129997,81.458305,35720300.00
2018-02-13,88.930000,90.000000,87.800003,89.830002,82.098053,26407700.00
2018-02-14,88.510002,90.989998,88.410004,90.809998,83.383583,34960900.00
2018-02-15,91.209999,92.720001,90.620003,92.660004,85.082314,27823900.00
2018-02-16,92.449997,93.500000,91.800003,92.000000,84.476273,30596900.00
2018-02-20,91.480003,93.059998,91.010002,92.720001,85.137360,30911700.00
2018-02-21,92.980003,93.360001,91.489998,91.489998,84.007950,26922500.00
2018-02-22,92.050003,92.730003,91.360001,91.730003,84.228340,24392800.00
2018-02-23,93.599998,94.070000,92.360001,94.059998,86.367775,26329200.00
2018-02-26,94.400002,95.449997,94.250000,95.419998,87.616570,30199800.00
2018-02-27,95.739998,95.839996,94.199997,94.199997,86.496330,25869100.00
2018-02-28,94.839996,95.709999,93.629997,93.769997,86.101509,31167300.00
2018-03-01,93.989998,94.570000,91.839996,92.849998,85.256760,37135600.00
2018-03-02,91.580002,93.150002,90.860001,93.050003,85.440392,32830400.00
2018-03-05,92.339996,94.269997,92.260002,93.639999,85.982155,23901600.00
2018-03-06,94.339996,94.489998,92.940002,93.320000,85.688293,22175800.00
2018-03-07,93.160004,93.940002,92.430000,93.860001,86.184143,26716100.00
2018-03-08,94.269997,95.099998,93.769997,94.430000,86.707535,25887800.00
2018-03-09,95.290001,96.540001,95.000000,96.540001,88.644989,36937300.00
2018-03-12,96.500000,97.209999,96.040001,96.769997,88.856178,26073700.00
2018-03-13,97.000000,97.239998,93.970001,94.410004,86.689178,35387800.00
2018-03-14,95.120003,95.410004,93.500000,93.849998,86.174988,32132000.00
2018-03-15,93.529999,94.580002,92.830002,94.180000,86.477982,27611000.00
2018-03-16,94.680000,95.379997,93.919998,94.599998,86.863625,49081300.00
2018-03-19,93.739998,93.900002,92.110001,92.889999,85.293457,33344100.00
2018-03-20,93.050003,93.769997,93.000000,93.129997,85.513832,23075200.00
2018-03-21,92.930000,94.050003,92.209999,92.480003,84.917030,24457100.00
2018-03-22,91.269997,91.750000,89.660004,89.790001,82.447014,38604700.00
2018-03-23,89.500000,90.459999,87.080002,87.180000,80.050438,44068900.00
2018-03-26,90.610001,94.000000,90.400002,93.779999,86.110680,56396800.00
2018-03-27,94.940002,95.139999,88.510002,89.470001,82.153175,56569000.00
2018-03-28,89.820000,91.230003,88.870003,89.389999,82.079689,52501100.00
2018-03-29,90.180000,92.290001,88.400002,91.269997,83.805977,45867500.00
2018-04-02,90.470001,90.879997,87.510002,88.519997,81.280846,48515400.00
2018-04-03,89.580002,90.050003,87.889999,89.709999,82.373528,37213800.00
2018-04-04,87.849998,92.760002,87.730003,92.330002,84.779274,35560000.00
2018-04-05,92.440002,93.070000,91.400002,92.379997,84.825172,29771900.00
2018-04-06,91.489998,92.459999,89.480003,90.230003,82.851028,38026000.00
2018-04-09,91.040001,93.169998,90.620003,90.769997,83.346870,31533900.00
2018-04-10,92.389999,93.279999,91.639999,92.879997,85.284271,26812000.00
2018-04-11,92.010002,93.290001,91.480003,91.860001,84.347717,24872100.00
2018-04-12,92.430000,94.160004,92.430000,93.580002,85.927055,26758900.00
2018-04-13,94.050003,94.180000,92.440002,93.080002,85.467934,23346100.00
2018-04-16,94.070000,94.660004,93.419998,94.169998,86.468788,20288100.00
2018-04-17,95.000000,96.540001,94.879997,96.070000,88.213409,26771000.00
2018-04-18,96.220001,96.720001,95.519997,96.440002,88.553177,21043300.00
2018-04-19,96.440002,97.070000,95.339996,96.110001,88.250175,23552500.00
2018-04-20,95.910004,96.110001,94.050003,95.000000,87.230911,31154400.00
2018-04-23,95.739998,96.290001,94.629997,95.349998,87.552307,22331800.00
2018-04-24,96.239998,96.470001,92.410004,93.120003,85.504662,34524800.00
2018-04-25,93.300003,93.300003,90.279999,92.309998,84.760895,33729300.00
2018-04-26,93.550003,95.150002,93.099998,94.260002,86.551430,42529000.00
2018-04-27,97.599998,97.900002,93.910004,95.820000,87.983871,48272800.00
2018-04-30,96.330002,96.400002,93.150002,93.519997,85.871956,41523600.00
2018-05-01,93.209999,95.290001,92.790001,95.000000,87.230911,31408900.00
2018-05-02,94.989998,95.169998,93.190002,93.510002,85.862778,27471000.00
2018-05-03,92.959999,94.930000,92.449997,94.070000,86.377007,31142500.00
2018-05-04,93.320000,95.370003,92.919998,95.160004,87.377838,22531300.00
2018-05-07,95.169998,96.709999,95.099998,96.220001,88.351143,24242000.00
2018-05-08,95.849998,96.160004,95.059998,95.809998,87.974663,23484600.00
2018-05-09,96.010002,96.970001,95.050003,96.940002,89.012253,27327400.00
2018-05-10,97.459999,97.949997,97.050003,97.910004,89.902954,22388100.00
2018-05-11,97.800003,97.870003,97.040001,97.699997,89.710114,16778300.00
2018-05-14,97.919998,98.690002,97.309998,98.029999,90.013115,19454100.00
2018-05-15,97.239998,97.849998,96.339996,97.320000,89.361206,24594000.00
2018-05-16,97.360001,97.400002,96.620003,97.150002,89.591759,17384700.00
2018-05-17,96.760002,97.540001,95.830002,96.180000,88.697220,17246700.00
2018-05-18,96.010002,96.930000,96.010002,96.360001,88.863190,17865800.00
2018-05-21,97.000000,98.010002,96.800003,97.599998,90.006737,19422500.00
2018-05-22,97.680000,98.169998,97.199997,97.500000,89.914513,15441200.00
2018-05-23,96.709999,98.730003,96.320000,98.660004,90.984261,21251200.00
2018-05-24,98.730003,98.940002,96.809998,98.309998,90.661491,26649300.00
2018-05-25,98.300003,98.980003,97.860001,98.360001,90.707603,18363900.00
2018-05-29,97.839996,98.879997,97.230003,98.010002,90.384819,28671000.00
2018-05-30,98.309998,99.250000,97.910004,98.949997,91.251694,22158500.00
2018-05-31,99.290001,99.989998,98.610001,98.839996,91.150261,34140900.00
2018-06-01,99.279999,100.860001,99.169998,100.790001,92.948563,28655600.00
2018-06-04,101.260002,101.860001,100.849998,101.669998,93.760101,27281600.00
2018-06-05,102.000000,102.330002,101.529999,102.190002,94.239624,23514400.00
2018-06-06,102.480003,102.599998,101.900002,102.489998,94.516281,21122900.00
2018-06-07,102.650002,102.690002,100.379997,100.879997,93.031555,28232200.00
2018-06-08,101.089996,101.949997,100.540001,101.629997,93.723206,22165100.00
2018-06-11,101.010002,101.589996,100.669998,101.050003,93.188324,23490900.00
2018-06-12,101.099998,101.449997,100.750000,101.309998,93.428116,18325200.00
2018-06-13,101.720001,102.010002,100.559998,100.849998,93.003891,29492900.00
2018-06-14,101.650002,102.029999,101.000000,101.419998,93.529533,25691800.00
2018-06-15,101.510002,101.529999,100.070000,100.129997,92.339890,65738600.00
2018-06-18,100.010002,101.110001,99.419998,100.860001,93.013115,23586000.00
2018-06-19,99.650002,101.000000,99.500000,100.860001,93.013115,28653100.00
2018-06-20,101.370003,102.519997,101.120003,101.870003,93.944527,26180800.00
2018-06-21,102.080002,102.459999,100.879997,101.139999,93.271339,23198200.00
2018-06-22,100.410004,100.769997,99.629997,100.410004,92.598122,38923100.00
2018-06-25,100.000000,100.110001,97.300003,98.389999,90.735283,35433300.00
2018-06-26,98.820000,100.080002,98.750000,99.080002,91.371574,26897200.00
2018-06-27,99.580002,100.019997,97.400002,97.540001,89.951424,31298400.00
2018-06-28,97.379997,99.110001,97.260002,98.629997,90.956581,26650700.00
2018-06-29,98.930000,99.910004,98.330002,98.610001,90.938133,28053200.00
2018-07-02,98.099998,100.059998,98.000000,100.010002,92.229240,19564500.00
2018-07-03,100.480003,100.629997,98.940002,99.050003,91.343918,14670300.00
2018-07-05,99.500000,99.919998,99.029999,99.760002,91.998695,18977400.00
2018-07-06,99.889999,101.430000,99.669998,101.160004,93.289787,19234600.00
2018-07-09,101.650002,102.250000,101.250000,101.849998,93.926071,18212000.00
2018-07-10,102.000000,102.510002,101.860001,102.120003,94.175049,19293100.00
2018-07-11,101.150002,102.339996,101.099998,101.980003,94.045990,19644600.00
2018-07-12,102.769997,104.410004,102.730003,104.190002,96.084038,24335900.00
2018-07-13,104.370003,105.599998,104.089996,105.430000,97.227562,24635200.00
2018-07-16,105.400002,105.820000,104.519997,104.910004,96.748024,21786900.00
2018-07-17,104.610001,106.500000,104.320000,105.949997,97.707100,25901700.00
2018-07-18,105.940002,106.050003,104.720001,105.120003,96.941681,29493900.00
2018-07-19,104.930000,105.309998,103.889999,104.400002,96.277695,40171600.00
2018-07-20,108.080002,108.199997,106.080002,106.269997,98.002197,56004000.00
2018-07-23,106.300003,108.139999,106.129997,107.970001,99.569962,29707000.00
2018-07-24,108.570000,108.820000,107.260002,107.660004,99.284065,26316600.00
2018-07-25,107.959999,111.150002,107.599998,110.830002,102.207451,30702100.00
2018-07-26,110.739998,111.000000,109.500000,109.620003,101.091576,31372100.00
2018-07-27,110.180000,110.180000,106.139999,107.680000,99.302513,37005300.00
2018-07-30,107.190002,107.529999,104.760002,105.370003,97.172234,34668300.00
2018-07-31,106.489998,106.720001,105.379997,106.080002,97.827003,27655200.00
2018-08-01,106.029999,106.449997,105.419998,106.279999,98.011421,23628700.00
2018-08-02,105.400002,108.089996,104.839996,107.570000,99.201057,26104300.00
2018-08-03,107.800003,108.050003,106.820000,108.040001,99.634476,18659600.00
2018-08-06,108.120003,108.419998,107.559998,108.129997,99.717499,20265900.00
2018-08-07,108.559998,109.099998,108.169998,108.879997,100.409142,16080200.00
2018-08-08,109.330002,109.750000,108.760002,109.489998,100.971703,15487500.00
2018-08-09,109.709999,110.160004,109.599998,109.669998,101.137695,13677200.00
2018-08-10,109.419998,109.690002,108.379997,109.000000,100.519814,18183700.00
2018-08-13,109.239998,109.580002,108.099998,108.209999,99.791290,18472500.00
2018-08-14,108.559998,109.750000,108.040001,109.559998,101.036247,16788300.00
2018-08-15,108.489998,108.989998,106.820000,107.660004,99.666122,29982800.00
2018-08-16,108.300003,108.860001,107.300003,107.639999,99.647621,21384300.00
2018-08-17,107.360001,107.900002,106.690002,107.580002,99.592087,18061500.00
2018-08-20,107.510002,107.900002,106.480003,106.870003,98.934784,17914200.00
2018-08-21,106.919998,107.349998,105.849998,105.980003,98.110886,22881900.00
2018-08-22,105.849998,107.339996,105.779999,107.059998,99.110687,18000600.00
2018-08-23,107.150002,108.180000,106.870003,107.559998,99.573586,18167700.00
2018-08-24,107.669998,108.559998,107.559998,108.400002,100.351212,17234000.00
2018-08-27,109.269997,109.639999,108.510002,109.599998,101.462067,19662300.00
2018-08-28,109.940002,110.500000,109.790001,110.260002,102.073051,19151500.00
2018-08-29,110.449997,112.029999,110.269997,112.019997,103.702393,20818000.00
2018-08-30,111.669998,112.610001,111.440002,111.949997,103.637604,22798700.00
2018-08-31,111.690002,112.779999,111.519997,112.330002,103.989388,23222700.00
2018-09-04,110.849998,111.959999,110.220001,111.709999,103.415421,22634600.00
2018-09-05,111.010002,111.419998,108.099998,108.489998,100.434494,32872400.00
2018-09-06,108.250000,108.989998,107.510002,108.739998,100.665955,23477600.00
2018-09-07,108.230003,108.720001,107.230003,108.209999,100.175308,22498600.00
2018-09-10,108.839996,109.639999,108.360001,109.379997,101.258423,20727900.00
2018-09-11,108.900002,111.589996,108.889999,111.239998,102.980331,24301800.00
2018-09-12,111.430000,111.849998,110.510002,111.709999,103.415421,18891100.00
2018-09-13,112.120003,113.730003,112.120003,112.910004,104.526314,26055600.00
2018-09-14,113.360001,113.730003,112.440002,113.370003,104.952164,19122300.00
2018-09-17,113.690002,113.699997,111.860001,112.139999,103.813484,20736500.00
2018-09-18,112.190002,113.699997,111.720001,113.209999,104.804047,22170900.00
2018-09-19,113.050003,113.320000,111.040001,111.699997,103.406151,21728400.00
2018-09-20,112.279999,113.800003,111.930000,113.570000,105.137314,23714500.00
2018-09-21,114.000000,115.290001,113.510002,114.260002,105.776077,71229700.00
2018-09-24,113.029999,114.900002,112.220001,114.669998,106.155663,27334500.00
2018-09-25,114.800003,115.099998,113.750000,114.449997,105.951973,22668000.00
2018-09-26,114.470001,115.059998,113.739998,113.980003,105.516884,19352000.00
2018-09-27,114.779999,114.910004,114.199997,114.410004,105.914955,19091300.00
2018-09-28,114.190002,114.570000,113.680000,114.370003,105.877937,21647800.00
2018-10-01,114.750000,115.680000,114.730003,115.610001,107.025864,18883100.00
2018-10-02,115.300003,115.839996,114.440002,115.150002,106.599998,20787200.00
2018-10-03,115.419998,116.180000,114.930000,115.169998,106.618515,16648000.00
2018-10-04,114.610001,114.760002,111.629997,112.790001,104.415222,34821700.00
2018-10-05,112.629997,113.169998,110.639999,112.129997,103.804245,29068900.00
2018-10-08,111.660004,112.029999,109.339996,110.849998,102.619263,29640600.00
2018-10-09,111.139999,113.080002,110.800003,112.260002,103.924599,26198600.00
2018-10-10,111.239998,111.500000,105.790001,106.160004,98.277527,61376300.00
2018-10-11,105.349998,108.930000,104.199997,105.910004,98.046097,63904300.00
2018-10-12,109.010002,111.239998,107.120003,109.570000,101.434311,47742100.00
2018-10-15,108.910004,109.480003,106.949997,107.599998,99.610603,32068100.00
2018-10-16,109.540001,111.410004,108.949997,111.000000,102.758133,31610200.00
2018-10-17,111.680000,111.809998,109.550003,110.709999,102.489670,26548200.00
2018-10-18,110.099998,110.529999,107.830002,108.500000,100.443787,32506200.00
2018-10-19,108.930000,110.860001,108.209999,108.660004,100.591881,32785500.00
2018-10-22,109.320000,110.540001,108.239998,109.629997,101.489845,26545600.00
2018-10-23,107.769997,108.970001,105.110001,108.099998,100.073479,43770400.00
2018-10-24,108.410004,108.489998,101.589996,102.320000,94.722633,63897800.00
2018-10-25,106.550003,109.269997,106.150002,108.300003,100.258629,61646800.00
2018-10-26,105.690002,108.750000,104.760002,106.959999,99.018105,55523100.00
2018-10-29,108.110001,108.699997,101.629997,103.849998,96.139030,55162000.00
2018-10-30,103.660004,104.379997,100.110001,103.730003,96.027954,65350900.00
2018-10-31,105.440002,108.139999,105.389999,106.809998,98.879257,51062400.00
2018-11-01,107.050003,107.320000,105.529999,105.919998,98.055351,33384200.00
2018-11-02,106.480003,107.320000,104.980003,106.160004,98.277527,37680200.00
2018-11-05,106.370003,107.739998,105.900002,107.510002,99.527290,27922100.00
2018-11-06,107.379997,108.839996,106.279999,107.720001,99.721680,24340200.00
2018-11-07,109.440002,112.239998,109.400002,111.959999,103.646866,37901700.00
2018-11-08,111.800003,112.209999,110.910004,111.750000,103.452446,25644100.00
2018-11-09,110.849998,111.449997,108.760002,109.570000,101.434311,32039200.00
2018-11-12,109.419998,109.959999,106.099998,106.870003,98.934784,33621800.00
2018-11-13,107.550003,108.739998,106.639999,106.940002,98.999588,35374600.00
2018-11-14,108.099998,108.260002,104.470001,104.970001,97.595673,39495100.00
2018-11-15,104.989998,107.800003,103.910004,107.279999,99.743385,38505200.00
2018-11-16,107.080002,108.879997,106.800003,108.290001,100.682449,33502100.00
2018-11-19,108.269997,108.559998,103.550003,104.620003,97.270271,44773900.00
2018-11-20,101.800003,102.970001,99.349998,101.709999,94.564697,64052500.00
2018-11-21,103.599998,104.430000,102.239998,103.110001,95.866356,28130600.00
2018-11-23,102.169998,103.809998,102.000000,103.070000,95.829155,13823100.00
2018-11-26,104.790001,106.629997,104.580002,106.470001,98.990280,32336200.00
2018-11-27,106.269997,107.330002,105.360001,107.139999,99.613228,29124500.00
2018-11-28,107.889999,111.330002,107.860001,111.120003,103.313644,46788500.00
2018-11-29,110.330002,111.120003,109.029999,110.190002,102.448990,28123200.00
2018-11-30,110.699997,110.970001,109.360001,110.889999,103.099792,33665600.00
2018-12-03,113.000000,113.419998,110.730003,112.089996,104.215485,34732800.00
2018-12-04,111.940002,112.639999,108.209999,108.519997,100.896278,45197000.00
2018-12-06,105.820000,109.239998,105.000000,109.190002,101.519211,49107400.00
2018-12-07,108.379997,109.449997,104.300003,104.820000,97.456207,45044900.00
2018-12-10,104.800003,107.980003,103.889999,107.589996,100.031616,40801500.00
2018-12-11,109.800003,110.949997,107.440002,108.589996,100.961380,42381900.00
2018-12-12,110.889999,111.269997,109.040001,109.080002,101.416946,36183000.00
2018-12-13,109.580002,110.870003,108.629997,109.449997,101.760910,31333400.00
2018-12-14,108.250000,109.260002,105.500000,106.029999,98.581223,47043100.00
2018-12-17,105.410004,105.800003,101.709999,102.889999,95.661804,56957300.00
2018-12-18,103.750000,104.510002,102.519997,103.970001,96.665947,49319200.00
2018-12-19,103.650002,106.879997,101.349998,103.690002,96.405609,68198200.00
2018-12-20,103.050003,104.309998,98.779999,101.510002,94.378761,70334200.00
2018-12-21,101.629997,103.000000,97.459999,98.230003,91.329178,111242100.00
2018-12-24,97.680000,97.970001,93.980003,94.129997,87.517204,43935200.00
2018-12-26,95.139999,100.690002,93.959999,100.559998,93.495483,51634800.00
2018-12-27,99.300003,101.190002,96.400002,101.180000,94.071945,49498500.00
2018-12-28,102.089996,102.410004,99.519997,100.389999,93.337448,38196300.00
2018-12-31,101.290001,102.400002,100.440002,101.570000,94.434555,33173800.00
2019-01-02,99.550003,101.750000,98.940002,101.120003,94.016151,35329300.00
2019-01-03,100.099998,100.190002,97.199997,97.400002,90.557487,42579100.00
2019-01-04,99.720001,102.510002,98.930000,101.930000,94.769249,44060600.00
2019-01-07,101.639999,103.269997,100.980003,102.059998,94.890121,35656100.00
2019-01-08,103.040001,103.970001,101.709999,102.800003,95.578125,31514400.00
2019-01-09,103.860001,104.879997,103.239998,104.269997,96.944839,32280800.00
2019-01-10,103.220001,103.750000,102.379997,103.599998,96.321922,30067600.00
2019-01-11,103.190002,103.440002,101.639999,102.800003,95.578125,28314200.00
2019-01-14,101.900002,102.870003,101.260002,102.050003,94.880821,28437100.00
2019-01-15,102.510002,105.050003,101.879997,105.010002,97.632874,31587600.00
2019-01-16,105.260002,106.260002,104.959999,105.379997,97.976868,29853900.00
2019-01-17,105.000000,106.629997,104.760002,106.120003,98.664917,28393000.00
2019-01-18,107.459999,107.900002,105.910004,107.709999,100.143181,37427600.00
2019-01-22,106.750000,107.099998,104.860001,105.680000,98.255806,32371300.00
2019-01-23,106.120003,107.040001,105.339996,106.709999,99.213417,25874300.00
2019-01-24,106.860001,107.000000,105.339996,106.199997,98.739265,23164800.00
2019-01-25,107.239998,107.879997,106.199997,107.169998,99.641129,31225600.00
2019-01-28,106.260002,106.480003,104.660004,105.080002,97.697968,29476700.00
2019-01-29,104.879997,104.970001,102.169998,102.940002,95.708313,31490500.00
2019-01-30,104.620003,106.379997,104.330002,106.379997,98.906616,49471900.00
2019-01-31,103.800003,105.220001,103.180000,104.430000,97.093620,55636400.00
2019-02-01,103.779999,104.099998,102.349998,102.779999,95.559509,35535700.00
2019-02-04,102.870003,105.800003,102.769997,105.739998,98.311577,31315100.00
2019-02-05,106.059998,107.269997,105.959999,107.220001,99.687630,27325400.00
2019-02-06,107.000000,107.000000,105.529999,106.029999,98.581230,20609800.00
2019-02-07,105.190002,105.589996,104.290001,105.269997,97.874611,29760700.00
2019-02-08,104.389999,105.779999,104.260002,105.669998,98.246506,21461100.00
2019-02-11,106.199997,106.580002,104.970001,105.250000,97.856018,18914100.00
2019-02-12,106.139999,107.139999,105.480003,106.889999,99.380806,25056600.00
2019-02-13,107.500000,107.779999,106.709999,106.809998,99.306412,18394900.00
2019-02-14,106.309998,107.290001,105.660004,106.900002,99.390076,21784700.00
2019-02-15,107.910004,108.300003,107.360001,108.220001,100.617363,26606900.00
2019-02-19,107.790001,108.660004,107.779999,108.169998,100.570847,18038500.00
2019-02-20,107.860001,107.940002,106.290001,107.150002,100.047997,21607700.00
2019-02-21,106.900002,109.480003,106.870003,109.410004,102.158203,29063200.00
2019-02-22,110.050003,111.199997,109.820000,110.970001,103.614799,27763200.00
2019-02-25,111.760002,112.180000,111.260002,111.589996,104.193703,23750600.00
2019-02-26,111.260002,113.239998,111.169998,112.360001,104.912674,21536700.00
2019-02-27,111.690002,112.360001,110.879997,112.169998,104.735260,21487100.00
2019-02-28,112.040001,112.879997,111.730003,112.029999,104.604530,29083900.00
2019-03-01,112.889999,113.019997,111.669998,112.529999,105.071396,23501200.00
2019-03-04,113.019997,113.250000,110.800003,112.260002,104.819283,26608000.00
2019-03-05,112.250000,112.389999,111.230003,111.699997,104.296425,19538300.00
2019-03-06,111.870003,112.660004,111.430000,111.750000,104.343102,17687000.00
2019-03-07,111.400002,111.550003,109.870003,110.389999,103.073250,25339000.00
2019-03-08,109.160004,110.709999,108.800003,110.510002,103.185295,22818400.00
2019-03-11,110.989998,112.949997,110.980003,112.830002,105.351540,26491600.00
2019-03-12,112.820000,113.989998,112.650002,113.620003,106.089149,26132700.00
2019-03-13,114.129997,115.000000,113.779999,114.500000,106.910812,35513800.00
2019-03-14,114.540001,115.199997,114.330002,114.589996,106.994865,30763400.00
2019-03-15,115.339996,117.250000,114.589996,115.910004,108.227356,54681100.00
2019-03-18,116.169998,117.610001,116.050003,117.570000,109.777344,31207600.00
2019-03-19,118.089996,118.440002,116.989998,117.650002,109.852051,37588700.00
2019-03-20,117.389999,118.750000,116.709999,117.519997,109.730667,28113300.00
2019-03-21,117.139999,120.820000,117.089996,120.220001,112.251694,29854400.00
2019-03-22,119.500000,119.589996,117.040001,117.050003,109.291809,33624500.00
2019-03-25,116.559998,118.010002,116.320000,117.660004,109.861382,27067100.00
2019-03-26,118.620003,118.709999,116.849998,117.910004,110.094803,26097700.00
2019-03-27,117.879997,118.209999,115.519997,116.769997,109.030350,22733400.00
2019-03-28,117.440002,117.580002,116.129997,116.930000,109.179756,18334800.00
2019-03-29,118.070000,118.320000,116.959999,117.940002,110.122818,25399800.00
2019-04-01,118.949997,119.110001,118.099998,119.019997,111.131233,22789100.00
2019-04-02,119.059998,119.480003,118.519997,119.190002,111.289993,18142300.00
2019-04-03,119.860001,120.430000,119.150002,119.970001,112.018272,22860700.00
2019-04-04,120.099998,120.230003,118.379997,119.360001,111.448700,20112800.00
2019-04-05,119.389999,120.230003,119.370003,119.889999,111.943573,15826200.00
2019-04-08,119.809998,120.019997,118.639999,119.930000,111.980927,15116200.00
2019-04-09,118.629997,119.540001,118.580002,119.279999,111.374016,17612000.00
2019-04-10,119.760002,120.349998,119.540001,120.190002,112.223694,16477200.00
2019-04-11,120.540001,120.849998,119.919998,120.330002,112.354416,14209100.00
2019-04-12,120.639999,120.980003,120.370003,120.949997,112.933289,19745100.00
2019-04-15,120.940002,121.580002,120.570000,121.050003,113.026688,15792600.00
2019-04-16,121.639999,121.650002,120.099998,120.769997,112.765228,14071800.00
2019-04-17,121.239998,121.849998,120.540001,121.769997,113.698959,19300900.00
2019-04-18,122.190002,123.519997,121.300003,123.370003,115.192924,27991000.00
2019-04-22,122.620003,124.000000,122.570000,123.760002,115.557091,15648700.00
2019-04-23,124.099998,125.580002,123.830002,125.440002,117.125755,24025500.00
2019-04-24,125.790001,125.849998,124.519997,125.010002,116.724220,31257000.00
2019-04-25,130.059998,131.369995,128.830002,129.149994,120.589813,38033900.00
2019-04-26,129.699997,130.520004,129.020004,129.889999,121.280739,23654900.00
2019-04-29,129.899994,130.179993,129.350006,129.770004,121.168716,16324200.00
2019-04-30,129.809998,130.699997,129.389999,130.600006,121.943695,24166500.00
2019-05-01,130.529999,130.649994,127.699997,127.879997,119.403984,26821700.00
2019-05-02,127.980003,128.000000,125.519997,126.209999,117.844681,27350200.00
2019-05-03,127.360001,129.429993,127.250000,128.899994,120.356384,24911100.00
2019-05-06,126.389999,128.559998,126.110001,128.149994,119.656082,24239800.00
2019-05-07,126.459999,127.180000,124.220001,125.519997,117.200401,36017700.00
2019-05-08,125.440002,126.370003,124.750000,125.510002,117.191063,28419000.00
2019-05-09,124.290001,125.790001,123.570000,125.500000,117.181732,27235800.00
2019-05-10,124.910004,127.930000,123.820000,127.129997,118.703690,30915100.00
2019-05-13,124.110001,125.550003,123.040001,123.349998,115.174240,33944900.00
2019-05-14,123.870003,125.879997,123.699997,124.730003,116.462761,25266300.00
2019-05-15,124.260002,126.709999,123.699997,126.019997,118.102814,24722700.00
2019-05-16,126.750000,129.380005,126.459999,128.929993,120.830025,30112200.00
2019-05-17,128.309998,130.460007,127.919998,128.070007,120.024048,25770500.00
2019-05-20,126.519997,127.589996,125.760002,126.220001,118.290276,23706900.00
2019-05-21,127.430000,127.529999,126.580002,126.900002,118.927559,15293300.00
2019-05-22,126.620003,128.240005,126.519997,127.669998,119.649170,15396500.00
2019-05-23,126.199997,126.290001,124.739998,126.180000,118.252769,23603800.00
2019-05-24,126.910004,127.419998,125.970001,126.239998,118.309029,14123400.00
2019-05-28,126.980003,128.000000,126.050003,126.160004,118.234039,23128400.00
2019-05-29,125.379997,125.389999,124.040001,124.940002,117.090675,22763100.00
2019-05-30,125.260002,125.760002,124.779999,125.730003,117.831055,16829600.00
2019-05-31,124.230003,124.620003,123.320000,123.680000,115.909851,26646800.00
2019-06-03,123.849998,124.370003,119.010002,119.839996,112.311073,37983600.00
2019-06-04,121.279999,123.279999,120.650002,123.160004,115.422501,29382600.00
2019-06-05,124.949997,125.870003,124.209999,125.830002,117.924789,24926100.00
2019-06-06,126.440002,127.970001,125.599998,127.820000,119.789742,21459000.00
2019-06-07,129.190002,132.250000,128.259995,131.399994,123.144814,33885600.00
2019-06-10,132.399994,134.080002,132.000000,132.600006,124.269470,26477100.00
2019-06-11,133.880005,134.240005,131.279999,132.100006,123.800835,23913700.00
2019-06-12,131.399994,131.970001,130.710007,131.490005,123.229202,17092500.00
2019-06-13,131.979996,133.000000,131.559998,132.320007,124.007027,17200800.00
2019-06-14,132.259995,133.789993,131.639999,132.449997,124.128876,17821700.00
2019-06-17,132.630005,133.729996,132.529999,132.850006,124.503716,14517800.00
2019-06-18,134.190002,135.240005,133.570007,135.160004,126.668625,25934500.00
2019-06-19,135.000000,135.929993,133.809998,135.690002,127.165321,23744400.00
2019-06-20,137.449997,137.660004,135.720001,136.949997,128.346176,33042600.00
2019-06-21,136.580002,137.729996,136.460007,136.970001,128.364899,36727900.00
2019-06-24,137.000000,138.399994,137.000000,137.779999,129.124008,20628800.00
2019-06-25,137.250000,137.589996,132.729996,133.429993,125.047287,33327400.00
2019-06-26,134.350006,135.740005,133.600006,133.929993,125.515869,23657700.00
2019-06-27,134.139999,134.710007,133.509995,134.149994,125.722054,16557500.00
2019-06-28,134.570007,134.600006,133.160004,133.960007,125.544037,30043000.00
2019-07-01,136.630005,136.699997,134.970001,135.679993,127.155945,22613500.00
2019-07-02,136.119995,136.589996,135.339996,136.580002,127.999359,15237800.00
2019-07-03,136.800003,137.740005,136.289993,137.460007,128.824112,13629300.00
2019-07-05,135.940002,137.330002,135.720001,137.059998,128.449219,18141100.00
2019-07-08,136.399994,137.100006,135.369995,136.960007,128.355515,16779700.00
2019-07-09,136.000000,136.970001,135.800003,136.460007,127.886932,19953100.00
2019-07-10,137.130005,138.580002,137.020004,137.850006,129.189621,24204400.00
2019-07-11,138.199997,139.220001,137.869995,138.399994,129.705048,22327900.00
2019-07-12,138.850006,139.130005,138.009995,138.899994,130.173615,18936800.00
2019-07-15,139.440002,139.539993,138.460007,138.899994,130.173615,16651500.00
2019-07-16,138.960007,139.050003,136.520004,137.080002,128.468018,22726100.00
2019-07-17,137.699997,137.929993,136.220001,136.270004,127.708862,20211000.00
2019-07-18,135.550003,136.619995,134.669998,136.419998,127.849487,30381800.00
2019-07-19,140.220001,140.669998,136.449997,136.619995,128.036880,48992400.00
2019-07-22,137.410004,139.190002,137.330002,138.429993,129.733139,25074900.00
2019-07-23,139.759995,139.990005,138.029999,139.289993,130.539185,18034600.00
2019-07-24,138.899994,140.740005,138.850006,140.720001,131.879272,20738300.00
2019-07-25,140.429993,140.610001,139.320007,140.190002,131.382660,18356900.00
2019-07-26,140.369995,141.679993,140.300003,141.339996,132.460312,19037600.00
2019-07-29,141.500000,141.509995,139.369995,141.029999,132.169830,16605900.00
2019-07-30,140.139999,141.220001,139.800003,140.350006,131.532578,16846500.00
2019-07-31,140.330002,140.490005,135.080002,136.270004,127.708862,38598800.00
2019-08-01,137.000000,140.940002,136.929993,138.059998,129.386368,40557500.00
2019-08-02,138.089996,138.320007,135.259995,136.899994,128.299286,30791600.00
2019-08-05,133.300003,133.929993,130.779999,132.210007,123.903938,42749600.00
2019-08-06,133.800003,135.679993,133.210007,134.690002,126.228142,32696700.00
2019-08-07,133.789993,135.649994,131.830002,135.279999,126.781090,33414500.00
2019-08-08,136.600006,138.990005,135.929993,138.889999,130.164276,27496500.00
2019-08-09,138.610001,139.380005,136.460007,137.710007,129.058395,23466700.00
2019-08-12,137.070007,137.860001,135.240005,135.789993,127.259010,20484300.00
2019-08-13,136.050003,138.800003,135.000000,138.600006,129.892502,25154600.00
2019-08-14,136.360001,136.919998,133.669998,133.979996,125.980881,32527300.00
2019-08-15,134.389999,134.580002,132.250000,133.679993,125.698792,28074400.00
2019-08-16,134.880005,136.460007,134.720001,136.130005,128.002502,24449100.00
2019-08-19,137.850006,138.550003,136.889999,138.410004,130.146362,24355700.00
2019-08-20,138.210007,138.710007,137.240005,137.259995,129.065002,21170800.00
2019-08-21,138.550003,139.490005,138.000000,138.789993,130.503677,14970300.00
2019-08-22,138.660004,139.199997,136.289993,137.779999,129.553955,18697000.00
2019-08-23,137.190002,138.350006,132.800003,133.389999,125.426094,38508600.00
2019-08-26,134.990005,135.559998,133.899994,135.449997,127.363091,20312600.00
2019-08-27,136.389999,136.720001,134.660004,135.740005,127.635796,23102100.00
2019-08-28,134.880005,135.759995,133.550003,135.559998,127.466545,17393300.00
2019-08-29,137.250000,138.440002,136.910004,138.119995,129.873703,20168700.00
2019-08-30,139.149994,139.179993,136.270004,137.860001,129.629196,23940100.00
2019-09-03,136.610001,137.199997,135.699997,136.039993,127.917839,18869300.00
2019-09-04,137.300003,137.690002,136.479996,137.630005,129.412933,17995900.00
2019-09-05,139.110001,140.380005,138.759995,140.050003,131.688446,26101800.00
2019-09-06,140.029999,140.179993,138.199997,139.100006,130.795197,20824500.00
2019-09-09,139.589996,139.750000,136.460007,137.520004,129.309525,25773900.00
2019-09-10,136.800003,136.889999,134.509995,136.080002,127.955528,28903400.00
2019-09-11,135.910004,136.270004,135.089996,136.119995,127.993111,24726100.00
2019-09-12,137.850006,138.419998,136.869995,137.520004,129.309525,27010000.00
2019-09-13,137.779999,138.059998,136.570007,137.320007,129.121490,23363100.00
2019-09-16,135.830002,136.699997,135.660004,136.330002,128.190582,16731400.00
2019-09-17,136.960007,137.520004,136.429993,137.389999,129.187286,17814200.00
2019-09-18,137.360001,138.669998,136.529999,138.520004,130.249832,23982100.00
2019-09-19,140.300003,142.369995,140.070007,141.070007,132.647552,35772100.00
2019-09-20,141.009995,141.649994,138.250000,139.440002,131.114914,39167300.00
2019-09-23,139.229996,139.630005,138.440002,139.139999,130.832794,17139300.00
2019-09-24,140.360001,140.690002,136.880005,137.380005,129.177887,29773200.00
2019-09-25,137.500000,139.960007,136.029999,139.360001,131.039658,21382000.00
2019-09-26,139.440002,140.179993,138.440002,139.539993,131.208908,17456600.00
2019-09-27,140.149994,140.360001,136.649994,137.729996,129.507004,22477700.00
2019-09-30,138.050003,139.220001,137.779999,139.029999,130.729340,17280900.00
2019-10-01,139.660004,140.250000,137.000000,137.070007,128.886337,21466600.00
2019-10-02,136.250000,136.369995,133.580002,134.649994,126.610863,30521700.00
2019-10-03,134.949997,136.750000,133.220001,136.279999,128.143539,24132900.00
2019-10-04,136.750000,138.250000,136.419998,138.119995,129.873703,22897700.00
2019-10-07,137.139999,138.179993,137.020004,137.119995,128.933350,15303700.00
2019-10-08,137.080002,137.759995,135.619995,135.669998,127.569939,25550500.00
2019-10-09,137.460007,138.699997,136.970001,138.240005,129.986542,19749900.00
2019-10-10,138.490005,139.669998,138.250000,139.100006,130.795197,17654600.00
2019-10-11,140.119995,141.029999,139.500000,139.679993,131.340561,25446000.00
2019-10-14,139.690002,140.289993,139.520004,139.550003,131.218307,13304300.00
2019-10-15,140.059998,141.789993,139.809998,141.570007,133.117706,19695700.00
2019-10-16,140.789993,140.990005,139.529999,140.410004,132.026993,20751600.00
2019-10-17,140.949997,141.419998,139.020004,139.690002,131.349945,21460600.00
2019-10-18,139.759995,140.000000,136.559998,137.410004,129.206085,32273500.00
2019-10-21,138.449997,138.500000,137.009995,138.429993,130.165192,20078200.00
2019-10-22,138.970001,140.009995,136.259995,136.369995,128.228134,27431000.00
2019-10-23,136.880005,137.449997,135.610001,137.240005,129.046204,29844600.00
2019-10-24,139.389999,140.419998,138.669998,139.940002,131.585068,37029300.00
2019-10-25,139.339996,141.139999,139.199997,140.729996,132.327820,25959700.00
2019-10-28,144.399994,145.669998,143.509995,144.190002,135.581299,35280100.00
2019-10-29,144.080002,144.500000,142.649994,142.830002,134.302460,20589500.00
2019-10-30,143.520004,145.000000,142.789993,144.610001,135.976212,18496600.00
2019-10-31,144.899994,144.929993,142.990005,143.369995,134.810226,24605100.00
2019-11-01,144.259995,144.419998,142.970001,143.720001,135.139359,33128400.00
2019-11-04,144.830002,145.000000,144.160004,144.550003,135.919800,16912000.00
2019-11-05,144.970001,145.020004,143.910004,144.460007,135.835175,18250200.00
2019-11-06,144.369995,144.520004,143.199997,144.059998,135.459000,16575800.00
2019-11-07,143.839996,144.880005,143.770004,144.259995,135.647064,17786700.00
2019-11-08,143.979996,145.990005,143.759995,145.960007,137.245605,16732700.00
2019-11-11,145.339996,146.419998,144.729996,146.110001,137.386642,14362600.00
2019-11-12,146.279999,147.570007,146.059998,147.070007,138.289383,18641600.00
2019-11-13,146.740005,147.460007,146.279999,147.309998,138.514984,16919200.00
2019-11-14,147.020004,148.410004,147.000000,148.059998,139.220261,19729800.00
2019-11-15,148.929993,149.990005,148.270004,149.970001,141.016190,23485700.00
2019-11-18,150.070007,150.550003,148.979996,150.339996,141.364105,21534000.00
2019-11-19,150.880005,151.330002,150.199997,150.389999,141.411118,23935700.00
2019-11-20,150.309998,150.839996,148.460007,149.619995,141.165802,25696800.00
2019-11-21,149.399994,149.800003,148.500000,149.479996,141.033752,18576100.00
2019-11-22,150.070007,150.300003,148.820007,149.589996,141.137512,15901800.00
2019-11-25,150.000000,151.350006,149.919998,151.229996,142.684875,22420900.00
2019-11-26,151.360001,152.419998,151.320007,152.029999,143.439636,24620100.00
2019-11-27,152.330002,152.500000,151.520004,152.320007,143.713318,15184400.00
2019-11-29,152.100006,152.300003,151.279999,151.380005,142.826370,11977300.00
2019-12-02,151.809998,151.830002,148.320007,149.550003,141.099808,27418400.00
2019-12-03,147.490005,149.429993,146.649994,149.309998,140.873352,24066000.00
2019-12-04,150.139999,150.179993,149.199997,149.850006,141.382843,17574700.00
2019-12-05,150.050003,150.320007,149.479996,149.929993,141.458313,17869100.00
2019-12-06,150.990005,151.869995,150.270004,151.750000,143.175461,16403500.00
2019-12-09,151.070007,152.210007,150.910004,151.360001,142.807510,16687400.00
2019-12-10,151.289993,151.889999,150.759995,151.130005,142.590485,16476100.00
2019-12-11,151.539993,151.869995,150.330002,151.699997,143.128311,18856600.00
2019-12-12,151.649994,153.440002,151.020004,153.240005,144.581284,24612100.00
2019-12-13,153.000000,154.889999,152.830002,154.529999,145.798355,23845400.00
2019-12-16,155.110001,155.899994,154.820007,155.529999,146.741882,24144200.00
2019-12-17,155.449997,155.710007,154.449997,154.690002,145.949310,25425600.00
2019-12-18,154.300003,155.479996,154.179993,154.369995,145.647430,24129200.00
2019-12-19,154.000000,155.770004,153.750000,155.710007,146.911697,24958900.00
2019-12-20,157.350006,158.490005,156.289993,157.410004,148.515656,53477500.00
2019-12-23,158.119995,158.119995,157.270004,157.410004,148.515656,17718200.00
2019-12-24,157.479996,157.710007,157.119995,157.380005,148.487350,8989200.00
2019-12-26,157.559998,158.729996,157.399994,158.669998,149.704453,14520600.00
2019-12-27,159.449997,159.550003,158.220001,158.960007,149.978058,18412800.00
2019-12-30,158.990005,159.020004,156.729996,157.589996,148.685440,16348400.00
2019-12-31,156.770004,157.770004,156.449997,157.699997,148.789261,18369400.00
2020-01-02,158.779999,160.729996,158.330002,160.619995,151.544281,22622100.00
2020-01-03,158.320007,159.949997,158.059998,158.619995,149.657318,21116200.00
2020-01-06,157.080002,159.100006,156.509995,159.029999,150.044083,20813700.00
2020-01-07,159.320007,159.669998,157.320007,157.580002,148.676071,21634100.00
2020-01-08,158.929993,160.800003,157.949997,160.089996,151.044174,27746500.00
2020-01-09,161.839996,162.220001,161.029999,162.089996,152.931183,21385000.00
2020-01-10,162.820007,163.220001,161.179993,161.339996,152.223541,20725900.00
2020-01-13,161.759995,163.309998,161.259995,163.279999,154.053986,21626500.00
2020-01-14,163.389999,163.600006,161.720001,162.130005,152.968994,23477400.00
2020-01-15,162.619995,163.940002,162.570007,163.179993,153.959625,21417900.00
2020-01-16,164.350006,166.240005,164.029999,166.169998,156.780701,23865400.00
2020-01-17,167.419998,167.470001,165.429993,167.100006,157.658203,34371700.00
2020-01-21,166.679993,168.190002,166.429993,166.500000,157.092041,29517200.00
2020-01-22,167.399994,167.490005,165.679993,165.699997,156.337250,24138800.00
2020-01-23,166.190002,166.800003,165.270004,166.720001,157.299545,19680800.00
2020-01-24,167.509995,167.529999,164.449997,165.039993,155.714493,24918100.00
2020-01-27,161.149994,163.380005,160.199997,162.279999,153.110443,32078100.00
2020-01-28,163.779999,165.759995,163.070007,165.460007,156.110764,24899900.00
2020-01-29,167.839996,168.750000,165.690002,168.039993,158.544983,34754500.00
2020-01-30,174.050003,174.050003,170.789993,172.779999,163.017151,51597500.00
2020-01-31,172.210007,172.399994,169.580002,170.229996,160.611221,36142700.00
2020-02-03,170.429993,174.500000,170.399994,174.380005,164.526779,30107000.00
2020-02-04,177.139999,180.639999,176.309998,180.119995,169.942444,36433300.00
2020-02-05,184.029999,184.199997,178.410004,179.899994,169.734924,39186300.00
2020-02-06,180.970001,183.820007,180.059998,183.630005,173.254105,27751400.00
2020-02-07,182.850006,185.630005,182.479996,183.889999,173.499390,33529100.00
2020-02-10,183.580002,188.839996,183.250000,188.699997,178.037613,35844300.00
2020-02-11,190.649994,190.699997,183.500000,184.440002,174.018341,53159900.00
2020-02-12,185.580002,185.850006,181.850006,184.710007,174.273102,47062900.00
2020-02-13,183.080002,186.229996,182.869995,183.710007,173.329559,35295800.00
2020-02-14,183.250000,185.410004,182.649994,185.350006,174.876953,23149500.00
2020-02-18,185.610001,187.699997,185.500000,187.229996,176.650681,27792200.00
2020-02-19,188.059998,188.179993,186.470001,187.279999,177.180481,29997500.00
2020-02-20,186.949997,187.250000,181.100006,184.419998,174.474747,36862400.00
2020-02-21,183.169998,183.500000,177.250000,178.589996,168.959137,48572600.00
2020-02-24,167.770004,174.550003,163.229996,170.889999,161.674362,68311100.00
2020-02-25,174.199997,174.839996,167.649994,168.070007,159.006454,68073300.00
2020-02-26,169.710007,173.259995,168.210007,170.169998,160.993149,56206100.00
2020-02-27,163.320007,167.029999,157.979996,158.179993,149.649780,93174900.00
2020-02-28,152.410004,163.710007,152.000000,162.009995,153.273193,97012700.00
2020-03-02,165.309998,172.919998,162.309998,172.789993,163.471893,71030800.00
2020-03-03,173.800003,175.000000,162.259995,164.509995,155.638412,71677000.00
2020-03-04,168.490005,170.699997,165.619995,170.550003,161.352661,49814400.00
2020-03-05,166.050003,170.869995,165.690002,166.270004,157.303558,47817300.00
2020-03-06,162.610001,163.110001,156.000000,161.570007,152.856964,72821100.00
2020-03-09,151.000000,157.750000,150.000000,150.619995,142.497452,70419300.00
2020-03-10,158.160004,161.029999,152.580002,160.919998,152.242020,65354400.00
2020-03-11,157.130005,157.699997,151.149994,153.630005,145.345169,56371600.00
2020-03-12,145.300003,153.470001,138.580002,139.059998,131.560883,93226400.00
2020-03-13,147.500000,161.910004,140.729996,158.830002,150.264679,92727400.00
2020-03-16,140.000000,149.350006,135.000000,135.419998,128.117142,87905900.00
2020-03-17,140.000000,147.500000,135.000000,146.570007,138.665924,81059800.00
2020-03-18,138.000000,146.000000,135.020004,140.399994,132.828598,81593200.00
2020-03-19,142.770004,150.149994,139.000000,142.710007,135.014038,85922700.00
2020-03-20,146.000000,147.100006,135.860001,137.350006,129.943100,84866200.00
2020-03-23,137.009995,140.570007,132.520004,135.979996,128.646973,78975200.00
2020-03-24,143.750000,149.600006,141.270004,148.339996,140.340393,82516700.00
2020-03-25,148.910004,154.330002,144.440002,146.919998,138.996994,75638200.00
2020-03-26,148.399994,156.660004,148.369995,156.110001,147.691406,64568100.00
2020-03-27,151.750000,154.889999,149.199997,149.699997,141.627106,57042300.00
2020-03-30,152.440002,160.600006,150.009995,160.229996,151.589218,63420300.00
2020-03-31,159.399994,164.779999,156.559998,157.710007,149.205139,77927200.00
2020-04-01,153.000000,157.750000,150.820007,152.110001,143.907150,57969900.00
2020-04-02,151.860001,155.479996,150.360001,155.259995,146.887238,49630700.00
2020-04-03,155.100006,157.380005,152.190002,153.830002,145.534348,41243300.00
2020-04-06,160.320007,166.500000,157.580002,165.270004,156.357422,67111700.00
2020-04-07,169.589996,170.000000,163.259995,163.490005,154.673401,62769000.00
2020-04-08,165.669998,166.669998,163.500000,165.130005,156.225021,48318200.00
2020-04-09,166.360001,167.369995,163.330002,165.139999,156.234406,51385100.00
2020-04-13,164.350006,165.570007,162.300003,165.509995,156.584488,41905300.00
2020-04-14,169.000000,173.750000,168.000000,173.699997,164.332794,52874300.00
2020-04-15,171.199997,173.570007,169.240005,171.880005,162.610947,40940800.00
2020-04-16,174.300003,177.279999,172.899994,177.039993,167.492706,50479600.00
2020-04-17,179.500000,180.000000,175.869995,178.600006,168.968613,52765600.00
2020-04-20,176.630005,178.750000,174.990005,175.059998,165.619507,36669600.00
2020-04-21,173.500000,173.669998,166.110001,167.820007,158.769928,56203700.00
2020-04-22,171.389999,174.000000,170.820007,173.520004,164.162552,34620200.00
2020-04-23,174.110001,175.059998,170.910004,171.419998,162.175751,32790800.00
2020-04-24,172.059998,174.559998,170.710007,174.550003,165.136993,34277600.00
2020-04-27,176.589996,176.899994,173.300003,174.050003,164.663940,33194400.00
2020-04-28,175.589996,175.669998,169.389999,169.809998,160.652573,34392700.00
2020-04-29,173.220001,177.679993,171.880005,177.429993,167.861679,51286600.00
2020-04-30,180.000000,180.399994,176.229996,179.210007,169.545715,53875900.00
2020-05-01,175.800003,178.639999,174.009995,174.570007,165.155884,39370500.00
2020-05-04,174.490005,179.000000,173.800003,178.839996,169.195648,30372900.00
2020-05-05,180.619995,183.649994,179.899994,180.759995,171.012100,36839200.00
2020-05-06,182.080002,184.199997,181.630005,182.539993,172.696106,32139300.00
2020-05-07,184.169998,184.550003,182.580002,183.600006,173.698929,28316000.00
2020-05-08,184.979996,185.000000,183.360001,184.679993,174.720703,30877800.00
2020-05-11,183.149994,187.509995,182.850006,186.740005,176.669601,30892700.00
2020-05-12,186.800003,187.039993,182.300003,182.509995,172.667740,32038200.00
2020-05-13,182.550003,184.050003,176.539993,179.750000,170.056595,44711500.00
2020-05-14,177.539993,180.690002,175.679993,180.529999,170.794479,41873900.00
2020-05-15,179.059998,187.059998,177.000000,183.160004,173.282654,46610400.00
2020-05-18,185.750000,186.199997,183.960007,184.910004,174.938263,35264500.00
2020-05-19,185.029999,186.600006,183.490005,183.630005,173.727371,26799100.00
2020-05-20,184.809998,185.850006,183.940002,185.660004,176.137085,31261300.00
2020-05-21,185.399994,186.669998,183.289993,183.429993,174.021423,29119500.00
2020-05-22,183.190002,184.460007,182.539993,183.509995,174.097321,20826900.00
2020-05-26,186.339996,186.500000,181.100006,181.570007,172.256805,36073600.00
2020-05-27,180.199997,181.990005,176.600006,181.809998,172.484528,39517100.00
2020-05-28,180.740005,184.149994,180.380005,181.399994,172.095520,33810200.00
2020-05-29,182.729996,184.270004,180.410004,183.250000,173.850677,42130400.00
2020-06-01,182.539993,183.000000,181.460007,182.830002,173.452194,22622400.00
2020-06-02,184.250000,185.000000,181.350006,184.910004,175.425507,30794600.00
2020-06-03,184.820007,185.940002,183.580002,185.360001,175.852448,27311000.00
2020-06-04,184.300003,185.839996,182.300003,182.919998,173.537613,28761800.00
2020-06-05,182.619995,187.729996,182.009995,187.199997,177.598053,39893600.00
2020-06-08,185.940002,188.550003,184.440002,188.360001,178.698578,33211600.00
2020-06-09,188.000000,190.699997,187.259995,189.800003,180.064713,29783900.00
2020-06-10,191.130005,198.520004,191.009995,196.839996,186.743591,43872300.00
2020-06-11,193.130005,195.759995,186.070007,186.270004,176.715775,52854700.00
2020-06-12,190.539993,191.720001,185.179993,187.740005,178.110367,43373600.00
2020-06-15,184.580002,190.820007,184.009995,188.940002,179.248810,32770200.00
2020-06-16,192.889999,195.580002,191.460007,193.570007,183.641312,42556700.00
2020-06-17,195.029999,196.320007,193.690002,194.240005,184.276947,25687800.00
2020-06-18,194.000000,196.490005,194.000000,196.320007,186.250229,23061600.00
2020-06-19,198.589996,199.289993,194.369995,195.149994,185.140305,44441100.00
2020-06-22,195.789993,200.759995,195.229996,200.570007,190.282272,32818900.00
2020-06-23,202.089996,203.949997,201.429993,201.910004,191.553558,30917400.00
2020-06-24,201.600006,203.250000,196.559998,197.839996,187.692322,36740600.00
2020-06-25,197.800003,200.610001,195.470001,200.339996,190.064087,27803900.00
2020-06-26,199.729996,199.889999,194.880005,196.330002,186.259750,54675800.00
2020-06-29,195.779999,198.529999,193.550003,198.440002,188.261551,26701600.00
2020-06-30,197.880005,204.399994,197.740005,203.509995,193.071472,34310300.00
2020-07-01,203.139999,206.350006,201.770004,204.699997,194.200439,32061200.00
2020-07-02,205.679993,208.020004,205.000000,206.259995,195.680435,29315800.00
2020-07-06,208.830002,211.130005,208.089996,210.699997,199.892700,31897600.00
2020-07-07,210.449997,214.669998,207.990005,208.250000,197.568344,33600700.00
2020-07-08,210.070007,213.259995,208.690002,212.830002,201.913452,33600000.00
2020-07-09,216.330002,216.380005,211.470001,214.320007,203.327011,33121700.00
2020-07-10,213.619995,214.080002,211.080002,213.669998,202.710358,26177600.00
2020-07-13,214.479996,215.800003,206.500000,207.070007,196.448868,38135600.00
2020-07-14,206.130005,208.850006,202.029999,208.350006,197.663239,37591800.00
2020-07-15,209.559998,211.330002,205.029999,208.039993,197.369095,32179400.00
2020-07-16,205.399994,205.699997,202.309998,203.919998,193.460449,29940700.00
2020-07-17,204.470001,205.039993,201.389999,202.880005,192.473785,31635300.00
2020-07-20,205.000000,212.300003,203.009995,211.600006,200.746490,36884800.00
2020-07-21,213.660004,213.940002,208.029999,208.750000,198.042740,37990400.00
2020-07-22,209.199997,212.300003,208.389999,211.750000,200.888794,49605700.00
2020-07-23,207.190002,210.919998,202.149994,202.539993,192.151215,67457000.00
2020-07-24,200.419998,202.860001,197.509995,201.300003,190.974838,39827000.00
2020-07-27,201.470001,203.970001,200.860001,203.850006,193.394058,30160900.00
2020-07-28,203.610001,204.699997,201.740005,202.020004,191.657898,23251400.00
2020-07-29,202.500000,204.649994,202.009995,204.059998,193.593246,19632600.00
2020-07-30,201.000000,204.460007,199.570007,203.899994,193.441467,25079600.00
2020-07-31,204.399994,205.100006,199.009995,205.009995,194.494507,51044000.00
2020-08-03,211.520004,217.639999,210.440002,216.539993,205.433182,78983000.00
2020-08-04,214.169998,214.770004,210.309998,213.289993,202.349823,49280100.00
2020-08-05,214.899994,215.000000,211.570007,212.940002,202.017761,28806400.00
2020-08-06,212.339996,216.369995,211.550003,216.350006,205.252899,32656800.00
2020-08-07,214.850006,215.699997,210.929993,212.479996,201.581375,27820400.00
2020-08-10,211.669998,211.880005,206.350006,208.250000,197.568344,36716500.00
2020-08-11,207.160004,207.649994,203.139999,203.380005,192.948151,36446500.00
2020-08-12,205.289993,210.279999,204.750000,209.190002,198.460114,28013100.00
2020-08-13,209.440002,211.350006,208.149994,208.699997,197.995300,22588900.00
2020-08-14,208.759995,209.589996,207.509995,208.899994,198.185013,17958900.00
2020-08-17,209.600006,211.190002,208.919998,210.279999,199.494217,20184800.00
2020-08-18,210.529999,212.360001,209.210007,211.490005,200.642136,21336200.00
2020-08-19,211.490005,212.100006,209.250000,209.699997,199.424911,27627600.00
2020-08-20,209.539993,215.000000,208.910004,214.580002,204.065750,26981500.00
2020-08-21,213.860001,216.250000,212.850006,213.020004,202.582245,36249300.00
2020-08-24,214.789993,215.520004,212.429993,213.690002,203.219391,25460100.00
2020-08-25,213.100006,216.610001,213.100006,216.470001,205.863174,23043700.00
2020-08-26,217.880005,222.089996,217.360001,221.149994,210.313843,39600800.00
2020-08-27,222.889999,231.149994,219.399994,226.580002,215.477768,57602200.00
2020-08-28,228.179993,230.639999,226.580002,228.910004,217.693619,26292900.00
2020-08-31,227.000000,228.699997,224.309998,225.529999,214.479233,28774200.00
2020-09-01,225.509995,227.449997,224.429993,227.270004,216.133972,25725500.00
2020-09-02,227.970001,232.860001,227.350006,231.649994,220.299301,34080800.00
2020-09-03,229.270004,229.309998,214.960007,217.300003,206.652512,58400300.00
2020-09-04,215.100006,218.360001,205.190002,214.250000,203.751953,59664100.00
2020-09-08,206.500000,210.029999,202.199997,202.660004,192.729828,52924300.00
2020-09-09,207.600006,214.839996,206.699997,211.289993,200.936966,45679000.00
2020-09-10,213.399994,214.740005,204.110001,205.369995,195.307053,35461500.00
2020-09-11,207.199997,208.630005,201.240005,204.029999,194.032715,33620100.00
2020-09-14,204.240005,209.199997,204.029999,205.410004,195.345093,30375800.00
2020-09-15,208.419998,209.779999,206.929993,208.779999,198.549988,21823900.00
2020-09-16,210.619995,210.649994,204.639999,205.050003,195.002716,26328100.00
2020-09-17,200.050003,204.330002,199.960007,202.910004,192.967606,34011300.00
2020-09-18,202.800003,203.649994,196.250000,200.389999,190.571075,55225300.00
2020-09-21,197.190002,202.710007,196.380005,202.539993,192.615692,39839700.00
2020-09-22,205.059998,208.100006,202.080002,207.419998,197.256607,33517100.00
2020-09-23,207.899994,208.100006,200.029999,200.589996,190.761276,30803800.00
2020-09-24,199.850006,205.570007,199.199997,203.190002,193.233887,31202500.00
2020-09-25,203.550003,209.039993,202.539993,207.820007,197.637024,29437300.00
2020-09-28,210.880005,212.570007,208.059998,209.440002,199.177658,32004900.00
2020-09-29,209.350006,210.070007,206.809998,207.259995,197.104446,24221900.00
2020-09-30,207.729996,211.979996,206.539993,210.330002,200.024033,33829100.00
2020-10-01,213.490005,213.990005,211.320007,212.460007,202.049637,27158400.00
2020-10-02,208.000000,210.990005,205.539993,206.190002,196.086884,33154800.00
2020-10-05,207.220001,210.410004,206.979996,210.380005,200.071579,21331600.00
2020-10-06,208.820007,210.179993,204.820007,205.910004,195.820602,28554300.00
2020-10-07,207.059998,210.110001,206.720001,209.830002,199.548553,25681100.00
2020-10-08,210.509995,211.190002,208.320007,210.580002,200.261749,19925800.00
2020-10-09,211.229996,215.860001,211.229996,215.809998,205.235458,26458000.00
2020-10-12,218.789993,223.860001,216.809998,221.399994,210.551575,40461400.00
2020-10-13,222.720001,225.210007,220.429993,222.860001,211.940033,28950800.00
2020-10-14,223.000000,224.220001,219.130005,220.860001,210.038040,23421700.00
2020-10-15,217.100006,220.360001,216.009995,219.660004,208.896881,22733100.00
2020-10-16,220.149994,222.289993,219.320007,219.660004,208.896881,26057900.00
2020-10-19,220.419998,222.300003,213.720001,214.220001,203.723373,27625800.00
2020-10-20,215.800003,217.369995,213.089996,214.649994,204.132339,22753500.00
2020-10-21,213.119995,216.919998,213.119995,214.800003,204.275009,22724900.00
2020-10-22,213.929993,216.059998,211.699997,214.889999,204.360580,22351500.00
2020-10-23,215.029999,216.279999,213.160004,216.229996,205.634918,18879600.00
2020-10-26,213.850006,216.339996,208.100006,210.080002,199.786240,37111600.00
2020-10-27,211.589996,214.669998,210.330002,213.250000,202.800949,36700300.00
2020-10-28,207.669998,208.839996,202.100006,202.679993,192.748886,51195600.00
2020-10-29,204.070007,207.360001,203.369995,204.720001,194.688873,31432600.00
2020-10-30,203.500000,204.289993,199.619995,202.470001,192.549149,36953700.00
2020-11-02,204.289993,205.279999,200.119995,202.330002,192.416016,30842200.00
2020-11-03,203.889999,208.119995,203.119995,206.429993,196.315109,27512000.00
2020-11-04,214.020004,218.320007,212.419998,216.389999,205.787079,42311800.00
2020-11-05,222.039993,224.119995,221.149994,223.289993,212.348938,36080100.00
2020-11-06,222.259995,224.360001,218.029999,223.720001,212.757889,25231900.00
2020-11-09,224.440002,228.119995,217.880005,218.389999,207.689102,44395000.00
2020-11-10,214.500000,216.500000,209.720001,211.009995,200.670715,44045100.00
2020-11-11,212.389999,218.039993,212.199997,216.550003,205.939270,29440800.00
2020-11-12,217.210007,219.110001,214.460007,215.440002,204.883636,21593900.00
2020-11-13,216.360001,217.419998,214.160004,216.509995,205.901230,18621100.00
2020-11-16,214.869995,217.740005,214.520004,217.229996,206.585922,24953300.00
2020-11-17,216.100006,217.679993,214.080002,214.460007,203.951645,24154100.00
2020-11-18,213.649994,215.169998,210.929993,211.080002,201.262848,28372800.00
2020-11-19,211.380005,213.029999,209.929993,212.419998,202.540482,24792700.00
2020-11-20,212.199997,213.289993,210.000000,210.389999,200.604889,22843100.00
2020-11-23,210.949997,212.289993,208.160004,210.110001,200.337936,25683500.00
2020-11-24,209.589996,214.250000,208.860001,213.860001,203.913498,33979700.00
2020-11-25,215.110001,215.289993,212.460007,213.869995,203.923019,21012900.00
2020-11-27,214.850006,216.270004,214.039993,215.229996,205.219788,14512200.00
2020-11-30,214.100006,214.759995,210.839996,214.070007,204.113754,33064800.00
2020-12-01,214.509995,217.320007,213.350006,216.210007,206.154236,30904500.00
2020-12-02,214.880005,215.470001,212.800003,215.369995,205.353271,23724500.00
2020-12-03,214.610001,216.380005,213.649994,214.240005,204.275848,25120900.00
2020-12-04,214.220001,215.380005,213.179993,214.360001,204.390244,24666000.00
2020-12-07,214.369995,215.539993,212.990005,214.289993,204.323517,24620000.00
2020-12-08,213.970001,216.949997,212.889999,216.009995,205.963501,23284100.00
2020-12-09,215.160004,215.229996,211.210007,211.800003,201.949356,32440600.00
2020-12-10,211.770004,213.080002,210.360001,210.520004,200.728867,26733300.00
2020-12-11,210.050003,213.320007,209.110001,213.259995,203.341431,30979400.00
2020-12-14,213.100006,216.210007,212.880005,214.199997,204.237686,28798400.00
2020-12-15,215.169998,215.419998,212.240005,214.130005,204.170975,27000600.00
2020-12-16,214.750000,220.110001,214.720001,219.279999,209.081451,35023300.00
2020-12-17,219.869995,220.889999,217.919998,219.419998,209.214920,32515800.00
2020-12-18,218.589996,219.690002,216.020004,218.589996,208.423508,63354900.00
2020-12-21,217.550003,224.000000,217.279999,222.589996,212.237427,37181900.00
2020-12-22,222.690002,225.630005,221.850006,223.940002,213.524673,22612200.00
2020-12-23,223.110001,223.559998,220.800003,221.020004,210.740524,18699600.00
2020-12-24,221.419998,223.610001,221.199997,222.750000,212.390045,10550600.00
2020-12-28,224.449997,226.029999,223.020004,224.960007,214.497253,17933500.00
2020-12-29,226.309998,227.179993,223.580002,224.149994,213.724899,17403200.00
2020-12-30,225.229996,225.630005,221.470001,221.679993,211.369781,20272300.00
2020-12-31,221.699997,223.000000,219.679993,222.419998,212.075439,20942100.00
2021-01-04,222.529999,223.000000,214.809998,217.690002,207.565399,37130100.00
2021-01-05,217.259995,218.520004,215.699997,217.899994,207.765656,23823000.00
2021-01-06,212.169998,216.490005,211.940002,212.250000,202.378418,35930700.00
2021-01-07,214.039993,219.339996,213.710007,218.289993,208.137451,27694500.00
2021-01-08,218.679993,220.580002,217.029999,219.619995,209.405594,22956200.00
2021-01-11,218.470001,218.910004,216.729996,217.490005,207.374680,23031300.00
2021-01-12,216.500000,217.100006,213.320007,214.929993,204.933701,23249300.00
2021-01-13,214.020004,216.759995,213.929993,216.339996,206.278198,20087100.00
2021-01-14,215.910004,217.460007,212.740005,213.020004,203.112610,29480800.00
2021-01-15,213.520004,214.509995,212.029999,212.649994,202.759781,31746500.00
2021-01-19,213.750000,216.979996,212.630005,216.440002,206.373505,30480900.00
2021-01-20,217.699997,225.789993,217.289993,224.339996,213.906082,37777300.00
2021-01-21,224.699997,226.300003,222.419998,224.970001,214.506775,30709400.00
2021-01-22,227.080002,230.070007,225.800003,225.949997,215.441208,30172700.00
2021-01-25,229.119995,229.779999,224.220001,229.529999,218.854721,33152100.00
2021-01-26,231.860001,234.179993,230.080002,232.330002,221.524490,49169600.00
2021-01-27,238.000000,240.440002,230.139999,232.899994,222.067947,69870600.00
2021-01-28,235.610001,242.639999,235.089996,238.929993,227.817535,49111200.00
2021-01-29,235.990005,238.020004,231.350006,231.960007,221.171722,42503100.00
2021-02-01,235.059998,242.500000,232.429993,239.649994,228.503998,33314200.00
2021-02-02,241.300003,242.309998,238.690002,239.509995,228.370544,25916300.00
2021-02-03,239.570007,245.089996,239.259995,243.000000,231.698227,27158100.00
2021-02-04,242.660004,243.240005,240.369995,242.009995,230.754288,25296100.00
2021-02-05,242.229996,243.279999,240.419998,242.199997,230.935425,18054800.00
2021-02-08,243.149994,243.679993,240.809998,242.470001,231.192841,22211900.00
2021-02-09,241.869995,244.759995,241.380005,243.770004,232.432388,23565000.00
2021-02-10,245.000000,245.919998,240.889999,242.820007,231.526581,22186700.00
2021-02-11,244.779999,245.149994,242.149994,244.490005,233.118942,15751100.00
2021-02-12,243.929993,245.300003,242.729996,244.990005,233.595703,16561100.00
2021-02-16,245.029999,246.130005,242.919998,243.699997,232.365677,26728500.00
2021-02-17,241.320007,244.309998,240.940002,244.199997,233.378693,21653500.00
2021-02-18,241.800003,243.929993,240.860001,243.789993,232.986847,16925600.00
2021-02-19,243.750000,243.860001,240.179993,240.970001,230.291809,25262600.00
2021-02-22,237.419998,237.929993,232.399994,234.509995,224.118103,36446900.00
2021-02-23,230.330002,234.830002,228.729996,233.270004,222.933014,30228700.00
2021-02-24,230.009995,235.199997,229.000000,234.550003,224.156311,26339700.00
2021-02-25,232.080002,234.589996,227.880005,228.990005,218.842682,39542200.00
2021-02-26,231.529999,235.369995,229.539993,232.380005,222.082504,37819200.00
2021-03-01,235.899994,237.470001,233.149994,236.940002,226.440399,25324000.00
2021-03-02,237.009995,237.300003,233.449997,233.869995,223.506424,22812500.00
2021-03-03,232.160004,233.580002,227.259995,227.559998,217.476105,34029500.00
2021-03-04,226.740005,232.490005,224.259995,226.729996,216.682877,44727800.00
2021-03-05,229.520004,233.270004,226.460007,231.600006,221.337067,41872800.00
2021-03-08,231.369995,233.369995,227.130005,227.389999,217.313614,35267400.00
2021-03-09,232.880005,235.380005,231.669998,233.779999,223.420425,33080500.00
2021-03-10,237.000000,237.000000,232.039993,232.419998,222.120697,29746800.00
2021-03-11,234.960007,239.169998,234.309998,237.130005,226.622009,29907600.00
2021-03-12,234.009995,235.820007,233.229996,235.750000,225.303177,22653700.00
2021-03-15,234.960007,235.190002,231.809998,234.809998,224.404800,26034900.00
2021-03-16,236.279999,240.059998,235.940002,237.710007,227.176270,28092200.00
2021-03-17,236.149994,238.550003,233.229996,237.039993,226.535965,29562100.00
2021-03-18,232.559998,234.190002,230.330002,230.720001,220.496048,34833000.00
2021-03-19,231.020004,232.470001,229.350006,230.350006,220.142441,46430700.00
2021-03-22,230.270004,236.899994,230.139999,235.990005,225.532501,30127000.00
2021-03-23,237.490005,241.050003,237.070007,237.580002,227.052032,31638400.00
2021-03-24,237.850006,238.000000,235.320007,235.460007,225.026016,25620100.00
2021-03-25,235.300003,236.940002,231.570007,232.339996,222.044220,34061900.00
2021-03-26,231.550003,236.710007,231.550003,236.479996,226.000793,25479900.00
2021-03-29,236.589996,236.800003,231.880005,235.240005,224.815750,25227500.00
2021-03-30,233.529999,233.850006,231.100006,231.850006,221.575958,24792000.00
2021-03-31,232.910004,239.100006,232.389999,235.770004,225.322235,43623500.00
2021-04-01,238.470001,242.839996,238.050003,242.350006,231.610657,30338000.00
2021-04-05,242.759995,249.960007,242.699997,249.070007,238.032898,36910600.00
2021-04-06,247.610001,249.399994,246.880005,247.860001,236.876511,22931900.00
2021-04-07,247.809998,250.929993,247.190002,249.899994,238.826080,22719800.00
2021-04-08,252.770004,254.139999,252.000000,253.250000,242.027679,23625200.00
2021-04-09,252.869995,255.990005,252.440002,255.850006,244.512482,24326800.00
2021-04-12,254.710007,257.670013,254.619995,255.910004,244.569778,27148700.00
2021-04-13,257.260010,259.190002,256.829987,258.489990,247.035431,23837500.00
2021-04-14,257.480011,258.829987,255.160004,255.589996,244.263962,23070900.00
2021-04-15,257.929993,259.929993,257.730011,259.500000,248.000732,25627500.00
2021-04-16,259.470001,261.000000,257.600006,260.739990,249.185715,24878600.00
2021-04-19,260.190002,261.480011,257.820007,258.739990,247.274368,23209300.00
2021-04-20,257.820007,260.200012,256.839996,258.260010,246.815659,19722900.00
2021-04-21,258.940002,260.679993,257.250000,260.579987,249.032822,24030400.00
2021-04-22,260.209991,261.779999,255.639999,257.170013,245.773987,25606200.00
2021-04-23,257.880005,261.510010,257.269989,261.149994,249.577591,21462600.00
2021-04-26,261.660004,262.440002,260.170013,261.549988,249.959854,19763300.00
2021-04-27,261.579987,263.190002,260.119995,261.970001,250.361252,31014200.00
2021-04-28,256.079987,256.540009,252.949997,254.559998,243.279617,46903100.00
2021-04-29,255.460007,256.100006,249.000000,252.509995,241.320419,40589000.00
2021-04-30,249.740005,253.080002,249.600006,252.179993,241.005066,30945100.00
2021-05-03,253.399994,254.350006,251.119995,251.860001,240.699234,19626600.00
2021-05-04,250.970001,251.210007,245.759995,247.789993,236.809601,32756100.00
2021-05-05,249.059998,249.500000,245.820007,246.470001,235.548111,21901300.00
2021-05-06,246.449997,249.860001,244.690002,249.729996,238.663620,26491100.00
2021-05-07,252.149994,254.300003,251.169998,252.460007,241.272675,27032900.00
2021-05-10,250.869995,251.729996,247.119995,247.179993,236.226624,29299900.00
2021-05-11,244.550003,246.600006,242.570007,246.229996,235.318710,33641600.00
2021-05-12,242.169998,244.380005,238.070007,239.000000,228.409119,36684400.00
2021-05-13,241.800003,245.600006,241.419998,243.029999,232.260559,29624300.00
2021-05-14,245.580002,249.179993,245.490005,248.149994,237.153641,23901100.00
2021-05-17,246.550003,246.589996,243.520004,245.179993,234.315247,24970200.00
2021-05-18,246.270004,246.410004,242.899994,243.080002,232.308319,20168000.00
2021-05-19,239.309998,243.229996,238.600006,243.119995,232.883041,25739800.00
2021-05-20,243.960007,247.949997,243.860001,246.479996,236.101547,21800700.00
2021-05-21,247.570007,248.330002,244.740005,245.169998,234.846771,21863100.00
2021-05-24,247.789993,251.160004,247.509995,250.779999,240.220535,21411500.00
2021-05-25,251.770004,252.750000,250.820007,251.720001,241.120956,17704300.00
2021-05-26,251.429993,252.940002,250.750000,251.490005,240.900620,17771600.00
2021-05-27,251.169998,251.479996,249.250000,249.309998,238.812408,24426200.00
2021-05-28,251.000000,252.080002,249.559998,249.679993,239.166824,18270200.00
2021-06-01,251.229996,251.289993,246.960007,247.399994,236.982834,23213300.00
2021-06-02,248.130005,249.270004,245.839996,247.300003,236.887054,19406700.00
2021-06-03,245.220001,246.339996,243.000000,245.710007,235.363968,25307700.00
2021-06-04,247.759995,251.649994,247.509995,250.789993,240.230087,25281100.00
2021-06-07,249.979996,254.089996,249.809998,253.809998,243.122940,23079200.00
2021-06-08,255.160004,256.010010,252.509995,252.570007,241.935165,22455000.00
2021-06-09,253.809998,255.529999,253.210007,253.589996,242.912201,17937600.00
2021-06-10,254.289993,257.459991,253.669998,257.239990,246.408463,24563600.00
2021-06-11,257.989990,258.489990,256.609985,257.890015,247.031158,18999700.00
2021-06-14,257.899994,259.950012,256.799988,259.890015,248.946930,19150500.00
2021-06-15,259.769989,259.989990,257.679993,258.359985,247.481354,18038900.00
2021-06-16,259.399994,260.579987,254.419998,257.380005,246.542633,27220000.00
2021-06-17,256.070007,261.750000,256.010010,260.899994,249.914383,27565500.00
2021-06-18,259.630005,262.299988,258.750000,259.429993,248.506287,37202200.00
2021-06-21,259.820007,263.519989,257.920013,262.630005,251.571503,26696100.00
2021-06-22,262.720001,265.790009,262.399994,265.510010,254.330307,24694100.00
2021-06-23,265.989990,266.829987,264.429993,265.269989,254.100357,19518700.00
2021-06-24,266.160004,267.850006,265.470001,266.690002,255.460648,21446900.00
2021-06-25,266.230011,267.250000,264.760010,265.019989,253.860916,25611100.00
2021-06-28,266.190002,268.899994,265.910004,268.720001,257.405090,19590000.00
2021-06-29,268.869995,271.649994,267.980011,271.399994,259.972290,19937800.00
2021-06-30,270.690002,271.359985,269.600006,270.899994,259.493317,21656500.00
2021-07-01,269.609985,271.839996,269.600006,271.600006,260.163910,16725300.00
2021-07-02,272.820007,278.000000,272.500000,277.649994,265.959106,26458000.00
2021-07-06,278.029999,279.369995,274.299988,277.660004,265.968628,31565600.00
2021-07-07,279.399994,280.690002,277.149994,279.929993,268.143066,23260000.00
2021-07-08,276.899994,278.730011,274.869995,277.420013,265.738861,24618600.00
2021-07-09,275.720001,278.049988,275.320007,277.940002,266.236938,23916700.00
2021-07-12,279.160004,279.769989,276.579987,277.320007,265.643036,18931700.00
2021-07-13,277.519989,282.850006,277.390015,280.980011,269.148956,26120100.00
2021-07-14,282.350006,283.660004,280.549988,282.510010,270.614502,23113700.00
2021-07-15,282.000000,282.510010,279.829987,281.029999,269.196747,22604200.00
2021-07-16,282.070007,284.100006,279.459991,280.750000,268.928650,26186800.00
2021-07-19,278.929993,280.369995,274.450012,277.010010,265.346100,32935600.00
2021-07-20,278.029999,280.970001,276.260010,279.320007,267.558807,26259700.00
2021-07-21,278.899994,281.519989,277.290009,281.399994,269.551178,24364300.00
2021-07-22,283.839996,286.420013,283.420013,286.140015,274.091705,23384100.00
2021-07-23,287.369995,289.989990,286.500000,289.670013,277.472961,22768100.00
2021-07-26,289.000000,289.690002,286.640015,289.049988,276.879089,23176100.00
2021-07-27,289.429993,289.579987,282.950012,286.540009,274.474792,33604100.00
2021-07-28,288.989990,290.149994,283.829987,286.220001,274.168274,33566900.00
2021-07-29,286.239990,288.619995,286.079987,286.500000,274.436554,18168300.00
2021-07-30,285.170013,286.660004,283.910004,284.910004,272.913422,20944800.00
2021-08-02,286.359985,286.769989,283.739990,284.820007,272.827209,16267400.00
2021-08-03,285.420013,287.230011,284.000000,287.119995,275.030365,17879000.00
2021-08-04,286.220001,287.589996,284.649994,286.510010,274.446106,16191300.00
2021-08-05,286.880005,289.630005,286.100006,289.519989,277.329346,13900200.00
2021-08-06,288.510010,289.500000,287.619995,289.459991,277.271881,16589300.00
2021-08-09,289.750000,291.549988,287.809998,288.329987,276.189392,16117600.00
2021-08-10,288.799988,289.250000,285.200012,286.440002,274.378998,18616600.00
2021-08-11,287.209991,288.660004,285.859985,286.950012,274.867523,13955900.00
2021-08-12,286.630005,289.970001,286.339996,289.809998,277.607086,14561300.00
2021-08-13,289.480011,292.899994,289.299988,292.850006,280.519104,18249000.00
2021-08-16,293.190002,294.820007,290.019989,294.600006,282.195404,22507600.00
2021-08-17,292.390015,293.429993,291.079987,293.079987,280.739380,20075300.00
2021-08-18,292.040009,294.820007,290.269989,290.730011,279.021484,21813000.00
2021-08-19,288.690002,297.470001,288.640015,296.769989,284.818176,29850500.00
2021-08-20,299.720001,305.839996,298.059998,304.359985,292.102539,40817600.00
2021-08-23,303.250000,305.399994,301.850006,304.649994,292.380859,22830200.00
2021-08-24,305.019989,305.649994,302.000000,302.619995,290.432709,18175800.00
2021-08-25,304.299988,304.589996,300.420013,302.010010,289.847290,20006100.00
2021-08-26,300.989990,302.429993,298.950012,299.089996,287.044861,17666100.00
2021-08-27,298.989990,300.869995,296.829987,299.720001,287.649445,22605700.00
2021-08-30,301.119995,304.220001,301.059998,303.589996,291.363647,16348100.00
2021-08-31,304.420013,304.500000,301.500000,301.880005,289.722382,26285300.00
2021-09-01,302.869995,305.190002,301.489990,301.829987,289.674408,18983800.00
2021-09-02,302.200012,303.359985,300.179993,301.149994,289.021820,16285600.00
2021-09-03,300.989990,302.600006,300.260010,301.140015,289.012329,14747900.00
2021-09-07,301.010010,301.089996,298.200012,300.179993,288.090973,17180400.00
2021-09-08,299.779999,300.609985,297.470001,300.209991,288.119781,15046800.00
2021-09-09,300.820007,302.140015,297.000000,297.250000,285.278992,19927000.00
2021-09-10,298.420013,299.920013,295.380005,295.709991,283.800995,19633400.00
2021-09-13,297.549988,298.540009,294.079987,296.989990,285.029419,23652900.00
2021-09-14,299.559998,301.390015,298.100006,299.790009,287.716644,21853400.00
2021-09-15,303.260010,305.320007,301.820007,304.820007,292.544067,28356300.00
2021-09-16,303.760010,305.309998,300.760010,305.220001,292.927948,19550800.00
2021-09-17,304.170013,304.500000,299.529999,299.869995,287.793427,41372500.00
2021-09-20,296.329987,298.720001,289.519989,294.299988,282.447723,38278700.00
2021-09-21,295.690002,297.540009,294.070007,294.799988,282.927582,22364100.00
2021-09-22,296.730011,300.220001,294.510010,298.579987,286.555328,26626300.00
2021-09-23,298.850006,300.899994,297.529999,299.559998,287.495941,18604600.00
2021-09-24,298.230011,299.799988,296.929993,299.350006,287.294373,14999000.00
2021-09-27,296.140015,296.470001,292.940002,294.170013,282.322998,23571700.00
2021-09-28,289.799988,290.779999,282.750000,283.519989,272.101868,43186200.00
2021-09-29,285.100006,286.769989,283.010010,284.000000,272.562592,26353700.00
2021-09-30,285.709991,287.829987,281.619995,281.920013,270.566315,32343600.00
2021-10-01,282.119995,289.980011,281.290009,289.100006,277.457123,30086300.00
2021-10-04,287.399994,287.750000,280.250000,283.109985,271.708344,31350700.00
2021-10-05,284.049988,290.399994,284.049988,288.760010,277.130859,24993000.00
2021-10-06,285.779999,293.630005,285.510010,293.109985,281.305664,28002600.00
2021-10-07,295.179993,296.640015,293.920013,294.850006,282.975586,20430500.00
2021-10-08,296.220001,296.640015,293.760010,294.850006,282.975586,17685700.00
2021-10-11,292.920013,297.970001,292.750000,294.230011,282.380585,19298600.00
2021-10-12,295.339996,295.440002,292.350006,292.880005,281.084930,17974100.00
2021-10-13,294.910004,297.279999,293.489990,296.309998,284.376770,23416300.00
2021-10-14,299.209991,303.269989,297.829987,302.750000,290.557465,27262900.00
2021-10-15,302.339996,304.450012,300.519989,304.209991,291.958618,25384800.00
2021-10-18,303.570007,308.209991,302.690002,307.290009,294.914642,22729300.00
2021-10-19,308.350006,309.299988,307.220001,308.230011,295.816803,17682100.00
2021-10-20,309.209991,309.700012,306.109985,307.410004,295.029785,16537100.00
2021-10-21,307.170013,311.019989,306.359985,310.760010,298.244843,16918100.00
2021-10-22,310.399994,311.089996,307.799988,309.160004,296.709320,17449300.00
2021-10-25,309.359985,309.399994,306.459991,308.130005,295.720764,17554500.00
2021-10-26,311.000000,312.399994,308.600006,310.109985,297.620972,28107300.00
2021-10-27,316.000000,326.100006,316.000000,323.170013,310.155060,52588700.00
2021-10-28,324.329987,324.869995,321.359985,324.350006,311.287567,26297900.00
2021-10-29,324.130005,332.000000,323.899994,331.619995,318.264679,34766000.00
2021-11-01,331.359985,331.489990,326.369995,329.369995,316.105316,27073200.00
2021-11-02,330.309998,333.450012,330.000000,333.130005,319.713959,26487100.00
2021-11-03,333.899994,334.899994,330.649994,334.000000,320.548950,21500100.00
2021-11-04,332.890015,336.540009,329.510010,336.440002,322.890625,23992200.00
2021-11-05,338.510010,338.790009,334.420013,336.059998,322.525970,22570100.00
2021-11-08,337.299988,337.649994,334.440002,336.989990,323.418518,20897000.00
2021-11-09,337.109985,338.720001,334.529999,335.950012,322.420441,21307400.00
2021-11-10,334.570007,334.630005,329.920013,330.799988,317.477753,25500900.00
2021-11-11,331.250000,333.769989,330.510010,332.429993,319.042175,16849800.00
2021-11-12,333.920013,337.230011,333.790009,336.720001,323.159393,23831000.00
2021-11-15,337.540009,337.880005,334.029999,336.070007,322.535522,16723000.00
2021-11-16,335.679993,340.670013,335.510010,339.510010,325.837067,20886800.00
2021-11-17,338.940002,342.190002,338.000000,339.119995,326.058197,19053400.00
2021-11-18,338.179993,342.450012,337.119995,341.269989,328.125336,22463500.00
2021-11-19,342.640015,345.100006,342.200012,343.109985,329.894470,21963400.00
2021-11-22,344.619995,349.670013,339.549988,339.829987,326.740753,31031100.00
2021-11-23,337.049988,339.450012,333.559998,337.679993,324.673553,30427600.00
2021-11-24,336.279999,338.160004,333.910004,337.910004,324.894745,21661300.00
2021-11-26,334.350006,337.929993,328.119995,329.679993,316.981750,24217200.00
2021-11-29,334.940002,339.029999,334.739990,336.630005,323.664124,28563500.00
2021-11-30,335.320007,337.779999,328.989990,330.589996,317.856659,42885600.00
2021-12-01,335.130005,339.279999,329.390015,330.079987,317.366302,33337600.00
2021-12-02,330.299988,333.489990,327.799988,329.489990,316.799103,30766000.00
2021-12-03,331.989990,332.700012,318.029999,323.010010,310.568695,41779300.00
2021-12-06,323.950012,327.450012,319.230011,326.190002,313.626190,30032600.00
2021-12-07,331.640015,335.799988,330.100006,334.920013,322.019958,31021900.00
2021-12-08,335.309998,335.500000,330.799988,334.970001,322.067993,24761000.00
2021-12-09,334.410004,336.489990,332.119995,333.100006,320.270020,22214200.00
2021-12-10,334.980011,343.000000,334.790009,342.540009,329.346466,38095700.00
2021-12-13,340.679993,343.790009,339.079987,339.399994,326.327301,28899400.00
2021-12-14,333.220001,334.640015,324.109985,328.339996,315.693390,44438700.00
2021-12-15,328.609985,335.190002,324.500000,334.649994,321.760376,35381100.00
2021-12-16,335.709991,336.760010,323.019989,324.899994,312.385864,35034800.00
2021-12-17,320.880005,324.920013,317.250000,323.799988,311.328247,47750300.00
2021-12-20,320.049988,322.799988,317.570007,319.910004,307.588104,28326500.00
2021-12-21,323.290009,327.730011,319.799988,327.290009,314.683777,24740600.00
2021-12-22,328.299988,333.609985,325.750000,333.200012,320.366241,24831500.00
2021-12-23,332.750000,336.390015,332.730011,334.690002,321.798767,19617800.00
2021-12-27,335.459991,342.480011,335.429993,342.450012,329.259888,19947000.00
2021-12-28,343.149994,343.809998,340.320007,341.250000,328.106079,15661500.00
2021-12-29,341.299988,344.299988,339.679993,341.950012,328.779144,15042000.00
2021-12-30,341.910004,343.130005,338.820007,339.320007,326.250397,15994500.00
2021-12-31,338.510010,339.359985,335.850006,336.320007,323.365997,18000800.00
2022-01-03,335.350006,338.000000,329.779999,334.750000,321.856506,28865100.00
2022-01-04,334.829987,335.200012,326.119995,329.010010,316.337555,32674300.00
2022-01-05,325.859985,326.070007,315.980011,316.380005,304.194000,40054300.00
2022-01-06,313.149994,318.700012,311.489990,313.880005,301.790405,39646100.00
2022-01-07,314.149994,316.500000,310.089996,314.040009,301.944122,32720000.00
2022-01-10,309.489990,314.720001,304.690002,314.269989,302.165314,44289500.00
2022-01-11,313.380005,316.609985,309.890015,314.980011,302.847931,29386800.00
2022-01-12,319.670013,323.410004,317.079987,318.269989,306.011292,34372200.00
2022-01-13,320.470001,320.880005,304.000000,304.799988,293.060120,45366000.00
2022-01-14,304.250000,310.820007,303.750000,310.200012,298.252014,39846400.00
2022-01-18,304.070007,309.799988,301.739990,302.649994,290.992828,42333200.00
2022-01-19,306.290009,313.910004,302.700012,303.329987,291.646667,45933900.00
2022-01-20,309.070007,311.649994,301.140015,301.600006,289.983337,35380700.00
2022-01-21,302.690002,304.109985,295.609985,296.029999,284.627869,57984400.00
2022-01-24,292.200012,297.109985,276.049988,296.369995,284.954681,85731500.00
2022-01-25,291.519989,294.989990,285.170013,288.489990,277.378235,72848600.00
2022-01-26,307.989990,308.500000,293.029999,296.709991,285.281677,90428900.00
2022-01-27,302.660004,307.299988,297.929993,299.839996,288.291107,53481300.00
2022-01-28,300.230011,308.480011,294.450012,308.260010,296.386780,49743700.00
2022-01-31,308.950012,312.380005,306.369995,310.980011,299.002014,46444500.00
2022-02-01,310.410004,310.630005,305.130005,308.760010,296.867554,40950400.00
2022-02-02,309.630005,315.119995,308.880005,313.459991,301.386414,36636000.00
2022-02-03,309.489990,311.230011,299.959991,301.250000,289.646790,43730000.00
2022-02-04,300.209991,308.799988,299.970001,305.940002,294.156128,35096500.00
2022-02-07,306.170013,307.839996,299.899994,300.950012,289.358368,28533300.00
2022-02-08,301.250000,305.559998,299.950012,304.559998,292.829254,32421200.00
2022-02-09,309.869995,311.929993,307.390015,311.209991,299.223114,31284700.00
2022-02-10,304.040009,309.119995,300.700012,302.380005,290.733215,45386200.00
2022-02-11,303.190002,304.290009,294.220001,295.040009,283.675964,39175600.00
2022-02-14,293.769989,296.760010,291.350006,295.000000,283.637451,36359500.00
2022-02-15,300.010010,300.799988,297.019989,300.470001,288.896851,27058300.00
2022-02-16,298.369995,300.869995,293.679993,299.500000,288.559601,29982100.00
2022-02-17,296.359985,296.799988,290.000000,290.730011,280.109985,32461600.00
2022-02-18,293.049988,293.859985,286.309998,287.929993,277.412201,34264000.00
2022-02-22,285.000000,291.540009,284.500000,287.720001,277.209930,41736100.00
2022-02-23,290.179993,291.700012,280.100006,280.269989,270.032013,37811200.00
2022-02-24,272.510010,295.160004,271.519989,294.589996,283.828949,56989700.00
2022-02-25,295.140015,297.630005,291.649994,297.309998,286.449615,32546700.00
2022-02-28,294.309998,299.140015,293.000000,298.790009,287.875610,34627500.00
2022-03-01,296.399994,299.970001,292.149994,294.950012,284.175812,31217800.00
2022-03-02,295.359985,301.470001,293.700012,300.190002,289.224457,31873000.00
2022-03-03,302.890015,303.130005,294.049988,295.920013,285.110443,27314500.00
2022-03-04,294.290009,295.660004,287.170013,289.859985,279.271729,32356500.00
2022-03-07,288.529999,289.690002,278.529999,278.910004,268.721741,43157200.00
2022-03-08,277.799988,283.959991,270.000000,275.850006,265.773560,48159500.00
2022-03-09,283.440002,289.600006,280.779999,288.500000,277.961365,35204500.00
2022-03-10,283.019989,286.600006,280.579987,285.589996,275.157684,30628000.00
2022-03-11,287.959991,289.510010,279.429993,280.070007,269.839355,27209300.00
2022-03-14,280.339996,285.399994,275.820007,276.440002,266.341858,30660700.00
2022-03-15,280.350006,287.820007,278.730011,287.149994,276.660767,34245100.00
2022-03-16,289.109985,294.570007,283.200012,294.390015,283.636261,37826300.00
2022-03-17,293.290009,295.609985,289.369995,295.220001,284.436005,30816600.00
2022-03-18,295.369995,301.000000,292.730011,300.429993,289.455627,43390600.00
2022-03-21,298.890015,300.140015,294.899994,299.160004,288.232056,28351200.00
2022-03-22,299.799988,305.000000,298.769989,304.059998,292.953033,27599700.00
2022-03-23,300.510010,303.230011,297.720001,299.489990,288.549957,25715400.00
2022-03-24,299.140015,304.200012,298.320007,304.100006,292.991547,24484500.00
2022-03-25,305.230011,305.500000,299.290009,303.679993,292.586914,22566500.00
2022-03-28,304.329987,310.799988,304.329987,310.700012,299.350525,29578200.00
2022-03-29,313.910004,315.820007,309.049988,315.410004,303.888397,30393400.00
2022-03-30,313.760010,315.950012,311.579987,313.859985,302.395050,28163600.00
2022-03-31,313.899994,315.140015,307.890015,308.309998,297.047791,33422100.00
2022-04-01,309.369995,310.130005,305.540009,309.420013,298.117279,27110500.00
2022-04-04,310.089996,315.109985,309.709991,314.970001,303.464478,24289600.00
2022-04-05,313.269989,314.869995,309.869995,310.880005,299.523926,23156700.00
2022-04-06,305.190002,307.000000,296.709991,299.500000,288.559601,40110400.00
2022-04-07,296.660004,303.649994,296.350006,301.369995,290.361298,31411200.00
2022-04-08,300.440002,301.119995,296.279999,296.970001,286.122070,24361900.00
2022-04-11,291.790009,292.609985,285.000000,285.260010,274.839752,34569300.00
2022-04-12,289.239990,290.739990,280.489990,282.059998,271.756714,30966700.00
2022-04-13,282.730011,288.579987,281.299988,287.619995,277.113586,21907200.00
2022-04-14,288.089996,288.309998,279.320007,279.829987,269.608154,28221600.00
2022-04-18,278.910004,282.459991,278.339996,280.519989,270.272888,20778000.00
2022-04-19,279.380005,286.170013,278.410004,285.299988,274.878357,22297700.00
2022-04-20,289.399994,289.700012,285.369995,286.359985,275.899597,22906700.00
2022-04-21,288.579987,293.299988,280.059998,280.809998,270.552338,29454600.00
2022-04-22,281.679993,283.200012,273.380005,274.029999,264.019958,29405800.00
2022-04-25,273.290009,281.109985,270.769989,280.720001,270.465637,35678900.00
2022-04-26,277.500000,278.359985,270.000000,270.220001,260.349152,46518400.00
2022-04-27,282.100006,290.970001,279.160004,283.220001,272.874359,63477700.00
2022-04-28,285.190002,290.980011,281.459991,289.630005,279.050140,33646600.00
2022-04-29,288.609985,289.880005,276.500000,277.519989,267.382568,37073900.00
2022-05-02,277.709991,284.940002,276.220001,284.470001,274.078674,35151100.00
2022-05-03,283.959991,284.130005,280.149994,281.779999,271.486908,25978600.00
2022-05-04,282.589996,290.880005,276.730011,289.980011,279.387421,33599300.00
2022-05-05,285.540009,286.350006,274.339996,277.350006,267.218719,43260400.00
2022-05-06,274.809998,279.250000,271.269989,274.730011,264.694427,37780300.00
2022-05-09,270.059998,272.359985,263.320007,264.579987,254.915207,47726000.00
2022-05-10,271.690002,273.750000,265.070007,269.500000,259.655426,39336400.00
2022-05-11,265.679993,271.359985,259.299988,260.549988,251.032410,48975900.00
2022-05-12,257.690002,259.880005,250.020004,255.350006,246.022369,51033800.00
2022-05-13,257.350006,263.040009,255.350006,261.119995,251.581604,34925100.00
2022-05-16,259.959991,265.820007,255.779999,261.500000,251.947708,32550900.00
2022-05-17,266.109985,268.329987,262.459991,266.820007,257.073425,28828800.00
2022-05-18,263.000000,263.600006,252.770004,254.080002,245.368912,31356000.00
2022-05-19,253.899994,257.670013,251.880005,253.139999,244.461166,32692300.00
2022-05-20,257.239990,258.540009,246.440002,252.559998,243.901031,39199300.00
2022-05-23,255.490005,261.500000,253.429993,260.649994,251.713699,33175400.00
2022-05-24,257.890015,261.329987,253.500000,259.619995,250.718979,29043900.00
2022-05-25,258.140015,264.579987,257.130005,262.519989,253.519531,28547900.00
2022-05-26,262.269989,267.109985,261.429993,265.899994,256.783722,25002100.00
2022-05-27,268.480011,273.339996,267.559998,273.239990,263.872040,26910800.00
2022-05-31,272.529999,274.769989,268.929993,271.869995,262.549011,37827700.00
2022-06-01,275.200012,277.690002,270.040009,272.420013,263.080139,25292200.00
2022-06-02,264.450012,274.649994,261.600006,274.579987,265.166107,44008200.00
2022-06-03,270.309998,273.450012,268.410004,270.019989,260.762390,28059000.00
2022-06-06,272.059998,274.179993,267.220001,268.750000,259.535919,22400300.00
2022-06-07,266.640015,273.130005,265.940002,272.500000,263.157379,22860700.00
2022-06-08,271.709991,273.000000,269.609985,270.410004,261.139099,17372300.00
2022-06-09,267.779999,272.709991,264.630005,264.790009,255.711716,26439700.00
2022-06-10,260.579987,260.579987,252.529999,252.990005,244.316299,31422800.00
2022-06-13,245.110001,249.020004,241.529999,242.259995,233.954147,46135800.00
2022-06-14,243.860001,245.740005,241.509995,244.490005,236.107681,28651500.00
2022-06-15,248.309998,255.300003,246.419998,251.759995,243.128464,33111700.00
2022-06-16,245.979996,247.419998,243.020004,244.970001,236.571259,33169200.00
2022-06-17,244.699997,250.500000,244.029999,247.649994,239.159363,43084800.00
2022-06-21,250.259995,254.750000,249.509995,253.740005,245.040558,29928300.00
2022-06-22,251.889999,257.170013,250.369995,253.130005,244.451492,25939900.00
2022-06-23,255.570007,259.369995,253.630005,258.859985,249.985016,25861400.00
2022-06-24,261.809998,267.980011,261.720001,267.700012,258.521912,33923200.00
2022-06-27,268.209991,268.299988,263.279999,264.890015,255.808350,24615100.00
2022-06-28,263.980011,266.910004,256.320007,256.480011,247.686630,27295500.00
2022-06-29,257.589996,261.970001,255.759995,260.260010,251.337021,20069800.00
2022-06-30,257.049988,259.529999,252.899994,256.829987,248.024628,31730900.00
2022-07-01,256.390015,259.769989,254.610001,259.579987,250.680359,22837700.00
2022-07-05,256.160004,262.980011,254.740005,262.850006,253.838257,22941000.00
2022-07-06,263.750000,267.989990,262.399994,266.209991,257.083008,23824400.00
2022-07-07,265.119995,269.059998,265.019989,268.399994,259.197968,20859900.00
2022-07-08,264.790009,268.100006,263.290009,267.660004,258.483337,19658800.00
2022-07-11,265.649994,266.529999,262.179993,264.510010,255.441330,19455200.00
2022-07-12,265.880005,265.940002,252.039993,253.669998,244.973007,35868500.00
2022-07-13,250.190002,253.550003,248.110001,252.720001,244.055573,29497400.00
2022-07-14,250.570007,255.139999,245.940002,254.080002,245.368912,25102800.00
2022-07-15,255.720001,260.369995,254.770004,256.720001,247.918411,29774100.00
2022-07-18,259.750000,260.839996,253.300003,254.250000,245.533081,20975000.00
2022-07-19,257.579987,259.720001,253.679993,259.529999,250.632065,25012600.00
2022-07-20,259.899994,264.869995,258.910004,262.269989,253.278076,22788300.00
2022-07-21,259.790009,264.890015,257.029999,264.839996,255.760040,22404700.00
2022-07-22,265.239990,265.329987,259.070007,260.359985,251.433624,21881300.00
2022-07-25,261.000000,261.500000,256.809998,258.829987,249.956039,21056000.00
2022-07-26,259.859985,259.880005,249.570007,251.899994,243.263657,39348000.00
2022-07-27,261.160004,270.049988,258.850006,268.739990,259.526337,45994000.00
2022-07-28,269.750000,277.839996,267.869995,276.410004,266.933289,33459300.00
2022-07-29,277.700012,282.000000,276.630005,280.739990,271.114899,32152800.00
2022-08-01,277.820007,281.279999,275.839996,278.010010,268.478546,21539600.00
2022-08-02,276.000000,277.890015,272.380005,274.820007,265.397888,22754200.00
2022-08-03,276.760010,283.500000,276.609985,282.470001,272.785614,23518900.00
2022-08-04,281.799988,283.799988,280.170013,283.649994,273.925079,18098700.00
2022-08-05,279.149994,283.649994,278.679993,282.910004,273.210480,16774600.00
2022-08-08,284.049988,285.920013,279.320007,280.320007,270.709290,18739200.00
2022-08-09,279.640015,283.079987,277.609985,282.299988,272.621368,23405200.00
2022-08-10,288.170013,289.809998,286.940002,289.160004,279.246246,24687800.00
2022-08-11,290.850006,291.209991,286.510010,287.019989,277.179626,20065900.00
2022-08-12,288.480011,291.910004,286.940002,291.910004,281.901917,22619700.00
2022-08-15,291.000000,294.179993,290.109985,293.470001,283.408386,18085700.00
2022-08-16,291.989990,294.040009,290.420013,292.709991,282.674469,18102900.00
2022-08-17,289.739990,293.350006,289.470001,291.320007,281.929352,18253400.00
2022-08-18,290.190002,291.910004,289.079987,290.170013,280.816376,17186200.00
2022-08-19,288.899994,289.250000,285.559998,286.149994,276.925934,20570000.00
2022-08-22,282.079987,282.459991,277.220001,277.750000,268.796722,25061100.00
2022-08-23,276.440002,278.859985,275.399994,276.440002,267.528961,17527400.00
2022-08-24,275.410004,277.230011,275.109985,275.790009,266.899933,18137000.00
2022-08-25,277.329987,279.019989,274.519989,278.850006,269.861298,16583400.00
2022-08-26,279.079987,280.339996,267.980011,268.089996,259.448181,27549300.00
2022-08-29,265.850006,267.399994,263.850006,265.230011,256.680328,20338500.00
2022-08-30,266.670013,267.049988,260.660004,262.970001,254.493164,22767100.00
2022-08-31,265.390015,267.109985,261.329987,261.470001,253.041504,24791800.00
2022-09-01,258.869995,260.890015,255.410004,260.399994,252.006027,23263400.00
2022-09-02,261.700012,264.739990,254.470001,256.059998,247.805908,22855400.00
2022-09-06,256.200012,257.829987,251.940002,253.250000,245.086517,21328200.00
2022-09-07,254.699997,258.829987,253.220001,258.089996,249.770477,24126700.00
2022-09-08,257.510010,260.429993,254.789993,258.519989,250.186615,20319900.00
2022-09-09,260.500000,265.230011,260.290009,264.459991,255.935135,22084700.00
2022-09-12,265.779999,267.450012,265.160004,266.649994,258.054504,18747700.00
2022-09-13,258.839996,260.399994,251.589996,251.990005,243.867126,33353300.00
2022-09-14,253.529999,254.229996,249.860001,252.220001,244.089706,23913000.00
2022-09-15,249.770004,251.399994,244.020004,245.380005,237.470215,31530900.00
2022-09-16,244.259995,245.300003,242.059998,244.740005,236.850845,39791800.00
2022-09-19,242.470001,245.139999,240.850006,244.520004,236.637924,26826900.00
2022-09-20,242.070007,243.509995,239.639999,242.449997,234.634628,26660300.00
2022-09-21,244.270004,247.660004,238.899994,238.949997,231.247452,28625600.00
2022-09-22,237.869995,243.860001,237.570007,240.979996,233.212006,31061200.00
2022-09-23,239.539993,241.130005,235.199997,237.919998,230.250656,34176000.00
2022-09-26,237.050003,241.449997,236.899994,237.449997,229.795792,27694200.00
2022-09-27,239.979996,241.800003,234.500000,236.410004,228.789337,27018700.00
2022-09-28,236.809998,242.330002,234.729996,241.070007,233.299103,29029700.00
2022-09-29,238.889999,239.949997,234.410004,237.500000,229.844193,27484200.00
2022-09-30,238.289993,240.539993,232.729996,232.899994,225.392456,35694800.00
2022-10-03,235.410004,241.610001,234.660004,240.740005,232.979752,28880400.00
2022-10-04,245.089996,250.360001,244.979996,248.880005,240.857376,34888400.00
2022-10-05,245.990005,250.580002,244.100006,249.199997,241.167084,20347100.00
2022-10-06,247.929993,250.339996,246.080002,246.789993,238.834717,20239900.00
2022-10-07,240.899994,241.320007,233.169998,234.240005,226.689285,37769600.00
2022-10-10,233.050003,234.559998,226.729996,229.250000,221.860153,29743600.00
2022-10-11,227.619995,229.059998,224.110001,225.410004,218.143951,30474000.00
2022-10-12,225.399994,227.860001,223.960007,225.750000,218.472946,21903900.00
2022-10-13,219.850006,236.100006,219.130005,234.240005,226.689285,42551800.00
2022-10-14,235.539993,237.240005,228.339996,228.559998,221.192352,30198600.00
2022-10-17,235.820007,238.960007,235.139999,237.529999,229.873230,28142300.00
2022-10-18,243.240005,243.929993,235.369995,238.500000,230.811951,26329600.00
2022-10-19,237.039993,239.610001,234.289993,236.479996,228.857086,19985700.00
2022-10-20,235.770004,241.309998,234.869995,236.149994,228.537720,21811000.00
2022-10-21,234.740005,243.000000,234.500000,242.119995,234.315277,26299700.00
2022-10-24,243.759995,247.839996,241.300003,247.250000,239.279877,24911200.00
2022-10-25,247.259995,251.039993,245.830002,250.660004,242.579971,34775500.00
2022-10-26,231.169998,238.300003,230.059998,231.320007,223.863434,82543200.00
2022-10-27,231.039993,233.690002,225.779999,226.750000,219.440720,40424600.00
2022-10-28,226.240005,236.600006,226.050003,235.869995,228.266724,40647700.00
2022-10-31,233.759995,234.919998,231.149994,232.130005,224.647308,28357300.00
2022-11-01,234.600006,235.740005,227.330002,228.169998,220.814926,30592300.00
2022-11-02,229.460007,231.300003,220.039993,220.100006,213.005081,38407000.00
2022-11-03,220.089996,220.410004,213.979996,214.250000,207.343674,36633900.00
2022-11-04,217.550003,221.589996,213.429993,221.389999,214.253494,36789100.00
2022-11-07,221.990005,228.410004,221.279999,227.869995,220.524597,33498000.00
2022-11-08,228.699997,231.649994,225.839996,228.869995,221.492386,28192500.00
2022-11-09,227.369995,228.630005,224.330002,224.509995,217.272934,27852900.00
2022-11-10,235.429993,243.330002,235.000000,242.979996,235.147583,46268000.00
2022-11-11,242.990005,247.990005,241.929993,247.110001,239.144440,34620200.00
2022-11-14,241.990005,243.910004,239.210007,241.550003,233.763641,31123300.00
2022-11-15,245.660004,247.000000,240.029999,241.970001,234.170120,31390100.00
2022-11-16,242.789993,243.800003,240.419998,241.729996,234.597107,24093300.00
2022-11-17,237.779999,243.250000,237.630005,241.679993,234.548569,23123500.00
2022-11-18,243.509995,243.740005,239.029999,241.220001,234.102188,27613500.00
2022-11-21,241.429993,244.669998,241.190002,242.050003,234.907669,26394700.00
2022-11-22,243.589996,245.309998,240.710007,245.029999,237.799759,19665700.00
2022-11-23,245.110001,248.279999,244.270004,247.580002,240.274475,19508500.00
2022-11-25,247.309998,248.699997,246.729996,247.490005,240.187164,9200800.00
2022-11-28,246.080002,246.649994,240.800003,241.759995,234.626205,24778200.00
2022-11-29,241.399994,242.789993,238.210007,240.330002,233.238419,17956300.00
2022-11-30,240.570007,255.330002,239.860001,255.139999,247.611420,47594200.00
2022-12-01,253.869995,256.119995,250.919998,254.690002,247.174698,26041500.00
2022-12-02,249.820007,256.059998,249.690002,255.020004,247.494980,21528500.00
2022-12-05,252.009995,253.820007,248.059998,250.199997,242.817154,23435300.00
2022-12-06,250.820007,251.860001,243.779999,245.119995,237.887070,22463700.00
2022-12-07,244.830002,246.160004,242.210007,244.369995,237.159241,20481500.00
2022-12-08,244.839996,248.740005,243.059998,247.399994,240.099792,22611800.00
2022-12-09,244.699997,248.309998,244.160004,245.419998,238.178238,20609700.00
2022-12-12,247.449997,252.539993,247.169998,252.509995,245.059006,30665100.00
2022-12-13,261.690002,263.920013,253.070007,256.920013,249.338882,42196900.00
2022-12-14,257.130005,262.589996,254.309998,257.220001,249.630066,35410900.00
2022-12-15,253.720001,254.199997,247.339996,249.009995,241.662308,35560400.00
2022-12-16,248.550003,249.839996,243.509995,244.690002,237.469757,86102000.00
2022-12-19,244.860001,245.210007,238.710007,240.449997,233.354889,29696400.00
2022-12-20,239.399994,242.910004,238.419998,241.800003,234.665039,25150800.00
2022-12-21,241.690002,245.619995,240.110001,244.429993,237.217438,23690600.00
2022-12-22,241.259995,241.990005,233.869995,238.190002,231.161575,28651700.00
2022-12-23,236.110001,238.869995,233.940002,238.729996,231.685654,21207000.00
2022-12-27,238.699997,238.929993,235.830002,236.960007,229.967834,16688600.00
2022-12-28,236.889999,239.720001,234.169998,234.529999,227.609543,17457100.00
2022-12-29,235.649994,241.919998,235.649994,241.009995,233.898392,19770700.00
2022-12-30,238.210007,239.960007,236.660004,239.820007,232.743469,21938500.00
2023-01-03,243.080002,245.750000,237.399994,239.580002,232.510544,25740000.00
2023-01-04,232.279999,232.869995,225.960007,229.100006,222.339798,50623400.00
2023-01-05,227.199997,227.550003,221.759995,222.309998,215.750153,39585600.00
2023-01-06,223.000000,225.759995,219.350006,224.929993,218.292831,43613600.00
2023-01-09,226.449997,231.240005,226.410004,227.119995,220.418213,27369800.00
2023-01-10,227.759995,231.309998,227.330002,228.850006,222.097168,27033900.00
2023-01-11,231.289993,235.949997,231.110001,235.770004,228.812988,28669300.00
2023-01-12,235.259995,239.899994,233.559998,238.509995,231.472107,27269500.00
2023-01-13,237.000000,239.369995,234.919998,239.229996,232.170868,21333300.00
2023-01-17,237.970001,240.910004,237.089996,240.350006,233.257858,29831300.00
2023-01-18,241.570007,242.380005,235.520004,235.809998,228.851837,30028700.00
2023-01-19,233.779999,235.520004,230.679993,231.929993,225.086304,28623000.00
2023-01-20,234.860001,240.740005,234.509995,240.220001,233.131638,35389800.00
2023-01-23,241.100006,245.169998,239.649994,242.580002,235.422028,31934000.00
2023-01-24,242.500000,243.949997,240.440002,242.039993,234.897934,40234400.00
2023-01-25,234.479996,243.300003,230.899994,240.610001,233.510147,66526600.00
2023-01-26,243.649994,248.309998,242.000000,248.000000,240.682098,33454500.00
2023-01-27,248.990005,249.830002,246.830002,248.160004,240.837402,26498900.00
2023-01-30,244.509995,245.600006,242.199997,242.710007,235.548172,25867400.00
2023-01-31,243.449997,247.949997,242.949997,247.809998,240.497696,26541100.00
2023-02-01,248.000000,255.179993,245.470001,252.750000,245.291946,31259900.00
2023-02-02,258.820007,264.690002,257.250000,264.600006,256.792267,39940400.00
2023-02-03,259.540009,264.200012,257.100006,258.350006,250.726685,29077300.00
2023-02-06,257.440002,258.299988,254.779999,256.769989,249.193329,22518000.00
2023-02-07,260.529999,268.769989,260.079987,267.559998,259.664886,50841400.00
2023-02-08,273.200012,276.760010,266.209991,266.730011,258.859467,54686000.00
2023-02-09,273.799988,273.980011,262.799988,263.619995,255.841171,42375100.00
2023-02-10,261.529999,264.089996,260.660004,263.100006,255.336548,25818500.00
2023-02-13,267.640015,274.600006,267.149994,271.320007,263.314026,44630900.00
2023-02-14,272.670013,274.970001,269.279999,272.170013,264.138916,37047900.00
2023-02-15,268.320007,270.730011,266.179993,269.320007,262.027679,28922400.00
2023-02-16,264.019989,266.739990,261.899994,262.149994,255.051727,29603600.00
2023-02-17,259.390015,260.089996,256.000000,258.059998,251.072510,30000100.00
2023-02-21,254.479996,255.490005,251.589996,252.669998,245.828461,28397400.00
2023-02-22,254.089996,254.339996,250.339996,251.509995,244.699905,22491100.00
2023-02-23,255.559998,256.839996,250.479996,254.770004,247.871628,29219100.00
2023-02-24,249.960007,251.000000,248.100006,249.220001,242.471893,24990900.00
2023-02-27,252.460007,252.820007,249.389999,250.160004,243.386459,21190000.00
2023-02-28,249.070007,251.490005,248.729996,249.419998,242.666489,22491000.00
2023-03-01,250.759995,250.929993,245.789993,246.270004,239.601746,27565300.00
2023-03-02,246.550003,251.399994,245.610001,251.110001,244.310715,24808200.00
2023-03-03,252.190002,255.619995,251.389999,255.289993,248.377548,30760100.00
2023-03-06,256.429993,260.119995,255.979996,256.869995,249.914749,24109800.00
2023-03-07,256.299988,257.690002,253.389999,254.149994,247.268417,21473200.00
2023-03-08,254.039993,254.539993,250.809998,253.699997,246.830612,17340200.00
2023-03-09,255.820007,259.559998,251.580002,252.320007,245.487991,26653400.00
2023-03-10,251.080002,252.789993,247.600006,248.589996,241.858963,28333900.00
2023-03-13,247.399994,257.910004,245.729996,253.919998,247.044647,33339700.00
2023-03-14,256.750000,261.070007,255.860001,260.790009,253.728607,33620300.00
2023-03-15,259.980011,266.480011,259.209991,265.440002,258.252686,46028000.00
2023-03-16,265.209991,276.559998,263.279999,276.200012,268.721344,54768800.00
2023-03-17,278.260010,283.329987,276.320007,279.429993,271.863892,69527400.00
2023-03-20,276.980011,277.480011,269.850006,272.230011,264.858856,43466600.00
2023-03-21,274.880005,275.000000,269.519989,273.779999,266.366943,34558700.00
2023-03-22,273.399994,281.040009,272.179993,272.290009,264.917236,34873300.00
2023-03-23,277.940002,281.059998,275.200012,277.660004,270.141846,36610900.00
2023-03-24,277.239990,280.630005,275.279999,280.570007,272.973083,28172000.00
2023-03-27,280.500000,281.459991,275.519989,276.380005,268.896484,26840200.00
2023-03-28,275.790009,276.140015,272.049988,275.230011,267.777649,21878600.00
2023-03-29,278.959991,281.140015,278.410004,280.510010,272.914673,25087000.00
2023-03-30,284.230011,284.459991,281.480011,284.049988,276.358765,25053400.00
2023-03-31,283.730011,289.269989,283.000000,288.299988,280.493744,32766000.00
2023-04-03,286.519989,288.269989,283.950012,287.230011,279.452728,24883300.00
2023-04-04,287.230011,290.450012,285.670013,287.179993,279.404022,25824300.00
2023-04-05,285.850006,287.149994,282.920013,284.339996,276.640900,22064800.00
2023-04-06,283.209991,292.079987,282.029999,291.600006,283.704376,29770300.00
2023-04-10,289.209991,289.600006,284.709991,289.390015,281.554230,23103000.00
2023-04-11,285.750000,285.980011,281.640015,282.829987,275.171814,27276600.00
2023-04-12,284.790009,287.010010,281.959991,283.489990,275.814026,27403400.00
2023-04-13,283.589996,289.899994,283.170013,289.839996,281.992035,24222700.00
2023-04-14,287.000000,288.480011,283.690002,286.140015,278.392303,20987900.00
2023-04-17,289.929993,291.600006,286.160004,288.799988,280.980255,23836200.00
2023-04-18,291.570007,291.760010,287.010010,288.369995,280.561829,20161800.00
2023-04-19,285.989990,289.049988,284.540009,288.450012,280.639709,17150300.00
2023-04-20,285.250000,289.029999,285.079987,286.109985,278.362976,23244400.00
2023-04-21,285.010010,286.269989,283.059998,285.760010,278.022583,21676400.00
2023-04-24,282.089996,284.950012,278.720001,281.769989,274.140564,26611000.00
2023-04-25,279.510010,281.600006,275.369995,275.420013,267.962494,45772200.00
2023-04-26,296.700012,299.570007,292.730011,295.369995,287.372284,64599200.00
2023-04-27,295.970001,305.200012,295.250000,304.829987,296.576141,46462600.00
2023-04-28,304.010010,308.929993,303.309998,307.260010,298.940338,36469600.00
2023-05-01,306.970001,308.600006,305.149994,305.559998,297.286438,21294100.00
2023-05-02,307.760010,309.179993,303.910004,305.410004,297.140503,26404400.00
2023-05-03,306.619995,308.609985,304.089996,304.399994,296.157776,22360800.00
2023-05-04,306.239990,307.760010,303.399994,305.410004,297.140503,22519900.00
2023-05-05,305.720001,311.970001,304.269989,310.649994,302.238525,28197100.00
2023-05-08,310.130005,310.200012,306.089996,308.649994,300.292694,21318600.00
2023-05-09,308.000000,310.040009,306.309998,307.000000,298.687439,21340800.00
2023-05-10,308.619995,313.000000,307.670013,312.309998,303.853607,30078000.00
2023-05-11,310.100006,311.119995,306.260010,310.109985,301.713135,31680200.00
2023-05-12,310.549988,310.649994,306.600006,308.970001,300.604034,19774700.00
2023-05-15,309.100006,309.899994,307.589996,309.459991,301.080811,16336500.00
2023-05-16,309.829987,313.709991,309.829987,311.739990,303.299072,26730300.00
2023-05-17,312.290009,314.429993,310.739990,314.000000,306.165680,24315000.00
2023-05-18,314.529999,319.040009,313.720001,318.519989,310.572906,27276000.00
2023-05-19,316.739990,318.750000,316.369995,318.339996,310.397461,27546700.00
2023-05-22,318.600006,322.589996,318.010010,321.179993,313.166565,24115700.00
2023-05-23,320.029999,322.720001,315.250000,315.260010,307.394257,30797200.00
2023-05-24,314.730011,316.500000,312.609985,313.850006,306.019409,23384900.00
2023-05-25,323.239990,326.899994,320.000000,325.920013,317.788300,43301700.00
2023-05-26,324.019989,333.399994,323.880005,332.890015,324.584381,36630600.00
2023-05-30,335.230011,335.739990,330.519989,331.209991,322.946320,29503100.00
2023-05-31,332.290009,335.940002,327.329987,328.390015,320.196686,45950600.00
2023-06-01,325.929993,333.529999,324.720001,332.579987,324.282135,26773900.00
2023-06-02,334.250000,337.500000,332.549988,335.399994,327.031738,25873800.00
2023-06-05,335.220001,338.559998,334.660004,335.940002,327.558289,21307100.00
2023-06-06,335.329987,335.369995,332.170013,333.679993,325.354675,20396200.00
2023-06-07,331.649994,334.489990,322.500000,323.380005,315.311707,40717100.00
2023-06-08,323.940002,326.640015,323.350006,325.260010,317.144775,23277700.00
2023-06-09,324.989990,329.989990,324.410004,326.790009,318.636566,22529000.00
2023-06-12,328.579987,332.100006,325.160004,331.850006,323.570312,24260300.00
2023-06-13,334.470001,336.980011,330.390015,334.290009,325.949524,22951300.00
2023-06-14,334.339996,339.040009,332.809998,337.339996,328.923370,26003800.00
2023-06-15,337.480011,349.839996,337.200012,348.100006,339.414917,38899100.00
2023-06-16,351.320007,351.470001,341.950012,342.329987,333.788849,46552000.00
2023-06-20,339.309998,342.079987,335.859985,338.049988,329.615631,26375400.00
2023-06-21,336.369995,337.730011,332.070007,333.559998,325.237640,25117800.00
2023-06-22,334.119995,340.119995,333.339996,339.709991,331.234222,23556800.00
2023-06-23,334.359985,337.959991,333.450012,335.019989,326.661224,23146900.00
2023-06-26,333.720001,336.109985,328.489990,328.600006,320.401459,21520600.00
2023-06-27,331.859985,336.149994,329.299988,334.570007,326.222443,24354100.00
2023-06-28,334.660004,337.980011,333.809998,335.850006,327.470581,20259500.00
2023-06-29,334.709991,336.109985,332.619995,335.049988,326.690430,16997000.00
2023-06-30,337.750000,342.730011,337.200012,340.540009,332.043549,26832800.00
2023-07-03,339.190002,340.899994,336.570007,337.989990,329.557159,12508700.00
2023-07-05,335.089996,341.649994,334.730011,338.149994,329.713135,18172400.00
2023-07-06,337.299988,342.989990,335.500000,341.269989,332.755280,28161200.00
2023-07-07,339.320007,341.790009,337.000000,337.220001,328.806335,21214800.00
2023-07-10,334.600006,335.230011,327.589996,331.829987,323.550812,32791400.00
2023-07-11,331.059998,332.859985,327.000000,332.470001,324.174835,26698200.00
2023-07-12,336.600006,341.649994,335.670013,337.200012,328.786865,29995300.00
2023-07-13,339.559998,343.739990,339.019989,342.660004,334.110596,20567200.00
2023-07-14,347.589996,351.429993,344.309998,345.239990,336.626221,28352700.00
2023-07-17,345.679993,346.989990,342.200012,345.730011,337.104065,20363900.00
2023-07-18,345.829987,366.779999,342.170013,359.489990,350.520721,64738600.00
2023-07-19,361.750000,362.459991,352.440002,355.079987,346.220734,39732900.00
2023-07-20,353.570007,357.970001,345.369995,346.869995,338.215576,33778400.00
2023-07-21,349.149994,350.299988,339.829987,343.769989,335.192963,69405400.00
2023-07-24,345.850006,346.920013,342.309998,345.109985,336.499542,26678100.00
2023-07-25,347.109985,351.890015,345.070007,350.980011,342.223053,41637700.00
2023-07-26,341.440002,344.670013,333.109985,337.769989,329.342621,58383700.00
2023-07-27,340.480011,341.329987,329.049988,330.720001,322.468506,39635300.00
2023-07-28,333.670013,340.010010,333.170013,338.369995,329.927643,28484900.00
2023-07-31,336.920013,337.700012,333.359985,335.920013,327.538788,25446000.00
2023-08-01,335.190002,338.540009,333.700012,336.339996,327.948273,18311900.00
2023-08-02,333.630005,333.630005,326.359985,327.500000,319.328888,27761300.00
2023-08-03,326.000000,329.880005,325.950012,326.660004,318.509857,18253700.00
2023-08-04,331.880005,335.140015,327.239990,327.779999,319.601898,23741500.00
2023-08-07,328.369995,331.109985,327.519989,330.109985,321.873779,17741500.00
2023-08-08,326.959991,328.750000,323.000000,326.049988,317.915070,22327600.00
2023-08-09,326.470001,327.109985,321.049988,322.230011,314.190369,22373300.00
2023-08-10,326.019989,328.260010,321.179993,322.929993,314.872925,20113700.00
2023-08-11,320.260010,322.410004,319.209991,321.010010,313.000793,24355500.00
2023-08-14,321.390015,324.059998,320.079987,324.040009,315.955231,18836100.00
2023-08-15,323.000000,325.089996,320.899994,321.859985,313.829620,16966300.00
2023-08-16,320.799988,324.420013,319.799988,320.399994,313.067474,20698900.00
2023-08-17,320.540009,321.869995,316.209991,316.880005,309.628052,21257200.00
2023-08-18,314.489990,318.380005,311.549988,316.480011,309.237213,24755000.00
2023-08-21,317.929993,322.769989,317.040009,321.880005,314.513580,24040000.00
2023-08-22,325.500000,326.079987,321.459991,322.459991,315.080292,16084600.00
2023-08-23,323.820007,329.200012,323.459991,327.000000,319.516388,21166400.00
2023-08-24,332.850006,332.980011,319.959991,319.970001,312.647308,23281400.00
2023-08-25,321.470001,325.359985,318.799988,322.980011,315.588440,21684100.00
2023-08-28,325.660004,326.149994,321.720001,323.700012,316.291931,14808500.00
2023-08-29,321.880005,328.980011,321.880005,328.410004,320.894073,19284600.00
2023-08-30,328.670013,329.809998,326.450012,328.790009,321.265472,15222100.00
2023-08-31,329.200012,330.910004,326.779999,327.760010,320.259033,26411000.00
2023-09-01,331.309998,331.989990,326.779999,328.660004,321.138428,14942000.00
2023-09-05,329.000000,334.850006,328.660004,333.549988,325.916504,18553900.00
2023-09-06,333.380005,334.459991,330.179993,332.880005,325.261841,17535800.00
2023-09-07,331.290009,333.079987,329.029999,329.910004,322.359833,18381000.00
2023-09-08,330.089996,336.160004,329.459991,334.269989,326.620026,19530100.00
2023-09-11,337.239990,338.420013,335.429993,337.940002,330.206085,16583300.00
2023-09-12,335.820007,336.790009,331.480011,331.769989,324.177216,17565500.00
2023-09-13,331.309998,336.850006,331.170013,336.059998,328.369080,16544400.00
2023-09-14,339.149994,340.859985,336.570007,338.700012,330.948669,20267000.00
2023-09-15,336.920013,337.399994,329.649994,330.220001,322.662750,37679800.00
2023-09-18,327.799988,330.399994,326.359985,329.059998,321.529266,16834200.00
2023-09-19,326.170013,329.390015,324.510010,328.649994,321.128693,16505900.00
2023-09-20,329.510010,329.589996,320.510010,320.769989,313.428925,21436500.00
2023-09-21,319.260010,325.350006,315.000000,319.529999,312.217377,35560400.00
2023-09-22,321.320007,321.450012,316.149994,317.010010,309.755005,21447900.00
2023-09-25,316.589996,317.670013,315.000000,317.540009,310.272888,17836000.00
2023-09-26,315.130005,315.880005,310.019989,312.140015,304.996490,26297600.00
2023-09-27,312.299988,314.299988,309.690002,312.790009,305.631653,19410100.00
2023-09-28,310.989990,315.480011,309.450012,313.640015,306.462189,19683600.00
2023-09-29,317.750000,319.470001,314.980011,315.750000,308.523865,24147300.00
2023-10-02,316.279999,321.890015,315.179993,321.799988,314.435394,20570000.00
2023-10-03,320.829987,321.390015,311.209991,313.390015,306.217926,21033500.00
2023-10-04,314.029999,320.040009,314.000000,318.959991,311.660370,20720100.00
2023-10-05,319.089996,319.980011,314.899994,319.359985,312.051300,16965600.00
2023-10-06,316.549988,329.190002,316.299988,327.260010,319.770477,25673600.00
2023-10-09,324.750000,330.299988,323.179993,329.820007,322.271912,19891200.00
2023-10-10,330.959991,331.100006,327.670013,328.390015,320.874634,20557100.00
2023-10-11,331.209991,332.820007,329.140015,332.420013,324.812408,20063200.00
2023-10-12,330.570007,333.630005,328.720001,331.160004,323.581146,19313100.00
2023-10-13,332.380005,333.829987,326.359985,327.730011,320.229736,21072400.00
2023-10-16,331.049988,336.140015,330.600006,332.640015,325.027374,22158000.00
2023-10-17,329.589996,333.459991,327.410004,332.059998,324.460571,18338500.00
2023-10-18,332.489990,335.589996,328.299988,330.109985,322.555237,23153600.00
2023-10-19,332.149994,336.880005,330.910004,331.320007,323.737549,25052100.00
2023-10-20,331.720001,331.920013,325.450012,326.670013,319.194000,25027700.00
2023-10-23,325.470001,332.730011,324.390015,329.320007,321.783325,24374700.00
2023-10-24,331.299988,331.839996,327.600006,330.529999,322.965637,31153600.00
2023-10-25,345.019989,346.200012,337.619995,340.670013,332.873535,55053800.00
2023-10-26,340.540009,341.630005,326.940002,327.890015,320.386078,37828500.00
2023-10-27,330.429993,336.720001,328.399994,329.809998,322.262085,29856500.00
2023-10-30,333.410004,339.450012,331.829987,337.309998,329.590485,22828100.00
2023-10-31,338.850006,339.000000,334.690002,338.109985,330.372162,20265300.00
2023-11-01,339.790009,347.420013,339.649994,346.070007,338.149963,28158800.00
2023-11-02,347.239990,348.829987,344.769989,348.320007,340.348511,24348100.00
2023-11-03,349.630005,354.390015,347.329987,352.799988,344.725922,23637700.00
2023-11-06,353.450012,357.540009,353.350006,356.529999,348.370605,23828300.00
2023-11-07,359.399994,362.459991,357.630005,360.529999,352.279083,25833900.00
2023-11-08,361.679993,363.869995,360.549988,363.200012,354.888000,26767800.00
2023-11-09,362.299988,364.790009,360.359985,360.690002,352.435425,24847300.00
2023-11-10,361.489990,370.100006,361.070007,369.670013,361.209839,28042100.00
2023-11-13,368.220001,368.470001,365.899994,366.679993,358.288330,19986500.00
2023-11-14,371.010010,371.950012,367.350006,370.269989,361.796173,27683900.00
2023-11-15,371.279999,373.130005,367.109985,369.670013,361.942993,26860100.00
2023-11-16,370.959991,376.350006,370.179993,376.170013,368.307190,27182300.00
2023-11-17,373.609985,374.369995,367.000000,369.850006,362.119202,40157000.00
2023-11-20,371.220001,378.869995,371.000000,377.440002,369.550598,52465100.00
2023-11-21,375.670013,376.220001,371.119995,373.070007,365.272003,28423100.00
2023-11-22,378.000000,379.790009,374.970001,377.850006,369.952057,23345300.00
2023-11-24,377.329987,377.970001,375.140015,377.429993,369.540833,10176600.00
2023-11-27,376.779999,380.640015,376.200012,378.609985,370.696075,22179200.00
2023-11-28,378.350006,383.000000,378.160004,382.700012,374.700653,20453100.00
2023-11-29,383.760010,384.299988,377.440002,378.850006,370.931152,28963400.00
2023-11-30,378.489990,380.089996,375.470001,378.910004,370.989868,30554400.00
2023-12-01,376.760010,378.160004,371.309998,374.510010,366.681915,33040500.00
2023-12-04,369.100006,369.519989,362.899994,369.140015,361.424103,32063300.00
2023-12-05,366.450012,373.079987,365.619995,372.519989,364.733429,23065000.00
2023-12-06,373.540009,374.179993,368.029999,368.799988,361.091217,21182100.00
2023-12-07,368.230011,371.450012,366.320007,370.950012,363.196198,23118900.00
2023-12-08,369.200012,374.459991,368.230011,374.230011,366.407745,20154400.00
2023-12-11,368.480011,371.600006,366.100006,371.299988,363.538910,27708800.00
2023-12-12,370.850006,374.420013,370.459991,374.380005,366.554565,24838300.00
2023-12-13,376.019989,377.640015,370.769989,374.369995,366.544739,30955500.00
2023-12-14,373.309998,373.760010,364.130005,365.929993,358.281158,43277500.00
2023-12-15,366.850006,372.399994,366.279999,370.730011,362.980835,78502300.00
2023-12-18,369.450012,373.000000,368.679993,372.649994,364.860657,21802900.00
2023-12-19,371.489990,373.260010,369.839996,373.260010,365.457947,20603700.00
2023-12-20,375.000000,376.029999,370.529999,370.619995,362.873169,26316700.00
2023-12-21,372.559998,374.410004,370.040009,373.540009,365.732117,17708000.00
2023-12-22,373.679993,375.179993,372.709991,374.579987,366.750366,17107500.00
2023-12-26,375.000000,376.940002,373.500000,374.660004,366.828766,12673100.00
2023-12-27,373.690002,375.059998,372.809998,374.070007,366.251038,14905400.00
2023-12-28,375.369995,376.459991,374.160004,375.279999,367.435760,14327000.00
2023-12-29,376.000000,377.160004,373.480011,376.040009,368.179871,18730800.00
2024-01-02,373.859985,375.899994,366.769989,370.869995,363.117950,25258600.00
2024-01-03,369.010010,373.260010,368.510010,370.600006,362.853546,23083500.00
2024-01-04,370.670013,373.100006,367.170013,367.940002,360.249207,20901500.00
2024-01-05,368.970001,372.059998,366.500000,367.750000,360.063171,21004600.00
2024-01-08,369.299988,375.200012,369.010010,374.690002,366.858093,23134000.00
2024-01-09,372.010010,375.989990,371.190002,375.790009,367.935120,20830000.00
2024-01-10,376.369995,384.170013,376.320007,382.769989,374.769165,25514200.00
2024-01-11,386.000000,390.679993,380.380005,384.630005,376.590302,27850800.00
2024-01-12,385.489990,388.679993,384.649994,388.470001,380.350098,21661200.00
2024-01-16,393.660004,394.029999,387.619995,390.269989,382.112396,27202300.00
2024-01-17,387.980011,390.109985,384.809998,389.470001,381.329132,22234100.00
2024-01-18,391.720001,393.989990,390.119995,393.869995,385.637177,23392100.00
2024-01-19,395.760010,398.670013,393.500000,398.670013,390.336884,29331100.00
2024-01-22,400.019989,400.619995,393.589996,396.510010,388.222015,27016900.00
2024-01-23,395.750000,399.380005,393.929993,398.899994,390.562042,20525900.00
2024-01-24,401.540009,405.630005,400.450012,402.559998,394.145477,24867000.00
2024-01-25,404.320007,407.010010,402.529999,404.869995,396.407257,21021200.00
2024-01-26,404.369995,406.170013,402.429993,403.929993,395.486816,17803300.00
2024-01-29,406.059998,409.980011,404.329987,409.720001,401.155853,24510200.00
2024-01-30,412.260010,413.049988,406.450012,408.589996,400.049469,33477600.00
2024-01-31,406.959991,415.320007,397.209991,397.579987,389.269623,47871100.00
2024-02-01,401.829987,408.000000,401.799988,403.779999,395.340027,30657700.00
2024-02-02,403.809998,412.649994,403.559998,411.220001,402.624481,28256700.00
2024-02-05,409.899994,411.160004,403.989990,405.649994,397.171021,25352300.00
2024-02-06,405.880005,407.970001,402.910004,405.489990,397.014282,18382600.00
2024-02-07,407.440002,414.299988,407.399994,414.049988,405.395325,22340500.00
2024-02-08,414.049988,415.559998,412.529999,414.109985,405.454071,21225300.00
2024-02-09,415.250000,420.820007,415.089996,420.549988,411.759491,22032800.00
2024-02-12,420.559998,420.739990,414.750000,415.260010,406.580139,21202900.00
2024-02-13,404.940002,410.070007,403.390015,406.320007,397.826935,27824900.00
2024-02-14,408.070007,409.839996,404.570007,409.489990,401.672150,20401200.00
2024-02-15,408.140015,409.130005,404.290009,406.559998,398.798065,21825500.00
2024-02-16,407.959991,408.290009,403.440002,404.059998,396.345795,22296500.00
2024-02-20,403.239990,404.489990,398.010010,402.790009,395.100037,24307900.00
2024-02-21,400.170013,402.290009,397.220001,402.179993,394.501617,18518900.00
2024-02-22,410.190002,412.829987,408.570007,411.649994,403.790894,27009900.00
2024-02-23,415.670013,415.859985,408.970001,410.339996,402.505829,16295900.00
2024-02-26,411.459991,412.160004,407.359985,407.540009,399.759338,16193500.00
2024-02-27,407.989990,408.320007,403.850006,407.480011,399.700470,14835800.00
2024-02-28,408.179993,409.299988,405.320007,407.720001,399.935913,13183100.00
2024-02-29,408.640015,414.200012,405.920013,413.640015,405.742889,31947300.00
2024-03-01,411.269989,415.869995,410.880005,415.500000,407.567352,17823400.00
2024-03-04,413.440002,417.350006,412.320007,414.920013,406.998444,17596000.00
2024-03-05,413.959991,414.250000,400.640015,402.649994,394.962708,26919200.00
2024-03-06,402.970001,405.160004,398.390015,402.089996,394.413391,22344100.00
2024-03-07,406.119995,409.779999,402.239990,409.140015,401.328827,18718500.00
2024-03-08,407.959991,410.420013,404.329987,406.220001,398.464539,18002200.00
2024-03-11,403.760010,405.679993,401.260010,404.519989,396.796997,16120800.00
2024-03-12,407.619995,415.570007,406.790009,415.279999,407.351593,22457000.00
2024-03-13,418.100006,418.179993,411.450012,415.100006,407.174957,17115900.00
2024-03-14,420.239990,427.820007,417.989990,425.220001,417.101807,34157300.00
2024-03-15,419.290009,422.600006,412.790009,416.420013,408.469818,45079900.00
2024-03-18,414.250000,420.730011,413.779999,417.320007,409.352570,20106000.00
2024-03-19,417.829987,421.670013,415.549988,421.410004,413.364502,19837900.00
2024-03-20,422.000000,425.959991,420.660004,425.230011,417.111603,17860100.00
2024-03-21,429.829987,430.820007,427.160004,429.369995,421.172546,21296200.00
2024-03-22,429.700012,429.859985,426.070007,428.739990,420.554504,17648500.00
2024-03-25,425.239990,427.410004,421.609985,422.859985,414.786865,18060500.00
2024-03-26,425.609985,425.989990,421.350006,421.649994,413.599884,16725600.00
2024-03-27,424.440002,424.450012,419.010010,421.429993,413.384155,16705000.00
2024-03-28,420.959991,421.869995,419.119995,420.720001,412.687683,21871200.00
2024-04-01,423.950012,427.890015,422.220001,424.570007,416.464203,16316000.00
2024-04-02,420.109985,422.380005,417.839996,421.440002,413.393982,17912000.00
2024-04-03,419.730011,423.260010,419.089996,420.450012,412.422852,16502300.00
2024-04-04,424.989990,428.670013,417.570007,417.880005,409.901917,19370900.00
2024-04-05,420.010010,426.510010,418.320007,425.519989,417.396027,16554800.00
2024-04-08,425.170013,427.279999,423.299988,424.589996,416.483826,14272400.00
2024-04-09,426.440002,427.739990,421.619995,426.279999,418.141571,12496900.00
2024-04-10,422.190002,424.029999,419.700012,423.260010,415.179169,16216600.00
2024-04-11,425.820007,429.369995,422.359985,427.929993,419.760040,17966400.00
2024-04-12,424.049988,425.179993,419.769989,421.899994,413.845215,19253800.00
2024-04-15,426.600006,426.820007,413.429993,413.640015,405.742889,20273500.00
2024-04-16,414.570007,418.399994,413.730011,414.579987,406.664917,16765600.00
2024-04-17,417.250000,418.880005,410.329987,411.839996,403.977264,15855500.00
2024-04-18,410.630005,411.890015,403.950012,404.269989,396.551727,21029900.00
2024-04-19,404.029999,405.480011,397.769989,399.119995,391.500031,30565800.00
2024-04-22,400.079987,402.850006,395.750000,400.959991,393.304962,20286900.00
2024-04-23,404.239990,408.200012,403.059998,407.570007,399.788818,15734500.00
2024-04-24,409.559998,412.470001,406.779999,409.059998,401.250366,15065300.00
2024-04-25,394.029999,399.890015,388.029999,399.040009,391.421661,40586500.00
2024-04-26,412.170013,413.000000,405.760010,406.320007,398.562622,29694700.00
2024-04-29,405.250000,406.320007,399.190002,402.250000,394.570312,19582100.00
2024-04-30,401.489990,402.160004,389.170013,389.329987,381.897034,28781400.00
2024-05-01,392.609985,401.720001,390.309998,394.940002,387.399902,23562500.00
2024-05-02,397.660004,399.929993,394.649994,397.839996,390.244568,17709400.00
2024-05-03,402.279999,407.149994,401.859985,406.660004,398.896149,17446700.00
2024-05-06,408.760010,413.929993,406.369995,413.540009,405.644806,16996600.00
2024-05-07,414.660004,414.670013,409.089996,409.339996,401.524963,20018200.00
2024-05-08,408.170013,412.230011,406.709991,410.540009,402.702087,11792300.00
2024-05-09,410.570007,412.720001,409.100006,412.320007,404.448090,14689700.00
2024-05-10,412.940002,415.380005,411.799988,414.739990,406.821869,13402300.00
2024-05-13,418.010010,418.350006,410.820007,413.720001,405.821320,15440200.00
2024-05-14,412.019989,417.489990,411.549988,416.559998,408.607117,15109300.00
2024-05-15,417.899994,423.809998,417.269989,423.079987,415.751160,22239500.00
2024-05-16,421.799988,425.420013,420.350006,420.989990,413.697388,17530100.00
2024-05-17,422.540009,422.920013,418.029999,420.209991,412.930908,15352200.00
2024-05-20,420.209991,426.769989,419.989990,425.339996,417.972015,16272100.00
2024-05-21,426.829987,432.970001,424.850006,429.040009,421.607971,21453300.00
2024-05-22,430.089996,432.410004,427.130005,430.519989,423.062256,18073700.00
2024-05-23,432.970001,433.600006,425.420013,427.000000,419.603302,17211700.00
2024-05-24,427.190002,431.059998,424.410004,430.160004,422.708588,11855300.00
2024-05-28,429.630005,430.820007,426.600006,430.320007,422.865753,15718000.00
2024-05-29,425.690002,430.940002,425.690002,429.170013,421.735718,15517100.00
2024-05-30,424.299988,424.299988,414.239990,414.670013,407.486877,28394500.00
2024-05-31,416.750000,416.750000,404.510010,415.130005,407.938904,47995300.00
2024-06-03,415.529999,416.429993,408.920013,413.519989,406.356750,17484700.00
2024-06-04,412.429993,416.440002,409.679993,416.070007,408.862610,14348900.00
2024-06-05,417.809998,424.079987,416.299988,424.010010,416.665100,16988000.00
2024-06-06,424.010010,425.309998,420.579987,424.519989,417.166260,14861300.00
2024-06-07,426.200012,426.279999,423.000000,423.850006,416.507843,13621700.00
2024-06-10,424.700012,428.079987,423.890015,427.869995,420.458191,13982900.00
2024-06-11,425.480011,432.820007,425.250000,432.679993,425.184875,14551100.00
2024-06-12,435.320007,443.399994,433.250000,441.059998,433.419739,22366200.00
2024-06-13,440.850006,443.390015,439.369995,441.579987,433.930695,15960600.00
2024-06-14,438.279999,443.140015,436.720001,442.570007,434.903595,13582000.00
2024-06-17,442.589996,450.940002,440.720001,448.369995,440.603058,20790000.00
2024-06-18,449.709991,450.140015,444.890015,446.339996,438.608276,17112500.00
2024-06-20,446.299988,446.529999,441.269989,445.700012,437.979340,19877400.00
2024-06-21,447.380005,450.579987,446.510010,449.779999,441.988708,34187100.00
2024-06-24,449.799988,452.750000,446.410004,447.670013,439.915253,15913700.00
2024-06-25,448.250000,451.420013,446.750000,450.950012,443.138428,16413400.00
2024-06-26,449.000000,453.600006,448.190002,452.160004,444.327454,16507000.00
2024-06-27,452.179993,456.170013,451.769989,452.850006,445.005493,14806300.00
2024-06-28,453.070007,455.380005,446.410004,446.950012,439.207703,28362300.00
2024-07-01,448.660004,457.369995,445.660004,456.730011,448.818298,17662800.00
2024-07-02,453.200012,459.589996,453.109985,459.279999,451.324097,13979800.00
2024-07-03,458.190002,461.019989,457.880005,460.769989,452.788300,9932800.00
2024-07-05,459.609985,468.350006,458.970001,467.559998,459.460693,16000300.00
2024-07-08,466.549988,467.700012,464.459991,466.239990,458.163544,12962300.00
2024-07-09,467.000000,467.329987,458.000000,459.540009,451.579651,17207200.00
2024-07-10,461.220001,466.459991,458.859985,466.250000,458.173401,18196100.00
2024-07-11,462.980011,464.779999,451.549988,454.700012,446.823456,23111200.00
2024-07-12,454.329987,456.359985,450.649994,453.549988,445.693359,16324300.00
2024-07-15,453.299988,457.260010,451.429993,453.959991,446.096283,14429400.00
2024-07-16,454.220001,454.299988,446.660004,449.519989,441.733185,17175700.00
2024-07-17,442.589996,444.850006,439.179993,443.519989,435.837097,21778000.00
2024-07-18,444.339996,444.649994,434.399994,440.369995,432.741699,20794800.00
2024-07-19,433.100006,441.140015,432.000000,437.109985,429.538177,20940400.00
2024-07-22,441.790009,444.600006,438.910004,442.940002,435.267212,15808800.00
2024-07-23,443.899994,448.390015,443.100006,444.850006,437.144135,13107100.00
2024-07-24,440.450012,441.480011,427.589996,428.899994,421.470398,26805800.00
2024-07-25,428.799988,429.799988,417.510010,418.399994,411.152313,29943800.00
2024-07-26,418.200012,428.920013,417.269989,425.269989,417.903259,23583800.00
2024-07-29,431.579987,432.149994,424.700012,426.730011,419.338013,15125800.00
2024-07-30,427.720001,429.049988,417.359985,422.920013,415.593933,32687600.00
2024-07-31,420.500000,421.779999,412.209991,418.350006,411.103149,42891400.00
2024-08-01,420.790009,427.459991,413.089996,417.109985,409.884613,30296400.00
2024-08-02,412.489990,415.000000,404.339996,408.489990,401.413940,29437900.00
2024-08-05,389.170013,401.040009,385.579987,395.149994,388.304993,40709200.00
2024-08-06,400.000000,405.670013,398.500000,399.609985,392.687714,24946500.00
2024-08-07,408.640015,410.079987,397.470001,398.429993,391.528198,20650900.00
2024-08-08,402.440002,405.859985,399.940002,402.690002,395.714417,20203000.00
2024-08-09,404.029999,408.049988,402.260010,406.019989,398.986694,19276700.00
2024-08-12,407.059998,408.760010,404.239990,406.809998,399.763000,16762900.00
2024-08-13,409.589996,414.950012,409.570007,414.010010,406.838287,19414300.00
2024-08-14,414.799988,417.720001,412.450012,416.859985,409.638916,18267000.00
2024-08-15,419.799988,421.109985,417.660004,421.029999,414.482422,20752100.00
2024-08-16,420.600006,421.339996,417.299988,418.470001,411.962219,22775600.00
2024-08-19,418.959991,421.750000,416.459991,421.529999,414.974640,15234000.00
2024-08-20,421.700012,425.859985,421.640015,424.799988,418.193787,16387600.00
2024-08-21,424.079987,426.399994,421.720001,424.140015,417.544067,16067300.00
2024-08-22,424.359985,426.790009,414.609985,415.549988,409.087646,19361900.00
2024-08-23,416.980011,419.260010,412.089996,416.790009,410.308411,18493800.00
2024-08-26,416.369995,417.279999,411.339996,413.489990,407.059662,13152800.00
2024-08-27,412.859985,414.359985,410.250000,413.839996,407.404266,13492900.00
2024-08-28,414.880005,415.000000,407.309998,410.600006,404.214691,14882700.00
2024-08-29,414.940002,422.049988,410.600006,413.119995,406.695435,17045200.00
2024-08-30,415.600006,417.489990,412.130005,417.140015,410.652924,24308300.00
2024-09-03,417.910004,419.880005,407.029999,409.440002,403.072632,20313600.00
2024-09-04,405.910004,411.239990,404.369995,408.899994,402.541016,15135800.00
2024-09-05,407.619995,413.100006,406.130005,408.390015,402.039032,14195500.00
2024-09-06,409.059998,410.649994,400.799988,401.700012,395.453033,19609500.00
2024-09-09,407.239990,408.649994,402.149994,405.720001,399.410583,15295100.00
2024-09-10,408.200012,416.329987,407.700012,414.200012,407.758698,19594300.00
2024-09-11,415.500000,423.989990,409.579987,423.040009,416.461212,19266900.00
2024-09-12,423.309998,427.369995,419.750000,427.000000,420.359589,17395700.00
2024-09-13,425.829987,431.829987,425.459991,430.589996,423.893768,15874600.00
2024-09-16,430.600006,433.529999,428.220001,431.339996,424.632050,13834700.00
2024-09-17,440.230011,441.850006,432.269989,435.149994,428.382843,18874200.00
2024-09-18,435.000000,436.029999,430.410004,430.809998,424.110382,18898000.00
2024-09-19,441.230011,441.500000,436.899994,438.690002,431.867798,21706600.00
2024-09-20,437.220001,439.239990,434.220001,435.269989,428.501007,55167100.00
2024-09-23,434.279999,436.459991,430.390015,433.510010,426.768372,15128900.00
2024-09-24,433.000000,433.350006,426.100006,429.170013,422.495850,17015800.00
2024-09-25,429.829987,433.119995,428.570007,432.109985,425.390106,13396400.00
2024-09-26,435.089996,435.299988,429.130005,431.309998,424.602539,14492000.00
2024-09-27,431.519989,431.850006,427.470001,428.019989,421.363708,14896100.00
2024-09-30,428.209991,430.420013,425.369995,430.299988,423.608276,16807300.00
2024-10-01,428.450012,428.480011,418.809998,420.690002,414.147675,19092900.00
2024-10-02,422.579987,422.820007,416.709991,417.130005,410.643127,16582300.00
2024-10-03,417.630005,419.549988,414.290009,416.540009,410.062256,13686400.00
2024-10-04,418.239990,419.750000,414.970001,416.059998,409.589722,19169700.00
2024-10-07,416.000000,417.109985,409.000000,409.540009,403.171143,20919800.00
2024-10-08,410.899994,415.660004,408.170013,414.709991,408.260681,19229300.00
2024-10-09,415.859985,420.380005,414.299988,417.459991,410.967957,14974300.00
2024-10-10,415.230011,417.350006,413.149994,415.839996,409.373138,13848400.00
2024-10-11,416.140015,417.130005,413.250000,416.320007,409.845673,14144900.00
2024-10-14,417.769989,424.040009,417.519989,419.140015,412.621857,16653100.00
2024-10-15,422.179993,422.480011,415.260010,418.739990,412.228058,18900200.00
2024-10-16,415.170013,416.359985,410.480011,416.119995,409.648773,15508900.00
2024-10-17,422.359985,422.500000,415.589996,416.720001,410.239471,14820000.00
2024-10-18,417.140015,419.649994,416.260010,418.160004,411.657043,17145300.00
2024-10-21,416.119995,418.959991,413.750000,418.779999,412.267395,14206100.00
2024-10-22,418.489990,430.579987,418.040009,427.510010,420.861664,25482200.00
2024-10-23,430.859985,431.079987,422.529999,424.600006,417.996948,19654400.00
2024-10-24,425.329987,425.980011,422.399994,424.730011,418.124908,13581600.00
2024-10-25,426.760010,432.519989,426.570007,428.149994,421.491699,16899100.00
2024-10-28,431.660004,431.940002,426.299988,426.589996,419.955963,14882400.00
2024-10-29,428.000000,433.170013,425.799988,431.950012,425.232635,17644100.00
2024-10-30,437.440002,438.500000,432.100006,432.529999,425.803619,29749100.00
2024-10-31,415.359985,416.160004,406.299988,406.350006,400.030731,53971000.00
2024-11-01,409.010010,415.500000,407.500000,410.369995,403.988190,24230400.00
2024-11-04,409.799988,410.420013,405.570007,408.459991,402.107941,19672300.00
2024-11-05,408.369995,414.899994,408.079987,411.459991,405.061218,17626000.00
2024-11-06,412.420013,420.450012,410.519989,420.179993,413.645630,26681800.00
2024-11-07,421.279999,426.850006,419.880005,425.429993,418.814026,19901800.00
2024-11-08,425.320007,426.500000,421.779999,422.540009,415.968964,16891400.00
2024-11-11,422.519989,424.809998,416.000000,418.010010,411.509369,24503300.00
2024-11-12,418.250000,424.440002,417.200012,423.029999,416.451324,19401200.00
2024-11-13,421.640015,429.329987,418.209991,425.200012,418.587585,21502200.00
2024-11-14,425.000000,428.170013,420.000000,426.890015,420.251312,30246900.00
2024-11-15,419.820007,422.799988,413.640015,415.000000,408.546204,28247600.00
2024-11-18,414.869995,418.399994,412.100006,415.760010,409.294373,24727000.00
2024-11-19,413.109985,417.940002,411.549988,417.790009,411.292816,18133500.00
2024-11-20,416.869995,417.290009,410.579987,415.489990,409.028564,19191700.00
2024-11-21,419.500000,419.779999,410.290009,412.869995,407.262878,20780200.00
2024-11-22,411.369995,417.399994,411.059998,417.000000,411.336853,24814600.00
2024-11-25,418.380005,421.079987,414.850006,418.790009,413.102539,27691100.00
2024-11-26,419.589996,429.040009,418.850006,427.989990,422.177521,23458900.00
2024-11-27,425.109985,427.230011,422.019989,422.989990,417.245514,18332400.00
2024-11-29,420.089996,424.880005,417.799988,423.459991,417.709076,16271900.00
2024-12-02,421.570007,433.000000,421.309998,430.980011,425.126984,20207200.00
2024-12-03,429.839996,432.470001,427.739990,431.200012,425.343994,18302000.00
2024-12-04,433.029999,439.670013,432.630005,437.420013,431.479492,26009400.00
2024-12-05,437.920013,444.660004,436.170013,442.619995,436.608856,21697800.00
2024-12-06,442.299988,446.100006,441.769989,443.570007,437.545929,18821000.00
2024-12-09,442.600006,448.329987,440.500000,446.019989,439.962738,19144400.00
2024-12-10,444.390015,449.619995,441.600006,443.329987,437.309204,18469500.00
2024-12-11,444.049988,450.350006,444.049988,448.989990,442.892303,19200200.00
2024-12-12,449.109985,456.160004,449.109985,449.559998,443.454590,20834800.00
2024-12-13,448.440002,451.429993,445.579987,447.269989,441.195709,20177800.00
2024-12-16,447.269989,452.179993,445.279999,451.589996,445.457062,23598800.00
2024-12-17,451.010010,455.290009,449.570007,454.459991,448.288086,22733500.00
2024-12-18,451.320007,452.649994,437.019989,437.390015,431.449890,24444500.00
2024-12-19,441.619995,443.179993,436.320007,437.029999,431.094818,22963700.00
2024-12-20,433.109985,443.739990,428.630005,436.600006,430.670654,64263700.00
2024-12-23,436.739990,437.649994,432.829987,435.250000,429.338928,19152500.00
2024-12-24,434.649994,439.600006,434.190002,439.329987,433.363525,7164500.00
2024-12-26,439.079987,440.940002,436.630005,438.109985,432.160126,8194200.00
2024-12-27,434.600006,435.220001,426.350006,430.529999,424.683075,18117700.00
2024-12-30,426.059998,427.549988,421.899994,424.829987,419.060455,13158700.00
2024-12-31,426.100006,426.730011,420.660004,421.500000,415.775726,13246500.00
2025-01-02,425.529999,426.070007,414.850006,418.579987,412.895355,16896500.00
2025-01-03,421.079987,424.029999,419.540009,423.350006,417.600555,16662900.00
2025-01-06,428.000000,434.320007,425.480011,427.850006,422.039429,20573600.00
2025-01-07,429.000000,430.649994,420.799988,422.369995,416.633850,18139100.00
2025-01-08,423.459991,426.970001,421.540009,424.559998,418.794128,15054600.00
2025-01-10,424.630005,424.709991,415.019989,418.950012,413.260345,20201100.00
2025-01-13,415.239990,418.500000,412.290009,417.190002,411.524231,17604800.00
2025-01-14,417.809998,419.739990,410.720001,415.670013,410.024872,16935900.00
2025-01-15,419.130005,428.149994,418.269989,426.309998,420.520386,19637800.00
2025-01-16,428.700012,429.489990,424.390015,424.579987,418.813873,15300000.00
2025-01-17,434.089996,434.480011,428.170013,429.029999,423.203430,26197500.00
2025-01-21,430.200012,430.899994,425.600006,428.500000,422.680634,26085700.00
2025-01-22,437.559998,447.269989,436.000000,446.200012,440.140289,27803800.00
2025-01-23,442.000000,446.750000,441.500000,446.709991,440.643341,18389300.00
2025-01-24,445.160004,446.649994,441.399994,444.059998,438.029297,15549500.00
2025-01-27,424.010010,435.200012,423.500000,434.559998,428.658325,35647800.00
2025-01-28,434.600006,448.380005,431.380005,447.200012,441.126678,23491700.00
2025-01-29,446.690002,446.880005,440.399994,442.329987,436.322815,23581400.00
2025-01-30,418.769989,422.859985,413.160004,414.989990,409.354095,54586300.00
2025-01-31,418.980011,420.690002,414.910004,415.059998,409.423157,34161900.00
2025-02-03,411.600006,415.410004,408.660004,410.920013,405.339355,25679100.00
2025-02-04,412.690002,413.920013,409.739990,412.369995,406.769714,20532100.00
2025-02-05,412.350006,413.829987,410.399994,413.290009,407.677185,16316700.00
2025-02-06,414.000000,418.200012,414.000000,415.820007,410.172852,16309800.00
2025-02-07,416.480011,418.649994,408.100006,409.750000,404.185242,22886800.00
2025-02-10,413.709991,415.459991,410.920013,412.220001,406.621704,20817900.00
2025-02-11,409.640015,412.489990,409.299988,411.440002,405.852264,18140600.00
2025-02-12,407.209991,410.750000,404.369995,409.040009,403.484924,19121700.00
2025-02-13,407.000000,411.000000,406.359985,410.540009,404.964569,23891700.00
2025-02-14,407.790009,408.910004,405.880005,408.429993,402.883209,22758500.00
2025-02-18,408.000000,410.600006,406.500000,409.640015,404.076813,21423100.00
2025-02-19,407.880005,415.489990,407.649994,414.769989,409.137115,24114200.00
2025-02-20,415.290009,419.309998,412.540009,416.130005,411.301666,23508700.00
2025-02-21,417.339996,418.049988,407.890015,408.209991,403.473572,27524800.00
2025-02-24,408.510010,409.369995,399.320007,404.000000,399.312439,26443700.00
2025-02-25,401.100006,401.920013,396.700012,397.899994,393.283203,29387400.00
2025-02-26,398.010010,403.600006,394.250000,399.730011,395.092041,19619000.00
2025-02-27,401.269989,405.739990,392.170013,392.529999,387.975494,21127400.00
2025-02-28,392.660004,397.630005,386.570007,396.989990,392.383728,32845700.00
2025-03-03,398.820007,398.820007,386.160004,388.489990,383.982391,23007700.00
2025-03-04,383.399994,392.579987,381.000000,388.609985,384.101013,29342900.00
2025-03-05,389.339996,401.670013,388.809998,401.019989,396.366974,23433100.00
2025-03-06,394.279999,402.149994,392.679993,396.890015,392.284912,23304600.00
2025-03-07,392.320007,394.799988,385.540009,393.309998,388.746429,22034100.00
2025-03-10,385.839996,386.399994,377.220001,380.160004,375.749054,32840100.00
2025-03-11,379.000000,386.000000,376.910004,380.450012,376.035675,30380200.00
2025-03-12,382.950012,385.220001,378.950012,383.269989,378.822906,24253600.00
2025-03-13,383.160004,385.320007,377.450012,378.769989,374.375122,20473000.00
2025-03-14,379.779999,390.230011,379.510010,388.559998,384.051575,19952800.00
2025-03-17,386.700012,392.709991,385.570007,388.700012,384.189941,22474300.00
2025-03-18,387.070007,387.369995,381.100006,383.519989,379.070068,19486900.00
2025-03-19,385.529999,389.679993,384.000000,387.820007,383.320160,19185500.00
2025-03-20,385.739990,391.790009,383.279999,386.839996,382.351532,18470500.00
2025-03-21,383.220001,391.739990,382.799988,391.260010,386.720276,39675900.00
2025-03-24,395.399994,395.399994,389.809998,393.079987,388.519135,21004500.00
2025-03-25,393.920013,396.359985,392.640015,395.160004,390.574951,15775000.00
2025-03-26,395.000000,395.309998,388.570007,389.970001,385.445190,16108400.00
2025-03-27,390.130005,392.239990,387.399994,390.579987,386.048157,13766800.00
2025-03-28,388.079987,389.130005,376.929993,378.799988,374.404846,21632000.00
2025-03-31,372.540009,377.070007,367.239990,375.390015,371.034393,35184700.00
2025-04-01,374.649994,382.850006,373.230011,382.190002,377.755493,19689500.00
2025-04-02,377.970001,385.079987,376.619995,382.140015,377.706085,16092600.00
2025-04-03,374.790009,377.480011,369.350006,373.109985,368.780792,30198000.00
2025-04-04,364.130005,374.589996,359.480011,359.839996,355.664795,49209900.00
2025-04-07,350.880005,371.000000,344.790009,357.859985,353.707764,50425000.00
2025-04-08,368.260010,373.649994,350.250000,354.559998,350.446106,35868900.00
2025-04-09,353.540009,393.230011,353.100006,390.489990,385.959137,50199700.00
2025-04-10,382.059998,383.899994,367.799988,381.350006,376.925232,38024400.00
2025-04-11,380.640015,390.049988,378.890015,388.450012,383.942871,23839200.00
2025-04-14,393.220001,394.649994,384.209991,387.809998,383.310272,19251200.00
2025-04-15,388.510010,391.890015,384.160004,385.730011,381.254395,17199900.00
2025-04-16,380.670013,381.609985,368.000000,371.609985,367.298218,21967800.00
2025-04-17,373.750000,374.320007,366.890015,367.779999,363.512665,21120200.00
2025-04-21,362.820007,364.480011,355.670013,359.119995,354.953186,20807300.00
2025-04-22,363.380005,367.769989,359.859985,366.820007,362.563812,19485000.00
2025-04-23,376.059998,380.390015,373.019989,374.390015,370.046021,20545500.00
2025-04-24,375.700012,388.450012,375.190002,387.299988,382.806152,22232300.00
2025-04-25,387.000000,392.160004,384.600006,391.850006,387.303436,18973200.00
2025-04-28,391.959991,392.739990,386.640015,391.160004,386.621429,16579400.00
2025-04-29,391.299988,395.100006,390.380005,394.040009,389.467987,14974000.00
2025-04-30,390.299988,396.660004,384.440002,395.260010,390.673828,36461100.00
2025-05-01,431.109985,436.989990,424.899994,425.399994,420.464142,58938100.00
2025-05-02,431.739990,439.440002,429.989990,435.279999,430.229492,30757400.00
2025-05-05,432.869995,439.500000,432.109985,436.170013,431.109192,20136100.00
2025-05-06,432.200012,437.730011,431.170013,433.309998,428.282379,15104200.00
2025-05-07,433.839996,438.119995,431.109985,433.350006,428.321869,23295300.00
2025-05-08,437.929993,443.670013,435.660004,438.170013,433.085968,23491300.00
2025-05-09,440.000000,440.739990,435.880005,438.730011,433.639465,15324200.00
2025-05-12,445.940002,449.369995,439.779999,449.260010,444.047302,22821900.00
2025-05-13,447.779999,450.670013,445.359985,449.140015,443.928680,23618800.00
2025-05-14,448.140015,453.899994,448.140015,452.940002,447.684631,19902800.00
2025-05-15,450.769989,456.190002,450.429993,453.130005,448.694580,21992300.00
2025-05-16,452.049988,454.359985,448.730011,454.269989,449.823425,23849800.00
2025-05-19,450.880005,459.589996,450.799988,458.869995,454.378418,21336500.00
2025-05-20,455.589996,458.339996,454.320007,458.170013,453.685242,15441800.00
2025-05-21,454.570007,457.779999,451.809998,452.570007,448.140076,19216900.00
2025-05-22,454.950012,460.250000,453.899994,454.859985,450.407684,18025600.00
2025-05-23,449.980011,453.690002,448.910004,450.179993,445.773468,16883500.00
2025-05-27,456.480011,460.950012,456.119995,460.690002,456.180603,20974300.00
2025-05-28,461.220001,462.519989,456.929993,457.359985,452.883209,17086300.00
2025-05-29,461.549988,461.720001,455.309998,458.679993,454.190247,13974800.00
2025-05-30,459.720001,461.679993,455.540009,460.359985,455.853821,34770500.00
2025-06-02,457.140015,462.109985,456.890015,461.970001,457.448090,16626500.00
2025-06-03,461.470001,464.140015,460.859985,462.970001,458.438263,15743800.00
2025-06-04,464.000000,465.690002,463.019989,463.869995,459.329437,14162700.00
2025-06-05,464.959991,469.649994,464.029999,467.679993,463.102173,20131700.00
2025-06-06,470.089996,473.339996,468.779999,470.380005,465.775726,15285600.00
2025-06-09,469.700012,473.429993,468.619995,472.750000,468.122559,16469900.00
2025-06-10,471.190002,472.799988,466.959991,470.920013,466.310455,15375900.00
2025-06-11,470.019989,475.470001,469.660004,472.619995,467.993835,16399200.00
2025-06-12,475.019989,480.420013,473.519989,478.869995,474.182648,18950600.00
2025-06-13,476.410004,479.179993,472.760010,474.959991,470.310913,16814500.00
2025-06-16,475.209991,480.690002,475.000000,479.140015,474.450012,15626100.00
2025-06-17,475.399994,478.739990,474.079987,478.040009,473.360809,15414100.00
2025-06-18,478.000000,481.000000,474.459991,480.239990,475.539215,17526500.00
2025-06-20,482.230011,483.459991,476.869995,477.399994,472.727020,37576200.00
2025-06-23,478.209991,487.750000,472.510010,486.000000,481.242828,24864000.00
2025-06-24,488.950012,491.850006,486.799988,490.109985,485.312622,22305600.00
2025-06-25,492.040009,494.559998,489.390015,492.269989,487.451477,17495100.00
2025-06-26,492.980011,498.040009,492.809998,497.450012,492.580750,21578900.00
2025-06-27,497.549988,499.299988,493.029999,495.940002,491.085541,34539200.00
2025-06-30,497.040009,500.760010,495.329987,497.410004,492.541168,28369000.00
2025-07-01,496.470001,498.049988,490.980011,492.049988,487.233643,19945400.00
2025-07-02,489.989990,493.500000,488.700012,491.089996,486.283020,16319600.00
2025-07-03,493.809998,500.130005,493.440002,498.839996,493.957184,13984800.00
2025-07-07,497.380005,498.750000,495.230011,497.720001,492.848114,13981600.00
2025-07-08,497.239990,498.200012,494.109985,496.619995,491.758911,11846600.00
2025-07-09,500.299988,506.779999,499.739990,503.510010,498.581451,18659500.00
2025-07-10,503.049988,504.440002,497.750000,501.480011,496.571350,16492100.00
2025-07-11,498.470001,505.029999,497.799988,503.320007,498.393311,16459500.00
2025-07-14,501.519989,503.970001,501.029999,503.019989,498.096252,12058800.00
2025-07-15,503.019989,508.299988,502.790009,505.820007,500.868866,14927200.00
2025-07-16,505.179993,506.720001,501.890015,505.619995,500.670807,15154400.00
2025-07-17,505.679993,513.369995,505.619995,511.700012,506.691315,17503100.00
2025-07-18,514.479980,514.640015,507.429993,510.049988,505.057434,21209700.00
2025-07-21,506.709991,512.090027,505.549988,510.059998,505.067322,14066800.00
2025-07-22,510.970001,511.200012,505.269989,505.269989,500.324249,13868600.00
2025-07-23,506.750000,506.790009,500.700012,505.869995,500.918365,16396600.00
2025-07-24,508.769989,513.669983,507.299988,510.880005,505.879333,16107000.00
2025-07-25,512.469971,518.289978,510.359985,513.710022,508.681671,19125700.00
2025-07-28,514.080017,515.000000,510.119995,512.500000,507.483459,14308000.00
2025-07-29,515.530029,517.619995,511.559998,512.570007,507.552795,16469200.00
2025-07-30,515.169983,515.950012,509.440002,513.239990,508.216248,26380400.00
2025-07-31,555.229980,555.450012,531.900024,533.500000,528.277954,51617300.00
2025-08-01,535.000000,535.799988,520.859985,524.109985,518.979797,28977600.00
2025-08-04,528.270020,538.250000,528.130005,535.640015,530.396912,25349000.00
2025-08-05,537.179993,537.299988,527.239990,527.750000,522.584229,19171600.00
2025-08-06,530.900024,531.700012,524.030029,524.940002,519.801758,21355700.00
2025-08-07,526.799988,528.090027,517.549988,520.840027,515.741821,16079100.00
2025-08-08,522.599976,524.659973,519.409973,522.039978,516.930054,15531000.00
2025-08-11,522.299988,527.590027,519.719971,521.770020,516.662781,20194400.00
2025-08-12,523.750000,530.979980,522.700012,529.239990,524.059509,18667000.00
2025-08-13,532.109985,532.700012,519.369995,520.580017,515.484375,19619200.00
2025-08-14,522.559998,525.950012,520.140015,522.479980,517.365723,20269100.00
2025-08-15,522.770020,526.099976,519.080017,520.169983,515.078308,25213300.00
2025-08-18,521.590027,522.820007,514.020020,517.099976,512.038391,23760600.00
2025-08-19,515.000000,515.159973,508.549988,509.769989,504.780182,21481000.00
2025-08-20,509.869995,511.000000,504.440002,505.720001,500.769867,27723000.00
2025-08-21,503.690002,507.630005,502.720001,504.239990,500.125153,18443300.00
2025-08-22,504.250000,510.730011,502.410004,507.230011,503.090729,24324200.00
2025-08-25,506.630005,508.190002,504.119995,504.260010,500.144958,21638600.00
2025-08-26,504.359985,504.980011,498.510010,502.040009,497.943085,30835700.00
2025-08-27,502.000000,507.290009,499.899994,506.739990,502.604706,17277900.00
2025-08-28,507.089996,511.089996,505.500000,509.640015,505.481049,18015600.00
2025-08-29,508.660004,509.600006,504.489990,506.690002,502.555115,20961600.00
2025-09-02,500.470001,506.000000,496.809998,505.119995,500.997955,18128000.00
2025-09-03,503.790009,507.790009,502.320007,505.350006,501.226105,16345100.00
2025-09-04,504.299988,508.149994,503.149994,507.970001,503.824677,15509500.00
2025-09-05,509.070007,511.970001,492.369995,495.000000,490.960541,31994800.00
2025-09-08,498.109985,501.200012,495.029999,498.200012,494.134430,16771000.00
2025-09-09,501.429993,502.250000,497.700012,498.410004,494.342682,14410500.00
2025-09-10,502.980011,503.230011,496.720001,500.369995,496.286743,21611800.00
2025-09-11,502.250000,503.170013,497.880005,501.010010,496.921509,18881600.00
2025-09-12,506.649994,512.549988,503.850006,509.899994,505.738953,23624900.00
2025-09-15,508.790009,515.469971,507.000000,515.359985,511.154419,17143800.00
2025-09-16,516.880005,517.229980,508.600006,509.040009,504.885986,19711900.00
2025-09-17,510.619995,511.290009,505.929993,510.019989,505.857941,15816600.00
2025-09-18,511.489990,513.070007,507.660004,508.450012,504.300781,18913700.00
2025-09-19,510.559998,519.299988,510.309998,517.929993,513.703430,52474100.00
2025-09-22,515.590027,517.739990,512.539978,514.450012,510.251862,20009300.00
2025-09-23,513.799988,514.590027,507.309998,509.230011,505.074402,19799600.00
2025-09-24,510.380005,512.479980,506.920013,510.149994,505.986908,13533700.00
2025-09-25,508.299988,510.010010,505.040009,507.029999,502.892365,15786500.00
2025-09-26,510.059998,513.940002,506.619995,511.459991,507.286163,16213100.00
2025-09-29,511.500000,516.849976,508.880005,514.599976,510.400513,17617800.00
2025-09-30,513.239990,518.159973,509.660004,517.950012,513.723267,19728200.00
2025-10-01,514.799988,520.510010,511.690002,519.710022,515.468872,22632300.00
2025-10-02,517.640015,521.599976,510.679993,515.739990,511.531250,21222900.00
2025-10-03,517.099976,520.489990,515.000000,517.349976,513.128113,15112300.00
2025-10-06,518.609985,531.030029,518.200012,528.570007,524.256592,21388600.00
2025-10-07,528.289978,529.799988,521.440002,523.979980,519.703979,14615200.00
2025-10-08,523.280029,526.950012,523.090027,524.849976,520.566895,13363400.00
2025-10-09,522.340027,524.330017,517.400024,522.400024,518.136963,18343600.00
2025-10-10,519.640015,523.580017,509.630005,510.959991,506.790283,24133800.00
2025-10-13,516.409973,516.409973,511.679993,514.049988,509.855072,14284200.00
2025-10-14,510.230011,515.280029,506.000000,513.570007,509.379028,14684300.00
2025-10-15,514.960022,517.190002,510.000000,513.429993,509.240112,14694700.00
2025-10-16,512.580017,516.849976,508.130005,511.609985,507.434967,15559600.00
2025-10-17,509.040009,515.479980,507.309998,513.580017,509.388947,19867800.00
2025-10-20,514.609985,518.700012,513.429993,516.789978,512.572693,14665600.00
2025-10-21,517.500000,518.690002,513.039978,517.659973,513.435608,15586200.00
2025-10-22,521.150024,525.229980,517.710022,520.539978,516.292114,18962700.00
2025-10-23,522.460022,523.950012,518.609985,520.559998,516.311890,14023500.00
2025-10-24,522.789978,525.349976,520.710022,523.609985,519.336975,15532400.00
2025-10-27,531.780029,534.580017,529.010010,531.520020,527.182495,18734700.00
2025-10-28,550.000000,553.719971,540.770020,542.070007,537.646423,29986700.00
2025-10-29,544.940002,546.270020,536.729980,541.549988,537.130615,36023000.00
2025-10-30,530.479980,534.969971,522.119995,525.760010,521.469482,41023100.00
2025-10-31,528.880005,529.320007,515.099976,517.809998,513.584412,34006400.00
2025-11-03,519.809998,524.960022,514.590027,517.030029,512.810791,22374700.00
2025-11-04,511.760010,515.549988,507.839996,514.330017,510.132751,20958700.00
2025-11-05,513.299988,514.830017,506.579987,507.160004,503.021301,23024300.00
2025-11-06,505.660004,505.700012,495.809998,497.100006,493.043427,27406500.00
2025-11-07,496.950012,499.380005,493.250000,496.820007,492.765686,24019800.00
2025-11-10,500.040009,506.850006,498.799988,506.000000,501.870758,26101500.00
2025-11-11,504.799988,509.600006,502.350006,508.679993,504.528900,17980000.00
2025-11-12,509.359985,511.670013,499.119995,511.140015,506.968842,26574900.00
2025-11-13,510.309998,513.500000,501.290009,503.290009,499.182892,25273100.00
2025-11-14,498.230011,511.600006,497.440002,510.179993,506.016632,28505700.00
2025-11-17,508.450012,512.119995,504.910004,507.489990,503.348572,19092800.00
2025-11-18,495.369995,502.980011,486.779999,493.790009,489.760437,33815100.00
2025-11-19,490.100006,495.190002,482.829987,487.119995,483.144836,23245300.00
2025-11-20,492.709991,493.570007,475.500000,478.429993,475.413879,26802500.00
2025-11-21,478.500000,478.920013,468.269989,472.119995,469.143646,31769200.00
2025-11-24,475.000000,476.899994,468.019989,474.000000,471.011810,34421000.00
2025-11-25,474.070007,479.149994,464.890015,476.989990,473.982941,28019800.00
2025-11-26,486.309998,488.309998,481.200012,485.500000,482.439331,25709100.00
2025-11-28,487.600006,492.630005,486.649994,492.010010,488.908295,14386700.00
2025-12-01,488.440002,489.859985,484.649994,486.739990,483.671509,23964000.00
2025-12-02,486.720001,493.500000,486.320007,490.000000,486.910950,19562700.00
2025-12-03,476.320007,484.239990,475.200012,477.730011,474.718323,34615100.00
2025-12-04,479.760010,481.320007,476.489990,480.839996,477.808716,22318200.00
2025-12-05,482.519989,483.399994,478.880005,483.160004,480.114075,22608700.00
2025-12-08,484.890015,492.299988,484.380005,491.019989,487.924500,21965900.00
2025-12-09,489.100006,492.119995,488.500000,492.019989,488.918213,14696100.00
2025-12-10,484.029999,484.250000,475.079987,478.559998,475.543060,35756200.00
2025-12-11,476.630005,486.029999,475.859985,483.470001,480.422119,24669200.00
2025-12-12,479.820007,482.450012,476.339996,478.529999,475.513245,21248100.00
2025-12-15,480.100006,480.720001,472.519989,474.820007,471.826630,23727700.00
2025-12-16,471.910004,477.890015,470.880005,476.390015,473.386780,20705600.00
2025-12-17,476.910004,480.000000,475.000000,476.119995,473.118439,24527200.00
2025-12-18,478.190002,489.600006,477.890015,483.980011,480.928925,28573500.00
2025-12-19,487.359985,487.850006,482.489990,485.920013,482.856659,70836100.00
2025-12-22,486.119995,488.730011,482.690002,484.920013,481.863007,16963000.00
2025-12-23,484.980011,487.829987,484.739990,486.850006,483.780792,14683600.00
2025-12-24,485.679993,489.160004,484.829987,488.019989,484.943390,5855900.00
2025-12-26,486.709991,488.119995,485.959991,487.709991,484.635345,8842200.00
2025-12-29,484.859985,488.350006,484.179993,487.100006,484.029236,10893400.00
2025-12-30,485.929993,489.679993,485.500000,487.480011,484.406860,13944500.00
2025-12-31,487.839996,488.140015,483.299988,483.619995,480.571167,15601600.00
2026-01-02,484.390015,484.660004,470.160004,472.940002,469.958496,25571600.00
2026-01-05,474.059998,476.070007,469.500000,472.850006,469.869080,25250300.00
2026-01-06,473.799988,478.739990,469.750000,478.510010,475.493408,23037700.00
2026-01-07,479.760010,489.700012,477.950012,483.470001,480.422119,25564200.00
2026-01-08,481.239990,482.660004,475.859985,478.109985,475.095886,18162600.00
2026-01-09,474.059998,479.820007,472.200012,479.279999,476.258514,18491000.00
2026-01-12,476.670013,480.989990,475.679993,477.179993,474.171753,23519900.00
2026-01-13,474.679993,475.779999,465.950012,470.670013,467.702820,28545800.00
2026-01-14,466.459991,468.200012,457.170013,459.380005,456.483978,28184300.00
2026-01-15,464.119995,464.250000,455.899994,456.660004,453.781128,23225800.00
2026-01-16,457.829987,463.190002,456.480011,459.859985,456.960907,34246700.00
2026-01-20,451.220001,456.799988,449.279999,454.519989,451.654633,26130000.00
2026-01-21,452.600006,452.690002,438.679993,444.109985,441.310242,37980500.00
2026-01-22,447.619995,452.839996,444.700012,451.140015,448.295929,25349400.00
2026-01-23,451.869995,471.100006,450.529999,465.950012,463.012573,38000200.00
2026-01-26,465.309998,474.250000,462.000000,470.279999,467.315277,29291200.00
2026-01-27,473.700012,482.869995,473.160004,480.579987,477.550293,29213900.00
2026-01-28,483.209991,483.739990,478.000000,481.630005,478.593719,36875400.00
2026-01-29,439.989990,442.500000,421.019989,433.500000,430.767120,128855300.00
2026-01-30,439.170013,439.600006,426.450012,430.290009,427.577393,58566800.00
2026-02-02,430.239990,430.739990,422.250000,423.369995,420.700989,42219900.00
2026-02-03,422.010010,422.049988,408.559998,411.209991,408.617645,61424100.00
2026-02-04,411.000000,419.799988,409.239990,414.190002,411.578857,45012400.00
2026-02-05,407.440002,408.299988,392.320007,393.670013,391.188232,66289200.00
2026-02-06,399.170013,401.790009,392.920013,401.140015,398.611145,53515300.00
2026-02-09,404.850006,414.890015,400.869995,413.600006,410.992615,45480500.00
2026-02-10,419.619995,423.679993,412.700012,413.269989,410.664673,44857900.00
2026-02-11,416.179993,416.459991,401.010010,404.369995,401.820770,42491000.00
2026-02-12,405.000000,406.200012,398.010010,401.839996,399.306702,40802400.00
2026-02-13,404.450012,405.540009,398.049988,401.320007,398.790009,34091600.00
2026-02-17,399.220001,400.519989,394.529999,396.859985,394.358093,32078800.00
2026-02-18,398.130005,402.559998,396.320007,399.600006,397.080872,23223400.00
2026-02-19,400.690002,404.429993,396.670013,398.459991,396.851776,28234000.00
2026-02-20,396.109985,400.119995,395.160004,397.230011,395.626740,34015200.00
2026-02-23,395.000000,395.359985,383.100006,384.470001,382.918213,43238300.00
2026-02-24,384.140015,389.359985,381.709991,389.000000,387.429962,33884700.00
2026-02-25,390.529999,401.470001,390.160004,400.600006,398.983124,43625500.00
2026-02-26,404.709991,407.489990,398.739990,401.720001,400.098602,34405900.00
2026-02-27,390.880005,396.820007,389.880005,392.739990,391.154846,51367200.00
2026-03-02,392.859985,401.190002,390.630005,398.549988,396.941376,35474900.00
2026-03-03,393.140015,406.700012,392.670013,403.929993,402.299683,38199200.00
2026-03-04,401.269989,411.029999,400.309998,405.200012,403.564575,35808000.00
2026-03-05,404.420013,411.609985,404.399994,410.679993,409.022430,39001300.00
2026-03-06,409.200012,413.049988,408.510010,408.959991,407.309387,31123900.00
2026-03-09,404.920013,410.209991,403.500000,409.410004,407.757568,30131900.00
2026-03-10,410.029999,410.200012,402.929993,405.760010,404.122314,31706400.00
2026-03-11,405.570007,409.010010,401.589996,404.880005,403.245850,25512100.00
2026-03-12,404.630005,406.119995,401.709991,401.859985,400.238037,27263900.00
2026-03-13,401.000000,404.799988,394.250000,395.549988,393.953491,26848000.00
2026-03-16,398.070007,400.630005,394.790009,399.950012,398.335754,27733700.00
2026-03-17,400.269989,404.399994,397.750000,399.410004,397.797913,26228300.00
2026-03-18,397.130005,398.000000,391.000000,391.790009,390.208710,25908500.00
2026-03-19,390.100006,392.489990,387.059998,389.019989,387.449860,25138800.00
2026-03-20,386.790009,387.000000,380.119995,381.869995,380.328735,50853200.00
2026-03-23,383.899994,387.209991,381.679993,383.000000,381.454193,29680100.00
2026-03-24,382.359985,382.470001,371.850006,372.739990,371.235565,42733600.00
2026-03-25,376.920013,377.059998,369.630005,371.040009,369.542450,31181200.00
2026-03-26,370.820007,374.720001,365.190002,365.970001,364.492920,36836600.00
2026-03-27,361.899994,362.450012,356.510010,356.769989,355.330017,37883400.00
2026-03-30,361.899994,365.359985,356.279999,358.959991,357.511169,44797000.00
2026-03-31,364.549988,372.899994,363.070007,370.170013,368.675964,45244400.00
2026-04-01,373.489990,373.989990,368.200012,369.369995,367.879181,29417200.00
2026-04-02,367.209991,373.640015,364.149994,373.459991,371.952667,24099100.00
2026-04-06,373.489990,373.730011,369.500000,372.880005,371.375000,16146600.00
2026-04-07,370.339996,372.450012,366.559998,372.290009,370.787415,21443300.00
2026-04-08,384.980011,385.000000,371.410004,374.329987,372.819153,33064800.00
2026-04-09,372.500000,373.500000,367.049988,373.070007,371.564270,30435300.00
2026-04-10,372.980011,375.640015,370.029999,370.869995,369.373138,28111100.00
2026-04-13,373.609985,384.540009,371.019989,384.369995,382.818634,35745800.00
2026-04-14,387.920013,394.690002,386.519989,393.109985,391.523346,37504500.00
2026-04-15,398.000000,414.369995,396.730011,411.220001,409.560272,45063400.00
2026-04-16,419.859985,420.820007,412.140015,420.260010,418.563782,41642400.00
2026-04-17,424.820007,431.579987,420.690002,422.790009,421.083588,48568200.00
2026-04-20,421.149994,423.329987,416.299988,418.070007,416.382629,27582200.00
2026-04-21,420.239990,427.179993,417.200012,424.160004,422.448059,32048500.00
2026-04-22,426.190002,433.700012,423.670013,432.920013,431.172699,29378200.00
2026-04-23,419.890015,423.660004,411.410004,415.750000,414.071960,38308000.00
2026-04-24,416.970001,424.950012,415.799988,424.619995,422.906189,27457400.00
2026-04-27,422.380005,427.109985,417.070007,424.820007,423.105377,30867300.00
2026-04-28,424.570007,429.920013,421.899994,429.250000,427.517487,30438100.00
2026-04-29,424.579987,426.820007,420.290009,424.459991,422.746796,38288300.00
2026-04-30,410.809998,414.420013,398.010010,407.779999,406.134155,70909400.00
2026-05-01,412.799988,417.109985,410.440002,414.440002,412.767273,31372400.00
2026-05-04,411.540009,420.779999,410.799988,413.619995,411.950562,28066500.00
2026-05-05,415.320007,416.779999,408.799988,411.380005,409.719635,25700900.00
2026-05-06,408.000000,418.420013,405.109985,413.959991,412.289185,30285900.00
2026-05-07,420.109985,427.980011,418.760010,420.769989,419.071716,34942400.00
2026-05-08,417.390015,418.630005,414.000000,415.119995,413.444519,33383800.00
2026-05-11,407.869995,412.690002,405.500000,412.660004,410.994446,35657900.00
2026-05-12,414.480011,415.500000,406.640015,407.769989,406.124176,38594200.00
2026-05-13,403.200012,406.309998,401.029999,405.209991,403.574524,29667100.00
2026-05-14,404.480011,411.839996,400.880005,409.429993,407.777496,27077500.00
2026-05-15,414.269989,428.170013,412.910004,421.920013,420.217072,50771200.00
2026-05-18,416.619995,425.119995,415.609985,423.540009,421.830566,32564100.00
2026-05-19,429.899994,432.700012,416.489990,417.420013,415.735260,33018700.00
2026-05-20,414.170013,422.100006,411.299988,421.059998,419.360535,27864000.00
2026-05-21,424.750000,426.339996,415.709991,419.089996,418.302521,31393500.00
2026-05-22,419.540009,424.399994,416.329987,418.570007,417.783539,22390300.00
2026-05-26,416.429993,419.769989,413.019989,416.029999,415.248291,30398000.00
2026-05-27,411.010010,415.940002,409.579987,412.670013,411.894623,28901500.00
2026-05-28,412.980011,429.489990,412.670013,426.989990,426.187683,47250500.00
2026-05-29,432.549988,450.329987,432.359985,450.239990,449.394012,79654400.00
2026-06-01,464.839996,466.320007,458.269989,460.519989,459.654694,53628900.00
2026-06-02,446.880005,453.500000,440.429993,441.309998,440.480774,37036800.00
2026-06-03,438.450012,440.390015,424.250000,427.339996,426.537048,39037000.00
2026-06-04,435.809998,436.149994,426.410004,428.049988,427.245697,26899500.00
2026-06-05,428.339996,429.470001,414.399994,416.670013,415.887085,34782200.00
2026-06-08,414.140015,417.160004,408.559998,411.739990,410.966339,32086700.00
2026-06-09,409.029999,411.980011,398.480011,403.410004,402.652008,35317300.00
2026-06-10,398.549988,405.040009,397.160004,397.359985,396.613342,32576000.00
2026-06-11,395.209991,396.850006,384.000000,390.339996,389.606567,47224100.00
2026-06-12,391.429993,391.739990,382.269989,390.739990,390.005798,34865800.00
2026-06-15,396.799988,401.750000,392.850006,399.760010,399.008881,32266400.00
2026-06-16,395.790009,396.839996,390.690002,393.829987,393.089996,31506800.00
2026-06-17,390.250000,390.369995,377.320007,378.910004,378.198029,41987800.00
2026-06-18,377.820007,381.369995,373.279999,379.399994,378.687103,59714200.00
2026-06-22,375.739990,381.630005,367.070007,367.339996,366.649780,45171100.00
2026-06-23,372.380005,377.220001,370.670013,373.940002,373.237366,40647600.00
2026-06-24,371.570007,378.880005,364.779999,365.459991,364.773315,44509900.00
2026-06-25,362.769989,364.230011,349.200012,352.829987,352.167023,66179000.00
2026-06-26,357.149994,376.609985,355.429993,372.970001,372.269196,186201600.00
2026-06-29,377.500000,380.500000,359.899994,368.570007,367.877472,51229900.00
2026-06-30,371.029999,374.149994,367.450012,373.019989,372.319092,44945700.00
2026-07-01,380.829987,388.829987,374.890015,384.279999,383.557953,48065800.00
2026-07-02,384.480011,392.200012,383.700012,390.489990,389.756256,42128900.00
2026-07-06,387.040009,389.149994,381.220001,386.739990,386.013306,34224500.00
2026-07-07,392.489990,395.570007,388.220001,388.839996,388.109375,29297500.00
2026-07-08,384.029999,385.309998,381.329987,383.339996,382.619720,25908300.00
2026-07-09,374.450012,384.649994,373.350006,384.359985,383.637787,31083200.00
2026-07-10,387.799988,391.910004,381.500000,385.100006,384.376404,24644600.00
2026-07-13,387.750000,393.649994,384.149994,390.989990,390.255341,28914900.00
2026-07-14,382.820007,388.190002,378.649994,384.929993,384.206726,27863900.00
2026-07-15,387.799988,398.959991,386.399994,395.630005,394.886627,36253700.00
2026-07-16,398.309998,405.989990,392.049988,401.100006,400.346344,37047400.00
2026-07-17,394.859985,398.390015,389.390015,393.820007,393.080017,33049800.00
2026-07-20,391.410004,403.179993,389.649994,402.290009,401.534119,27915800.00
2026-07-21,398.809998,401.470001,396.320007,397.750000,397.002625,24126600.00
2026-07-22,399.579987,401.000000,386.959991,390.339996,389.606567,28142500.00
2026-07-23,389.970001,391.779999,377.390015,381.579987,380.863007,30351800.00
2026-07-24,387.049988,389.029999,380.649994,381.700012,380.982819,27659400.00
2026-07-27,390.079987,394.200012,387.989990,389.100006,388.368896,27856200.00
2026-07-28,393.160004,400.320007,391.299988,393.350006,392.610901,32367500.00
2026-07-29,393.399994,401.250000,388.739990,390.540009,389.806183,47209000.00
2026-07-30,437.899994,458.690002,432.440002,451.100006,450.252411,110160700.00
2026-07-31,450.000000,466.839996,449.329987,464.720001,463.846802,60846000.00
2026-08-03,476.130005,491.649994,475.000000,487.649994,486.733704,66762100.00
2026-08-04,480.899994,499.440002,479.170013,492.809998,491.884033,50455500.00
2026-08-05,496.359985,498.239990,485.679993,487.459991,486.544067,33388900.00
2026-08-06,488.549988,501.559998,488.519989,499.859985,498.920746,36441500.00
2026-08-07,499.209991,505.179993,498.730011,499.989990,499.050507,28846200.00
2026-08-10,503.440002,513.729980,502.269989,506.059998,505.109131,31206100.00
2026-08-11,504.329987,505.329987,499.549988,503.809998,502.863342,23049800.00
2026-08-12,499.989990,501.500000,491.519989,492.429993,491.504730,29001500.00
2026-08-13,493.269989,501.339996,493.010010,496.880005,495.946381,23039000.00
2026-08-14,496.359985,500.010010,493.920013,495.399994,494.469147,16217600.00
2026-08-17,490.140015,492.660004,478.410004,480.350006,479.447449,29635800.00
2026-08-18,481.540009,484.269989,477.149994,481.630005,480.725037,24087600.00
2026-08-19,480.070007,489.299988,479.359985,484.309998,483.399994,19961900.00
2026-08-20,483.299988,484.160004,479.500000,481.149994,481.149994,20020800.00
2026-08-21,479.880005,486.359985,478.529999,483.239990,483.239990,22510800.00
2026-08-24,483.209991,490.609985,481.859985,487.309998,487.309998,17230800.00
2026-08-25,485.440002,492.440002,484.299988,491.709991,491.709991,19519000.00
2026-08-26,487.850006,497.399994,487.309998,496.369995,496.369995,20758900.00
2026-08-27,494.880005,506.480011,490.079987,505.059998,505.059998,28688800.00
2026-08-28,505.329987,517.780029,504.869995,513.530029,513.530029,29207300.00
2026-08-31,510.380005,512.190002,506.390015,507.290009,507.290009,27208900.00
2026-09-01,497.519989,505.970001,496.779999,501.019989,501.019989,21046900.00
2026-09-02,499.850006,500.269989,493.809998,496.820007,496.820007,15336100.00
2026-09-03,501.660004,515.650024,500.799988,510.119995,510.119995,24125900.00
2026-09-04,510.000000,511.000000,499.359985,499.700012,499.700012,18101800.00
2026-09-08,493.010010,495.190002,490.149994,493.950012,493.950012,18882300.00
2026-09-09,493.070007,494.390015,489.799988,491.649994,491.649994,12889600.00
2026-09-10,488.320007,494.519989,486.000000,492.440002,492.440002,16038800.00
2026-09-11,495.649994,498.970001,492.579987,495.630005,495.630005,14510500.00
2026-09-14,497.059998,509.950012,495.339996,505.410004,505.410004,23091900.00
2026-09-15,500.059998,505.899994,495.540009,497.119995,497.119995,17794600.00
2026-09-16,493.029999,495.970001,487.230011,490.299988,490.299988,16670300.00
2026-09-17,497.799988,501.470001,493.170013,497.750000,497.750000,17841600.00
2026-09-18,497.970001,498.649994,491.100006,493.779999,493.779999,39622300.00
2026-09-21,494.950012,501.869995,491.329987,501.609985,501.609985,27959900.00
2026-09-22,507.320007,508.500000,493.649994,498.000000,498.000000,21652800.00
2026-09-23,500.760010,509.440002,495.880005,500.589996,500.589996,19445600.00
2026-09-24,495.070007,498.899994,491.220001,497.929993,497.929993,16657600.00
2026-09-25,499.040009,519.400024,497.250000,516.169983,516.169983,38193100.00
2026-09-28,505.470001,513.330017,502.220001,509.220001,509.220001,19626900.00
2026-09-29,508.309998,513.640015,502.399994,508.959991,508.959991,21341800.00
2026-09-30,511.609985,519.830017,510.309998,512.900024,512.900024,27223300.00
2026-10-01,519.880005,522.849976,512.169983,512.799988,512.799988,19731900.00
2026-10-02,519.390015,522.500000,513.659973,517.530029,517.530029,17803300.00
