date,open,high,low,close,adjclose,volume
2009-01-02,0.201750,0.219250,0.201000,0.217750,0.199175,497124000.00
2009-01-05,0.215250,0.226750,0.213750,0.221750,0.202833,705736000.00
2009-01-06,0.228250,0.235750,0.223250,0.229250,0.209694,657904000.00
2009-01-07,0.224000,0.224000,0.207750,0.215500,0.197117,870096000.00
2009-01-08,0.212750,0.212750,0.197000,0.210000,0.192086,1014496000.00
2009-01-09,0.210000,0.210000,0.197750,0.198250,0.181338,761352000.00
2009-01-12,0.198250,0.199250,0.187500,0.190250,0.174021,645532000.00
2009-01-13,0.183750,0.198500,0.180250,0.191250,0.174935,1824424000.00
2009-01-14,0.184500,0.186750,0.180000,0.182750,0.167160,974908000.00
2009-01-15,0.183750,0.192250,0.180000,0.189250,0.173106,998204000.00
2009-01-16,0.194500,0.201500,0.188250,0.199750,0.182710,831324000.00
2009-01-20,0.199250,0.200000,0.178750,0.180250,0.164874,705788000.00
2009-01-21,0.183750,0.190250,0.177000,0.189000,0.172877,648472000.00
2009-01-22,0.183000,0.190500,0.178750,0.185500,0.169676,547656000.00
2009-01-23,0.180250,0.198500,0.180000,0.192750,0.176307,633616000.00
2009-01-26,0.193750,0.205000,0.190500,0.199250,0.182253,581748000.00
2009-01-27,0.202500,0.212500,0.201750,0.211000,0.193000,725300000.00
2009-01-28,0.218500,0.223250,0.211500,0.219750,0.201004,723752000.00
2009-01-29,0.212500,0.215000,0.206000,0.207000,0.189342,413128000.00
2009-01-30,0.205500,0.211000,0.196250,0.198750,0.181795,506760000.00
2009-02-02,0.195750,0.211750,0.194750,0.209500,0.191628,577992000.00
2009-02-03,0.210000,0.213750,0.204250,0.212000,0.193915,396948000.00
2009-02-04,0.212500,0.228750,0.212500,0.218000,0.199403,779232000.00
2009-02-05,0.212250,0.236500,0.210000,0.234000,0.214038,919192000.00
2009-02-06,0.234750,0.248250,0.230750,0.246750,0.225701,1157880000.00
2009-02-09,0.245750,0.249250,0.236750,0.243500,0.222728,716128000.00
2009-02-10,0.243250,0.246500,0.228500,0.233000,0.213124,1129664000.00
2009-02-11,0.214500,0.222250,0.196500,0.203750,0.186369,1983400000.00
2009-02-12,0.199250,0.209250,0.196500,0.208000,0.190256,1024020000.00
2009-02-13,0.203250,0.210250,0.201750,0.207750,0.190028,764304000.00
2009-02-17,0.200000,0.204750,0.195000,0.195750,0.179051,779576000.00
2009-02-18,0.195750,0.207500,0.195500,0.201000,0.183854,646252000.00
2009-02-19,0.205000,0.206750,0.185500,0.185500,0.169676,743988000.00
2009-02-20,0.183000,0.193250,0.181250,0.190250,0.174021,770056000.00
2009-02-23,0.193500,0.194500,0.180250,0.181500,0.166017,679548000.00
2009-02-24,0.182500,0.198000,0.182250,0.197750,0.180881,659524000.00
2009-02-25,0.197250,0.206000,0.190500,0.200000,0.182939,702360000.00
2009-02-26,0.207000,0.213500,0.204000,0.206500,0.188884,1117556000.00
2009-02-27,0.201250,0.211750,0.199750,0.207000,0.189342,755444000.00
2009-03-02,0.202000,0.206250,0.188750,0.189500,0.173335,700064000.00
2009-03-03,0.193000,0.204500,0.186750,0.197000,0.180195,1041372000.00
2009-03-04,0.202250,0.217500,0.200500,0.211500,0.193458,1108668000.00
2009-03-05,0.208500,0.217000,0.205500,0.206500,0.188884,955252000.00
2009-03-06,0.206500,0.217250,0.203750,0.209750,0.191857,974756000.00
2009-03-09,0.208250,0.224000,0.207000,0.207500,0.189799,682768000.00
2009-03-10,0.215000,0.230250,0.213000,0.226250,0.206950,1254800000.00
2009-03-11,0.226250,0.296250,0.222500,0.232500,0.212666,864916000.00
2009-03-12,0.231750,0.248750,0.228750,0.246250,0.225243,1604604000.00
2009-03-13,0.242750,0.248500,0.238750,0.245000,0.224100,1195156000.00
2009-03-16,0.247500,0.247750,0.233500,0.235500,0.215410,699344000.00
2009-03-17,0.236250,0.247750,0.233250,0.247250,0.226158,1005384000.00
2009-03-18,0.243500,0.262250,0.243250,0.255000,0.233247,1359560000.00
2009-03-19,0.256750,0.256750,0.250250,0.252000,0.230503,822648000.00
2009-03-20,0.255750,0.256000,0.231750,0.238250,0.217926,1093672000.00
2009-03-23,0.245750,0.256000,0.240250,0.255500,0.233704,816048000.00
2009-03-24,0.249250,0.251500,0.243250,0.244500,0.223643,1114868000.00
2009-03-25,0.252000,0.260000,0.239000,0.248500,0.227301,1243852000.00
2009-03-26,0.252500,0.264500,0.249750,0.264000,0.241479,1333664000.00
2009-03-27,0.261250,0.267750,0.257500,0.261500,0.239193,731892000.00
2009-03-30,0.251500,0.254750,0.241250,0.244750,0.223871,780052000.00
2009-03-31,0.248500,0.252500,0.244750,0.246500,0.225472,805272000.00
2009-04-01,0.243500,0.255000,0.234250,0.252750,0.231189,887920000.00
2009-04-02,0.262250,0.269250,0.258500,0.264500,0.241937,1002860000.00
2009-04-03,0.264750,0.283750,0.260250,0.283000,0.258858,1003208000.00
2009-04-06,0.278250,0.286250,0.274500,0.283750,0.259544,887288000.00
2009-04-07,0.278250,0.281250,0.272250,0.274000,0.250626,607804000.00
2009-04-08,0.277000,0.286000,0.274750,0.285250,0.260916,731652000.00
2009-04-09,0.292500,0.302000,0.290250,0.301000,0.275323,904412000.00
2009-04-13,0.297250,0.297500,0.284750,0.291250,0.266405,767628000.00
2009-04-14,0.287250,0.300000,0.286000,0.293000,0.268005,711960000.00
2009-04-15,0.282750,0.286000,0.272750,0.284750,0.260459,1045368000.00
2009-04-16,0.290000,0.295500,0.279000,0.292000,0.267091,1038772000.00
2009-04-17,0.292000,0.296750,0.285000,0.294000,0.268920,695764000.00
2009-04-20,0.282750,0.285250,0.274750,0.276250,0.252684,590660000.00
2009-04-21,0.272500,0.287000,0.268500,0.275500,0.251998,932184000.00
2009-04-22,0.273000,0.295250,0.268500,0.283750,0.259544,916404000.00
2009-04-23,0.286500,0.289000,0.270500,0.279250,0.255428,753952000.00
2009-04-24,0.282000,0.287750,0.275250,0.285750,0.261374,759508000.00
2009-04-27,0.282000,0.290000,0.273750,0.275500,0.251998,787024000.00
2009-04-28,0.272000,0.282000,0.269500,0.276250,0.252684,634392000.00
2009-04-29,0.277500,0.278750,0.268750,0.272000,0.248797,859668000.00
2009-04-30,0.277250,0.295000,0.275000,0.287000,0.262517,1110276000.00
2009-05-01,0.286250,0.298500,0.286000,0.291750,0.266862,840548000.00
2009-05-04,0.296750,0.309750,0.292750,0.307500,0.281268,927704000.00
2009-05-05,0.300750,0.302750,0.288750,0.295000,0.269835,837076000.00
2009-05-06,0.298250,0.301000,0.283250,0.289000,0.264347,935088000.00
2009-05-07,0.295500,0.295500,0.264500,0.268250,0.245367,1289196000.00
2009-05-08,0.262500,0.262500,0.227750,0.231250,0.211523,2930564000.00
2009-05-11,0.227500,0.241500,0.225500,0.235750,0.215639,1038596000.00
2009-05-12,0.241000,0.241000,0.220000,0.224500,0.205349,1201384000.00
2009-05-13,0.223000,0.224250,0.208250,0.210000,0.192086,1305608000.00
2009-05-14,0.209750,0.217500,0.208250,0.213000,0.194830,1017864000.00
2009-05-15,0.214500,0.226000,0.212000,0.218500,0.199861,780308000.00
2009-05-18,0.224000,0.233250,0.223500,0.231750,0.211980,938320000.00
2009-05-19,0.233250,0.239000,0.229500,0.236250,0.216096,859768000.00
2009-05-20,0.240500,0.256250,0.239500,0.243250,0.222499,1309436000.00
2009-05-21,0.240250,0.245000,0.235000,0.241750,0.221127,965600000.00
2009-05-22,0.241750,0.249000,0.237250,0.245500,0.224557,718260000.00
2009-05-26,0.243250,0.260750,0.240750,0.258750,0.236677,865540000.00
2009-05-27,0.257500,0.267000,0.255000,0.259250,0.237134,814152000.00
2009-05-28,0.263250,0.265000,0.251500,0.262750,0.240336,995288000.00
2009-05-29,0.263000,0.263500,0.251750,0.260750,0.238506,834232000.00
2009-06-01,0.263750,0.275000,0.262750,0.273500,0.250169,1022764000.00
2009-06-02,0.273500,0.279500,0.266250,0.271250,0.248111,907984000.00
2009-06-03,0.267750,0.268750,0.256250,0.262750,0.240336,735688000.00
2009-06-04,0.263500,0.272750,0.263250,0.272250,0.249026,673180000.00
2009-06-05,0.277250,0.277250,0.267500,0.270750,0.247653,559992000.00
2009-06-08,0.268750,0.273000,0.262500,0.269250,0.246281,473948000.00
2009-06-09,0.273000,0.287000,0.271000,0.284000,0.259773,725032000.00
2009-06-10,0.285500,0.294750,0.279250,0.293000,0.268005,833320000.00
2009-06-11,0.293750,0.305000,0.287500,0.289250,0.264575,835156000.00
2009-06-12,0.285000,0.288750,0.278500,0.287750,0.263203,595000000.00
2009-06-15,0.282500,0.286250,0.278000,0.283000,0.258858,445164000.00
2009-06-16,0.283000,0.286500,0.271250,0.275250,0.251770,594912000.00
2009-06-17,0.279500,0.284750,0.268750,0.282000,0.257944,799016000.00
2009-06-18,0.281000,0.286250,0.273500,0.276500,0.252913,566376000.00
2009-06-19,0.279250,0.286500,0.275750,0.279500,0.255657,747564000.00
2009-06-22,0.280500,0.280500,0.262750,0.263750,0.241251,574864000.00
2009-06-23,0.266250,0.266750,0.252250,0.262500,0.240107,589764000.00
2009-06-24,0.265750,0.277500,0.265750,0.271250,0.248111,515096000.00
2009-06-25,0.268750,0.286000,0.266000,0.285500,0.261145,870444000.00
2009-06-26,0.284250,0.290250,0.281750,0.289250,0.264575,513956000.00
2009-06-29,0.290000,0.294500,0.286250,0.289250,0.264575,510056000.00
2009-06-30,0.288250,0.292250,0.277000,0.282250,0.258172,589844000.00
2009-07-01,0.284000,0.287250,0.278750,0.283500,0.259316,696420000.00
2009-07-02,0.274250,0.277750,0.268750,0.272500,0.249254,552312000.00
2009-07-06,0.272250,0.272500,0.259250,0.263750,0.241251,752456000.00
2009-07-07,0.264750,0.266250,0.251500,0.252250,0.230732,1072996000.00
2009-07-08,0.253750,0.254500,0.242750,0.252750,0.231189,1205860000.00
2009-07-09,0.257000,0.262500,0.256250,0.258250,0.236220,714564000.00
2009-07-10,0.258250,0.261000,0.252750,0.259250,0.237134,520008000.00
2009-07-13,0.264500,0.264500,0.248750,0.262250,0.239878,556012000.00
2009-07-14,0.264250,0.268750,0.261250,0.267750,0.244909,452568000.00
2009-07-15,0.277500,0.284250,0.275000,0.278750,0.254971,1022808000.00
2009-07-16,0.281750,0.294250,0.280250,0.293250,0.268234,952076000.00
2009-07-17,0.293250,0.302750,0.290250,0.301750,0.276009,850356000.00
2009-07-20,0.304250,0.308750,0.300250,0.305500,0.279439,782756000.00
2009-07-21,0.304750,0.306000,0.292250,0.299250,0.273722,941296000.00
2009-07-22,0.293250,0.309500,0.291250,0.306750,0.280582,600908000.00
2009-07-23,0.307250,0.326000,0.304000,0.325000,0.297276,1046120000.00
2009-07-24,0.315000,0.325000,0.313000,0.324000,0.296361,650592000.00
2009-07-27,0.321000,0.330250,0.318000,0.325500,0.297733,677484000.00
2009-07-28,0.323250,0.329500,0.320500,0.326000,0.298190,563180000.00
2009-07-29,0.322250,0.324250,0.316250,0.319500,0.292245,373972000.00
2009-07-30,0.325000,0.329250,0.319250,0.322000,0.294531,468444000.00
2009-07-31,0.322000,0.327750,0.314500,0.323250,0.295675,541560000.00
2009-08-03,0.331000,0.335750,0.324750,0.332000,0.303678,471900000.00
2009-08-04,0.326250,0.340000,0.325750,0.334250,0.305736,695380000.00
2009-08-05,0.332250,0.337500,0.328250,0.335000,0.306423,610768000.00
2009-08-06,0.336250,0.342250,0.326000,0.328000,0.300020,957588000.00
2009-08-07,0.345750,0.355750,0.338000,0.342750,0.313511,1401872000.00
2009-08-10,0.345250,0.350250,0.329500,0.331500,0.303221,693312000.00
2009-08-11,0.329250,0.334250,0.322000,0.323750,0.296132,481884000.00
2009-08-12,0.324000,0.339250,0.323750,0.335750,0.307108,634940000.00
2009-08-13,0.338250,0.347000,0.332250,0.345750,0.316255,564028000.00
2009-08-14,0.345250,0.345750,0.331000,0.335500,0.306880,427148000.00
2009-08-17,0.325250,0.326250,0.318000,0.321500,0.294074,465032000.00
2009-08-18,0.321500,0.337000,0.321250,0.333250,0.304822,636200000.00
2009-08-19,0.328250,0.331500,0.325000,0.329500,0.301392,552996000.00
2009-08-20,0.328000,0.344000,0.327250,0.342500,0.313283,819840000.00
2009-08-21,0.345250,0.348750,0.338250,0.348250,0.318542,607324000.00
2009-08-24,0.346250,0.350000,0.336500,0.338500,0.309624,461456000.00
2009-08-25,0.340250,0.345000,0.334500,0.341500,0.312368,444088000.00
2009-08-26,0.340750,0.346250,0.339500,0.345500,0.316027,434308000.00
2009-08-27,0.347000,0.351750,0.343250,0.350250,0.320372,551072000.00
2009-08-28,0.359750,0.375750,0.359250,0.368250,0.336836,883992000.00
2009-08-31,0.364000,0.365750,0.358250,0.363000,0.332034,431796000.00
2009-09-01,0.362750,0.373000,0.348750,0.350750,0.320829,736856000.00
2009-09-02,0.351250,0.359250,0.349250,0.355750,0.325402,404656000.00
2009-09-03,0.355750,0.364750,0.354750,0.364250,0.333177,534020000.00
2009-09-04,0.362750,0.380250,0.362750,0.377750,0.345526,513048000.00
2009-09-08,0.380500,0.388250,0.377500,0.388250,0.355130,549712000.00
2009-09-09,0.387500,0.399750,0.382000,0.399000,0.364963,571684000.00
2009-09-10,0.400250,0.412250,0.395750,0.411750,0.376625,607952000.00
2009-09-11,0.410750,0.412250,0.405000,0.408000,0.373195,712732000.00
2009-09-14,0.402000,0.405250,0.397750,0.401250,0.367021,490516000.00
2009-09-15,0.405000,0.414500,0.401250,0.409500,0.374567,546136000.00
2009-09-16,0.408500,0.409250,0.392500,0.398500,0.364506,707064000.00
2009-09-17,0.397500,0.397500,0.374250,0.381000,0.348498,923096000.00
2009-09-18,0.384750,0.387500,0.377500,0.380500,0.348041,604740000.00
2009-09-21,0.376000,0.385250,0.372750,0.378750,0.346440,588776000.00
2009-09-22,0.381500,0.383750,0.376500,0.379500,0.347126,361388000.00
2009-09-23,0.381750,0.385000,0.373000,0.373500,0.341638,478936000.00
2009-09-24,0.379750,0.379750,0.367250,0.368500,0.337065,552876000.00
2009-09-25,0.366500,0.368250,0.359750,0.362500,0.331577,377556000.00
2009-09-28,0.363750,0.380000,0.363750,0.370750,0.339123,467708000.00
2009-09-29,0.373000,0.377500,0.363250,0.364000,0.332949,470928000.00
2009-09-30,0.371500,0.380250,0.363250,0.375750,0.343696,875956000.00
2009-10-01,0.374500,0.374500,0.348750,0.349000,0.319228,999960000.00
2009-10-02,0.345500,0.353750,0.343500,0.346250,0.316713,612476000.00
2009-10-05,0.350000,0.351250,0.338500,0.344500,0.315112,754276000.00
2009-10-06,0.348750,0.356250,0.346250,0.350250,0.320372,761272000.00
2009-10-07,0.347750,0.351500,0.343750,0.347500,0.317856,459608000.00
2009-10-08,0.349500,0.350500,0.337250,0.349750,0.319914,1241524000.00
2009-10-09,0.347750,0.354750,0.347250,0.354250,0.324030,618540000.00
2009-10-12,0.348250,0.357000,0.348000,0.350250,0.320372,499008000.00
2009-10-13,0.352250,0.356250,0.345750,0.349000,0.319228,602124000.00
2009-10-14,0.362500,0.362500,0.346750,0.348500,0.318771,1101948000.00
2009-10-15,0.348000,0.351250,0.336000,0.338250,0.309395,1092196000.00
2009-10-16,0.334000,0.335000,0.324500,0.330500,0.302306,1018832000.00
2009-10-19,0.333250,0.345250,0.330500,0.342500,0.313283,695588000.00
2009-10-20,0.348250,0.350750,0.340000,0.342750,0.313511,660180000.00
2009-10-21,0.341500,0.346750,0.332750,0.334500,0.305965,503956000.00
2009-10-22,0.332750,0.338500,0.327000,0.336750,0.308023,379328000.00
2009-10-23,0.341250,0.341250,0.326750,0.328750,0.300706,429528000.00
2009-10-26,0.331250,0.336250,0.322750,0.324500,0.296818,481652000.00
2009-10-27,0.323000,0.327750,0.310250,0.313500,0.286757,591836000.00
2009-10-28,0.306500,0.313500,0.299000,0.300500,0.274865,773632000.00
2009-10-29,0.305250,0.315250,0.302500,0.313750,0.286985,637100000.00
2009-10-30,0.312250,0.313500,0.297500,0.299000,0.273493,604144000.00
2009-11-02,0.298500,0.308250,0.293250,0.301750,0.276009,593136000.00
2009-11-03,0.292000,0.301750,0.289000,0.300250,0.274637,876472000.00
2009-11-04,0.302500,0.305750,0.298250,0.299500,0.273951,916840000.00
2009-11-05,0.303000,0.309750,0.302000,0.306750,0.280582,955156000.00
2009-11-06,0.326000,0.335750,0.322000,0.329000,0.300934,1641112000.00
2009-11-09,0.333500,0.341250,0.333250,0.336500,0.307795,818124000.00
2009-11-10,0.337750,0.337750,0.324000,0.328250,0.300248,781472000.00
2009-11-11,0.333750,0.345500,0.333250,0.337500,0.308709,871512000.00
2009-11-12,0.340500,0.346250,0.335500,0.336500,0.307795,505864000.00
2009-11-13,0.336250,0.340750,0.334750,0.339000,0.310081,388524000.00
2009-11-16,0.342000,0.347750,0.340250,0.343750,0.314426,402820000.00
2009-11-17,0.344000,0.344000,0.336750,0.343250,0.313969,350124000.00
2009-11-18,0.340000,0.341250,0.332250,0.338000,0.309167,455516000.00
2009-11-19,0.330750,0.330750,0.318500,0.324500,0.296818,833840000.00
2009-11-20,0.317000,0.324000,0.316250,0.322500,0.294989,426748000.00
2009-11-23,0.327250,0.333250,0.323500,0.325000,0.297276,390924000.00
2009-11-24,0.323500,0.325750,0.317750,0.323000,0.295446,418504000.00
2009-11-25,0.326750,0.331250,0.324500,0.326750,0.298876,441760000.00
2009-11-27,0.315000,0.323500,0.313250,0.319750,0.292474,279932000.00
2009-11-30,0.321000,0.326750,0.317500,0.326500,0.298648,509836000.00
2009-12-01,0.328250,0.336750,0.326500,0.333000,0.304593,461936000.00
2009-12-02,0.333750,0.343750,0.331750,0.343000,0.313740,602292000.00
2009-12-03,0.347000,0.353250,0.345250,0.345750,0.316255,660036000.00
2009-12-04,0.352250,0.358000,0.346750,0.356500,0.326088,824564000.00
2009-12-07,0.396250,0.411250,0.377500,0.402250,0.367936,2732184000.00
2009-12-08,0.395750,0.397500,0.380500,0.382750,0.350099,1075512000.00
2009-12-09,0.386750,0.395250,0.383000,0.392250,0.358789,671588000.00
2009-12-10,0.395000,0.397500,0.384000,0.385250,0.352386,417012000.00
2009-12-11,0.388500,0.389000,0.379250,0.380250,0.347812,416744000.00
2009-12-14,0.385750,0.393000,0.381500,0.391750,0.358332,405488000.00
2009-12-15,0.389000,0.397750,0.388000,0.391250,0.357874,446152000.00
2009-12-16,0.405250,0.427250,0.403000,0.422750,0.386687,1683400000.00
2009-12-17,0.424000,0.437000,0.414500,0.420750,0.384858,1016132000.00
2009-12-18,0.424250,0.425750,0.415500,0.420500,0.384629,812828000.00
2009-12-21,0.423000,0.437250,0.422500,0.435500,0.398349,427792000.00
2009-12-22,0.435500,0.451500,0.435000,0.447000,0.408868,793044000.00
2009-12-23,0.451250,0.454500,0.445500,0.453250,0.414585,442196000.00
2009-12-24,0.454500,0.455250,0.450500,0.452250,0.413670,136812000.00
2009-12-28,0.451500,0.455500,0.440500,0.445000,0.407039,465760000.00
2009-12-29,0.443500,0.451750,0.442500,0.450500,0.412070,475848000.00
2009-12-30,0.454750,0.469500,0.451500,0.466750,0.426933,704008000.00
2009-12-31,0.467750,0.473750,0.466500,0.467000,0.427162,700340000.00
2010-01-04,0.462750,0.465500,0.452750,0.462250,0.422817,800204000.00
2010-01-05,0.460500,0.474000,0.460500,0.469000,0.428992,728648000.00
2010-01-06,0.468750,0.473000,0.464250,0.472000,0.431736,649168000.00
2010-01-07,0.469500,0.471500,0.459250,0.462750,0.423275,547792000.00
2010-01-08,0.459000,0.467000,0.456250,0.463750,0.424189,478168000.00
2010-01-11,0.466250,0.468250,0.450750,0.457250,0.418244,556612000.00
2010-01-12,0.450500,0.452250,0.432250,0.441750,0.404066,627432000.00
2010-01-13,0.444750,0.449250,0.427500,0.447750,0.409554,508868000.00
2010-01-14,0.442250,0.445500,0.433250,0.440750,0.403151,608524000.00
2010-01-15,0.437500,0.441250,0.422000,0.427750,0.391261,818192000.00
2010-01-19,0.424500,0.438500,0.423250,0.435750,0.398578,545328000.00
2010-01-20,0.430250,0.435750,0.424500,0.434000,0.396977,719728000.00
2010-01-21,0.433750,0.441500,0.422250,0.426250,0.389888,608632000.00
2010-01-22,0.421250,0.429000,0.409000,0.411500,0.376397,1067916000.00
2010-01-25,0.418250,0.426500,0.415250,0.418500,0.382799,643676000.00
2010-01-26,0.416500,0.419250,0.405000,0.405250,0.370680,714636000.00
2010-01-27,0.405000,0.417750,0.400500,0.416250,0.380741,812504000.00
2010-01-28,0.419500,0.421000,0.396500,0.402250,0.367936,687764000.00
2010-01-29,0.406750,0.411250,0.378750,0.384750,0.351928,774700000.00
2010-02-01,0.386250,0.415000,0.383000,0.414250,0.378912,949832000.00
2010-02-02,0.412750,0.423750,0.411500,0.418500,0.382799,849812000.00
2010-02-03,0.414750,0.423750,0.412750,0.422000,0.386001,562296000.00
2010-02-04,0.418250,0.418250,0.393000,0.397500,0.363591,783480000.00
2010-02-05,0.397000,0.406500,0.390000,0.405500,0.370908,604856000.00
2010-02-08,0.404250,0.414500,0.396750,0.404750,0.370222,445160000.00
2010-02-09,0.411250,0.413250,0.397500,0.401500,0.367250,930144000.00
2010-02-10,0.404000,0.413000,0.401250,0.409250,0.374339,535828000.00
2010-02-11,0.415750,0.432500,0.412750,0.428000,0.391489,695980000.00
2010-02-12,0.425000,0.442500,0.420250,0.433750,0.396749,780212000.00
2010-02-16,0.439500,0.443500,0.434250,0.441750,0.404066,457024000.00
2010-02-17,0.447250,0.447500,0.433250,0.446000,0.407954,876560000.00
2010-02-18,0.421500,0.423750,0.405250,0.416750,0.381199,1515508000.00
2010-02-19,0.415000,0.419500,0.412500,0.414500,0.379141,510548000.00
2010-02-22,0.416250,0.422500,0.412500,0.415250,0.379827,458084000.00
2010-02-23,0.416500,0.418250,0.401000,0.405250,0.370680,489764000.00
2010-02-24,0.408750,0.417750,0.407500,0.413750,0.378455,445868000.00
2010-02-25,0.404250,0.411000,0.394000,0.410000,0.375025,576972000.00
2010-02-26,0.408000,0.411000,0.402500,0.405000,0.370451,393396000.00
2010-03-01,0.405250,0.423250,0.402000,0.421250,0.385315,555868000.00
2010-03-02,0.425000,0.430250,0.418000,0.421000,0.385086,538648000.00
2010-03-03,0.423500,0.425750,0.412250,0.415750,0.380284,399300000.00
2010-03-04,0.417500,0.420750,0.411250,0.416500,0.380970,557396000.00
2010-03-05,0.413500,0.432250,0.413500,0.429250,0.392632,632832000.00
2010-03-08,0.429500,0.430750,0.421250,0.423000,0.386916,439312000.00
2010-03-09,0.427250,0.443000,0.427000,0.438750,0.401322,830832000.00
2010-03-10,0.437500,0.444500,0.437250,0.439750,0.402237,418520000.00
2010-03-11,0.436250,0.437750,0.428000,0.429750,0.393090,540660000.00
2010-03-12,0.434500,0.435750,0.429000,0.431250,0.394462,520352000.00
2010-03-15,0.430750,0.435000,0.425000,0.429000,0.392404,358904000.00
2010-03-16,0.428750,0.446500,0.428500,0.444000,0.406124,664988000.00
2010-03-17,0.446500,0.458500,0.446500,0.452500,0.413899,651168000.00
2010-03-18,0.453250,0.453250,0.432500,0.436500,0.399264,740964000.00
2010-03-19,0.443000,0.444250,0.425750,0.431250,0.394462,584612000.00
2010-03-22,0.425750,0.440000,0.425750,0.438250,0.400865,435336000.00
2010-03-23,0.441500,0.449500,0.438500,0.447250,0.409097,493612000.00
2010-03-24,0.443500,0.444750,0.431500,0.432250,0.395376,436252000.00
2010-03-25,0.438500,0.441250,0.432500,0.433500,0.396520,495184000.00
2010-03-26,0.437250,0.441750,0.430000,0.433500,0.396520,344676000.00
2010-03-29,0.436250,0.440000,0.430250,0.439000,0.401551,394456000.00
2010-03-30,0.444000,0.446250,0.433250,0.440750,0.403151,324104000.00
2010-03-31,0.439000,0.441000,0.432750,0.435000,0.397892,389840000.00
2010-04-01,0.437000,0.442000,0.426000,0.430500,0.393776,339664000.00
2010-04-05,0.433250,0.437750,0.432750,0.437000,0.399721,413636000.00
2010-04-06,0.431500,0.432500,0.418750,0.426250,0.389888,809260000.00
2010-04-07,0.423500,0.436250,0.420000,0.429000,0.392404,817468000.00
2010-04-08,0.426250,0.429500,0.419750,0.422000,0.386001,1037600000.00
2010-04-09,0.421000,0.426250,0.418750,0.424750,0.388516,817572000.00
2010-04-12,0.425250,0.434250,0.424500,0.432500,0.395605,546460000.00
2010-04-13,0.434250,0.443000,0.432500,0.441500,0.403837,648696000.00
2010-04-14,0.451000,0.453250,0.440000,0.447000,0.408868,900720000.00
2010-04-15,0.448500,0.453000,0.444000,0.450250,0.411841,957596000.00
2010-04-16,0.432000,0.433750,0.417000,0.426500,0.390117,1917736000.00
2010-04-19,0.423250,0.425750,0.410250,0.424500,0.388288,1094492000.00
2010-04-20,0.427500,0.432000,0.420500,0.426000,0.389660,678188000.00
2010-04-21,0.428250,0.428750,0.410000,0.415000,0.379598,895908000.00
2010-04-22,0.408250,0.418000,0.402500,0.416750,0.381199,656932000.00
2010-04-23,0.415500,0.416500,0.403750,0.411000,0.375939,752916000.00
2010-04-26,0.411500,0.420000,0.410750,0.415000,0.379598,491092000.00
2010-04-27,0.412000,0.416250,0.402000,0.403250,0.368850,606704000.00
2010-04-28,0.403000,0.409750,0.395750,0.404000,0.369536,672164000.00
2010-04-29,0.405250,0.416750,0.399250,0.416250,0.380741,987128000.00
2010-04-30,0.411250,0.412000,0.392500,0.392750,0.359246,1068048000.00
2010-05-03,0.394750,0.397000,0.382500,0.388500,0.355359,1078972000.00
2010-05-04,0.382500,0.383250,0.363250,0.368750,0.337293,1311376000.00
2010-05-05,0.361250,0.371750,0.358000,0.362500,0.331577,1330840000.00
2010-05-06,0.360000,0.367500,0.326000,0.355000,0.324716,1002888000.00
2010-05-07,0.358250,0.358250,0.336500,0.349000,0.319228,1153712000.00
2010-05-10,0.370000,0.374500,0.360000,0.364000,0.332949,979156000.00
2010-05-11,0.360500,0.367250,0.357250,0.360000,0.329290,829124000.00
2010-05-12,0.362500,0.369000,0.360250,0.367000,0.335693,901236000.00
2010-05-13,0.365500,0.382250,0.362750,0.366250,0.335007,1252000000.00
2010-05-14,0.341500,0.342500,0.315000,0.324000,0.296361,2493068000.00
2010-05-17,0.324500,0.328750,0.314500,0.324750,0.297047,856060000.00
2010-05-18,0.327500,0.329500,0.312250,0.314000,0.287214,674112000.00
2010-05-19,0.312500,0.319500,0.310250,0.319000,0.291787,826520000.00
2010-05-20,0.309750,0.319000,0.300250,0.311500,0.284927,1129136000.00
2010-05-21,0.302500,0.327000,0.302500,0.318250,0.291101,1069600000.00
2010-05-24,0.317250,0.321000,0.308000,0.309000,0.282640,664564000.00
2010-05-25,0.299250,0.318750,0.296250,0.317250,0.290187,966652000.00
2010-05-26,0.330000,0.336250,0.317750,0.318750,0.291559,995028000.00
2010-05-27,0.326750,0.337500,0.326000,0.337500,0.308709,713560000.00
2010-05-28,0.337000,0.337000,0.323500,0.328500,0.300477,545116000.00
2010-06-01,0.324000,0.327750,0.314250,0.314500,0.287671,527492000.00
2010-06-02,0.315000,0.318500,0.313000,0.318000,0.290873,649088000.00
2010-06-03,0.311500,0.318250,0.310500,0.317500,0.290415,586360000.00
2010-06-04,0.308250,0.313750,0.300750,0.302500,0.276695,671456000.00
2010-06-07,0.303750,0.305750,0.286250,0.287500,0.262975,577248000.00
2010-06-08,0.286250,0.286250,0.272250,0.279500,0.255657,967636000.00
2010-06-09,0.281000,0.288500,0.271750,0.272750,0.249483,697152000.00
2010-06-10,0.278250,0.285000,0.277500,0.283750,0.259544,611768000.00
2010-06-11,0.280750,0.291500,0.280000,0.290250,0.265490,442104000.00
2010-06-14,0.294500,0.295000,0.283250,0.284000,0.259773,375080000.00
2010-06-15,0.287250,0.299500,0.286750,0.298000,0.272579,528632000.00
2010-06-16,0.296000,0.298750,0.290250,0.294250,0.269149,366480000.00
2010-06-17,0.304500,0.306250,0.294000,0.305500,0.279439,859068000.00
2010-06-18,0.307250,0.311250,0.305000,0.307500,0.281268,932832000.00
2010-06-21,0.314000,0.314750,0.297500,0.300250,0.274637,579836000.00
2010-06-22,0.304000,0.307750,0.287500,0.289000,0.264347,818164000.00
2010-06-23,0.291750,0.295250,0.283500,0.292250,0.267319,614060000.00
2010-06-24,0.290500,0.292000,0.276750,0.277750,0.254056,725028000.00
2010-06-25,0.279750,0.280000,0.272500,0.277000,0.253370,507220000.00
2010-06-28,0.279000,0.281500,0.272500,0.277500,0.253827,372008000.00
2010-06-29,0.271500,0.271750,0.260250,0.262000,0.239650,660808000.00
2010-06-30,0.262500,0.265250,0.255250,0.255250,0.233476,623072000.00
2010-07-01,0.256000,0.261250,0.248250,0.259500,0.237363,737008000.00
2010-07-02,0.260500,0.261000,0.247500,0.256250,0.234390,737096000.00
2010-07-06,0.255250,0.263500,0.251250,0.253500,0.231875,712020000.00
2010-07-07,0.254500,0.267250,0.254000,0.265750,0.243080,608412000.00
2010-07-08,0.267500,0.267750,0.254500,0.257750,0.235762,783272000.00
2010-07-09,0.259000,0.260500,0.255500,0.258750,0.236677,571516000.00
2010-07-12,0.258750,0.266750,0.258500,0.263500,0.241022,565396000.00
2010-07-13,0.267750,0.274750,0.266250,0.273000,0.249711,723316000.00
2010-07-14,0.285000,0.287000,0.271750,0.275750,0.252227,1355664000.00
2010-07-15,0.276000,0.276250,0.264750,0.268000,0.245138,953088000.00
2010-07-16,0.268000,0.268750,0.250250,0.251250,0.229817,1288604000.00
2010-07-19,0.254750,0.262500,0.253000,0.261500,0.239193,798440000.00
2010-07-20,0.254750,0.269500,0.252500,0.268000,0.245138,1160988000.00
2010-07-21,0.270500,0.270750,0.256750,0.259250,0.237134,624940000.00
2010-07-22,0.262000,0.266250,0.260500,0.263500,0.241022,462612000.00
2010-07-23,0.263250,0.263500,0.256500,0.259000,0.236906,817604000.00
2010-07-26,0.258250,0.264750,0.254250,0.263750,0.241251,683548000.00
2010-07-27,0.264500,0.265000,0.258250,0.261500,0.239193,683472000.00
2010-07-28,0.257250,0.261750,0.252500,0.253250,0.231646,1320808000.00
2010-07-29,0.235000,0.240000,0.226750,0.228250,0.208779,2664476000.00
2010-07-30,0.226500,0.233750,0.223000,0.229750,0.210151,984288000.00
2010-08-02,0.233750,0.234750,0.228500,0.229500,0.209922,917020000.00
2010-08-03,0.227750,0.228000,0.221750,0.223500,0.204434,955444000.00
2010-08-04,0.225500,0.233750,0.224500,0.233000,0.213124,855496000.00
2010-08-05,0.233750,0.236500,0.229500,0.236000,0.215868,800504000.00
2010-08-06,0.235000,0.241250,0.233000,0.238750,0.218383,739904000.00
2010-08-09,0.241250,0.241500,0.235250,0.241000,0.220441,466456000.00
2010-08-10,0.237000,0.237500,0.230000,0.231000,0.211294,772560000.00
2010-08-11,0.226250,0.226250,0.221250,0.222000,0.203062,796148000.00
2010-08-12,0.218000,0.229000,0.216250,0.224000,0.204891,1343584000.00
2010-08-13,0.231250,0.238000,0.230750,0.234750,0.214724,1797392000.00
2010-08-16,0.231500,0.236250,0.225750,0.228750,0.209236,814008000.00
2010-08-17,0.231000,0.236000,0.228750,0.231750,0.211980,481224000.00
2010-08-18,0.231000,0.235000,0.229500,0.233000,0.213124,352920000.00
2010-08-19,0.235500,0.247750,0.234250,0.247000,0.225929,1615100000.00
2010-08-20,0.245250,0.255250,0.245000,0.249250,0.227987,1305308000.00
2010-08-23,0.250000,0.256250,0.244750,0.245500,0.224557,748620000.00
2010-08-24,0.237500,0.245500,0.237000,0.243000,0.222271,641332000.00
2010-08-25,0.240250,0.250000,0.239000,0.248000,0.226844,757532000.00
2010-08-26,0.251250,0.254000,0.245000,0.245000,0.224100,657596000.00
2010-08-27,0.246500,0.255000,0.240250,0.253000,0.231418,1060416000.00
2010-08-30,0.250000,0.252000,0.241000,0.241000,0.220441,602804000.00
2010-08-31,0.237500,0.245000,0.232500,0.233250,0.213352,931488000.00
2010-09-01,0.236750,0.239750,0.233750,0.235000,0.214953,851440000.00
2010-09-02,0.235750,0.240000,0.233500,0.239250,0.218841,596292000.00
2010-09-03,0.245000,0.248250,0.242000,0.247500,0.226387,566484000.00
2010-09-07,0.246750,0.255500,0.246250,0.249750,0.228445,899820000.00
2010-09-08,0.250250,0.259750,0.247500,0.258000,0.235991,1224156000.00
2010-09-09,0.261250,0.261500,0.251250,0.254500,0.232790,697748000.00
2010-09-10,0.256250,0.257000,0.249500,0.251750,0.230274,609292000.00
2010-09-13,0.256250,0.269250,0.256250,0.266000,0.243309,1015792000.00
2010-09-14,0.263750,0.267000,0.261250,0.263500,0.241022,698536000.00
2010-09-15,0.261000,0.264250,0.257500,0.264000,0.241479,555572000.00
2010-09-16,0.260500,0.266500,0.260500,0.264250,0.241708,365280000.00
2010-09-17,0.266750,0.267000,0.263000,0.263750,0.241251,416884000.00
2010-09-20,0.263750,0.268750,0.261250,0.267750,0.244909,443168000.00
2010-09-21,0.266250,0.286750,0.266250,0.282250,0.258172,1779624000.00
2010-09-22,0.281250,0.287250,0.279500,0.284750,0.260459,999996000.00
2010-09-23,0.288000,0.299500,0.285500,0.290500,0.265719,1240872000.00
2010-09-24,0.297000,0.307500,0.294750,0.306500,0.280354,1086976000.00
2010-09-27,0.308750,0.309000,0.296000,0.300000,0.274408,999504000.00
2010-09-28,0.300250,0.303500,0.294000,0.299250,0.273722,723192000.00
2010-09-29,0.296500,0.305750,0.293750,0.297000,0.271664,974904000.00
2010-09-30,0.300750,0.304250,0.289500,0.292000,0.267091,787632000.00
2010-10-01,0.296250,0.296750,0.281500,0.283750,0.259544,999120000.00
2010-10-04,0.281000,0.285750,0.275250,0.281000,0.257029,749500000.00
2010-10-05,0.287000,0.287500,0.282250,0.283000,0.258858,753588000.00
2010-10-06,0.283000,0.284250,0.266750,0.269500,0.246510,1057604000.00
2010-10-07,0.270750,0.271000,0.259500,0.267500,0.244681,761488000.00
2010-10-08,0.266500,0.273750,0.262750,0.271500,0.248339,706932000.00
2010-10-11,0.272750,0.275000,0.269000,0.270250,0.247196,442680000.00
2010-10-12,0.268000,0.276750,0.265750,0.275500,0.251998,605208000.00
2010-10-13,0.280000,0.287500,0.277000,0.283500,0.259316,968732000.00
2010-10-14,0.283750,0.284250,0.277750,0.279000,0.255200,599172000.00
2010-10-15,0.283500,0.286750,0.279000,0.282250,0.258172,639940000.00
2010-10-18,0.282500,0.285250,0.277500,0.284000,0.259773,448156000.00
2010-10-19,0.277750,0.284250,0.275500,0.282250,0.258172,866136000.00
2010-10-20,0.282500,0.290000,0.277500,0.282250,0.258172,763532000.00
2010-10-21,0.282500,0.283000,0.273000,0.277250,0.253599,1014428000.00
2010-10-22,0.279000,0.297250,0.276000,0.295000,0.269835,1322676000.00
2010-10-25,0.297250,0.300000,0.294500,0.297750,0.272350,673136000.00
2010-10-26,0.294250,0.301250,0.291750,0.296750,0.271435,675248000.00
2010-10-27,0.294000,0.302000,0.293250,0.301000,0.275323,496796000.00
2010-10-28,0.305000,0.306000,0.298500,0.301250,0.275552,704448000.00
2010-10-29,0.300750,0.303750,0.297500,0.300500,0.274865,554664000.00
2010-11-01,0.302500,0.307250,0.298500,0.301000,0.275323,473920000.00
2010-11-02,0.302250,0.312250,0.300500,0.307250,0.281040,581036000.00
2010-11-03,0.309250,0.311500,0.301250,0.309500,0.283098,671748000.00
2010-11-04,0.312500,0.315750,0.309500,0.310000,0.283555,700016000.00
2010-11-05,0.312250,0.318000,0.310750,0.315250,0.288357,735116000.00
2010-11-08,0.315000,0.319250,0.312500,0.316500,0.289501,605156000.00
2010-11-09,0.316500,0.319000,0.313000,0.314750,0.287900,633964000.00
2010-11-10,0.317000,0.318500,0.312500,0.318500,0.291330,521016000.00
2010-11-11,0.311000,0.320500,0.306750,0.315250,0.288357,1089980000.00
2010-11-12,0.327250,0.342000,0.325750,0.331500,0.303221,2142560000.00
2010-11-15,0.333000,0.337750,0.326750,0.327500,0.299562,733548000.00
2010-11-16,0.322000,0.326500,0.317250,0.317750,0.290644,739356000.00
2010-11-17,0.317500,0.326750,0.314500,0.323000,0.295446,551764000.00
2010-11-18,0.327250,0.336250,0.327250,0.333000,0.304593,993120000.00
2010-11-19,0.332250,0.345000,0.331750,0.343750,0.314426,716484000.00
2010-11-22,0.341500,0.346000,0.338500,0.344000,0.314655,462668000.00
2010-11-23,0.340000,0.343500,0.333500,0.336000,0.307337,457832000.00
2010-11-24,0.339500,0.345500,0.339250,0.344250,0.314883,397784000.00
2010-11-26,0.344000,0.346000,0.340000,0.340000,0.310996,143104000.00
2010-11-29,0.338500,0.345000,0.337000,0.343750,0.314426,468192000.00
2010-11-30,0.338500,0.342000,0.334000,0.340250,0.311225,720936000.00
2010-12-01,0.347000,0.357500,0.346500,0.355250,0.324945,626536000.00
2010-12-02,0.355250,0.361750,0.355000,0.359500,0.328832,529316000.00
2010-12-03,0.357750,0.369750,0.357000,0.369750,0.338208,606044000.00
2010-12-06,0.371000,0.371750,0.361250,0.362750,0.331805,438424000.00
2010-12-07,0.371250,0.383250,0.370500,0.374500,0.342553,1026812000.00
2010-12-08,0.374000,0.381750,0.371250,0.377750,0.345526,613252000.00
2010-12-09,0.368750,0.374000,0.363500,0.371500,0.339809,942408000.00
2010-12-10,0.371500,0.377250,0.370500,0.373750,0.341867,451900000.00
2010-12-13,0.375250,0.376000,0.363250,0.364250,0.333177,609108000.00
2010-12-14,0.371250,0.378000,0.364250,0.364750,0.333635,755160000.00
2010-12-15,0.365500,0.370000,0.356250,0.356750,0.326317,624176000.00
2010-12-16,0.360500,0.362500,0.356250,0.357250,0.326774,631872000.00
2010-12-17,0.357500,0.361250,0.353250,0.359250,0.328604,593156000.00
2010-12-20,0.360500,0.362250,0.357500,0.357750,0.327232,344088000.00
2010-12-21,0.361250,0.371750,0.361000,0.371750,0.340038,466952000.00
2010-12-22,0.371000,0.376250,0.367500,0.375750,0.343696,477988000.00
2010-12-23,0.375750,0.375750,0.371500,0.373000,0.341181,273784000.00
2010-12-27,0.372000,0.377750,0.365250,0.375000,0.343010,255500000.00
2010-12-28,0.375000,0.377500,0.371250,0.373500,0.341638,194260000.00
2010-12-29,0.373250,0.376250,0.370000,0.373500,0.341638,177660000.00
2010-12-30,0.373000,0.377000,0.371750,0.374750,0.342782,174488000.00
2010-12-31,0.375000,0.385500,0.374500,0.385000,0.352157,391252000.00
2011-01-03,0.388000,0.399250,0.387500,0.395500,0.361761,817448000.00
2011-01-04,0.396250,0.398000,0.385500,0.394250,0.360618,651384000.00
2011-01-05,0.401500,0.425000,0.397500,0.424500,0.388288,1428216000.00
2011-01-06,0.435500,0.483500,0.434250,0.483250,0.442026,3493312000.00
2011-01-07,0.477750,0.498250,0.467000,0.496750,0.454374,2579984000.00
2011-01-10,0.487750,0.516750,0.484000,0.515750,0.471754,1750348000.00
2011-01-11,0.522750,0.527750,0.496750,0.507750,0.464436,2711088000.00
2011-01-12,0.508000,0.584250,0.506250,0.583750,0.533952,3431896000.00
2011-01-13,0.577500,0.596000,0.559500,0.584750,0.534867,2695192000.00
2011-01-14,0.574750,0.599500,0.571250,0.589750,0.539441,1595352000.00
2011-01-18,0.581750,0.585750,0.561750,0.576000,0.526864,1813348000.00
2011-01-19,0.576250,0.590000,0.559000,0.560250,0.512457,1197896000.00
2011-01-20,0.554750,0.564000,0.544750,0.560750,0.512915,1111408000.00
2011-01-21,0.566750,0.574750,0.554500,0.555500,0.508112,739244000.00
2011-01-24,0.581000,0.626250,0.574500,0.618250,0.565509,2056900000.00
2011-01-25,0.615500,0.622000,0.595250,0.599250,0.548130,1086856000.00
2011-01-26,0.605500,0.625000,0.601250,0.613500,0.561165,1074660000.00
2011-01-27,0.622250,0.623750,0.600000,0.611750,0.559564,657396000.00
2011-01-28,0.613250,0.623500,0.580000,0.594000,0.543328,1094796000.00
2011-01-31,0.595000,0.606250,0.585250,0.598000,0.546987,750160000.00
2011-02-01,0.603250,0.616250,0.599250,0.611750,0.559564,654104000.00
2011-02-02,0.608250,0.654250,0.608250,0.639500,0.584947,1606616000.00
2011-02-03,0.640500,0.640500,0.613750,0.627500,0.573971,1030776000.00
2011-02-04,0.636250,0.646750,0.633750,0.641750,0.587005,872900000.00
2011-02-07,0.633000,0.635750,0.612750,0.615000,0.562537,934236000.00
2011-02-08,0.615750,0.619750,0.594000,0.596750,0.545844,1076584000.00
2011-02-09,0.599000,0.605000,0.571500,0.582250,0.532581,1277520000.00
2011-02-10,0.569250,0.580250,0.565000,0.570500,0.521833,1042352000.00
2011-02-11,0.568500,0.605250,0.559250,0.586750,0.536697,1359276000.00
2011-02-14,0.593750,0.612500,0.575500,0.577750,0.528465,1287828000.00
2011-02-15,0.578750,0.580750,0.561250,0.563750,0.515659,886980000.00
2011-02-16,0.571250,0.592750,0.569250,0.584500,0.534639,1318364000.00
2011-02-17,0.568000,0.650250,0.565250,0.642000,0.587234,3470096000.00
2011-02-18,0.638500,0.648750,0.630750,0.640750,0.586090,1394412000.00
2011-02-22,0.619750,0.621500,0.578250,0.580250,0.530751,1396648000.00
2011-02-23,0.580250,0.585750,0.544500,0.552750,0.505597,1491604000.00
2011-02-24,0.555500,0.576000,0.551500,0.566250,0.517946,1246120000.00
2011-02-25,0.581500,0.587500,0.573500,0.578000,0.528693,775652000.00
2011-02-28,0.587500,0.587750,0.553500,0.566500,0.518175,903696000.00
2011-03-01,0.567500,0.574750,0.541250,0.541250,0.495078,988448000.00
2011-03-02,0.540500,0.550750,0.506250,0.518750,0.474498,1718140000.00
2011-03-03,0.530750,0.533750,0.506000,0.521750,0.477242,1593704000.00
2011-03-04,0.522250,0.527500,0.513250,0.519000,0.474726,959760000.00
2011-03-07,0.522750,0.524500,0.498750,0.511750,0.468095,1019140000.00
2011-03-08,0.517250,0.520000,0.478000,0.488750,0.447057,1947184000.00
2011-03-09,0.487250,0.492000,0.474250,0.478500,0.437681,1318976000.00
2011-03-10,0.467500,0.471000,0.447500,0.448000,0.409783,1722736000.00
2011-03-11,0.451750,0.463750,0.441500,0.451250,0.412756,1486832000.00
2011-03-14,0.454750,0.466250,0.447500,0.455000,0.416186,1003360000.00
2011-03-15,0.432750,0.449000,0.425250,0.441500,0.403837,1256280000.00
2011-03-16,0.437500,0.458750,0.432500,0.438250,0.400865,1476520000.00
2011-03-17,0.450000,0.450750,0.430000,0.446500,0.408411,1238516000.00
2011-03-18,0.453500,0.455000,0.440000,0.440500,0.402923,886960000.00
2011-03-21,0.450000,0.454500,0.439500,0.444000,0.406124,751832000.00
2011-03-22,0.442750,0.447000,0.434250,0.436250,0.399035,718332000.00
2011-03-23,0.435500,0.446500,0.426000,0.445250,0.407268,782396000.00
2011-03-24,0.454750,0.486250,0.453750,0.480750,0.439739,1780592000.00
2011-03-25,0.485000,0.486250,0.465000,0.465750,0.426019,1196392000.00
2011-03-28,0.476750,0.491000,0.472500,0.483000,0.441797,1204284000.00
2011-03-29,0.483000,0.484750,0.472750,0.479250,0.438367,715764000.00
2011-03-30,0.483000,0.485000,0.455250,0.461250,0.421903,1176320000.00
2011-03-31,0.462000,0.467000,0.453000,0.461500,0.422131,655112000.00
2011-04-01,0.467500,0.468000,0.448750,0.455000,0.416186,850072000.00
2011-04-04,0.455000,0.456250,0.435500,0.438750,0.401322,924328000.00
2011-04-05,0.445250,0.448750,0.438500,0.439500,0.402008,821076000.00
2011-04-06,0.442750,0.443250,0.432750,0.436500,0.399264,856984000.00
2011-04-07,0.437500,0.455250,0.435750,0.452500,0.413899,1021208000.00
2011-04-08,0.456000,0.456000,0.437500,0.438750,0.401322,746552000.00
2011-04-11,0.440500,0.442750,0.428250,0.433000,0.396062,546208000.00
2011-04-12,0.428750,0.437250,0.420750,0.434250,0.397206,840756000.00
2011-04-13,0.438750,0.446750,0.433250,0.444000,0.406124,749588000.00
2011-04-14,0.440000,0.463000,0.437500,0.462750,0.423275,1254704000.00
2011-04-15,0.459250,0.473500,0.457000,0.467750,0.427848,969720000.00
2011-04-18,0.456750,0.459750,0.445000,0.452250,0.413670,743584000.00
2011-04-19,0.452500,0.454250,0.438250,0.450500,0.412070,659860000.00
2011-04-20,0.467000,0.473750,0.456750,0.464250,0.424647,650516000.00
2011-04-21,0.469250,0.472250,0.462000,0.463000,0.423503,421300000.00
2011-04-25,0.465000,0.478000,0.464750,0.470250,0.430135,619612000.00
2011-04-26,0.474250,0.487250,0.469500,0.482500,0.441340,676000000.00
2011-04-27,0.485000,0.485000,0.472500,0.482500,0.441340,450004000.00
2011-04-28,0.482500,0.497500,0.477000,0.487750,0.446142,684000000.00
2011-04-29,0.491000,0.511000,0.490250,0.500000,0.457347,836000000.00
2011-05-02,0.510500,0.510750,0.490750,0.493250,0.451173,613824000.00
2011-05-03,0.487500,0.489000,0.463750,0.469750,0.429678,808000000.00
2011-05-04,0.471250,0.476500,0.457500,0.466250,0.426476,639356000.00
2011-05-05,0.462500,0.472000,0.456250,0.466500,0.426705,544000000.00
2011-05-06,0.476250,0.487500,0.472500,0.483000,0.441797,841080000.00
2011-05-09,0.484500,0.496250,0.483250,0.493750,0.451630,706328000.00
2011-05-10,0.497750,0.498250,0.489500,0.494500,0.452316,690976000.00
2011-05-11,0.497000,0.502000,0.490000,0.496750,0.454374,616000000.00
2011-05-12,0.495000,0.513000,0.493750,0.512500,0.468781,1224000000.00
2011-05-13,0.480000,0.481250,0.453000,0.456500,0.417558,2025192000.00
2011-05-16,0.455250,0.456250,0.442250,0.442500,0.404752,728188000.00
2011-05-17,0.441000,0.441250,0.428000,0.440750,0.403151,1420364000.00
2011-05-18,0.442500,0.454750,0.441000,0.451000,0.412527,658844000.00
2011-05-19,0.454500,0.454750,0.437750,0.444500,0.406582,650884000.00
2011-05-20,0.443500,0.453250,0.441500,0.452250,0.413670,575820000.00
2011-05-23,0.445750,0.455000,0.440000,0.451750,0.413213,588000000.00
2011-05-24,0.454000,0.471750,0.452750,0.453500,0.414814,720372000.00
2011-05-25,0.451250,0.462000,0.446750,0.459000,0.419844,545312000.00
2011-05-26,0.459000,0.474500,0.457750,0.470500,0.430364,706436000.00
2011-05-27,0.472500,0.488250,0.472000,0.487500,0.445913,658824000.00
2011-05-31,0.497000,0.501250,0.485000,0.501000,0.458262,1200716000.00
2011-06-01,0.498750,0.499500,0.477500,0.478500,0.437681,762208000.00
2011-06-02,0.479250,0.482750,0.470500,0.476250,0.435623,607592000.00
2011-06-03,0.470750,0.475000,0.459250,0.461500,0.422131,549300000.00
2011-06-06,0.460750,0.465000,0.451250,0.451750,0.413213,435988000.00
2011-06-07,0.455250,0.457750,0.449500,0.451500,0.412984,433956000.00
2011-06-08,0.449250,0.452000,0.435750,0.439250,0.401779,569288000.00
2011-06-09,0.439000,0.440000,0.418500,0.434250,0.397206,741632000.00
2011-06-10,0.435000,0.437750,0.424500,0.428000,0.391489,493548000.00
2011-06-13,0.428000,0.433500,0.422000,0.425000,0.388745,574760000.00
2011-06-14,0.428750,0.438000,0.426750,0.428500,0.391946,534576000.00
2011-06-15,0.422750,0.425250,0.410500,0.419250,0.383485,935916000.00
2011-06-16,0.419500,0.426000,0.398750,0.404750,0.370222,1024908000.00
2011-06-17,0.409500,0.409750,0.382750,0.395250,0.361533,1467884000.00
2011-06-20,0.391750,0.400000,0.387500,0.390500,0.357188,745960000.00
2011-06-21,0.392000,0.402000,0.388250,0.399000,0.364963,704276000.00
2011-06-22,0.396250,0.401500,0.392750,0.393500,0.359932,651720000.00
2011-06-23,0.388500,0.408000,0.385000,0.405250,0.370680,744024000.00
2011-06-24,0.403250,0.406750,0.391000,0.393500,0.359932,529052000.00
2011-06-27,0.393500,0.396000,0.371500,0.385250,0.352386,1142152000.00
2011-06-28,0.385250,0.392000,0.382500,0.387500,0.354444,692200000.00
2011-06-29,0.390000,0.397500,0.376500,0.393500,0.359932,960544000.00
2011-06-30,0.394500,0.402750,0.388500,0.398500,0.364506,652300000.00
2011-07-01,0.398500,0.405250,0.390500,0.403750,0.369308,540804000.00
2011-07-05,0.403250,0.407000,0.393500,0.397000,0.363134,535296000.00
2011-07-06,0.396750,0.397500,0.387000,0.391750,0.358332,529580000.00
2011-07-07,0.393750,0.395750,0.386250,0.393250,0.359703,986136000.00
2011-07-08,0.387750,0.390500,0.382500,0.385750,0.352843,619516000.00
2011-07-11,0.378500,0.380000,0.371250,0.372250,0.340495,714388000.00
2011-07-12,0.370500,0.374000,0.361000,0.367250,0.335921,867604000.00
2011-07-13,0.372250,0.374750,0.363000,0.366500,0.335235,634368000.00
2011-07-14,0.368000,0.370250,0.350250,0.352000,0.321972,1088996000.00
2011-07-15,0.354000,0.356250,0.345250,0.352500,0.322430,827736000.00
2011-07-18,0.349750,0.351750,0.340500,0.345000,0.315569,818200000.00
2011-07-19,0.346000,0.356250,0.346000,0.355500,0.325174,602224000.00
2011-07-20,0.356750,0.358750,0.350000,0.351000,0.321058,662956000.00
2011-07-21,0.351500,0.370000,0.346250,0.367500,0.336150,1143420000.00
2011-07-22,0.370750,0.376250,0.366000,0.375000,0.343010,737192000.00
2011-07-25,0.369250,0.370750,0.363750,0.369000,0.337522,566920000.00
2011-07-26,0.358500,0.367500,0.354750,0.360000,0.329290,698276000.00
2011-07-27,0.355000,0.356750,0.345500,0.346500,0.316942,652212000.00
2011-07-28,0.345250,0.353000,0.339750,0.345750,0.316255,648176000.00
2011-07-29,0.342250,0.349000,0.340500,0.345750,0.316255,677656000.00
2011-08-01,0.353750,0.365250,0.350750,0.364250,0.333177,1019620000.00
2011-08-02,0.361750,0.384500,0.360500,0.360500,0.329747,1356432000.00
2011-08-03,0.361250,0.371500,0.357750,0.370250,0.338666,765236000.00
2011-08-04,0.363500,0.363500,0.335000,0.335000,0.306423,979732000.00
2011-08-05,0.342750,0.347000,0.315000,0.323750,0.296132,1270588000.00
2011-08-08,0.308000,0.319000,0.296250,0.298250,0.272807,1084180000.00
2011-08-09,0.304000,0.323750,0.300000,0.323250,0.295675,1329832000.00
2011-08-10,0.313750,0.322750,0.306750,0.308500,0.282183,1140052000.00
2011-08-11,0.308500,0.339750,0.308500,0.335250,0.306651,1078792000.00
2011-08-12,0.371000,0.371500,0.316750,0.322000,0.294531,3195784000.00
2011-08-15,0.325250,0.335000,0.323500,0.334250,0.305736,864152000.00
2011-08-16,0.330500,0.335000,0.318750,0.324750,0.297047,716868000.00
2011-08-17,0.325750,0.331250,0.316000,0.320250,0.292931,553328000.00
2011-08-18,0.305750,0.308750,0.295000,0.298500,0.273036,802564000.00
2011-08-19,0.293500,0.309750,0.291250,0.293250,0.268234,761332000.00
2011-08-22,0.301500,0.305000,0.295250,0.298500,0.273036,611876000.00
2011-08-23,0.305750,0.331000,0.305250,0.330750,0.302535,938312000.00
2011-08-24,0.330000,0.331000,0.317500,0.326000,0.298190,687500000.00
2011-08-25,0.319500,0.325250,0.311500,0.312000,0.285385,690968000.00
2011-08-26,0.310750,0.328500,0.305250,0.325250,0.297504,732660000.00
2011-08-29,0.334500,0.335250,0.326750,0.334000,0.305508,601528000.00
2011-08-30,0.331750,0.344750,0.329500,0.342000,0.312825,684760000.00
2011-08-31,0.344500,0.348000,0.330000,0.332750,0.304364,705808000.00
2011-09-01,0.337250,0.344500,0.331750,0.332000,0.303678,762312000.00
2011-09-02,0.324500,0.329000,0.320500,0.323000,0.295446,471356000.00
2011-09-06,0.312500,0.330250,0.309500,0.329500,0.301392,696248000.00
2011-09-07,0.356250,0.366000,0.346500,0.356250,0.325860,1606620000.00
2011-09-08,0.352750,0.361250,0.348750,0.354500,0.324259,880164000.00
2011-09-09,0.351500,0.361000,0.344000,0.347000,0.317399,869828000.00
2011-09-12,0.342250,0.358250,0.342250,0.355250,0.324945,916480000.00
2011-09-13,0.358250,0.365000,0.352750,0.363250,0.332263,853836000.00
2011-09-14,0.372750,0.386750,0.372500,0.382000,0.349413,1547192000.00
2011-09-15,0.390500,0.392500,0.384000,0.387500,0.354444,752908000.00
2011-09-16,0.388250,0.402500,0.384500,0.386500,0.353529,1391588000.00
2011-09-19,0.380000,0.382750,0.368750,0.378500,0.346212,968204000.00
2011-09-20,0.383250,0.384750,0.367000,0.368750,0.337293,792436000.00
2011-09-21,0.370750,0.377250,0.361500,0.361750,0.330891,715252000.00
2011-09-22,0.347500,0.348000,0.331250,0.337750,0.308938,1314632000.00
2011-09-23,0.335750,0.354500,0.333750,0.344750,0.315341,1011440000.00
2011-09-26,0.349000,0.350000,0.330000,0.345500,0.316027,972124000.00
2011-09-27,0.354250,0.357250,0.343250,0.346000,0.316484,781388000.00
2011-09-28,0.346750,0.355500,0.330000,0.335500,0.306880,1236532000.00
2011-09-29,0.341500,0.347250,0.318750,0.327250,0.299334,866416000.00
2011-09-30,0.322000,0.323750,0.312250,0.312750,0.286071,677784000.00
2011-10-03,0.308750,0.318500,0.295250,0.295250,0.270063,949896000.00
2011-10-04,0.288000,0.322500,0.286750,0.322500,0.294989,1361548000.00
2011-10-05,0.321750,0.337000,0.315250,0.334000,0.305508,856708000.00
2011-10-06,0.335750,0.348250,0.335250,0.347250,0.317628,773192000.00
2011-10-07,0.348750,0.359000,0.341500,0.353750,0.323573,806976000.00
2011-10-10,0.359750,0.369500,0.359000,0.369500,0.337979,534376000.00
2011-10-11,0.366500,0.372500,0.364250,0.365500,0.334321,816080000.00
2011-10-12,0.372500,0.372750,0.365000,0.365250,0.334092,612064000.00
2011-10-13,0.363500,0.387250,0.362500,0.386500,0.353529,854832000.00
2011-10-14,0.393250,0.397250,0.383500,0.393000,0.359475,702452000.00
2011-10-17,0.388500,0.388500,0.371500,0.373500,0.341638,611780000.00
2011-10-18,0.371500,0.388000,0.369250,0.387000,0.353987,590916000.00
2011-10-19,0.387500,0.394250,0.378250,0.379250,0.346898,557568000.00
2011-10-20,0.369000,0.370500,0.346000,0.360250,0.329519,990308000.00
2011-10-21,0.364750,0.370750,0.356000,0.362000,0.331119,628428000.00
2011-10-24,0.363500,0.381250,0.362750,0.375500,0.343468,535256000.00
2011-10-25,0.370250,0.373250,0.360500,0.361250,0.330433,577996000.00
2011-10-26,0.368250,0.370250,0.355000,0.365500,0.334321,503116000.00
2011-10-27,0.379000,0.385000,0.370500,0.381250,0.348727,577732000.00
2011-10-28,0.378000,0.393500,0.377000,0.390000,0.356731,490156000.00
2011-10-31,0.377500,0.379750,0.370000,0.370000,0.338437,519984000.00
2011-11-01,0.356500,0.357500,0.348000,0.351500,0.321515,790824000.00
2011-11-02,0.355000,0.356750,0.338250,0.345500,0.316027,961608000.00
2011-11-03,0.349250,0.367000,0.340000,0.366250,0.335007,749372000.00
2011-11-04,0.363000,0.371750,0.357250,0.370500,0.338894,654840000.00
2011-11-07,0.367750,0.374000,0.360000,0.368500,0.337065,613536000.00
2011-11-08,0.373250,0.379250,0.367250,0.377000,0.344840,549728000.00
2011-11-09,0.368250,0.373000,0.356500,0.358000,0.327461,532244000.00
2011-11-10,0.366750,0.370500,0.352750,0.361750,0.330891,990484000.00
2011-11-11,0.372000,0.377500,0.351750,0.374500,0.342553,1751560000.00
2011-11-14,0.374500,0.378250,0.366250,0.367250,0.335921,500292000.00
2011-11-15,0.363750,0.374750,0.362750,0.372000,0.340266,505660000.00
2011-11-16,0.365000,0.374750,0.363250,0.364500,0.333406,512420000.00
2011-11-17,0.363750,0.364750,0.345000,0.351500,0.321515,657504000.00
2011-11-18,0.353500,0.353500,0.344500,0.348250,0.318542,501352000.00
2011-11-21,0.342750,0.369250,0.337500,0.365750,0.334549,1330788000.00
2011-11-22,0.369750,0.379000,0.367750,0.377000,0.344840,1287480000.00
2011-11-23,0.373000,0.375750,0.360750,0.361000,0.330205,825340000.00
2011-11-25,0.356250,0.364500,0.350000,0.351000,0.321058,406620000.00
2011-11-28,0.362500,0.376250,0.362500,0.370750,0.339123,690616000.00
2011-11-29,0.370250,0.377500,0.366750,0.372750,0.340952,623440000.00
2011-11-30,0.384000,0.391750,0.380750,0.390750,0.357417,730324000.00
2011-12-01,0.387500,0.396500,0.385750,0.395500,0.361761,529760000.00
2011-12-02,0.399750,0.401250,0.389250,0.393000,0.359475,546464000.00
2011-12-05,0.399500,0.400000,0.383750,0.387000,0.353987,644696000.00
2011-12-06,0.389250,0.390000,0.377500,0.381500,0.348956,573832000.00
2011-12-07,0.379000,0.382000,0.371250,0.379250,0.346898,510016000.00
2011-12-08,0.375500,0.381750,0.366000,0.367250,0.335921,491488000.00
2011-12-09,0.364500,0.375500,0.359500,0.372500,0.340723,555840000.00
2011-12-12,0.364500,0.366000,0.356500,0.363250,0.332263,573208000.00
2011-12-13,0.368000,0.372500,0.351000,0.353250,0.323116,516596000.00
2011-12-14,0.350250,0.352250,0.335750,0.339500,0.310539,636020000.00
2011-12-15,0.345250,0.347500,0.335750,0.336500,0.307795,435148000.00
2011-12-16,0.339250,0.345750,0.336250,0.337750,0.308938,619116000.00
2011-12-19,0.339250,0.343250,0.327750,0.329000,0.300934,463276000.00
2011-12-20,0.336500,0.348750,0.336500,0.347500,0.317856,445208000.00
2011-12-21,0.345500,0.349250,0.336250,0.343000,0.313740,548424000.00
2011-12-22,0.344000,0.358750,0.344000,0.357750,0.327232,576560000.00
2011-12-23,0.359500,0.360000,0.351250,0.354250,0.324030,248948000.00
2011-12-27,0.352750,0.357000,0.350500,0.351500,0.321515,195712000.00
2011-12-28,0.351500,0.352250,0.342500,0.342750,0.313511,233960000.00
2011-12-29,0.346250,0.350000,0.341250,0.349250,0.319457,211112000.00
2011-12-30,0.348000,0.351750,0.346000,0.346500,0.316942,186956000.00
2012-01-03,0.357500,0.360000,0.350250,0.351000,0.321058,468044000.00
2012-01-04,0.351250,0.356500,0.348000,0.355000,0.324716,347372000.00
2012-01-05,0.353250,0.369500,0.351750,0.367750,0.336379,563548000.00
2012-01-06,0.367500,0.367750,0.359250,0.363500,0.332491,533252000.00
2012-01-09,0.363750,0.370500,0.361000,0.363500,0.332491,508244000.00
2012-01-10,0.369000,0.369250,0.359500,0.362000,0.331119,546328000.00
2012-01-11,0.358750,0.362000,0.353250,0.354750,0.324488,484272000.00
2012-01-12,0.355500,0.355750,0.344750,0.352500,0.322430,652364000.00
2012-01-13,0.350000,0.350750,0.341500,0.343250,0.313969,504300000.00
2012-01-17,0.348500,0.348500,0.337500,0.338000,0.309167,627176000.00
2012-01-18,0.344500,0.352250,0.342750,0.349500,0.319686,632676000.00
2012-01-19,0.352500,0.359250,0.348750,0.358750,0.328146,608312000.00
2012-01-20,0.358250,0.362500,0.354250,0.355500,0.325174,546272000.00
2012-01-23,0.355750,0.365500,0.351250,0.365250,0.334092,562792000.00
2012-01-24,0.362750,0.375000,0.362500,0.373500,0.341638,730920000.00
2012-01-25,0.363500,0.372250,0.353000,0.371250,0.339580,1274152000.00
2012-01-26,0.376750,0.381000,0.365750,0.367750,0.336379,799672000.00
2012-01-27,0.365500,0.374750,0.362500,0.372750,0.340952,449996000.00
2012-01-30,0.366250,0.371750,0.360750,0.370000,0.338437,399076000.00
2012-01-31,0.371000,0.371250,0.362750,0.369250,0.337751,357900000.00
2012-02-01,0.373500,0.377500,0.368250,0.373250,0.341410,428020000.00
2012-02-02,0.375250,0.388750,0.371500,0.387250,0.354215,696236000.00
2012-02-03,0.393000,0.398750,0.392250,0.395500,0.361761,495232000.00
2012-02-06,0.393500,0.394000,0.389000,0.392500,0.359017,278868000.00
2012-02-07,0.393000,0.395750,0.386500,0.393500,0.359932,410296000.00
2012-02-08,0.393500,0.415500,0.391500,0.407750,0.372966,847612000.00
2012-02-09,0.412750,0.415000,0.406750,0.407500,0.372738,561944000.00
2012-02-10,0.403500,0.405000,0.395250,0.397500,0.363591,440268000.00
2012-02-13,0.407500,0.409000,0.395500,0.403750,0.369308,610668000.00
2012-02-14,0.403750,0.409500,0.400250,0.406000,0.371366,453756000.00
2012-02-15,0.409750,0.422500,0.403250,0.404250,0.369765,1110856000.00
2012-02-16,0.376500,0.414500,0.375000,0.411250,0.376168,1888588000.00
2012-02-17,0.411500,0.414250,0.392500,0.396250,0.362448,1020360000.00
2012-02-21,0.396000,0.408000,0.395250,0.398250,0.364277,518176000.00
2012-02-22,0.396250,0.406000,0.395000,0.395500,0.361761,492432000.00
2012-02-23,0.396250,0.400000,0.390000,0.397750,0.363819,323968000.00
2012-02-24,0.399000,0.399500,0.393000,0.394750,0.361075,366668000.00
2012-02-27,0.389750,0.391500,0.381250,0.386750,0.353758,745268000.00
2012-02-28,0.386750,0.391250,0.379250,0.383250,0.350556,699884000.00
2012-02-29,0.384500,0.391000,0.378500,0.378750,0.346440,689196000.00
2012-03-01,0.380250,0.385750,0.378750,0.381250,0.348727,449944000.00
2012-03-02,0.380000,0.390000,0.380000,0.384500,0.351700,684076000.00
2012-03-05,0.381750,0.382500,0.368750,0.371500,0.339809,514848000.00
2012-03-06,0.367250,0.370250,0.361500,0.368000,0.336607,471400000.00
2012-03-07,0.370000,0.371750,0.365000,0.370250,0.338666,441984000.00
2012-03-08,0.371250,0.375250,0.369250,0.371500,0.339809,430852000.00
2012-03-09,0.372500,0.375250,0.368500,0.370500,0.338894,367836000.00
2012-03-12,0.372000,0.374500,0.363750,0.364750,0.333635,299948000.00
2012-03-13,0.366250,0.371750,0.364500,0.369750,0.338208,553288000.00
2012-03-14,0.369750,0.370500,0.358000,0.359250,0.328604,735708000.00
2012-03-15,0.360250,0.366500,0.359000,0.364500,0.333406,382380000.00
2012-03-16,0.364750,0.366500,0.362750,0.365000,0.333863,428340000.00
2012-03-19,0.367000,0.368750,0.364250,0.366000,0.334778,405400000.00
2012-03-20,0.364000,0.364000,0.356750,0.360000,0.329290,449616000.00
2012-03-21,0.360000,0.364750,0.356000,0.361500,0.330662,467840000.00
2012-03-22,0.358750,0.364000,0.357750,0.361000,0.330205,425372000.00
2012-03-23,0.360000,0.364750,0.357500,0.363750,0.332720,315456000.00
2012-03-26,0.367250,0.369750,0.363750,0.368000,0.336607,288600000.00
2012-03-27,0.369500,0.375000,0.368750,0.370500,0.338894,419968000.00
2012-03-28,0.375250,0.384000,0.372500,0.379000,0.346669,892448000.00
2012-03-29,0.378500,0.383750,0.373750,0.380750,0.348270,372700000.00
2012-03-30,0.384000,0.387250,0.378500,0.385000,0.352157,527240000.00
2012-04-02,0.384000,0.387250,0.377750,0.383250,0.350556,407776000.00
2012-04-03,0.386000,0.386500,0.375000,0.377000,0.344840,430476000.00
2012-04-04,0.371250,0.376000,0.364000,0.366250,0.335007,495896000.00
2012-04-05,0.366750,0.371250,0.364500,0.365750,0.334549,369424000.00
2012-04-09,0.360000,0.362250,0.354000,0.361000,0.330205,365504000.00
2012-04-10,0.359500,0.364500,0.352250,0.354000,0.323802,470360000.00
2012-04-11,0.358750,0.366250,0.357500,0.358500,0.327918,372960000.00
2012-04-12,0.359000,0.369000,0.357500,0.367000,0.335693,384868000.00
2012-04-13,0.363750,0.365750,0.353750,0.354000,0.323802,311324000.00
2012-04-16,0.356500,0.357500,0.344000,0.349750,0.319914,463468000.00
2012-04-17,0.350750,0.355000,0.349250,0.350500,0.320600,460696000.00
2012-04-18,0.348250,0.350000,0.342500,0.346750,0.317170,400764000.00
2012-04-19,0.342250,0.355250,0.339750,0.341500,0.312368,667188000.00
2012-04-20,0.343500,0.344500,0.334000,0.334750,0.306194,509592000.00
2012-04-23,0.329000,0.332250,0.322750,0.330750,0.302535,706244000.00
2012-04-24,0.331750,0.334500,0.318750,0.320500,0.293159,730440000.00
2012-04-25,0.325250,0.329500,0.319250,0.327000,0.299105,727112000.00
2012-04-26,0.326750,0.330000,0.324500,0.327250,0.299334,539208000.00
2012-04-27,0.326750,0.328750,0.321000,0.324500,0.296818,475356000.00
2012-04-30,0.322750,0.326750,0.320500,0.325000,0.297276,262268000.00
2012-05-01,0.323250,0.334250,0.323250,0.330750,0.302535,408680000.00
2012-05-02,0.329500,0.330750,0.319500,0.321250,0.293845,684008000.00
2012-05-03,0.322000,0.324000,0.313750,0.315750,0.288815,419536000.00
2012-05-04,0.313750,0.315500,0.306500,0.306500,0.280354,545092000.00
2012-05-07,0.312000,0.317250,0.309250,0.311750,0.285156,604440000.00
2012-05-08,0.309000,0.313500,0.303500,0.311500,0.284927,462312000.00
2012-05-09,0.306000,0.315250,0.303000,0.312750,0.286071,520608000.00
2012-05-10,0.315750,0.316250,0.305500,0.310500,0.284012,597092000.00
2012-05-11,0.336250,0.342000,0.329000,0.330250,0.302078,1435140000.00
2012-05-14,0.327500,0.333250,0.320750,0.328250,0.300248,437472000.00
2012-05-15,0.328250,0.335500,0.323500,0.325000,0.297276,599940000.00
2012-05-16,0.325500,0.329250,0.317500,0.318500,0.291330,470484000.00
2012-05-17,0.319750,0.322750,0.316250,0.316250,0.289272,335364000.00
2012-05-18,0.317000,0.318500,0.300500,0.302000,0.276238,567288000.00
2012-05-21,0.302500,0.308750,0.300500,0.307250,0.281040,416260000.00
2012-05-22,0.307000,0.307500,0.299000,0.303500,0.277610,410140000.00
2012-05-23,0.300250,0.311500,0.295750,0.311000,0.284470,496000000.00
2012-05-24,0.312750,0.313250,0.300500,0.302750,0.276924,520420000.00
2012-05-25,0.302500,0.312500,0.302500,0.310000,0.283555,391752000.00
2012-05-29,0.315000,0.320000,0.313750,0.318000,0.290873,310000000.00
2012-05-30,0.314500,0.316750,0.308750,0.314250,0.287443,379792000.00
2012-05-31,0.314250,0.315500,0.306750,0.310750,0.284241,358192000.00
2012-06-01,0.304250,0.307250,0.299000,0.299500,0.273951,440984000.00
2012-06-04,0.301000,0.302750,0.290750,0.293250,0.268234,432856000.00
2012-06-05,0.291750,0.302500,0.291750,0.301750,0.276009,365224000.00
2012-06-06,0.304000,0.310500,0.301750,0.309750,0.283327,368968000.00
2012-06-07,0.314250,0.316000,0.297000,0.297250,0.271893,526780000.00
2012-06-08,0.298250,0.304000,0.297750,0.303000,0.277152,370308000.00
2012-06-11,0.312750,0.318250,0.305750,0.306500,0.280354,839080000.00
2012-06-12,0.310000,0.315750,0.309500,0.312750,0.286071,496128000.00
2012-06-13,0.312500,0.313250,0.303000,0.304500,0.278524,494276000.00
2012-06-14,0.304000,0.306500,0.297750,0.300750,0.275094,589884000.00
2012-06-15,0.303000,0.307500,0.300250,0.307250,0.281040,385288000.00
2012-06-18,0.305000,0.312500,0.302500,0.310000,0.283555,304424000.00
2012-06-19,0.322750,0.335750,0.321250,0.331000,0.302764,960476000.00
2012-06-20,0.334250,0.342500,0.332250,0.336250,0.307566,972720000.00
2012-06-21,0.336000,0.336000,0.320250,0.321000,0.293617,516376000.00
2012-06-22,0.325000,0.328750,0.320500,0.325000,0.297276,865360000.00
2012-06-25,0.325250,0.326250,0.313500,0.314750,0.287900,494616000.00
2012-06-26,0.316500,0.320500,0.312000,0.318250,0.291101,437152000.00
2012-06-27,0.318500,0.330750,0.318500,0.328500,0.300477,506064000.00
2012-06-28,0.325500,0.333000,0.322750,0.331000,0.302764,545896000.00
2012-06-29,0.338750,0.346250,0.338500,0.345500,0.316027,616508000.00
2012-07-02,0.347250,0.347500,0.333500,0.336250,0.307566,581684000.00
2012-07-03,0.336250,0.345750,0.336000,0.345000,0.315569,219284000.00
2012-07-05,0.342750,0.344250,0.336250,0.341500,0.312368,280076000.00
2012-07-06,0.339000,0.340000,0.331250,0.335000,0.306423,382760000.00
2012-07-09,0.333000,0.334500,0.327750,0.330500,0.302306,306336000.00
2012-07-10,0.327000,0.336750,0.318000,0.320500,0.293159,512028000.00
2012-07-11,0.321500,0.325500,0.313750,0.315250,0.288357,485216000.00
2012-07-12,0.311750,0.312250,0.307250,0.310000,0.283555,472160000.00
2012-07-13,0.310250,0.315500,0.308250,0.314000,0.287214,324260000.00
2012-07-16,0.312000,0.317500,0.309000,0.315000,0.288129,334460000.00
2012-07-17,0.316000,0.317750,0.304000,0.309250,0.282869,447476000.00
2012-07-18,0.308500,0.331000,0.307000,0.326500,0.298648,616008000.00
2012-07-19,0.328750,0.334000,0.326500,0.329750,0.301620,403036000.00
2012-07-20,0.327750,0.330000,0.316750,0.320250,0.292931,451000000.00
2012-07-23,0.311750,0.326750,0.308250,0.324500,0.296818,451584000.00
2012-07-24,0.325000,0.327000,0.317250,0.321000,0.293617,351164000.00
2012-07-25,0.320000,0.330500,0.318500,0.327250,0.299334,415044000.00
2012-07-26,0.333250,0.337000,0.326250,0.328750,0.300706,338440000.00
2012-07-27,0.330000,0.338000,0.327500,0.337000,0.308252,376516000.00
2012-07-30,0.337000,0.341250,0.330500,0.333250,0.304822,363552000.00
2012-07-31,0.333250,0.343250,0.332750,0.338500,0.309624,387788000.00
2012-08-01,0.340500,0.343750,0.333250,0.334750,0.306194,335912000.00
2012-08-02,0.333000,0.341000,0.327500,0.336000,0.307337,367912000.00
2012-08-03,0.341250,0.346500,0.333250,0.343000,0.313740,326548000.00
2012-08-06,0.346250,0.352000,0.345750,0.350250,0.320372,360324000.00
2012-08-07,0.354500,0.357500,0.351750,0.353750,0.323573,407340000.00
2012-08-08,0.353500,0.359500,0.352500,0.355750,0.325402,517064000.00
2012-08-09,0.356250,0.368500,0.355750,0.367750,0.336379,822300000.00
2012-08-10,0.377500,0.380500,0.360750,0.365500,0.334321,1278744000.00
2012-08-13,0.366000,0.370500,0.364500,0.370250,0.338666,447244000.00
2012-08-14,0.371500,0.372000,0.363250,0.364750,0.333635,388828000.00
2012-08-15,0.366000,0.369000,0.360250,0.362000,0.331119,594404000.00
2012-08-16,0.365250,0.370750,0.364000,0.369500,0.337979,371008000.00
2012-08-17,0.369500,0.369500,0.363000,0.366250,0.335007,309864000.00
2012-08-20,0.365000,0.366750,0.360750,0.366250,0.335007,314392000.00
2012-08-21,0.367500,0.369750,0.361500,0.365250,0.334092,340248000.00
2012-08-22,0.363000,0.367500,0.361750,0.366000,0.334778,313556000.00
2012-08-23,0.365250,0.365500,0.356250,0.357750,0.327232,379040000.00
2012-08-24,0.357750,0.366750,0.357000,0.365000,0.333863,347724000.00
2012-08-27,0.364750,0.365750,0.358500,0.358750,0.328146,340944000.00
2012-08-28,0.356000,0.360750,0.355250,0.357250,0.326774,310764000.00
2012-08-29,0.357000,0.360250,0.356250,0.358000,0.327461,250412000.00
2012-08-30,0.357250,0.358500,0.349500,0.351250,0.321286,307488000.00
2012-08-31,0.353750,0.356250,0.347250,0.350750,0.320829,485064000.00
2012-09-04,0.345000,0.346250,0.328750,0.332000,0.303678,694452000.00
2012-09-05,0.333250,0.338000,0.329500,0.333000,0.304593,480256000.00
2012-09-06,0.335500,0.352250,0.335250,0.343250,0.313969,657296000.00
2012-09-07,0.334500,0.337250,0.323750,0.335000,0.306423,781064000.00
2012-09-10,0.334250,0.339000,0.331250,0.332000,0.303678,371108000.00
2012-09-11,0.331750,0.341250,0.330500,0.336000,0.307337,382808000.00
2012-09-12,0.338750,0.341500,0.335500,0.339750,0.310767,322608000.00
2012-09-13,0.342750,0.344000,0.335500,0.342000,0.312825,433836000.00
2012-09-14,0.341750,0.352000,0.341750,0.346000,0.316484,339468000.00
2012-09-17,0.346750,0.346750,0.332750,0.336500,0.307795,493348000.00
2012-09-18,0.332750,0.342750,0.332500,0.338750,0.309853,359952000.00
2012-09-19,0.339500,0.347500,0.335500,0.342750,0.313511,451936000.00
2012-09-20,0.342000,0.343750,0.337500,0.340250,0.311225,320596000.00
2012-09-21,0.340750,0.343750,0.339500,0.341750,0.312597,340136000.00
2012-09-24,0.336250,0.342000,0.335750,0.341500,0.312368,357832000.00
2012-09-25,0.346000,0.347500,0.334750,0.335250,0.306651,481544000.00
2012-09-26,0.334000,0.334250,0.325500,0.329500,0.301392,436812000.00
2012-09-27,0.330250,0.332500,0.327500,0.332000,0.303678,558888000.00
2012-09-28,0.330500,0.338250,0.326250,0.333500,0.305050,485508000.00
2012-10-01,0.335000,0.337000,0.326750,0.328000,0.300020,504236000.00
2012-10-02,0.330250,0.330250,0.325500,0.329250,0.301163,295492000.00
2012-10-03,0.330000,0.331000,0.324250,0.326000,0.298190,430872000.00
2012-10-04,0.326750,0.342500,0.325000,0.340500,0.311453,502608000.00
2012-10-05,0.341500,0.345000,0.331250,0.332500,0.304136,483068000.00
2012-10-08,0.331250,0.332750,0.326750,0.329250,0.301163,240596000.00
2012-10-09,0.328750,0.329750,0.321250,0.322250,0.294760,366360000.00
2012-10-10,0.320750,0.322250,0.315500,0.316750,0.289729,326568000.00
2012-10-11,0.319750,0.320750,0.316000,0.318500,0.291330,320516000.00
2012-10-12,0.316250,0.318750,0.313750,0.315750,0.288815,260696000.00
2012-10-15,0.316250,0.320000,0.312500,0.319750,0.292474,249580000.00
2012-10-16,0.322500,0.330000,0.319500,0.329000,0.300934,367696000.00
2012-10-17,0.325000,0.328000,0.321750,0.326500,0.298648,391752000.00
2012-10-18,0.325750,0.325750,0.320250,0.321500,0.294074,254772000.00
2012-10-19,0.316750,0.319000,0.301000,0.302750,0.276924,709412000.00
2012-10-22,0.304000,0.305750,0.296750,0.299250,0.273722,480840000.00
2012-10-23,0.296500,0.310250,0.295750,0.308250,0.281954,573948000.00
2012-10-24,0.310250,0.311500,0.301250,0.304250,0.278296,332916000.00
2012-10-25,0.306750,0.310000,0.303250,0.304500,0.278524,307356000.00
2012-10-26,0.305000,0.306750,0.301250,0.301250,0.275552,389376000.00
2012-10-31,0.302500,0.305000,0.298750,0.299500,0.273951,347112000.00
2012-11-01,0.301000,0.314000,0.300750,0.313750,0.286985,473220000.00
2012-11-02,0.317000,0.317500,0.310250,0.312250,0.285613,256700000.00
2012-11-05,0.311500,0.326750,0.311500,0.325500,0.297733,444840000.00
2012-11-06,0.326250,0.326250,0.319750,0.325250,0.297504,350804000.00
2012-11-07,0.322750,0.324750,0.313750,0.315250,0.288357,324620000.00
2012-11-08,0.318750,0.327000,0.316250,0.317000,0.289958,839024000.00
2012-11-09,0.318750,0.322500,0.303750,0.304750,0.278753,846280000.00
2012-11-12,0.305250,0.306500,0.295000,0.298000,0.272579,643624000.00
2012-11-13,0.296500,0.303250,0.295500,0.295750,0.270521,492120000.00
2012-11-14,0.297500,0.300500,0.288250,0.288500,0.263889,619300000.00
2012-11-15,0.290250,0.297750,0.287750,0.289750,0.265033,466688000.00
2012-11-16,0.289750,0.290750,0.278750,0.284500,0.260230,624552000.00
2012-11-19,0.289750,0.293500,0.286250,0.292500,0.267548,404092000.00
2012-11-20,0.289500,0.290750,0.284250,0.287250,0.264441,336976000.00
2012-11-21,0.287250,0.296250,0.287000,0.295500,0.272036,422312000.00
2012-11-23,0.296750,0.301000,0.295250,0.297500,0.273877,276932000.00
2012-11-26,0.298000,0.303500,0.297500,0.302750,0.278710,364600000.00
2012-11-27,0.301500,0.308500,0.299000,0.304000,0.279861,451404000.00
2012-11-28,0.302750,0.308000,0.299000,0.306500,0.282163,398332000.00
2012-11-29,0.307000,0.308500,0.300000,0.301000,0.277099,488688000.00
2012-11-30,0.300750,0.303000,0.297500,0.299250,0.275488,460504000.00
2012-12-03,0.303000,0.303000,0.293000,0.293750,0.270425,391380000.00
2012-12-04,0.294250,0.303000,0.292500,0.302500,0.278480,528068000.00
2012-12-05,0.300000,0.302000,0.294750,0.299000,0.275258,633024000.00
2012-12-06,0.298250,0.301500,0.297250,0.299500,0.275718,412896000.00
2012-12-07,0.299750,0.301250,0.295500,0.299000,0.275258,338288000.00
2012-12-10,0.299000,0.311250,0.298250,0.309000,0.284464,513644000.00
2012-12-11,0.310000,0.320250,0.309250,0.316250,0.291138,816724000.00
2012-12-12,0.317250,0.319000,0.311750,0.313000,0.288146,399404000.00
2012-12-13,0.312500,0.319250,0.310250,0.313250,0.288377,377556000.00
2012-12-14,0.314500,0.318000,0.312250,0.314750,0.289757,338660000.00
2012-12-17,0.314000,0.315750,0.308750,0.313500,0.288607,445232000.00
2012-12-18,0.313500,0.317500,0.312500,0.314000,0.289067,416436000.00
2012-12-19,0.316250,0.320000,0.315000,0.316250,0.291138,458544000.00
2012-12-20,0.317500,0.317750,0.312500,0.316000,0.290908,334332000.00
2012-12-21,0.311750,0.311750,0.305250,0.308750,0.284234,462172000.00
2012-12-24,0.308500,0.309500,0.305250,0.306250,0.281932,127376000.00
2012-12-26,0.305500,0.310500,0.304750,0.306000,0.281702,196740000.00
2012-12-27,0.306500,0.307000,0.300500,0.304000,0.279861,299804000.00
2012-12-28,0.301250,0.307250,0.300750,0.302500,0.278480,220600000.00
2012-12-31,0.301500,0.307750,0.300750,0.306500,0.282163,326460000.00
2013-01-02,0.314000,0.318250,0.312750,0.318000,0.292749,478836000.00
2013-01-03,0.318000,0.321750,0.314500,0.318250,0.292979,298888000.00
2013-01-04,0.318750,0.329750,0.317750,0.328750,0.302646,524968000.00
2013-01-07,0.328500,0.329500,0.317000,0.319250,0.293900,610732000.00
2013-01-08,0.320000,0.321000,0.310000,0.312250,0.287456,466424000.00
2013-01-09,0.314750,0.316250,0.303250,0.305250,0.281012,695020000.00
2013-01-10,0.308000,0.309500,0.304000,0.305750,0.281472,506368000.00
2013-01-11,0.307000,0.307250,0.302250,0.305250,0.281012,513172000.00
2013-01-14,0.307250,0.307250,0.301500,0.305000,0.280782,305684000.00
2013-01-15,0.303500,0.303500,0.297750,0.299500,0.275718,375888000.00
2013-01-16,0.299000,0.304750,0.299000,0.302250,0.278250,337376000.00
2013-01-17,0.303250,0.307500,0.302500,0.306250,0.281932,580736000.00
2013-01-18,0.306250,0.306250,0.300500,0.304250,0.280091,397088000.00
2013-01-22,0.304000,0.306750,0.301250,0.302750,0.278710,308224000.00
2013-01-23,0.303750,0.304000,0.300000,0.303250,0.279171,421808000.00
2013-01-24,0.302250,0.306000,0.300750,0.304750,0.280551,396980000.00
2013-01-25,0.305250,0.310500,0.303750,0.310250,0.285615,393920000.00
2013-01-28,0.311750,0.317250,0.311000,0.315250,0.290218,422492000.00
2013-01-29,0.314000,0.314750,0.307250,0.308500,0.284004,388872000.00
2013-01-30,0.308750,0.313000,0.307000,0.308000,0.283543,287592000.00
2013-01-31,0.308000,0.311500,0.304500,0.306500,0.282163,470544000.00
2013-02-01,0.309000,0.310250,0.306500,0.309250,0.284694,288816000.00
2013-02-04,0.307500,0.313750,0.303750,0.304000,0.279861,511744000.00
2013-02-05,0.305500,0.312750,0.304500,0.311000,0.286305,367296000.00
2013-02-06,0.303500,0.311000,0.301750,0.308500,0.284004,530688000.00
2013-02-07,0.307500,0.310000,0.304250,0.307250,0.282853,440000000.00
2013-02-08,0.309250,0.311750,0.307250,0.309250,0.284694,307232000.00
2013-02-11,0.311750,0.316000,0.308750,0.312750,0.287916,408308000.00
2013-02-12,0.310000,0.314250,0.309500,0.310750,0.286075,277804000.00
2013-02-13,0.311000,0.316750,0.308250,0.309250,0.284694,856396000.00
2013-02-14,0.305000,0.318500,0.301250,0.318250,0.292979,882096000.00
2013-02-15,0.317500,0.319750,0.311250,0.318250,0.292979,733860000.00
2013-02-19,0.318500,0.318750,0.312000,0.314000,0.289067,433552000.00
2013-02-20,0.315000,0.320000,0.308500,0.309500,0.284924,713012000.00
2013-02-21,0.309000,0.312500,0.306500,0.307250,0.282853,580408000.00
2013-02-22,0.309250,0.313250,0.307500,0.313000,0.288146,370148000.00
2013-02-25,0.313750,0.316250,0.307000,0.307500,0.283083,644444000.00
2013-02-26,0.306250,0.311000,0.305250,0.309250,0.286441,487504000.00
2013-02-27,0.309250,0.317250,0.308500,0.315000,0.291767,476980000.00
2013-02-28,0.314000,0.321250,0.312750,0.316500,0.293156,591392000.00
2013-03-01,0.314250,0.318750,0.311500,0.317750,0.294314,389396000.00
2013-03-04,0.315500,0.319500,0.313000,0.316500,0.293156,353680000.00
2013-03-05,0.318250,0.320500,0.316750,0.320000,0.296398,366168000.00
2013-03-06,0.322000,0.325000,0.318250,0.319750,0.296166,342928000.00
2013-03-07,0.321500,0.324750,0.317250,0.319000,0.295472,314824000.00
2013-03-08,0.319750,0.322000,0.318250,0.320500,0.296861,246464000.00
2013-03-11,0.317250,0.318750,0.314750,0.317500,0.294082,299748000.00
2013-03-12,0.317000,0.319500,0.314000,0.318500,0.295008,310856000.00
2013-03-13,0.318500,0.324000,0.315500,0.318500,0.295008,485840000.00
2013-03-14,0.320500,0.321500,0.316750,0.318750,0.295240,383304000.00
2013-03-15,0.318750,0.318750,0.314750,0.316000,0.292693,355776000.00
2013-03-18,0.314000,0.316750,0.311500,0.313750,0.290609,298312000.00
2013-03-19,0.314000,0.315500,0.309500,0.311750,0.288756,355480000.00
2013-03-20,0.314750,0.316500,0.312000,0.315500,0.292230,340588000.00
2013-03-21,0.313750,0.314250,0.310000,0.310500,0.287598,339032000.00
2013-03-22,0.311500,0.313250,0.310250,0.312000,0.288988,232476000.00
2013-03-25,0.313750,0.314000,0.308000,0.310250,0.287367,362076000.00
2013-03-26,0.311000,0.312750,0.309750,0.312500,0.289451,232540000.00
2013-03-27,0.311250,0.318000,0.310500,0.316250,0.292924,254944000.00
2013-03-28,0.315500,0.321000,0.313250,0.320750,0.297092,349276000.00
2013-04-01,0.320000,0.320000,0.308000,0.310250,0.287367,442828000.00
2013-04-02,0.310500,0.311250,0.305000,0.307000,0.284357,371524000.00
2013-04-03,0.306500,0.308250,0.301000,0.303250,0.280883,353156000.00
2013-04-04,0.302250,0.307250,0.301250,0.306250,0.283662,294676000.00
2013-04-05,0.301750,0.311500,0.301000,0.311500,0.288525,551352000.00
2013-04-08,0.311750,0.311750,0.305000,0.310750,0.287830,326660000.00
2013-04-09,0.311000,0.318000,0.308750,0.315750,0.292461,380584000.00
2013-04-10,0.316000,0.321250,0.315250,0.320750,0.297092,384688000.00
2013-04-11,0.316250,0.321250,0.307500,0.319250,0.295703,969220000.00
2013-04-12,0.320750,0.330750,0.318000,0.327250,0.303113,770548000.00
2013-04-15,0.326250,0.327250,0.318500,0.320500,0.296861,430420000.00
2013-04-16,0.323500,0.326250,0.321750,0.324000,0.300103,468844000.00
2013-04-17,0.321500,0.324500,0.317750,0.319750,0.296166,532948000.00
2013-04-18,0.320500,0.322500,0.313500,0.313500,0.290377,402548000.00
2013-04-19,0.313250,0.315250,0.309250,0.314250,0.291072,303028000.00
2013-04-22,0.314000,0.317500,0.311500,0.314750,0.291535,245568000.00
2013-04-23,0.317500,0.326250,0.317000,0.323000,0.299177,376948000.00
2013-04-24,0.324000,0.336750,0.323750,0.334000,0.309365,556556000.00
2013-04-25,0.335750,0.337500,0.332750,0.336750,0.311912,353224000.00
2013-04-26,0.336250,0.336750,0.333500,0.335250,0.310523,324332000.00
2013-04-29,0.335750,0.340500,0.334250,0.339250,0.314228,269712000.00
2013-04-30,0.340000,0.344250,0.337750,0.344250,0.318859,276712000.00
2013-05-01,0.344250,0.346500,0.340000,0.341250,0.316080,341316000.00
2013-05-02,0.341000,0.346250,0.339000,0.345250,0.319786,323480000.00
2013-05-03,0.347500,0.349250,0.345500,0.346750,0.321175,293864000.00
2013-05-06,0.346750,0.348750,0.343750,0.345750,0.320249,217116000.00
2013-05-07,0.345750,0.346500,0.338000,0.341250,0.316080,448068000.00
2013-05-08,0.341750,0.349500,0.340500,0.347500,0.321869,334032000.00
2013-05-09,0.341250,0.349250,0.340750,0.347750,0.322101,566800000.00
2013-05-10,0.355000,0.365000,0.355000,0.363500,0.336689,861136000.00
2013-05-13,0.361000,0.362500,0.354500,0.356000,0.329743,289812000.00
2013-05-14,0.360250,0.364250,0.356750,0.361250,0.334605,454140000.00
2013-05-15,0.359500,0.368750,0.359500,0.367500,0.340394,313172000.00
2013-05-16,0.367000,0.370750,0.364500,0.365750,0.338773,308368000.00
2013-05-17,0.367500,0.374250,0.364750,0.371750,0.344331,312116000.00
2013-05-20,0.370250,0.372500,0.369000,0.371000,0.343636,236380000.00
2013-05-21,0.371250,0.374500,0.367000,0.373000,0.347244,357784000.00
2013-05-22,0.374500,0.374500,0.358500,0.360000,0.335141,480404000.00
2013-05-23,0.355750,0.367000,0.354750,0.365750,0.340494,393884000.00
2013-05-24,0.363750,0.366750,0.359500,0.363500,0.338400,283304000.00
2013-05-28,0.366250,0.367250,0.359750,0.363250,0.338167,279300000.00
2013-05-29,0.361000,0.363250,0.359500,0.361000,0.336072,335052000.00
2013-05-30,0.360500,0.369500,0.359500,0.365750,0.340494,284504000.00
2013-05-31,0.363750,0.369000,0.361750,0.361750,0.336771,577508000.00
2013-06-03,0.362250,0.365000,0.353750,0.361250,0.336305,444468000.00
2013-06-04,0.363500,0.370000,0.359500,0.361750,0.336771,363676000.00
2013-06-05,0.361250,0.364000,0.353000,0.354000,0.329556,464520000.00
2013-06-06,0.354000,0.359000,0.353750,0.356250,0.331650,341044000.00
2013-06-07,0.358750,0.363500,0.357250,0.361250,0.336305,274584000.00
2013-06-10,0.360250,0.363250,0.358250,0.361000,0.336072,224148000.00
2013-06-11,0.356250,0.361250,0.354250,0.354250,0.329788,296336000.00
2013-06-12,0.356000,0.359000,0.349250,0.351250,0.326996,312588000.00
2013-06-13,0.350000,0.361000,0.349750,0.359250,0.334443,236256000.00
2013-06-14,0.360500,0.361000,0.356250,0.358750,0.333978,236012000.00
2013-06-17,0.361500,0.365500,0.359500,0.362250,0.337236,255336000.00
2013-06-18,0.364000,0.368000,0.357000,0.360000,0.335141,486772000.00
2013-06-19,0.363250,0.387000,0.362000,0.371000,0.345382,1159588000.00
2013-06-20,0.368000,0.368500,0.358500,0.361000,0.336072,628696000.00
2013-06-21,0.363000,0.364250,0.354500,0.360500,0.335607,714228000.00
2013-06-24,0.355250,0.359750,0.347750,0.353000,0.328625,580772000.00
2013-06-25,0.356750,0.357500,0.351750,0.355500,0.330952,457360000.00
2013-06-26,0.359500,0.360000,0.352000,0.353500,0.329090,579752000.00
2013-06-27,0.354500,0.355000,0.346500,0.350250,0.326065,808036000.00
2013-06-28,0.350250,0.354500,0.345750,0.351000,0.326763,431536000.00
2013-07-01,0.353500,0.354250,0.350250,0.352500,0.328159,199524000.00
2013-07-02,0.350500,0.357500,0.349000,0.352250,0.327926,256392000.00
2013-07-03,0.349250,0.357500,0.349250,0.353250,0.328857,140388000.00
2013-07-05,0.354250,0.356750,0.352000,0.356000,0.331418,184684000.00
2013-07-08,0.357000,0.358750,0.352250,0.354250,0.329788,262084000.00
2013-07-09,0.355000,0.358250,0.354000,0.356000,0.331418,157364000.00
2013-07-10,0.356000,0.361750,0.355000,0.360750,0.335839,208468000.00
2013-07-11,0.362750,0.366250,0.362000,0.365750,0.340494,239832000.00
2013-07-12,0.365000,0.369500,0.363750,0.366000,0.340727,216360000.00
2013-07-15,0.366750,0.366750,0.359500,0.365250,0.340029,201332000.00
2013-07-16,0.366750,0.369250,0.365000,0.367250,0.341891,162560000.00
2013-07-17,0.367250,0.368500,0.364250,0.365250,0.340029,166100000.00
2013-07-18,0.364750,0.366000,0.359000,0.363750,0.338632,344488000.00
2013-07-19,0.361500,0.363250,0.352250,0.356000,0.331418,480532000.00
2013-07-22,0.358750,0.362000,0.354250,0.355750,0.331185,292384000.00
2013-07-23,0.360250,0.360250,0.353500,0.355250,0.330719,246792000.00
2013-07-24,0.358500,0.359500,0.354750,0.355250,0.330719,284252000.00
2013-07-25,0.355000,0.361250,0.352500,0.356500,0.331883,243320000.00
2013-07-26,0.352250,0.357250,0.352250,0.355000,0.330487,227360000.00
2013-07-29,0.354250,0.358750,0.353250,0.354250,0.329788,179540000.00
2013-07-30,0.355500,0.365000,0.355250,0.360250,0.335374,266076000.00
2013-07-31,0.358500,0.364500,0.358250,0.361000,0.336072,270160000.00
2013-08-01,0.362250,0.366750,0.358000,0.366000,0.340727,277648000.00
2013-08-02,0.365250,0.369750,0.362750,0.369000,0.343520,209628000.00
2013-08-05,0.368000,0.372000,0.366000,0.370750,0.345149,185188000.00
2013-08-06,0.371000,0.371750,0.364500,0.365250,0.340029,206608000.00
2013-08-07,0.363250,0.368750,0.363000,0.365000,0.339796,244380000.00
2013-08-08,0.367000,0.369250,0.362750,0.367500,0.342124,345696000.00
2013-08-09,0.353000,0.367750,0.352750,0.362250,0.337236,906224000.00
2013-08-12,0.347500,0.364500,0.327750,0.359250,0.334443,257568000.00
2013-08-13,0.359750,0.362000,0.357500,0.360500,0.335607,197468000.00
2013-08-14,0.359750,0.378000,0.359500,0.375750,0.349804,828508000.00
2013-08-15,0.371750,0.381250,0.370250,0.378250,0.352131,723616000.00
2013-08-16,0.377500,0.385000,0.376750,0.379750,0.353528,660456000.00
2013-08-19,0.377500,0.378750,0.373500,0.373750,0.347942,393432000.00
2013-08-20,0.371750,0.376250,0.371250,0.373750,0.349696,234192000.00
2013-08-21,0.371500,0.376250,0.370500,0.372000,0.348059,261540000.00
2013-08-22,0.371750,0.377500,0.371750,0.374000,0.349930,129016000.00
2013-08-23,0.374500,0.377500,0.373250,0.374000,0.349930,245120000.00
2013-08-26,0.374250,0.375750,0.373250,0.374750,0.350632,300152000.00
2013-08-27,0.371250,0.373750,0.368750,0.370000,0.346187,277464000.00
2013-08-28,0.370750,0.373500,0.368500,0.370000,0.346187,318824000.00
2013-08-29,0.368750,0.372750,0.367750,0.369250,0.345486,276216000.00
2013-08-30,0.369500,0.370500,0.367000,0.368750,0.345018,378120000.00
2013-09-03,0.369750,0.374250,0.366750,0.369000,0.345252,284680000.00
2013-09-04,0.369000,0.374750,0.368500,0.372500,0.348526,222080000.00
2013-09-05,0.371000,0.375000,0.370750,0.373500,0.349462,174904000.00
2013-09-06,0.373750,0.375750,0.369250,0.372000,0.348059,226756000.00
2013-09-09,0.375000,0.378250,0.374000,0.378250,0.353907,246408000.00
2013-09-10,0.381000,0.386500,0.379250,0.386250,0.361392,292132000.00
2013-09-11,0.385750,0.393750,0.383000,0.392750,0.367473,396164000.00
2013-09-12,0.390750,0.397500,0.390750,0.392500,0.367239,303808000.00
2013-09-13,0.393750,0.396750,0.391000,0.395000,0.369579,159696000.00
2013-09-16,0.398250,0.401000,0.393750,0.395250,0.369812,231412000.00
2013-09-17,0.396750,0.399750,0.395000,0.396500,0.370982,168608000.00
2013-09-18,0.396750,0.401000,0.394750,0.400000,0.374257,268168000.00
2013-09-19,0.401750,0.402500,0.396500,0.398250,0.372619,227572000.00
2013-09-20,0.399250,0.401750,0.394000,0.394750,0.369345,356036000.00
2013-09-23,0.394500,0.397750,0.388750,0.391000,0.365836,271244000.00
2013-09-24,0.391250,0.394000,0.389000,0.392500,0.367239,229732000.00
2013-09-25,0.391750,0.396000,0.390000,0.393000,0.367707,233156000.00
2013-09-26,0.394000,0.394750,0.389500,0.391750,0.366538,148816000.00
2013-09-27,0.388750,0.392000,0.387250,0.389500,0.364433,151920000.00
2013-09-30,0.385500,0.391750,0.383250,0.389000,0.363965,226640000.00
2013-10-01,0.389500,0.391250,0.386500,0.388750,0.363731,226976000.00
2013-10-02,0.384750,0.390000,0.384750,0.388500,0.363497,162036000.00
2013-10-03,0.388750,0.392250,0.382750,0.384500,0.359754,436768000.00
2013-10-04,0.384000,0.393000,0.383000,0.389750,0.364666,246228000.00
2013-10-07,0.388250,0.392500,0.386250,0.389750,0.364666,169952000.00
2013-10-08,0.388750,0.394250,0.383500,0.386500,0.361626,290712000.00
2013-10-09,0.389000,0.389250,0.378500,0.380500,0.356012,275860000.00
2013-10-10,0.383250,0.385750,0.380500,0.384750,0.359988,223484000.00
2013-10-11,0.378750,0.383500,0.377500,0.381500,0.356947,213704000.00
2013-10-14,0.380500,0.387250,0.380500,0.387250,0.362327,166628000.00
2013-10-15,0.387250,0.389500,0.385000,0.385250,0.360456,208820000.00
2013-10-16,0.387500,0.391500,0.387000,0.390000,0.364900,210072000.00
2013-10-17,0.387000,0.391750,0.387000,0.390750,0.365602,213324000.00
2013-10-18,0.390000,0.396500,0.388500,0.395250,0.369812,255068000.00
2013-10-21,0.400000,0.400250,0.395000,0.396250,0.370748,195008000.00
2013-10-22,0.396250,0.396500,0.390750,0.394250,0.368877,179452000.00
2013-10-23,0.393500,0.393500,0.386250,0.387500,0.362561,252216000.00
2013-10-24,0.388500,0.391000,0.384000,0.384750,0.359988,236436000.00
2013-10-25,0.386750,0.387000,0.379750,0.381000,0.356480,330492000.00
2013-10-28,0.380500,0.382250,0.375000,0.380250,0.355778,394024000.00
2013-10-29,0.379750,0.381500,0.376250,0.380750,0.356246,387952000.00
2013-10-30,0.382000,0.383750,0.377250,0.380500,0.356012,204032000.00
2013-10-31,0.381000,0.383750,0.379000,0.379750,0.355310,293368000.00
2013-11-01,0.381750,0.383250,0.378750,0.381500,0.356947,206136000.00
2013-11-04,0.382750,0.382750,0.369750,0.370500,0.346655,410264000.00
2013-11-05,0.368250,0.371750,0.364250,0.370000,0.346187,422368000.00
2013-11-06,0.370000,0.372750,0.366250,0.372500,0.348526,198044000.00
2013-11-07,0.371250,0.372250,0.363000,0.363750,0.340340,553076000.00
2013-11-08,0.375000,0.390250,0.373500,0.389000,0.363965,734532000.00
2013-11-11,0.387500,0.393250,0.386750,0.392250,0.367005,297624000.00
2013-11-12,0.394000,0.396250,0.388500,0.393000,0.367707,316032000.00
2013-11-13,0.392000,0.403750,0.391250,0.403750,0.377765,332792000.00
2013-11-14,0.402500,0.408000,0.402250,0.405500,0.379403,307980000.00
2013-11-15,0.407000,0.407500,0.400250,0.404250,0.378233,450332000.00
2013-11-18,0.395500,0.399000,0.393500,0.394500,0.369111,316948000.00
2013-11-19,0.390500,0.394000,0.385500,0.386000,0.363114,206716000.00
2013-11-20,0.386250,0.387250,0.379500,0.380250,0.357705,204776000.00
2013-11-21,0.380750,0.384000,0.379000,0.383250,0.360527,213568000.00
2013-11-22,0.383750,0.383750,0.378750,0.379500,0.356999,158668000.00
2013-11-25,0.379500,0.388250,0.379500,0.387750,0.364760,248208000.00
2013-11-26,0.392000,0.395250,0.389500,0.391000,0.367817,753176000.00
2013-11-27,0.390750,0.393750,0.388250,0.392500,0.369228,181272000.00
2013-11-29,0.392500,0.393500,0.387500,0.390000,0.366877,116964000.00
2013-12-02,0.388500,0.396500,0.387750,0.393750,0.370404,373872000.00
2013-12-03,0.393750,0.399000,0.391000,0.393500,0.370169,290560000.00
2013-12-04,0.392500,0.399750,0.391500,0.399000,0.375343,493176000.00
2013-12-05,0.399750,0.399750,0.392000,0.392500,0.369228,271812000.00
2013-12-06,0.397250,0.397250,0.385750,0.386750,0.363819,281000000.00
2013-12-09,0.386750,0.388000,0.379500,0.380250,0.357705,385220000.00
2013-12-10,0.380250,0.390750,0.379750,0.389000,0.365936,524268000.00
2013-12-11,0.389750,0.390250,0.384500,0.385250,0.362408,414156000.00
2013-12-12,0.384000,0.386000,0.377000,0.377750,0.355353,258724000.00
2013-12-13,0.378500,0.381250,0.375000,0.375500,0.353236,184588000.00
2013-12-16,0.375750,0.379250,0.375500,0.376000,0.353707,237620000.00
2013-12-17,0.375750,0.378750,0.372500,0.377750,0.355353,274104000.00
2013-12-18,0.378500,0.383750,0.373750,0.383000,0.360292,426232000.00
2013-12-19,0.382500,0.385000,0.380000,0.384500,0.361703,258544000.00
2013-12-20,0.385250,0.392500,0.384250,0.392250,0.368993,382080000.00
2013-12-23,0.394500,0.397750,0.391250,0.394500,0.371110,168568000.00
2013-12-24,0.396750,0.396750,0.391500,0.395500,0.372051,79600000.00
2013-12-26,0.397000,0.398250,0.390750,0.391750,0.368523,168920000.00
2013-12-27,0.393750,0.394750,0.391500,0.394000,0.370639,210976000.00
2013-12-30,0.394250,0.399500,0.393750,0.399250,0.375578,248180000.00
2013-12-31,0.400000,0.402500,0.397500,0.400500,0.376754,235776000.00
2014-01-02,0.398000,0.399500,0.393000,0.396500,0.372991,260092000.00
2014-01-03,0.397250,0.398000,0.390500,0.391750,0.368523,259332000.00
2014-01-06,0.395750,0.400000,0.392000,0.397000,0.373462,409492000.00
2014-01-07,0.401000,0.405000,0.398250,0.403500,0.379576,333288000.00
2014-01-08,0.405000,0.411000,0.403500,0.409000,0.384750,308192000.00
2014-01-09,0.402750,0.403500,0.392500,0.393750,0.370404,292172000.00
2014-01-10,0.395000,0.397750,0.389750,0.393250,0.369934,218492000.00
2014-01-13,0.393250,0.395750,0.383250,0.384000,0.361232,243332000.00
2014-01-14,0.386000,0.396750,0.384250,0.396000,0.372521,241828000.00
2014-01-15,0.397750,0.401750,0.396000,0.400250,0.376519,175044000.00
2014-01-16,0.400250,0.402250,0.398500,0.401500,0.377695,220652000.00
2014-01-17,0.401500,0.406250,0.397250,0.399750,0.376049,340400000.00
2014-01-21,0.400250,0.403750,0.397000,0.401250,0.377460,246076000.00
2014-01-22,0.402000,0.402500,0.396000,0.400750,0.376989,337940000.00
2014-01-23,0.399500,0.403750,0.396250,0.399250,0.375578,185028000.00
2014-01-24,0.396000,0.397500,0.389000,0.389000,0.365936,246696000.00
2014-01-27,0.389000,0.394500,0.384250,0.386500,0.363584,233812000.00
2014-01-28,0.385750,0.390500,0.384250,0.390250,0.367112,167996000.00
2014-01-29,0.388750,0.391000,0.386250,0.386500,0.363584,162944000.00
2014-01-30,0.388750,0.393750,0.387500,0.393000,0.369699,202896000.00
2014-01-31,0.387500,0.394750,0.387250,0.392500,0.369228,335348000.00
2014-02-03,0.395250,0.395750,0.385750,0.387250,0.364290,431728000.00
2014-02-04,0.387000,0.390250,0.385000,0.389500,0.366406,280692000.00
2014-02-05,0.386750,0.388000,0.383000,0.386000,0.363114,214676000.00
2014-02-06,0.386500,0.392000,0.386000,0.391000,0.367817,168380000.00
2014-02-07,0.392000,0.397250,0.388500,0.396750,0.373226,157248000.00
2014-02-10,0.396250,0.403250,0.396000,0.398000,0.374402,324372000.00
2014-02-11,0.400250,0.407250,0.398250,0.406250,0.382163,235384000.00
2014-02-12,0.407500,0.423750,0.407500,0.420750,0.395803,744528000.00
2014-02-13,0.431250,0.436500,0.423750,0.434000,0.408268,902836000.00
2014-02-14,0.430000,0.448750,0.429750,0.447750,0.421202,817536000.00
2014-02-18,0.448000,0.449500,0.443750,0.447500,0.420967,428988000.00
2014-02-19,0.447500,0.457500,0.445500,0.453500,0.426612,450340000.00
2014-02-20,0.454500,0.470500,0.453750,0.469500,0.441663,398088000.00
2014-02-21,0.468750,0.474750,0.463000,0.466000,0.438370,451052000.00
2014-02-24,0.465000,0.476250,0.460750,0.472750,0.444720,403112000.00
2014-02-25,0.470000,0.472000,0.463500,0.468500,0.442712,242184000.00
2014-02-26,0.467500,0.474500,0.466250,0.467750,0.442004,360884000.00
2014-02-27,0.467750,0.472500,0.461250,0.462500,0.437043,388848000.00
2014-02-28,0.460000,0.464500,0.452750,0.459500,0.434208,321692000.00
2014-03-03,0.449250,0.457250,0.445250,0.457250,0.432081,375948000.00
2014-03-04,0.459500,0.465000,0.458750,0.462000,0.436570,260344000.00
2014-03-05,0.461500,0.466250,0.459500,0.466000,0.440350,241472000.00
2014-03-06,0.466750,0.469250,0.458750,0.459500,0.434208,290144000.00
2014-03-07,0.461500,0.462250,0.455500,0.459000,0.433735,268452000.00
2014-03-10,0.457500,0.459500,0.450250,0.452250,0.427357,300888000.00
2014-03-11,0.454500,0.460750,0.453000,0.456750,0.431609,297220000.00
2014-03-12,0.454500,0.460750,0.452750,0.458000,0.432790,239428000.00
2014-03-13,0.459000,0.460750,0.441250,0.443500,0.419088,385172000.00
2014-03-14,0.439000,0.449500,0.439000,0.445500,0.420978,460048000.00
2014-03-17,0.446750,0.450000,0.445000,0.445500,0.420978,299656000.00
2014-03-18,0.447250,0.459000,0.445250,0.456000,0.430900,293904000.00
2014-03-19,0.459500,0.472750,0.458250,0.464000,0.438460,366168000.00
2014-03-20,0.461500,0.468250,0.459500,0.464250,0.438696,191800000.00
2014-03-21,0.468250,0.472000,0.461000,0.463500,0.437987,566116000.00
2014-03-24,0.463750,0.467500,0.454500,0.461250,0.435861,306096000.00
2014-03-25,0.466250,0.466750,0.457750,0.461250,0.435861,304424000.00
2014-03-26,0.465500,0.474250,0.446750,0.450750,0.425939,557756000.00
2014-03-27,0.449750,0.453500,0.439750,0.444750,0.420269,540728000.00
2014-03-28,0.444000,0.450250,0.442750,0.447500,0.422868,398820000.00
2014-03-31,0.448250,0.452250,0.445250,0.447750,0.423104,273404000.00
2014-04-01,0.462000,0.471750,0.456500,0.466250,0.440586,656272000.00
2014-04-02,0.466250,0.467250,0.461250,0.463250,0.437751,239948000.00
2014-04-03,0.464250,0.479500,0.464000,0.468250,0.442476,599548000.00
2014-04-04,0.470750,0.473500,0.451750,0.453750,0.428774,368032000.00
2014-04-07,0.454000,0.464000,0.451500,0.455250,0.430192,428576000.00
2014-04-08,0.455250,0.472750,0.454500,0.471500,0.445547,470692000.00
2014-04-09,0.473750,0.477750,0.467250,0.471000,0.445075,421968000.00
2014-04-10,0.469000,0.475500,0.458000,0.459500,0.434208,372748000.00
2014-04-11,0.456000,0.463000,0.447000,0.453000,0.428065,353112000.00
2014-04-14,0.456000,0.459750,0.453000,0.458000,0.432790,290184000.00
2014-04-15,0.458500,0.463750,0.454000,0.461250,0.435861,304636000.00
2014-04-16,0.463500,0.464000,0.456500,0.462250,0.436806,235136000.00
2014-04-17,0.460500,0.468250,0.459500,0.464000,0.438460,153532000.00
2014-04-21,0.464250,0.469000,0.461250,0.467750,0.442004,117004000.00
2014-04-22,0.468500,0.474750,0.466000,0.471750,0.445783,255120000.00
2014-04-23,0.472500,0.478500,0.471750,0.477250,0.450981,261580000.00
2014-04-24,0.480500,0.486500,0.480500,0.481500,0.454997,391492000.00
2014-04-25,0.480500,0.485000,0.467250,0.468250,0.442476,313600000.00
2014-04-28,0.472000,0.474500,0.460500,0.466250,0.440586,226788000.00
2014-04-29,0.468000,0.469000,0.462000,0.467250,0.441531,171300000.00
2014-04-30,0.466500,0.467000,0.460750,0.461750,0.436334,305740000.00
2014-05-01,0.468750,0.469750,0.460500,0.464250,0.438696,198104000.00
2014-05-02,0.466500,0.466500,0.458000,0.460750,0.435389,156376000.00
2014-05-05,0.460250,0.469250,0.459750,0.465750,0.440114,239260000.00
2014-05-06,0.470250,0.474250,0.455000,0.456250,0.431136,416188000.00
2014-05-07,0.456250,0.460500,0.451750,0.456750,0.431609,293900000.00
2014-05-08,0.455000,0.469750,0.452750,0.462500,0.437043,432728000.00
2014-05-09,0.448500,0.452750,0.442750,0.451250,0.426412,539532000.00
2014-05-12,0.452250,0.465500,0.452000,0.464500,0.438932,299856000.00
2014-05-13,0.458250,0.465750,0.455500,0.457000,0.431845,221104000.00
2014-05-14,0.457250,0.459000,0.452250,0.452500,0.427593,214320000.00
2014-05-15,0.451500,0.454000,0.445500,0.450000,0.425231,325896000.00
2014-05-16,0.446500,0.452250,0.446500,0.449000,0.424286,283960000.00
2014-05-19,0.453750,0.466000,0.451750,0.463500,0.437987,360076000.00
2014-05-20,0.461500,0.462750,0.453750,0.456000,0.432885,256200000.00
2014-05-21,0.457750,0.461750,0.453250,0.456000,0.432885,216712000.00
2014-05-22,0.455000,0.460500,0.455000,0.458000,0.434784,130364000.00
2014-05-23,0.460500,0.464500,0.457750,0.462250,0.438818,182656000.00
2014-05-27,0.465000,0.470500,0.463500,0.470500,0.446650,209680000.00
2014-05-28,0.472250,0.477500,0.467750,0.474500,0.450447,224676000.00
2014-05-29,0.474250,0.478250,0.472750,0.473750,0.449735,171884000.00
2014-05-30,0.473750,0.476250,0.471250,0.475000,0.450922,239128000.00
2014-06-02,0.476500,0.479500,0.469500,0.473500,0.449498,181500000.00
2014-06-03,0.474500,0.475000,0.465250,0.471500,0.447599,243212000.00
2014-06-04,0.470250,0.475500,0.470000,0.472000,0.448074,161236000.00
2014-06-05,0.472750,0.475500,0.470000,0.474000,0.449972,188696000.00
2014-06-06,0.476250,0.480000,0.474500,0.475750,0.451634,161052000.00
2014-06-09,0.475250,0.480750,0.472000,0.476250,0.452108,247456000.00
2014-06-10,0.474500,0.481000,0.472500,0.478750,0.454482,217608000.00
2014-06-11,0.477000,0.486250,0.477000,0.485000,0.460415,266228000.00
2014-06-12,0.485000,0.490250,0.480750,0.488000,0.463263,337148000.00
2014-06-13,0.493000,0.493250,0.483750,0.488500,0.463737,227852000.00
2014-06-16,0.486250,0.490250,0.482750,0.487000,0.462314,198620000.00
2014-06-17,0.487500,0.492250,0.485000,0.490250,0.465399,157608000.00
2014-06-18,0.489000,0.492000,0.484500,0.489750,0.464924,215536000.00
2014-06-19,0.480750,0.483250,0.475000,0.478500,0.454244,474592000.00
2014-06-20,0.479750,0.481500,0.469500,0.473250,0.449260,353148000.00
2014-06-23,0.467000,0.468000,0.461500,0.467750,0.444039,414200000.00
2014-06-24,0.467000,0.470750,0.458500,0.460500,0.437157,275780000.00
2014-06-25,0.461750,0.465500,0.457500,0.465250,0.441666,215420000.00
2014-06-26,0.465250,0.465500,0.457500,0.459000,0.435733,256908000.00
2014-06-27,0.458500,0.462250,0.455750,0.459500,0.436208,302820000.00
2014-06-30,0.457750,0.464750,0.457750,0.463500,0.440005,180512000.00
2014-07-01,0.463000,0.471500,0.461500,0.468750,0.444989,321180000.00
2014-07-02,0.467000,0.469000,0.464250,0.467000,0.443327,179284000.00
2014-07-03,0.462750,0.472500,0.462750,0.471250,0.447362,136892000.00
2014-07-07,0.472000,0.472250,0.466750,0.467500,0.443802,127496000.00
2014-07-08,0.466250,0.468250,0.459250,0.463750,0.440242,221940000.00
2014-07-09,0.467750,0.479750,0.464250,0.477750,0.453532,387668000.00
2014-07-10,0.468750,0.477250,0.465000,0.475250,0.451159,266308000.00
2014-07-11,0.475750,0.477750,0.474000,0.476250,0.452108,191188000.00
2014-07-14,0.478250,0.483500,0.476500,0.482250,0.457804,272636000.00
2014-07-15,0.483000,0.485500,0.479750,0.484250,0.459703,395440000.00
2014-07-16,0.486250,0.490000,0.481000,0.483750,0.459228,319728000.00
2014-07-17,0.478250,0.487500,0.478250,0.482500,0.458042,324832000.00
2014-07-18,0.472500,0.476250,0.460250,0.461000,0.437631,567816000.00
2014-07-21,0.459250,0.467000,0.459250,0.463750,0.440242,243364000.00
2014-07-22,0.467250,0.469750,0.460750,0.461750,0.438343,298816000.00
2014-07-23,0.462000,0.462250,0.451500,0.452000,0.429088,297352000.00
2014-07-24,0.454500,0.455750,0.449500,0.452750,0.429800,254576000.00
2014-07-25,0.451250,0.452250,0.444000,0.444750,0.422205,266132000.00
2014-07-28,0.446750,0.446750,0.435500,0.443000,0.420544,330352000.00
2014-07-29,0.443250,0.450500,0.443000,0.444500,0.421968,217972000.00
2014-07-30,0.447250,0.453250,0.446000,0.452000,0.429088,246184000.00
2014-07-31,0.446500,0.450000,0.436750,0.437500,0.415323,401880000.00
2014-08-01,0.437500,0.444750,0.436000,0.442250,0.419832,219884000.00
2014-08-04,0.441750,0.445500,0.439000,0.441250,0.418883,241724000.00
2014-08-05,0.440000,0.448000,0.436250,0.441500,0.419120,298136000.00
2014-08-06,0.438500,0.446500,0.435250,0.441000,0.418645,223456000.00
2014-08-07,0.444750,0.448750,0.433500,0.436500,0.414373,407696000.00
2014-08-08,0.455500,0.477500,0.455500,0.475000,0.450922,894348000.00
2014-08-11,0.475500,0.477500,0.471250,0.472500,0.448548,344624000.00
2014-08-12,0.472250,0.475000,0.467250,0.472500,0.448548,296152000.00
2014-08-13,0.473250,0.479250,0.470250,0.475250,0.451159,256596000.00
2014-08-14,0.477000,0.477000,0.468000,0.470000,0.446175,255992000.00
2014-08-15,0.471500,0.478750,0.467000,0.476000,0.451871,369796000.00
2014-08-18,0.478000,0.483000,0.473250,0.482500,0.458042,284076000.00
2014-08-19,0.480500,0.486750,0.478750,0.484250,0.461737,248260000.00
2014-08-20,0.482500,0.484750,0.480000,0.481250,0.458876,221468000.00
2014-08-21,0.480000,0.482500,0.476000,0.476750,0.454585,272796000.00
2014-08-22,0.476250,0.481000,0.473250,0.477000,0.454823,251224000.00
2014-08-25,0.479000,0.482250,0.476750,0.477750,0.455538,153380000.00
2014-08-26,0.479000,0.487250,0.477250,0.486250,0.463643,269636000.00
2014-08-27,0.483250,0.487000,0.480000,0.480750,0.458399,182972000.00
2014-08-28,0.479750,0.485750,0.478250,0.484750,0.462213,179704000.00
2014-08-29,0.486500,0.487250,0.481250,0.486250,0.463643,207932000.00
2014-09-02,0.487500,0.487500,0.483000,0.487500,0.464835,192636000.00
2014-09-03,0.490000,0.493750,0.486750,0.492000,0.469126,259456000.00
2014-09-04,0.491250,0.503750,0.491000,0.500750,0.477469,491832000.00
2014-09-05,0.500250,0.502500,0.496000,0.499250,0.476039,253792000.00
2014-09-08,0.498750,0.499750,0.492750,0.494750,0.471748,319288000.00
2014-09-09,0.492500,0.495750,0.488000,0.488500,0.465789,198588000.00
2014-09-10,0.491250,0.492000,0.485750,0.490250,0.467457,172376000.00
2014-09-11,0.486750,0.488500,0.480000,0.485250,0.462690,250720000.00
2014-09-12,0.488250,0.488250,0.477500,0.478000,0.455777,262536000.00
2014-09-15,0.479500,0.480250,0.469500,0.471500,0.449579,294152000.00
2014-09-16,0.470250,0.481000,0.468750,0.478500,0.456254,219936000.00
2014-09-17,0.477250,0.483250,0.475000,0.478750,0.456492,173584000.00
2014-09-18,0.481750,0.486500,0.480250,0.486000,0.463405,219604000.00
2014-09-19,0.487500,0.488000,0.476250,0.477000,0.454823,601316000.00
2014-09-22,0.486750,0.486750,0.471750,0.472250,0.450294,221464000.00
2014-09-23,0.469750,0.475500,0.468000,0.470250,0.448387,196144000.00
2014-09-24,0.470000,0.474500,0.469500,0.473000,0.451009,159592000.00
2014-09-25,0.472500,0.473750,0.461750,0.462750,0.441236,298440000.00
2014-09-26,0.464250,0.467250,0.462250,0.463750,0.442189,241188000.00
2014-09-29,0.460000,0.466250,0.455500,0.463000,0.441474,208540000.00
2014-09-30,0.461000,0.464500,0.455750,0.461250,0.439806,277204000.00
2014-10-01,0.462000,0.465250,0.455500,0.456750,0.435515,350976000.00
2014-10-02,0.456000,0.458250,0.444250,0.454750,0.433608,288996000.00
2014-10-03,0.457500,0.463750,0.455750,0.455750,0.434561,239140000.00
2014-10-06,0.457500,0.461250,0.450000,0.453000,0.431939,199032000.00
2014-10-07,0.451000,0.455500,0.447750,0.448250,0.427410,301896000.00
2014-10-08,0.447750,0.458750,0.444250,0.456500,0.435277,260172000.00
2014-10-09,0.454500,0.455000,0.444000,0.447750,0.426933,306956000.00
2014-10-10,0.444250,0.445750,0.421000,0.421250,0.401665,691376000.00
2014-10-13,0.424000,0.432500,0.419250,0.419750,0.400235,397628000.00
2014-10-14,0.425500,0.441250,0.423000,0.429500,0.409532,376620000.00
2014-10-15,0.423250,0.438250,0.420500,0.436000,0.415730,404428000.00
2014-10-16,0.428250,0.441250,0.427250,0.436250,0.415968,351116000.00
2014-10-17,0.441500,0.446500,0.433750,0.435500,0.415253,290716000.00
2014-10-20,0.435500,0.443250,0.432500,0.439250,0.418829,200336000.00
2014-10-21,0.442500,0.458500,0.441250,0.458000,0.436707,351092000.00
2014-10-22,0.457250,0.458750,0.447250,0.447250,0.426457,239512000.00
2014-10-23,0.455000,0.460500,0.451750,0.457250,0.435992,214476000.00
2014-10-24,0.460000,0.464750,0.457250,0.462000,0.440521,210156000.00
2014-10-27,0.461750,0.464000,0.456750,0.462250,0.440759,145092000.00
2014-10-28,0.461000,0.473750,0.460500,0.473250,0.451248,192580000.00
2014-10-29,0.471250,0.474000,0.466000,0.470250,0.448387,168340000.00
2014-10-30,0.469000,0.471000,0.461250,0.467250,0.445527,170260000.00
2014-10-31,0.478000,0.488750,0.475500,0.488500,0.465789,256316000.00
2014-11-03,0.499750,0.501500,0.494250,0.496750,0.473655,308732000.00
2014-11-04,0.500000,0.505000,0.491750,0.503250,0.479853,360196000.00
2014-11-05,0.506250,0.506500,0.499500,0.503250,0.479853,335652000.00
2014-11-06,0.504250,0.506250,0.496500,0.505500,0.481998,394088000.00
2014-11-07,0.511250,0.517250,0.489750,0.494750,0.471748,450800000.00
2014-11-10,0.494250,0.503750,0.493000,0.500500,0.477231,293388000.00
2014-11-11,0.497500,0.500250,0.490250,0.494500,0.471510,212992000.00
2014-11-12,0.492750,0.494000,0.484500,0.491250,0.468411,204584000.00
2014-11-13,0.493000,0.493750,0.484750,0.488750,0.466027,225328000.00
2014-11-14,0.489250,0.494750,0.484500,0.494750,0.471748,160248000.00
2014-11-17,0.492500,0.497750,0.489250,0.492500,0.469603,158732000.00
2014-11-18,0.492750,0.505500,0.491500,0.504250,0.480807,207772000.00
2014-11-19,0.502500,0.504000,0.495000,0.500250,0.479011,240300000.00
2014-11-20,0.496750,0.509000,0.495250,0.508500,0.486911,220968000.00
2014-11-21,0.513000,0.513750,0.507000,0.511250,0.489544,198976000.00
2014-11-24,0.512500,0.516750,0.510500,0.514500,0.492656,136004000.00
2014-11-25,0.513500,0.518000,0.512500,0.514250,0.492417,190240000.00
2014-11-26,0.511250,0.523500,0.511000,0.523000,0.500795,219264000.00
2014-11-28,0.524750,0.527250,0.520000,0.524250,0.501992,124832000.00
2014-12-01,0.522000,0.525000,0.513750,0.514500,0.492656,190060000.00
2014-12-02,0.514000,0.517500,0.509250,0.515250,0.493374,245952000.00
2014-12-03,0.517750,0.528750,0.516250,0.528500,0.506062,284424000.00
2014-12-04,0.527750,0.529750,0.520250,0.523750,0.501514,185332000.00
2014-12-05,0.524000,0.529500,0.523750,0.526750,0.504386,165680000.00
2014-12-08,0.526000,0.531250,0.515750,0.520000,0.497923,226944000.00
2014-12-09,0.516750,0.519500,0.509000,0.518250,0.496247,239448000.00
2014-12-10,0.516750,0.518750,0.506250,0.506750,0.485235,204364000.00
2014-12-11,0.509750,0.513250,0.505500,0.506500,0.484996,135652000.00
2014-12-12,0.499750,0.504250,0.490250,0.490750,0.469915,323964000.00
2014-12-15,0.496500,0.505500,0.487750,0.489250,0.468478,254696000.00
2014-12-16,0.488750,0.496500,0.483500,0.483750,0.463212,185308000.00
2014-12-17,0.493500,0.504250,0.477500,0.503500,0.482123,345596000.00
2014-12-18,0.509750,0.515750,0.500750,0.505500,0.484038,226156000.00
2014-12-19,0.509000,0.512500,0.504250,0.510500,0.488826,325528000.00
2014-12-22,0.510000,0.519500,0.508250,0.519500,0.497444,148976000.00
2014-12-23,0.523500,0.526000,0.515750,0.516250,0.494332,109280000.00
2014-12-24,0.517500,0.518250,0.513750,0.514250,0.492417,45644000.00
2014-12-26,0.514250,0.517500,0.513000,0.514750,0.492896,52636000.00
2014-12-29,0.513250,0.517500,0.510750,0.514000,0.492177,82944000.00
2014-12-30,0.510500,0.513000,0.508500,0.509250,0.487629,112120000.00
2014-12-31,0.510000,0.512750,0.499750,0.501250,0.479969,166300000.00
2015-01-02,0.503250,0.507000,0.495250,0.503250,0.481884,113680000.00
2015-01-05,0.503250,0.504750,0.492500,0.494750,0.473745,197952000.00
2015-01-06,0.495500,0.496000,0.479250,0.479750,0.459381,197764000.00
2015-01-07,0.483250,0.487500,0.477000,0.478500,0.458185,321808000.00
2015-01-08,0.484000,0.499500,0.483750,0.496500,0.475420,283780000.00
2015-01-09,0.498250,0.502250,0.491500,0.498500,0.477335,209540000.00
2015-01-12,0.499750,0.500000,0.487750,0.492250,0.471351,190732000.00
2015-01-13,0.496000,0.506000,0.488000,0.491500,0.470633,236720000.00
2015-01-14,0.486250,0.495000,0.485000,0.493500,0.472548,155260000.00
2015-01-15,0.497000,0.500000,0.489750,0.490000,0.469196,188932000.00
2015-01-16,0.489250,0.499500,0.487750,0.499000,0.477814,181512000.00
2015-01-20,0.502500,0.505250,0.494250,0.500500,0.479251,140308000.00
2015-01-21,0.497750,0.508750,0.494250,0.507500,0.485953,144780000.00
2015-01-22,0.508500,0.517750,0.503250,0.516250,0.494332,159712000.00
2015-01-23,0.516750,0.518750,0.512500,0.517750,0.495768,120416000.00
2015-01-26,0.515500,0.518000,0.512250,0.515500,0.493614,133240000.00
2015-01-27,0.507500,0.508000,0.489750,0.490750,0.469915,357948000.00
2015-01-28,0.496750,0.498750,0.482500,0.482750,0.462254,272728000.00
2015-01-29,0.483000,0.497250,0.480750,0.494500,0.473505,235340000.00
2015-01-30,0.491000,0.496750,0.479250,0.480000,0.459621,298200000.00
2015-02-02,0.483000,0.492500,0.473500,0.490500,0.469675,259604000.00
2015-02-03,0.494000,0.503250,0.491500,0.502750,0.481405,183468000.00
2015-02-04,0.501250,0.509750,0.499750,0.504000,0.482602,181516000.00
2015-02-05,0.504500,0.512500,0.504000,0.512250,0.490502,140448000.00
2015-02-06,0.511750,0.517750,0.507750,0.510000,0.488347,210524000.00
2015-02-09,0.507000,0.511000,0.503750,0.509500,0.487869,273944000.00
2015-02-10,0.510000,0.524000,0.507750,0.523750,0.501514,226204000.00
2015-02-11,0.525000,0.525000,0.516750,0.520250,0.498162,320832000.00
2015-02-12,0.550000,0.562500,0.546750,0.557500,0.533831,676904000.00
2015-02-13,0.556250,0.558500,0.547750,0.557750,0.534070,310084000.00
2015-02-17,0.556750,0.562250,0.553250,0.559500,0.535745,203340000.00
2015-02-18,0.558750,0.559750,0.552000,0.553000,0.529522,170948000.00
2015-02-19,0.560000,0.561000,0.552000,0.554500,0.530958,169432000.00
2015-02-20,0.554000,0.558750,0.550000,0.558500,0.534788,157752000.00
2015-02-23,0.558250,0.558250,0.551250,0.554000,0.530479,125008000.00
2015-02-24,0.554000,0.557750,0.549000,0.557750,0.536126,149356000.00
2015-02-25,0.555500,0.558000,0.551000,0.553500,0.532041,123820000.00
2015-02-26,0.554000,0.558250,0.550500,0.555000,0.533483,152864000.00
2015-02-27,0.553500,0.554750,0.549500,0.551500,0.530119,157492000.00
2015-03-02,0.550000,0.568000,0.549250,0.565000,0.543095,301512000.00
2015-03-03,0.560750,0.563500,0.552750,0.554500,0.533002,160344000.00
2015-03-04,0.552500,0.562000,0.550250,0.560750,0.539010,226840000.00
2015-03-05,0.560750,0.572500,0.559250,0.571500,0.549343,323056000.00
2015-03-06,0.568250,0.571000,0.563250,0.563750,0.541894,257392000.00
2015-03-09,0.564000,0.569500,0.562750,0.565250,0.543335,222388000.00
2015-03-10,0.567750,0.578750,0.566750,0.575000,0.552708,527212000.00
2015-03-11,0.575000,0.582500,0.570500,0.572000,0.549824,262120000.00
2015-03-12,0.566500,0.570750,0.556000,0.566750,0.544777,406972000.00
2015-03-13,0.564000,0.569000,0.556250,0.567500,0.545498,359288000.00
2015-03-16,0.572000,0.577750,0.568250,0.574250,0.551987,236956000.00
2015-03-17,0.573000,0.581500,0.569000,0.581250,0.558715,299900000.00
2015-03-18,0.581250,0.584250,0.566500,0.571750,0.549583,413844000.00
2015-03-19,0.573750,0.582500,0.569500,0.580500,0.557994,310756000.00
2015-03-20,0.585250,0.590250,0.579750,0.586750,0.564002,462084000.00
2015-03-23,0.569250,0.576750,0.567500,0.567750,0.545739,426012000.00
2015-03-24,0.566000,0.570000,0.557500,0.560000,0.538289,330480000.00
2015-03-25,0.559750,0.559750,0.524250,0.526000,0.505607,542552000.00
2015-03-26,0.515250,0.526500,0.511500,0.524250,0.503925,311920000.00
2015-03-27,0.527250,0.536500,0.518750,0.534500,0.513778,318288000.00
2015-03-30,0.537000,0.539500,0.530000,0.536750,0.515940,253252000.00
2015-03-31,0.535250,0.535750,0.522750,0.523250,0.502964,357276000.00
2015-04-01,0.525250,0.527000,0.516250,0.525250,0.504886,330768000.00
2015-04-02,0.528250,0.529750,0.522000,0.526500,0.506088,192204000.00
2015-04-06,0.524250,0.543500,0.518750,0.541750,0.520747,515864000.00
2015-04-07,0.541750,0.552500,0.538750,0.546500,0.525313,413964000.00
2015-04-08,0.547000,0.552500,0.541750,0.550500,0.529157,366432000.00
2015-04-09,0.546250,0.565000,0.546000,0.563250,0.541413,379432000.00
2015-04-10,0.563750,0.569250,0.561750,0.569000,0.546940,258728000.00
2015-04-13,0.567750,0.571000,0.561250,0.563750,0.541894,236724000.00
2015-04-14,0.561500,0.563750,0.553500,0.559000,0.537328,220276000.00
2015-04-15,0.560500,0.570000,0.557750,0.565750,0.543816,243560000.00
2015-04-16,0.562500,0.567250,0.558250,0.562250,0.540452,155284000.00
2015-04-17,0.550500,0.560500,0.550250,0.555000,0.533483,293636000.00
2015-04-20,0.557500,0.561000,0.551250,0.552250,0.530840,231624000.00
2015-04-21,0.559000,0.559000,0.548750,0.551500,0.530119,230456000.00
2015-04-22,0.554750,0.558500,0.546250,0.557750,0.536126,207420000.00
2015-04-23,0.547500,0.560750,0.541250,0.555500,0.533964,259380000.00
2015-04-24,0.555250,0.555500,0.544500,0.550750,0.529398,240960000.00
2015-04-27,0.552500,0.564750,0.547750,0.555000,0.533483,248456000.00
2015-04-28,0.554000,0.559750,0.548750,0.557750,0.536126,234484000.00
2015-04-29,0.553750,0.559250,0.551250,0.553500,0.532041,195156000.00
2015-04-30,0.550750,0.557750,0.549500,0.555000,0.533483,218844000.00
2015-05-01,0.559500,0.570500,0.557000,0.568750,0.546700,256968000.00
2015-05-04,0.568250,0.572000,0.563500,0.565250,0.543335,200720000.00
2015-05-05,0.563250,0.564000,0.548250,0.550750,0.529398,292928000.00
2015-05-06,0.553750,0.559000,0.545250,0.552500,0.531080,316484000.00
2015-05-07,0.550250,0.564000,0.548500,0.562250,0.540452,534564000.00
2015-05-08,0.525250,0.546000,0.512250,0.520750,0.500561,1146552000.00
2015-05-11,0.513500,0.521000,0.509500,0.515750,0.495755,544144000.00
2015-05-12,0.512000,0.525000,0.511750,0.520750,0.500561,388800000.00
2015-05-13,0.524500,0.528500,0.518750,0.523750,0.503445,308524000.00
2015-05-14,0.525250,0.535000,0.524000,0.532250,0.511615,293052000.00
2015-05-15,0.534500,0.537000,0.529250,0.532500,0.511855,215824000.00
2015-05-18,0.531250,0.535000,0.528750,0.531750,0.511134,324972000.00
2015-05-19,0.530000,0.531750,0.525000,0.526000,0.507948,253808000.00
2015-05-20,0.526250,0.532500,0.525500,0.526000,0.507948,196824000.00
2015-05-21,0.526250,0.528500,0.521750,0.522250,0.504326,239692000.00
2015-05-22,0.523500,0.525500,0.520250,0.521500,0.503602,212592000.00
2015-05-26,0.519000,0.522500,0.514250,0.518250,0.500464,259732000.00
2015-05-27,0.521750,0.548500,0.520000,0.546000,0.527261,432332000.00
2015-05-28,0.546000,0.555250,0.545000,0.553500,0.534504,327656000.00
2015-05-29,0.553500,0.557000,0.552500,0.553250,0.534263,335168000.00
2015-06-01,0.556750,0.565000,0.553250,0.559500,0.540298,372660000.00
2015-06-02,0.556000,0.559000,0.548000,0.548500,0.529675,224304000.00
2015-06-03,0.550000,0.554250,0.541500,0.542500,0.523881,250788000.00
2015-06-04,0.539250,0.554000,0.539250,0.552250,0.533297,323712000.00
2015-06-05,0.550500,0.559000,0.544750,0.556500,0.537401,313320000.00
2015-06-08,0.554750,0.558500,0.537500,0.543750,0.525088,342812000.00
2015-06-09,0.544250,0.550500,0.543250,0.546500,0.527744,256888000.00
2015-06-10,0.540000,0.543500,0.533750,0.536750,0.518329,529460000.00
2015-06-11,0.536750,0.546250,0.536750,0.542500,0.523881,283052000.00
2015-06-12,0.539000,0.542250,0.526500,0.527750,0.509638,323728000.00
2015-06-15,0.525000,0.529250,0.521000,0.526750,0.508672,306548000.00
2015-06-16,0.525750,0.534000,0.520500,0.533250,0.514949,256892000.00
2015-06-17,0.533000,0.542500,0.531750,0.539500,0.520984,233544000.00
2015-06-18,0.544000,0.552000,0.542500,0.548500,0.529675,299404000.00
2015-06-19,0.548500,0.553000,0.541750,0.546750,0.527985,355656000.00
2015-06-22,0.547750,0.550750,0.536250,0.544500,0.525813,514236000.00
2015-06-23,0.545500,0.549750,0.526250,0.530500,0.512293,414064000.00
2015-06-24,0.529750,0.532500,0.522750,0.525250,0.507223,253368000.00
2015-06-25,0.525250,0.532500,0.525250,0.529250,0.511086,350460000.00
2015-06-26,0.525000,0.525500,0.516250,0.518500,0.500705,421296000.00
2015-06-29,0.512500,0.517750,0.502250,0.503000,0.485737,391724000.00
2015-06-30,0.506000,0.508250,0.499250,0.502750,0.485496,315916000.00
2015-07-01,0.515250,0.522500,0.505500,0.510000,0.492497,302892000.00
2015-07-02,0.509750,0.513750,0.507250,0.510500,0.492980,145764000.00
2015-07-06,0.506250,0.513250,0.500500,0.504250,0.486944,214776000.00
2015-07-07,0.501250,0.503250,0.479000,0.494750,0.477770,594252000.00
2015-07-08,0.492000,0.495000,0.487250,0.491250,0.474390,332492000.00
2015-07-09,0.499000,0.501250,0.482250,0.485250,0.468596,357588000.00
2015-07-10,0.491500,0.498250,0.490250,0.493750,0.476804,216708000.00
2015-07-13,0.498750,0.499750,0.493750,0.497000,0.479943,212472000.00
2015-07-14,0.497750,0.498250,0.490750,0.497250,0.480184,249216000.00
2015-07-15,0.496000,0.499250,0.489250,0.493750,0.476804,265732000.00
2015-07-16,0.496750,0.504750,0.495000,0.504750,0.487427,282848000.00
2015-07-17,0.503000,0.503500,0.495250,0.501750,0.484530,220372000.00
2015-07-20,0.501750,0.503750,0.491250,0.492500,0.475597,188412000.00
2015-07-21,0.491500,0.501750,0.491500,0.494750,0.477770,149720000.00
2015-07-22,0.491250,0.491250,0.479250,0.485250,0.468596,356472000.00
2015-07-23,0.486250,0.498500,0.485250,0.491250,0.474390,169916000.00
2015-07-24,0.494750,0.495250,0.483500,0.485500,0.468838,188844000.00
2015-07-27,0.481250,0.488250,0.477250,0.482750,0.466182,192420000.00
2015-07-28,0.484000,0.496500,0.479000,0.493250,0.476322,198308000.00
2015-07-29,0.492250,0.503250,0.490250,0.499250,0.482116,232680000.00
2015-07-30,0.498000,0.505500,0.498000,0.500500,0.483323,190180000.00
2015-07-31,0.502500,0.502750,0.495750,0.498750,0.481633,218340000.00
2015-08-03,0.502750,0.507750,0.496250,0.507250,0.489841,397132000.00
2015-08-04,0.505500,0.510750,0.503500,0.509250,0.491772,260100000.00
2015-08-05,0.521750,0.522250,0.513500,0.514500,0.496842,234628000.00
2015-08-06,0.513250,0.517000,0.502750,0.511250,0.493704,655676000.00
2015-08-07,0.561500,0.584250,0.547000,0.574500,0.554783,1405248000.00
2015-08-10,0.570500,0.598750,0.567000,0.594500,0.574097,662304000.00
2015-08-11,0.585750,0.597250,0.585750,0.591500,0.571199,435008000.00
2015-08-12,0.582000,0.597250,0.582000,0.593000,0.572648,384048000.00
2015-08-13,0.593750,0.595000,0.586500,0.588000,0.567820,276884000.00
2015-08-14,0.587500,0.592000,0.584000,0.588500,0.568303,214652000.00
2015-08-17,0.587500,0.587500,0.577500,0.584750,0.564681,273880000.00
2015-08-18,0.580500,0.584500,0.572500,0.577000,0.559542,287084000.00
2015-08-19,0.576250,0.582750,0.568500,0.574750,0.557360,249248000.00
2015-08-20,0.568250,0.571000,0.551250,0.554000,0.537238,426932000.00
2015-08-21,0.550000,0.559250,0.536250,0.536750,0.520509,382664000.00
2015-08-24,0.506750,0.545750,0.500000,0.517750,0.502084,682284000.00
2015-08-25,0.540500,0.542500,0.507000,0.507000,0.491660,622684000.00
2015-08-26,0.523500,0.545750,0.519500,0.545250,0.528752,614976000.00
2015-08-27,0.551000,0.566000,0.547750,0.565750,0.548632,463764000.00
2015-08-28,0.565750,0.571750,0.561750,0.568250,0.551057,320944000.00
2015-08-31,0.565500,0.569500,0.559750,0.562000,0.544995,219352000.00
2015-09-01,0.545750,0.555000,0.535000,0.539000,0.522691,353408000.00
2015-09-02,0.553750,0.555500,0.544500,0.555250,0.538450,344044000.00
2015-09-03,0.563500,0.566250,0.555750,0.556750,0.539904,262556000.00
2015-09-04,0.547250,0.556000,0.543500,0.543750,0.527298,287972000.00
2015-09-08,0.557000,0.569250,0.554750,0.567000,0.549844,238448000.00
2015-09-09,0.568750,0.573500,0.554500,0.555750,0.538935,289392000.00
2015-09-10,0.552500,0.571500,0.550000,0.564500,0.547420,357076000.00
2015-09-11,0.558250,0.570000,0.556000,0.566250,0.549117,301584000.00
2015-09-14,0.569000,0.570750,0.564250,0.567250,0.550087,192460000.00
2015-09-15,0.567500,0.576500,0.565750,0.573500,0.556148,327976000.00
2015-09-16,0.572500,0.580750,0.568250,0.577500,0.560026,173508000.00
2015-09-17,0.587500,0.592750,0.581500,0.582750,0.565118,268712000.00
2015-09-18,0.574750,0.587250,0.571250,0.582250,0.564633,326412000.00
2015-09-21,0.583000,0.589500,0.580000,0.588250,0.570451,281840000.00
2015-09-22,0.575500,0.579500,0.569250,0.572250,0.554936,228356000.00
2015-09-23,0.572750,0.578500,0.570500,0.575000,0.557602,161632000.00
2015-09-24,0.571500,0.592000,0.562500,0.586000,0.568269,382440000.00
2015-09-25,0.593250,0.601750,0.584500,0.590250,0.572391,369692000.00
2015-09-28,0.590250,0.594000,0.578750,0.582500,0.564875,395584000.00
2015-09-29,0.588750,0.593750,0.580500,0.592750,0.574815,380736000.00
2015-09-30,0.598250,0.617000,0.594750,0.616250,0.597604,556380000.00
2015-10-01,0.616250,0.618000,0.586750,0.604250,0.585967,489296000.00
2015-10-02,0.601000,0.620000,0.594750,0.620000,0.601241,386144000.00
2015-10-05,0.624000,0.643250,0.620750,0.635500,0.616271,482024000.00
2015-10-06,0.628750,0.646500,0.626250,0.643750,0.624272,453216000.00
2015-10-07,0.645250,0.657000,0.634750,0.650500,0.630818,310152000.00
2015-10-08,0.647750,0.656000,0.636750,0.654250,0.634455,460068000.00
2015-10-09,0.650750,0.657000,0.639500,0.651750,0.632030,423248000.00
2015-10-12,0.652500,0.662500,0.647750,0.658750,0.638818,227588000.00
2015-10-13,0.653500,0.664000,0.651250,0.660000,0.640030,298444000.00
2015-10-14,0.660750,0.694750,0.660000,0.684000,0.663304,612148000.00
2015-10-15,0.685250,0.699750,0.678250,0.685750,0.665001,526048000.00
2015-10-16,0.688000,0.703000,0.686250,0.696500,0.675426,448396000.00
2015-10-19,0.698750,0.702000,0.687250,0.695250,0.674214,294712000.00
2015-10-20,0.692250,0.697500,0.687000,0.694250,0.673244,264824000.00
2015-10-21,0.698500,0.702750,0.684000,0.685250,0.664516,386280000.00
2015-10-22,0.693250,0.712250,0.692250,0.710000,0.688517,306884000.00
2015-10-23,0.716250,0.719500,0.705500,0.714750,0.693124,381776000.00
2015-10-26,0.715250,0.717000,0.705000,0.711500,0.689972,247436000.00
2015-10-27,0.708000,0.715500,0.707500,0.711000,0.689487,208268000.00
2015-10-28,0.715500,0.716750,0.705000,0.716750,0.695063,217036000.00
2015-10-29,0.705250,0.712500,0.690750,0.692000,0.671062,327168000.00
2015-10-30,0.699500,0.714250,0.694250,0.709250,0.687790,301160000.00
2015-11-02,0.711500,0.718250,0.707250,0.717500,0.695791,190088000.00
2015-11-03,0.713250,0.717250,0.704500,0.712500,0.690942,376768000.00
2015-11-04,0.710500,0.715750,0.697500,0.700750,0.679547,442264000.00
2015-11-05,0.704250,0.706250,0.690750,0.692750,0.671790,478800000.00
2015-11-06,0.761250,0.798500,0.745500,0.788750,0.764885,1172272000.00
2015-11-09,0.781000,0.787500,0.774250,0.785250,0.761491,492568000.00
2015-11-10,0.775000,0.779250,0.753750,0.770250,0.746945,552260000.00
2015-11-11,0.770750,0.776250,0.760000,0.762750,0.739672,619896000.00
2015-11-12,0.761000,0.768000,0.756750,0.760000,0.737005,291080000.00
2015-11-13,0.760750,0.764000,0.741250,0.745000,0.722458,292940000.00
2015-11-16,0.754750,0.760500,0.748750,0.760000,0.737005,344280000.00
2015-11-17,0.762000,0.766500,0.756750,0.760000,0.737005,257048000.00
2015-11-18,0.760250,0.776750,0.752000,0.775750,0.755135,350216000.00
2015-11-19,0.778500,0.785750,0.772250,0.778000,0.757325,254072000.00
2015-11-20,0.783750,0.789250,0.779000,0.784750,0.763895,239744000.00
2015-11-23,0.791250,0.791250,0.770250,0.773000,0.752458,242552000.00
2015-11-24,0.773000,0.786000,0.769500,0.779250,0.758542,195428000.00
2015-11-25,0.777750,0.787000,0.775500,0.778250,0.757568,138300000.00
2015-11-27,0.779750,0.787250,0.775750,0.784750,0.763895,86996000.00
2015-11-30,0.785500,0.796500,0.784750,0.793000,0.771926,327244000.00
2015-12-01,0.800000,0.819500,0.799250,0.818750,0.796992,409496000.00
2015-12-02,0.820000,0.828500,0.810750,0.812500,0.790908,294240000.00
2015-12-03,0.819000,0.827500,0.806750,0.810750,0.789205,246656000.00
2015-12-04,0.810750,0.845250,0.810750,0.843750,0.821328,458756000.00
2015-12-07,0.843500,0.843500,0.825250,0.827750,0.805753,333588000.00
2015-12-08,0.817500,0.842500,0.812250,0.839000,0.816704,314488000.00
2015-12-09,0.838750,0.843750,0.809250,0.817750,0.796019,372676000.00
2015-12-10,0.820250,0.829000,0.817500,0.824500,0.802589,236596000.00
2015-12-11,0.816250,0.822000,0.810500,0.812250,0.790665,227320000.00
2015-12-14,0.813000,0.818750,0.804500,0.814250,0.792612,275892000.00
2015-12-15,0.823500,0.830000,0.819000,0.824250,0.802346,307296000.00
2015-12-16,0.826000,0.832000,0.818750,0.829250,0.807213,236356000.00
2015-12-17,0.830500,0.839000,0.816250,0.816750,0.795045,254160000.00
2015-12-18,0.811000,0.819250,0.802500,0.803500,0.782147,395896000.00
2015-12-21,0.812250,0.823250,0.805000,0.822500,0.800642,284216000.00
2015-12-22,0.825000,0.831500,0.818250,0.823250,0.801372,130012000.00
2015-12-23,0.824500,0.829750,0.823000,0.826500,0.804536,122524000.00
2015-12-24,0.824000,0.831250,0.822750,0.829250,0.807213,52448000.00
2015-12-28,0.820500,0.828500,0.809000,0.828500,0.806483,142024000.00
2015-12-29,0.829000,0.844500,0.826750,0.842000,0.819624,203660000.00
2015-12-30,0.841250,0.848500,0.834500,0.834750,0.812567,180344000.00
2015-12-31,0.833500,0.837250,0.824000,0.824000,0.802103,148528000.00
2016-01-04,0.807250,0.814500,0.801000,0.809250,0.787744,358076000.00
2016-01-05,0.824500,0.836000,0.812500,0.822250,0.800399,490272000.00
2016-01-06,0.808750,0.812500,0.779000,0.788250,0.767303,449344000.00
2016-01-07,0.768500,0.773750,0.747000,0.757000,0.736883,645304000.00
2016-01-08,0.766750,0.767500,0.739250,0.740750,0.721065,398472000.00
2016-01-11,0.741500,0.747250,0.728750,0.742000,0.722282,409372000.00
2016-01-12,0.755250,0.765500,0.749250,0.754500,0.734450,469356000.00
2016-01-13,0.760250,0.765250,0.730750,0.731500,0.712061,481672000.00
2016-01-14,0.716500,0.725000,0.695500,0.716750,0.697703,600236000.00
2016-01-15,0.688000,0.696250,0.666000,0.677750,0.659739,841452000.00
2016-01-19,0.691750,0.711250,0.680500,0.683250,0.665093,457140000.00
2016-01-20,0.670250,0.695750,0.661250,0.687000,0.668743,481180000.00
2016-01-21,0.694500,0.705750,0.680250,0.695000,0.676531,481456000.00
2016-01-22,0.708250,0.716000,0.706750,0.711250,0.692349,257996000.00
2016-01-25,0.711000,0.719250,0.709000,0.710500,0.691619,270728000.00
2016-01-26,0.712000,0.720500,0.704750,0.717500,0.698433,227944000.00
2016-01-27,0.716500,0.718750,0.695500,0.709000,0.690159,231700000.00
2016-01-28,0.714750,0.717250,0.687500,0.701250,0.682615,276776000.00
2016-01-29,0.707250,0.733750,0.704500,0.732250,0.712791,310504000.00
2016-02-01,0.731500,0.736250,0.725250,0.732500,0.713034,289884000.00
2016-02-02,0.725000,0.728750,0.696500,0.701500,0.682858,341908000.00
2016-02-03,0.707000,0.711250,0.688750,0.705000,0.686265,326772000.00
2016-02-04,0.706000,0.721250,0.698250,0.705250,0.686508,348140000.00
2016-02-05,0.700500,0.708250,0.658750,0.660750,0.643191,600428000.00
2016-02-08,0.650750,0.654000,0.621250,0.630500,0.613745,608852000.00
2016-02-09,0.623000,0.663750,0.620000,0.637250,0.620315,425372000.00
2016-02-10,0.641250,0.659750,0.632250,0.635750,0.618855,335800000.00
2016-02-11,0.619500,0.639000,0.619500,0.632500,0.615691,340144000.00
2016-02-12,0.642500,0.644500,0.618750,0.643250,0.626156,340816000.00
2016-02-16,0.652500,0.675750,0.650500,0.674750,0.656819,485352000.00
2016-02-17,0.683250,0.698000,0.680500,0.691500,0.673124,771468000.00
2016-02-18,0.748250,0.774500,0.747500,0.751000,0.731042,1068660000.00
2016-02-19,0.747000,0.767750,0.741250,0.761000,0.740777,525628000.00
2016-02-22,0.772000,0.796750,0.770500,0.788000,0.767059,449668000.00
2016-02-23,0.781750,0.797500,0.778000,0.790000,0.769006,369380000.00
2016-02-24,0.786750,0.796750,0.765000,0.795500,0.774360,336852000.00
2016-02-25,0.798500,0.801250,0.783000,0.797250,0.776063,349616000.00
2016-02-26,0.801000,0.803000,0.784000,0.792000,0.770953,361964000.00
2016-02-29,0.790250,0.800500,0.783500,0.784000,0.765946,323344000.00
2016-03-01,0.786000,0.818750,0.784750,0.818750,0.799896,348700000.00
2016-03-02,0.814250,0.826500,0.812750,0.823500,0.804536,233812000.00
2016-03-03,0.822500,0.826000,0.805250,0.816250,0.797453,302004000.00
2016-03-04,0.822500,0.823250,0.807500,0.813750,0.795011,175304000.00
2016-03-07,0.809250,0.814750,0.798000,0.808500,0.789882,239968000.00
2016-03-08,0.800250,0.805000,0.791250,0.793750,0.775471,274940000.00
2016-03-09,0.800750,0.802000,0.783000,0.793250,0.774983,222788000.00
2016-03-10,0.798000,0.802500,0.776000,0.792000,0.773762,286084000.00
2016-03-11,0.803750,0.805750,0.794250,0.805500,0.786951,277400000.00
2016-03-14,0.801750,0.810750,0.798000,0.807500,0.788905,190312000.00
2016-03-15,0.803250,0.808500,0.789250,0.803500,0.784997,226216000.00
2016-03-16,0.797500,0.830250,0.793750,0.827500,0.808444,363644000.00
2016-03-17,0.824500,0.828500,0.809250,0.820500,0.801605,353680000.00
2016-03-18,0.830250,0.856250,0.825000,0.845250,0.825785,545512000.00
2016-03-21,0.837750,0.848000,0.828750,0.847750,0.828228,337780000.00
2016-03-22,0.845000,0.852250,0.835750,0.846250,0.826762,242012000.00
2016-03-23,0.850000,0.867000,0.846250,0.860750,0.840929,429008000.00
2016-03-24,0.853000,0.863500,0.850250,0.862000,0.842150,244956000.00
2016-03-28,0.860500,0.874500,0.859500,0.870750,0.850698,265388000.00
2016-03-29,0.867000,0.886750,0.865000,0.884750,0.864376,261812000.00
2016-03-30,0.888000,0.906250,0.887500,0.894000,0.873413,376700000.00
2016-03-31,0.898000,0.900000,0.883750,0.890750,0.870238,379884000.00
2016-04-01,0.885250,0.904250,0.878500,0.903750,0.882938,348292000.00
2016-04-04,0.911250,0.916000,0.891500,0.895000,0.874390,393940000.00
2016-04-05,0.887000,0.902000,0.883500,0.893750,0.873169,339568000.00
2016-04-06,0.882500,0.895500,0.865750,0.895000,0.874390,453376000.00
2016-04-07,0.889250,0.897250,0.882000,0.885750,0.865353,378104000.00
2016-04-08,0.893000,0.898750,0.882750,0.891500,0.870970,255936000.00
2016-04-11,0.896750,0.911750,0.894000,0.897000,0.876344,387524000.00
2016-04-12,0.900000,0.901250,0.878500,0.896000,0.875367,292764000.00
2016-04-13,0.900000,0.918750,0.900000,0.918500,0.897349,350716000.00
2016-04-14,0.916000,0.925000,0.912250,0.921000,0.899791,416564000.00
2016-04-15,0.920750,0.936500,0.917750,0.928250,0.906874,436972000.00
2016-04-18,0.926500,0.926500,0.915250,0.924250,0.902966,307320000.00
2016-04-19,0.927750,0.929500,0.902000,0.907750,0.886846,309152000.00
2016-04-20,0.906250,0.916750,0.905250,0.911250,0.890265,200172000.00
2016-04-21,0.911500,0.915750,0.906250,0.910250,0.889289,178280000.00
2016-04-22,0.913250,0.919500,0.903750,0.906750,0.885869,223540000.00
2016-04-25,0.907000,0.916250,0.904500,0.911250,0.890265,191972000.00
2016-04-26,0.916750,0.927250,0.908000,0.912000,0.890998,214536000.00
2016-04-27,0.909750,0.933250,0.908000,0.932750,0.911270,352396000.00
2016-04-28,0.927000,0.932500,0.902750,0.905000,0.884159,381224000.00
2016-04-29,0.901250,0.903250,0.878500,0.888250,0.867795,321904000.00
2016-05-02,0.896750,0.905500,0.892500,0.900000,0.879275,256076000.00
2016-05-03,0.889750,0.893500,0.881500,0.889250,0.868772,224024000.00
2016-05-04,0.878500,0.879250,0.860000,0.869000,0.848988,525764000.00
2016-05-05,0.876250,0.884500,0.867750,0.874250,0.854118,246884000.00
2016-05-06,0.872750,0.885500,0.871000,0.883250,0.862910,183240000.00
2016-05-09,0.885500,0.889250,0.874750,0.882000,0.861689,333336000.00
2016-05-10,0.887500,0.900500,0.879000,0.899000,0.878298,269676000.00
2016-05-11,0.901750,0.911500,0.896750,0.901500,0.880740,328176000.00
2016-05-12,0.908000,0.912000,0.873250,0.889250,0.868772,670540000.00
2016-05-13,0.979750,1.025000,0.975000,1.024500,1.000908,2110256000.00
2016-05-16,1.016750,1.070000,1.013500,1.054750,1.030461,973032000.00
2016-05-17,1.050000,1.064500,1.036500,1.057000,1.032659,628392000.00
2016-05-18,1.050000,1.096250,1.050000,1.084000,1.059037,541072000.00
2016-05-19,1.079750,1.096500,1.078250,1.088750,1.063678,398880000.00
2016-05-20,1.095500,1.112750,1.093750,1.108250,1.082729,391084000.00
2016-05-23,1.113000,1.117250,1.103250,1.110000,1.084438,413636000.00
2016-05-24,1.110500,1.137500,1.107500,1.134000,1.110763,415788000.00
2016-05-25,1.137500,1.142250,1.120250,1.129250,1.106110,458076000.00
2016-05-26,1.131250,1.149500,1.128000,1.141250,1.117864,309964000.00
2016-05-27,1.142500,1.149250,1.138750,1.147500,1.123986,277416000.00
2016-05-31,1.152500,1.170500,1.151750,1.168000,1.144066,412524000.00
2016-06-01,1.162500,1.181500,1.159000,1.170250,1.146271,387132000.00
2016-06-02,1.176500,1.188500,1.165000,1.178500,1.154351,329208000.00
2016-06-03,1.167000,1.168500,1.141500,1.162000,1.138189,461076000.00
2016-06-06,1.165000,1.174000,1.150000,1.156000,1.132312,322512000.00
2016-06-07,1.163000,1.169500,1.157750,1.158250,1.134516,193400000.00
2016-06-08,1.158500,1.162750,1.145000,1.154500,1.130843,234616000.00
2016-06-09,1.150500,1.186250,1.148000,1.184500,1.160228,472168000.00
2016-06-10,1.170500,1.181000,1.153500,1.155000,1.131332,400024000.00
2016-06-13,1.156250,1.192500,1.156250,1.169750,1.145780,475588000.00
2016-06-14,1.167000,1.177500,1.154000,1.172000,1.147985,298344000.00
2016-06-15,1.181750,1.194250,1.168750,1.184000,1.159738,301036000.00
2016-06-16,1.175250,1.190750,1.163750,1.188750,1.164391,246456000.00
2016-06-17,1.190250,1.190500,1.163250,1.168000,1.144066,471000000.00
2016-06-20,1.186750,1.204250,1.186000,1.189000,1.164636,293768000.00
2016-06-21,1.194000,1.197250,1.180000,1.181750,1.157535,212508000.00
2016-06-22,1.184250,1.192000,1.178750,1.180750,1.156555,202620000.00
2016-06-23,1.192000,1.213500,1.191250,1.212250,1.187410,297880000.00
2016-06-24,1.162500,1.184000,1.132500,1.143250,1.119823,1017684000.00
2016-06-27,1.133750,1.142500,1.114250,1.131000,1.107824,449088000.00
2016-06-28,1.152500,1.153750,1.131750,1.147500,1.123986,381920000.00
2016-06-29,1.157500,1.175250,1.154500,1.166250,1.142352,318932000.00
2016-06-30,1.168250,1.182500,1.158750,1.175250,1.151168,430940000.00
2016-07-01,1.168750,1.184000,1.162500,1.166500,1.142597,218488000.00
2016-07-05,1.160000,1.185750,1.150750,1.183750,1.159493,371084000.00
2016-07-06,1.175500,1.198250,1.169500,1.191250,1.166840,273104000.00
2016-07-07,1.199250,1.226500,1.193750,1.222250,1.197204,395400000.00
2016-07-08,1.235250,1.277250,1.230500,1.271250,1.245200,481932000.00
2016-07-11,1.289500,1.310000,1.288000,1.300500,1.273852,448776000.00
2016-07-12,1.315000,1.332000,1.298500,1.320000,1.292952,436760000.00
2016-07-13,1.322500,1.330000,1.317500,1.319500,1.292462,324604000.00
2016-07-14,1.326500,1.345000,1.315500,1.333000,1.305685,316892000.00
2016-07-15,1.316000,1.323500,1.296000,1.317500,1.290503,428616000.00
2016-07-18,1.333750,1.335750,1.319250,1.324250,1.297114,252992000.00
2016-07-19,1.323500,1.343250,1.321000,1.338000,1.310583,382652000.00
2016-07-20,1.342500,1.362750,1.337000,1.355500,1.327724,296460000.00
2016-07-21,1.352500,1.356750,1.326000,1.330500,1.303237,361308000.00
2016-07-22,1.335250,1.366750,1.325500,1.366750,1.338744,315768000.00
2016-07-25,1.375000,1.395250,1.369000,1.392000,1.363476,312528000.00
2016-07-26,1.404250,1.423000,1.402250,1.415750,1.386740,514508000.00
2016-07-27,1.428000,1.430500,1.393000,1.401500,1.372781,446676000.00
2016-07-28,1.404750,1.415000,1.400250,1.404500,1.375720,221916000.00
2016-07-29,1.409750,1.431250,1.384500,1.427500,1.398249,409588000.00
2016-08-01,1.433500,1.438750,1.409000,1.418250,1.389188,301120000.00
2016-08-02,1.425000,1.425750,1.387500,1.401000,1.372292,282748000.00
2016-08-03,1.399250,1.407500,1.391500,1.404750,1.375965,299828000.00
2016-08-04,1.411500,1.437250,1.408750,1.430750,1.401433,272712000.00
2016-08-05,1.447250,1.455750,1.440250,1.455000,1.425185,371588000.00
2016-08-08,1.475000,1.478500,1.453000,1.468500,1.438409,305064000.00
2016-08-09,1.475750,1.486500,1.468500,1.472250,1.442082,372344000.00
2016-08-10,1.485250,1.487500,1.458000,1.462750,1.432776,375740000.00
2016-08-11,1.470500,1.498750,1.467500,1.492500,1.461917,681064000.00
2016-08-12,1.547500,1.584500,1.515750,1.576000,1.543706,1425744000.00
2016-08-15,1.577750,1.587500,1.553250,1.574500,1.542237,573304000.00
2016-08-16,1.572250,1.574750,1.560250,1.565000,1.532931,287652000.00
2016-08-17,1.565000,1.568500,1.516500,1.528750,1.497424,595212000.00
2016-08-18,1.526500,1.555000,1.520500,1.552500,1.520687,331684000.00
2016-08-19,1.551750,1.568250,1.545000,1.556500,1.524605,291560000.00
2016-08-22,1.561250,1.565250,1.542750,1.563000,1.530973,244748000.00
2016-08-23,1.576000,1.583000,1.568250,1.572750,1.543361,339764000.00
2016-08-24,1.578250,1.579000,1.541250,1.548500,1.519565,298448000.00
2016-08-25,1.549000,1.549750,1.519000,1.538250,1.509506,406032000.00
2016-08-26,1.542250,1.559500,1.530000,1.550750,1.521772,300024000.00
2016-08-29,1.557000,1.563250,1.547250,1.549750,1.520791,274652000.00
2016-08-30,1.547750,1.556000,1.536500,1.540750,1.511959,285544000.00
2016-08-31,1.543750,1.548000,1.529000,1.533500,1.504845,388544000.00
2016-09-01,1.534750,1.584500,1.533500,1.578750,1.549249,428492000.00
2016-09-02,1.582000,1.583750,1.545500,1.563250,1.534038,323148000.00
2016-09-06,1.568750,1.578000,1.560750,1.578000,1.548513,306812000.00
2016-09-07,1.573000,1.580750,1.545750,1.554750,1.525697,397988000.00
2016-09-08,1.553250,1.568500,1.535500,1.566000,1.536738,315808000.00
2016-09-09,1.548750,1.557500,1.475000,1.488000,1.460195,697760000.00
2016-09-12,1.468250,1.521750,1.433000,1.518750,1.490371,598260000.00
2016-09-13,1.515000,1.532500,1.488250,1.496750,1.468781,471768000.00
2016-09-14,1.500250,1.515000,1.487750,1.510000,1.481784,319048000.00
2016-09-15,1.512500,1.569000,1.509000,1.567250,1.537964,515212000.00
2016-09-16,1.572750,1.581250,1.553000,1.571000,1.541644,902444000.00
2016-09-19,1.587500,1.631500,1.580250,1.591750,1.562006,417128000.00
2016-09-20,1.610000,1.610000,1.568500,1.577250,1.547778,331112000.00
2016-09-21,1.582000,1.624500,1.581750,1.621500,1.591201,336212000.00
2016-09-22,1.631000,1.636000,1.616250,1.625500,1.595126,308732000.00
2016-09-23,1.627500,1.632250,1.616500,1.623750,1.593408,276132000.00
2016-09-26,1.605250,1.615000,1.588250,1.608500,1.578443,230040000.00
2016-09-27,1.602250,1.666000,1.601500,1.663500,1.632416,402752000.00
2016-09-28,1.666000,1.670750,1.648250,1.669500,1.638303,319788000.00
2016-09-29,1.666750,1.690250,1.651250,1.685000,1.653513,336684000.00
2016-09-30,1.694250,1.729750,1.684250,1.713000,1.680991,429932000.00
2016-10-03,1.713000,1.737750,1.708250,1.711250,1.679273,242596000.00
2016-10-04,1.713750,1.742500,1.694750,1.707500,1.675593,281624000.00
2016-10-05,1.722000,1.739500,1.700500,1.705750,1.673876,305440000.00
2016-10-06,1.685250,1.695750,1.656500,1.683500,1.652041,360212000.00
2016-10-07,1.694750,1.699250,1.666500,1.671250,1.640021,286260000.00
2016-10-10,1.680000,1.689000,1.661750,1.677500,1.646154,287876000.00
2016-10-11,1.672000,1.674500,1.640500,1.653250,1.622357,388540000.00
2016-10-12,1.646500,1.669500,1.632750,1.660750,1.629717,419920000.00
2016-10-13,1.641250,1.645000,1.592500,1.633750,1.603222,390116000.00
2016-10-14,1.653750,1.665000,1.640000,1.649750,1.618923,330636000.00
2016-10-17,1.649500,1.665000,1.638000,1.640250,1.609600,195328000.00
2016-10-18,1.663000,1.674750,1.656250,1.665250,1.634133,269372000.00
2016-10-19,1.654000,1.669500,1.645500,1.661750,1.630698,199060000.00
2016-10-20,1.681250,1.698750,1.657500,1.693250,1.661610,312084000.00
2016-10-21,1.687250,1.691500,1.672500,1.688500,1.656949,279508000.00
2016-10-24,1.700000,1.769750,1.699750,1.767750,1.734717,339836000.00
2016-10-25,1.764750,1.807500,1.756250,1.796750,1.763175,397460000.00
2016-10-26,1.781750,1.823750,1.780000,1.804000,1.770290,333792000.00
2016-10-27,1.817750,1.821250,1.759750,1.767000,1.733982,388664000.00
2016-10-28,1.775500,1.802500,1.760750,1.764000,1.731038,290856000.00
2016-10-31,1.769750,1.790750,1.768750,1.779000,1.745758,252388000.00
2016-11-01,1.785500,1.795250,1.707250,1.726250,1.693993,473224000.00
2016-11-02,1.739500,1.763000,1.716000,1.719000,1.686878,295848000.00
2016-11-03,1.727000,1.728500,1.666000,1.699000,1.667252,309664000.00
2016-11-04,1.687750,1.718250,1.664500,1.689250,1.657684,328780000.00
2016-11-07,1.738750,1.793000,1.737500,1.781750,1.748456,487580000.00
2016-11-08,1.788500,1.794250,1.762500,1.779000,1.745758,429884000.00
2016-11-09,1.730750,1.772500,1.718000,1.749000,1.716318,456532000.00
2016-11-10,1.787250,1.787500,1.669000,1.694250,1.662591,869280000.00
2016-11-11,1.987750,2.219250,1.962500,2.199250,2.158154,2175344000.00
2016-11-14,2.202250,2.204750,2.090500,2.091000,2.051927,1348796000.00
2016-11-15,2.107250,2.186250,2.098250,2.154750,2.114486,626092000.00
2016-11-16,2.183500,2.314000,2.158750,2.290750,2.247944,987984000.00
2016-11-17,2.307750,2.369750,2.266250,2.309750,2.266589,832988000.00
2016-11-18,2.309750,2.358250,2.295000,2.334000,2.290386,576060000.00
2016-11-21,2.352250,2.358750,2.310000,2.324500,2.281065,436436000.00
2016-11-22,2.332500,2.343500,2.309500,2.341250,2.297501,330368000.00
2016-11-23,2.343000,2.381250,2.319250,2.349250,2.308803,443236000.00
2016-11-25,2.360500,2.377500,2.335250,2.354000,2.313472,195564000.00
2016-11-28,2.346750,2.368500,2.340000,2.352750,2.312242,278736000.00
2016-11-29,2.350000,2.361000,2.313250,2.331250,2.291113,444568000.00
2016-11-30,2.340000,2.354000,2.302500,2.305000,2.265315,440500000.00
2016-12-01,2.302500,2.304250,2.119250,2.191000,2.153278,1035524000.00
2016-12-02,2.156250,2.220000,2.128000,2.211250,2.173179,478292000.00
2016-12-05,2.249750,2.315250,2.225000,2.297000,2.257452,602284000.00
2016-12-06,2.305250,2.343250,2.289250,2.334750,2.294553,498796000.00
2016-12-07,2.321000,2.382500,2.302500,2.376750,2.335829,480804000.00
2016-12-08,2.379750,2.415500,2.326250,2.337000,2.296764,381544000.00
2016-12-09,2.355000,2.356750,2.267750,2.295500,2.255978,382312000.00
2016-12-12,2.246250,2.248750,2.188500,2.239750,2.201189,601332000.00
2016-12-13,2.252250,2.307250,2.251250,2.279250,2.240008,387796000.00
2016-12-14,2.313500,2.427750,2.289250,2.411250,2.369735,983980000.00
2016-12-15,2.422500,2.498500,2.415000,2.467750,2.425263,746548000.00
2016-12-16,2.495750,2.517500,2.443250,2.510250,2.467031,1089528000.00
2016-12-19,2.492500,2.561250,2.475000,2.540750,2.497006,744656000.00
2016-12-20,2.614500,2.653250,2.603000,2.629250,2.583982,848056000.00
2016-12-21,2.641000,2.648750,2.592750,2.645750,2.600199,576136000.00
2016-12-22,2.670500,2.721750,2.663250,2.677750,2.631647,718612000.00
2016-12-23,2.659500,2.746000,2.656750,2.744500,2.697248,647692000.00
2016-12-27,2.801500,2.934000,2.780500,2.933000,2.882503,1194272000.00
2016-12-28,2.990000,2.998250,2.717250,2.731250,2.684226,2295764000.00
2016-12-29,2.622500,2.787250,2.570000,2.785750,2.737787,2175368000.00
2016-12-30,2.783750,2.798000,2.657500,2.668500,2.622556,1212932000.00
2017-01-03,2.610000,2.659250,2.484500,2.550250,2.506342,1501996000.00
2017-01-04,2.585000,2.637500,2.538250,2.609750,2.564818,1199220000.00
2017-01-05,2.613250,2.645500,2.526250,2.543500,2.499709,984296000.00
2017-01-06,2.571250,2.606250,2.530000,2.577500,2.533123,822856000.00
2017-01-09,2.587500,2.700000,2.587500,2.682000,2.635824,916248000.00
2017-01-10,2.695250,2.729750,2.640750,2.661750,2.615923,880920000.00
2017-01-11,2.650000,2.655000,2.603750,2.629000,2.583736,525664000.00
2017-01-12,2.605750,2.617500,2.540500,2.586000,2.541477,625616000.00
2017-01-13,2.590000,2.625000,2.576500,2.585750,2.541231,457820000.00
2017-01-17,2.575000,2.580000,2.514250,2.527750,2.484230,580612000.00
2017-01-18,2.506000,2.580750,2.477750,2.573750,2.529438,654424000.00
2017-01-19,2.576750,2.661500,2.574500,2.629000,2.583736,644872000.00
2017-01-20,2.652000,2.670000,2.578000,2.600250,2.555482,492024000.00
2017-01-23,2.595000,2.647500,2.592500,2.627250,2.582017,369904000.00
2017-01-24,2.637500,2.689500,2.622500,2.683250,2.637053,428052000.00
2017-01-25,2.726250,2.732500,2.658250,2.694750,2.648355,522760000.00
2017-01-26,2.697500,2.748750,2.667500,2.741250,2.694053,458800000.00
2017-01-27,2.748250,2.797250,2.721250,2.794250,2.746142,471996000.00
2017-01-30,2.773000,2.775250,2.697750,2.750500,2.703145,496004000.00
2017-01-31,2.723750,2.751250,2.705000,2.729500,2.682507,362756000.00
2017-02-01,2.764500,2.853000,2.746500,2.848750,2.799703,590004000.00
2017-02-02,2.832500,2.893500,2.801500,2.884750,2.835084,483240000.00
2017-02-03,2.886250,2.897500,2.847500,2.859500,2.810268,372744000.00
2017-02-06,2.850000,2.933250,2.850000,2.932750,2.882257,506768000.00
2017-02-07,2.967500,3.023000,2.947500,2.978250,2.926974,746224000.00
2017-02-08,2.960000,2.982750,2.909500,2.965250,2.914197,449580000.00
2017-02-09,2.971500,2.976500,2.890000,2.909500,2.859407,842568000.00
2017-02-10,2.998250,3.017500,2.815000,2.840500,2.791595,1651092000.00
2017-02-13,2.834750,2.849500,2.705000,2.709500,2.662851,1180724000.00
2017-02-14,2.699750,2.753750,2.657250,2.719500,2.672678,850632000.00
2017-02-15,2.722500,2.745000,2.694000,2.725000,2.678084,373020000.00
2017-02-16,2.734750,2.736000,2.641500,2.681250,2.635087,647176000.00
2017-02-17,2.667500,2.685250,2.619750,2.680750,2.634596,563740000.00
2017-02-21,2.705750,2.780750,2.705500,2.776750,2.728942,551952000.00
2017-02-22,2.785500,2.795000,2.749750,2.769000,2.724760,433772000.00
2017-02-23,2.637500,2.659750,2.492000,2.512250,2.472112,1592888000.00
2017-02-24,2.426750,2.550000,2.392500,2.536500,2.495975,1029904000.00
2017-02-27,2.555000,2.625500,2.539000,2.610250,2.568547,715400000.00
2017-02-28,2.620000,2.630000,2.519500,2.537000,2.496467,625360000.00
2017-03-01,2.594750,2.609250,2.527750,2.569750,2.528694,504804000.00
2017-03-02,2.556750,2.571000,2.472250,2.475000,2.435459,754332000.00
2017-03-03,2.464250,2.469250,2.405500,2.460750,2.421435,864692000.00
2017-03-06,2.424000,2.452500,2.379250,2.441750,2.402739,883568000.00
2017-03-07,2.441750,2.488250,2.428750,2.468500,2.429061,603400000.00
2017-03-08,2.517500,2.532500,2.461750,2.464000,2.424633,638712000.00
2017-03-09,2.447750,2.486250,2.435000,2.463500,2.424141,478060000.00
2017-03-10,2.490250,2.502250,2.459500,2.478000,2.438409,499740000.00
2017-03-13,2.488500,2.556250,2.487750,2.546250,2.505569,774136000.00
2017-03-14,2.559250,2.568750,2.511750,2.544500,2.503847,522016000.00
2017-03-15,2.556250,2.574750,2.508000,2.563750,2.522790,615036000.00
2017-03-16,2.574500,2.595750,2.560250,2.595250,2.553786,523100000.00
2017-03-17,2.613000,2.653000,2.595250,2.651750,2.609384,1119688000.00
2017-03-20,2.669500,2.740250,2.653250,2.736250,2.692534,748568000.00
2017-03-21,2.718750,2.749000,2.639750,2.647750,2.605447,913484000.00
2017-03-22,2.636500,2.706500,2.632500,2.701750,2.658585,616764000.00
2017-03-23,2.693750,2.714000,2.667500,2.677250,2.634477,533940000.00
2017-03-24,2.724250,2.732250,2.660500,2.686750,2.643825,439500000.00
2017-03-27,2.639500,2.710250,2.589500,2.706250,2.663013,506644000.00
2017-03-28,2.707500,2.722250,2.681750,2.692250,2.649237,432444000.00
2017-03-29,2.699750,2.712250,2.681250,2.683500,2.640627,349992000.00
2017-03-30,2.690750,2.750000,2.685000,2.735000,2.691303,525532000.00
2017-03-31,2.725250,2.747250,2.710000,2.723250,2.679741,440808000.00
2017-04-03,2.723750,2.741250,2.685500,2.709500,2.666211,445232000.00
2017-04-04,2.585000,2.610500,2.508500,2.519500,2.479247,1271280000.00
2017-04-05,2.500500,2.559250,2.487500,2.500750,2.460796,747048000.00
2017-04-06,2.506000,2.531250,2.460250,2.519000,2.478755,635120000.00
2017-04-07,2.525500,2.543250,2.493000,2.508250,2.468177,429068000.00
2017-04-10,2.509000,2.515750,2.440000,2.444250,2.405200,756332000.00
2017-04-11,2.413750,2.472500,2.408750,2.453000,2.413810,618148000.00
2017-04-12,2.453000,2.467500,2.427500,2.432750,2.393883,414092000.00
2017-04-13,2.408250,2.430250,2.387250,2.387250,2.349110,506892000.00
2017-04-17,2.400250,2.481000,2.395000,2.480750,2.441116,497292000.00
2017-04-18,2.466250,2.488500,2.440000,2.482250,2.442592,370116000.00
2017-04-19,2.500000,2.524500,2.485250,2.492000,2.452186,380828000.00
2017-04-20,2.506750,2.536250,2.485250,2.531500,2.491055,404016000.00
2017-04-21,2.521000,2.544750,2.509000,2.542000,2.501388,341896000.00
2017-04-24,2.574000,2.587000,2.552750,2.573750,2.532630,371820000.00
2017-04-25,2.588500,2.633250,2.566750,2.618500,2.576665,388440000.00
2017-04-26,2.632250,2.634750,2.598500,2.600500,2.558953,327004000.00
2017-04-27,2.608000,2.649500,2.589750,2.641000,2.598805,319700000.00
2017-04-28,2.634000,2.641000,2.601750,2.607500,2.565841,348248000.00
2017-05-01,2.618500,2.671250,2.611250,2.666000,2.623406,307732000.00
2017-05-02,2.638750,2.640000,2.564000,2.587000,2.545669,629972000.00
2017-05-03,2.580000,2.616000,2.565000,2.606250,2.564610,336904000.00
2017-05-04,2.612500,2.623750,2.588250,2.596250,2.554771,209788000.00
2017-05-05,2.584500,2.603750,2.568750,2.596500,2.555017,228428000.00
2017-05-08,2.608500,2.610000,2.557750,2.569250,2.528202,365240000.00
2017-05-09,2.575000,2.623250,2.566500,2.573500,2.532384,847672000.00
2017-05-10,2.857250,3.045500,2.850500,3.032250,2.983805,2129096000.00
2017-05-11,3.001250,3.260750,2.997750,3.162500,3.111974,1939792000.00
2017-05-12,3.165750,3.240000,3.144500,3.197250,3.146169,962620000.00
2017-05-15,3.239000,3.360250,3.234500,3.357750,3.304104,1087540000.00
2017-05-16,3.409500,3.436000,3.334000,3.420250,3.365606,1120700000.00
2017-05-17,3.352500,3.371500,3.188750,3.193000,3.141987,1271368000.00
2017-05-18,3.237500,3.335750,3.176250,3.326750,3.273600,1156032000.00
2017-05-19,3.425750,3.455500,3.380500,3.400000,3.349203,1018372000.00
2017-05-22,3.444250,3.487000,3.433250,3.472500,3.420620,836608000.00
2017-05-23,3.492500,3.494750,3.392750,3.425750,3.374569,681248000.00
2017-05-24,3.524000,3.526750,3.452000,3.464250,3.412493,815996000.00
2017-05-25,3.500000,3.500750,3.411000,3.456500,3.404859,608228000.00
2017-05-26,3.448250,3.632000,3.427750,3.546000,3.493023,779140000.00
2017-05-30,3.592500,3.657250,3.576250,3.621750,3.567641,989652000.00
2017-05-31,3.667250,3.675000,3.551250,3.608750,3.554834,887316000.00
2017-06-01,3.624750,3.625750,3.563000,3.609000,3.555080,503340000.00
2017-06-02,3.606000,3.632500,3.585000,3.591000,3.537349,487456000.00
2017-06-05,3.574500,3.713250,3.562750,3.700250,3.644966,817376000.00
2017-06-06,3.695500,3.742250,3.670000,3.683500,3.628467,758728000.00
2017-06-07,3.708250,3.747000,3.692500,3.728000,3.672303,612612000.00
2017-06-08,3.836500,4.000000,3.794750,3.998500,3.938761,1161744000.00
2017-06-09,4.118500,4.212500,3.568750,3.740000,3.684124,3692928000.00
2017-06-12,3.647000,3.792500,3.552750,3.749250,3.693235,1697532000.00
2017-06-13,3.860000,3.869250,3.641250,3.785000,3.728451,1672504000.00
2017-06-14,3.788000,3.851500,3.712500,3.793000,3.736332,1184640000.00
2017-06-15,3.674000,3.840000,3.662500,3.809250,3.752339,963824000.00
2017-06-16,3.819000,3.867500,3.756000,3.790500,3.733869,924960000.00
2017-06-19,3.835250,3.938250,3.831500,3.933000,3.874240,778176000.00
2017-06-20,3.975750,4.043500,3.923000,3.927250,3.868575,1095444000.00
2017-06-21,3.955250,3.990500,3.892500,3.986750,3.927187,682652000.00
2017-06-22,3.995000,4.008500,3.935000,3.959250,3.900098,469132000.00
2017-06-23,3.967000,3.983000,3.830500,3.845750,3.788293,1088588000.00
2017-06-26,3.879000,3.915000,3.708250,3.803750,3.746921,1063960000.00
2017-06-27,3.786000,3.794750,3.658750,3.664500,3.609751,999492000.00
2017-06-28,3.733000,3.798500,3.643750,3.793750,3.737070,994948000.00
2017-06-29,3.765000,3.768000,3.602000,3.667000,3.612214,1064424000.00
2017-06-30,3.684500,3.698250,3.587500,3.614000,3.560006,731060000.00
2017-07-03,3.626250,3.641250,3.464500,3.483250,3.431209,709072000.00
2017-07-05,3.547500,3.605500,3.528250,3.576250,3.522820,820188000.00
2017-07-06,3.546750,3.634500,3.494000,3.587000,3.533409,746284000.00
2017-07-07,3.644500,3.687500,3.621250,3.669000,3.614183,654972000.00
2017-07-10,3.743500,3.850000,3.717000,3.842500,3.785092,958492000.00
2017-07-11,3.846250,3.904750,3.803750,3.897000,3.838778,757956000.00
2017-07-12,3.957500,4.075000,3.914000,4.062750,4.002050,1145208000.00
2017-07-13,4.075000,4.157500,3.968750,4.015750,3.955754,1369132000.00
2017-07-14,4.032250,4.125250,4.025250,4.123750,4.062140,941948000.00
2017-07-17,4.158250,4.187500,4.043750,4.106250,4.044901,930792000.00
2017-07-18,4.044500,4.163750,4.032500,4.149000,4.087015,776640000.00
2017-07-19,4.158250,4.185000,4.115250,4.127500,4.065834,687044000.00
2017-07-20,4.148250,4.187750,4.097750,4.187500,4.124938,699596000.00
2017-07-21,4.166750,4.232500,4.152250,4.202500,4.139713,648332000.00
2017-07-24,4.209750,4.219500,4.143000,4.153750,4.091691,652524000.00
2017-07-25,4.130500,4.148250,4.089500,4.133750,4.071990,496556000.00
2017-07-26,4.192000,4.248250,4.146250,4.181500,4.119027,640404000.00
2017-07-27,4.206750,4.218500,3.939000,4.043500,3.983089,782856000.00
2017-07-28,4.007250,4.134500,3.982000,4.109750,4.048350,513348000.00
2017-07-31,4.123500,4.160000,4.015500,4.062750,4.002050,559672000.00
2017-08-01,4.053250,4.114000,4.025000,4.112250,4.050811,431384000.00
2017-08-02,4.143750,4.147750,4.031750,4.109750,4.048350,478444000.00
2017-08-03,4.109250,4.165750,4.092000,4.162000,4.099819,442420000.00
2017-08-04,4.185000,4.251750,4.162000,4.180250,4.117797,589096000.00
2017-08-07,4.209750,4.309250,4.200000,4.308750,4.244375,717412000.00
2017-08-08,4.347250,4.364000,4.217750,4.257500,4.193891,755336000.00
2017-08-09,4.210750,4.305250,4.191750,4.302750,4.238464,530784000.00
2017-08-10,4.304000,4.316500,4.108250,4.118500,4.056968,1328088000.00
2017-08-11,3.928500,3.975000,3.822750,3.899000,3.840747,1497196000.00
2017-08-14,3.991750,4.213750,3.980000,4.210000,4.147100,1279020000.00
2017-08-15,4.215250,4.241750,4.139750,4.174500,4.112132,764532000.00
2017-08-16,4.189750,4.213500,4.096000,4.128750,4.067065,596632000.00
2017-08-17,4.120250,4.137500,4.034500,4.036750,3.976440,525444000.00
2017-08-18,4.091750,4.109000,3.991000,4.037500,3.977178,601204000.00
2017-08-21,4.062250,4.073750,3.934250,3.978750,3.919307,623672000.00
2017-08-22,4.012250,4.069750,3.992750,4.063750,4.006560,450456000.00
2017-08-23,4.030000,4.156250,4.021250,4.145000,4.086668,579520000.00
2017-08-24,4.177500,4.182000,4.103000,4.129750,4.071631,469700000.00
2017-08-25,4.154250,4.164500,4.088750,4.095250,4.037618,357200000.00
2017-08-28,4.114500,4.127500,4.058250,4.124250,4.066209,389496000.00
2017-08-29,4.064750,4.139500,4.056500,4.117500,4.059553,324096000.00
2017-08-30,4.137500,4.153250,4.106750,4.142000,4.083709,384400000.00
2017-08-31,4.162500,4.240000,4.155000,4.236000,4.176387,612684000.00
2017-09-01,4.248750,4.297500,4.240000,4.261500,4.201528,445432000.00
2017-09-05,4.209500,4.214500,4.089000,4.147750,4.089378,695364000.00
2017-09-06,4.181000,4.195000,4.110000,4.145250,4.086914,397672000.00
2017-09-07,4.162250,4.197250,4.123750,4.164500,4.105892,352868000.00
2017-09-08,4.152750,4.167750,4.067750,4.092250,4.034660,498856000.00
2017-09-11,4.138500,4.235750,4.133000,4.225000,4.165542,567444000.00
2017-09-12,4.250000,4.250000,4.174250,4.240250,4.180576,411488000.00
2017-09-13,4.214750,4.288500,4.182000,4.259250,4.199309,580960000.00
2017-09-14,4.219750,4.314000,4.195000,4.235000,4.175401,513712000.00
2017-09-15,4.321500,4.502750,4.316250,4.502750,4.439383,1364792000.00
2017-09-18,4.628500,4.780000,4.621500,4.688750,4.622764,1684460000.00
2017-09-19,4.637750,4.746250,4.615500,4.683750,4.617836,874280000.00
2017-09-20,4.687500,4.735500,4.605250,4.646000,4.580616,724920000.00
2017-09-21,4.541000,4.567500,4.440250,4.519000,4.455404,1075600000.00
2017-09-22,4.507500,4.557750,4.465000,4.475000,4.412024,491232000.00
2017-09-25,4.443750,4.445000,4.254000,4.275000,4.214838,874580000.00
2017-09-26,4.411250,4.467000,4.258750,4.299000,4.238500,1125620000.00
2017-09-27,4.390500,4.406750,4.318750,4.393250,4.331423,713720000.00
2017-09-28,4.400500,4.404500,4.344000,4.392000,4.330191,435244000.00
2017-09-29,4.477000,4.493250,4.431250,4.469250,4.406354,619092000.00
2017-10-02,4.520000,4.549500,4.425000,4.475000,4.412024,503480000.00
2017-10-03,4.481250,4.514500,4.439500,4.484250,4.421143,390332000.00
2017-10-04,4.490500,4.544250,4.453500,4.521750,4.458114,427848000.00
2017-10-05,4.546500,4.550000,4.489000,4.519250,4.455652,437364000.00
2017-10-06,4.491250,4.546000,4.475000,4.532500,4.468714,318800000.00
2017-10-09,4.569750,4.668250,4.550750,4.634750,4.569526,563492000.00
2017-10-10,4.785750,4.823750,4.681500,4.723250,4.656779,974876000.00
2017-10-11,4.740000,4.775000,4.693500,4.773500,4.706323,529508000.00
2017-10-12,4.777000,4.827250,4.748250,4.775750,4.708540,528292000.00
2017-10-13,4.838750,4.875000,4.791250,4.864750,4.796289,628728000.00
2017-10-16,4.895000,4.951250,4.831000,4.948250,4.878613,576640000.00
2017-10-17,4.927250,4.972500,4.908750,4.943750,4.874177,478596000.00
2017-10-18,4.952750,4.953500,4.833000,4.939500,4.869985,567316000.00
2017-10-19,4.861000,4.950000,4.811250,4.945000,4.875411,570772000.00
2017-10-20,4.962250,4.989750,4.913500,4.922500,4.853227,451620000.00
2017-10-23,4.944500,4.971250,4.895000,4.915500,4.846324,428696000.00
2017-10-24,4.924750,4.968750,4.898500,4.967000,4.897099,407244000.00
2017-10-25,4.927000,4.980500,4.779250,4.841500,4.773365,828160000.00
2017-10-26,4.869500,4.904000,4.845250,4.892250,4.823400,322744000.00
2017-10-27,4.945000,5.046750,4.918750,5.046500,4.975481,572192000.00
2017-10-30,5.046500,5.152250,5.030500,5.096000,5.024283,504056000.00
2017-10-31,5.128250,5.197250,5.122500,5.170250,5.097489,411908000.00
2017-11-01,5.233750,5.249250,5.115000,5.180000,5.107102,502576000.00
2017-11-02,5.150000,5.195250,5.091250,5.148500,5.076045,342308000.00
2017-11-03,5.180000,5.217250,5.133500,5.217250,5.143827,353640000.00
2017-11-06,5.180000,5.249500,5.167500,5.240750,5.166998,389944000.00
2017-11-07,5.263750,5.322500,5.251500,5.300750,5.226151,427700000.00
2017-11-08,5.296250,5.300000,5.181000,5.229000,5.155414,522988000.00
2017-11-09,5.131750,5.158250,5.009250,5.133000,5.060763,978564000.00
2017-11-10,5.327000,5.466750,5.290750,5.403500,5.327456,1253256000.00
2017-11-13,5.403500,5.429250,5.300250,5.315750,5.240940,582376000.00
2017-11-14,5.325000,5.370000,5.280750,5.354500,5.279146,529292000.00
2017-11-15,5.298750,5.300000,5.195000,5.249500,5.175623,501948000.00
2017-11-16,5.324500,5.355000,5.281250,5.290250,5.215800,441768000.00
2017-11-17,5.348000,5.383750,5.268750,5.284000,5.209638,515664000.00
2017-11-20,5.299750,5.364250,5.262500,5.352000,5.276680,396100000.00
2017-11-21,5.392250,5.413000,5.360000,5.401250,5.325238,399176000.00
2017-11-22,5.425000,5.425000,5.340250,5.373250,5.301313,356640000.00
2017-11-24,5.389750,5.425000,5.365000,5.424000,5.351383,180752000.00
2017-11-27,5.432750,5.434000,5.350250,5.353500,5.281825,422896000.00
2017-11-28,5.358750,5.368250,5.206000,5.267750,5.197225,512752000.00
2017-11-29,5.250250,5.253000,4.780750,4.910500,4.844759,1396788000.00
2017-11-30,4.980000,5.067000,4.916250,5.017750,4.950572,823768000.00
2017-12-01,4.982750,5.003250,4.811750,4.942000,4.875835,811548000.00
2017-12-04,5.001250,5.007500,4.612500,4.666500,4.604026,1240844000.00
2017-12-05,4.560000,4.817500,4.514500,4.693500,4.630662,981488000.00
2017-12-06,4.642500,4.753500,4.621000,4.731500,4.668155,467032000.00
2017-12-07,4.799000,4.840000,4.753000,4.799750,4.735490,542600000.00
2017-12-08,4.850250,4.869500,4.778750,4.787250,4.723158,466876000.00
2017-12-11,4.801500,4.869500,4.785500,4.866500,4.801346,372748000.00
2017-12-12,4.822500,4.846000,4.747250,4.771000,4.707126,455016000.00
2017-12-13,4.812500,4.813750,4.647000,4.654500,4.592185,554280000.00
2017-12-14,4.648000,4.733500,4.615000,4.661750,4.599339,438164000.00
2017-12-15,4.706250,4.809500,4.640500,4.789000,4.724885,670036000.00
2017-12-18,4.830000,4.950500,4.800000,4.947500,4.881263,477704000.00
2017-12-19,4.938000,4.943250,4.874000,4.902750,4.837112,373100000.00
2017-12-20,4.942500,4.951750,4.863750,4.920000,4.854129,288820000.00
2017-12-21,4.923500,4.948750,4.888750,4.897250,4.831684,300904000.00
2017-12-22,4.860000,4.891250,4.781250,4.881750,4.816393,466276000.00
2017-12-26,4.825750,4.943750,4.795500,4.936000,4.869915,355080000.00
2017-12-27,4.922500,4.999250,4.907750,4.929250,4.863256,329488000.00
2017-12-28,4.953250,4.984500,4.928750,4.935000,4.868931,240248000.00
2017-12-29,4.961500,4.961500,4.837500,4.837500,4.772737,279964000.00
2018-01-02,4.894500,4.987500,4.862500,4.983750,4.917026,355616000.00
2018-01-03,5.102500,5.342500,5.093750,5.311750,5.240635,914704000.00
2018-01-04,5.394000,5.451250,5.317250,5.339750,5.268262,583268000.00
2018-01-05,5.354750,5.422750,5.277000,5.385000,5.312905,580124000.00
2018-01-08,5.510000,5.625000,5.464500,5.550000,5.475698,881216000.00
2018-01-09,5.555500,5.595500,5.466000,5.548500,5.474217,497000000.00
2018-01-10,5.455000,5.595500,5.400000,5.592000,5.517132,582664000.00
2018-01-11,5.625000,5.656750,5.580250,5.602000,5.527001,406032000.00
2018-01-12,5.590000,5.624750,5.533500,5.574500,5.499868,359916000.00
2018-01-16,5.601250,5.687750,5.417250,5.502750,5.429078,702348000.00
2018-01-17,5.517500,5.628000,5.422500,5.618000,5.542788,538408000.00
2018-01-18,5.598500,5.666000,5.567000,5.611000,5.535881,408632000.00
2018-01-19,5.702250,5.777250,5.675000,5.752750,5.675733,609380000.00
2018-01-22,5.760750,5.844000,5.702500,5.842250,5.764033,550944000.00
2018-01-23,5.896250,5.995750,5.877500,5.972750,5.892787,475228000.00
2018-01-24,5.976000,6.012250,5.838750,5.895000,5.816077,579972000.00
2018-01-25,5.950000,5.993750,5.893750,5.908750,5.829643,409884000.00
2018-01-26,5.953000,6.083500,5.940000,6.083250,6.001807,516356000.00
2018-01-29,6.068500,6.202750,6.015250,6.171250,6.088628,455116000.00
2018-01-30,6.027750,6.160500,5.960250,6.068000,5.986762,570832000.00
2018-01-31,6.144250,6.231750,6.111250,6.145000,6.062730,478576000.00
2018-02-01,5.963000,6.172500,5.951500,6.012500,5.932003,519224000.00
2018-02-02,5.925000,5.949250,5.779250,5.838000,5.759840,718464000.00
2018-02-05,5.675000,5.830750,5.125000,5.342500,5.270973,1165204000.00
2018-02-06,5.110000,5.642500,5.100000,5.639500,5.563998,1114800000.00
2018-02-07,5.739500,5.874250,5.667500,5.720000,5.643419,802932000.00
2018-02-08,5.847000,5.880500,5.437750,5.438000,5.365196,1144000000.00
2018-02-09,5.956250,5.972250,5.438000,5.802000,5.724322,1674604000.00
2018-02-12,5.884000,5.887000,5.625750,5.700750,5.624428,1093172000.00
2018-02-13,5.664000,5.862500,5.631250,5.815750,5.737889,625524000.00
2018-02-14,5.775000,6.064750,5.763750,6.035500,5.954696,744988000.00
2018-02-15,6.119750,6.209250,6.038000,6.162500,6.079997,698900000.00
2018-02-16,6.135000,6.250000,6.086750,6.096000,6.014386,637656000.00
2018-02-20,6.118750,6.296750,6.115000,6.227000,6.143632,686240000.00
2018-02-21,6.292250,6.299250,6.034000,6.037750,5.956917,892292000.00
2018-02-22,6.068250,6.140750,5.987500,6.053750,5.976416,534364000.00
2018-02-23,6.114250,6.148250,6.063000,6.148250,6.069708,415300000.00
2018-02-26,6.195000,6.199500,6.101500,6.164500,6.085750,469312000.00
2018-02-27,6.137500,6.222750,6.128250,6.151500,6.072915,455436000.00
2018-02-28,6.162500,6.202500,6.038250,6.050000,5.972712,523116000.00
2018-03-01,6.047750,6.102250,5.703000,5.805250,5.731088,1040120000.00
2018-03-02,5.696500,5.920000,5.546250,5.913500,5.837956,913428000.00
2018-03-05,5.862750,5.931250,5.738000,5.891250,5.815989,620776000.00
2018-03-06,5.977500,6.073500,5.934000,6.054000,5.976661,636808000.00
2018-03-07,5.950000,6.098750,5.948750,6.046000,5.968764,581208000.00
2018-03-08,6.073750,6.073750,5.984750,6.029500,5.952473,411912000.00
2018-03-09,6.077500,6.146250,6.061250,6.133250,6.054898,505524000.00
2018-03-12,6.175000,6.325000,6.166750,6.244000,6.164233,605060000.00
2018-03-13,6.287250,6.362500,6.151000,6.192750,6.113639,619772000.00
2018-03-14,6.236250,6.263750,6.155500,6.218500,6.139058,505496000.00
2018-03-15,6.232250,6.315500,6.191000,6.233500,6.153868,401952000.00
2018-03-16,6.250000,6.281250,6.212000,6.262000,6.182003,399456000.00
2018-03-19,6.204500,6.233750,5.925000,6.025000,5.948032,713772000.00
2018-03-20,6.028000,6.278750,6.028000,6.239500,6.159792,554696000.00
2018-03-21,6.233000,6.300000,6.183250,6.214000,6.134616,438688000.00
2018-03-22,6.150000,6.197000,6.008500,6.046250,5.969008,551196000.00
2018-03-23,6.060000,6.062500,5.813000,5.824250,5.749846,735620000.00
2018-03-26,5.950000,6.113250,5.897500,6.112000,6.033920,611424000.00
2018-03-27,6.193750,6.250000,5.496250,5.638000,5.565975,1409000000.00
2018-03-28,5.603250,5.734750,5.425000,5.533750,5.463058,945904000.00
2018-03-29,5.602750,5.887500,5.517500,5.789750,5.715786,916628000.00
2018-04-02,5.718500,5.866250,5.437500,5.526250,5.455652,922092000.00
2018-04-03,5.695000,5.758750,5.533750,5.633750,5.561779,667432000.00
2018-04-04,5.375250,5.666500,5.350000,5.656000,5.583745,789168000.00
2018-04-05,5.715000,5.728250,5.462250,5.534500,5.463798,701240000.00
2018-04-06,5.430750,5.540000,5.326750,5.356250,5.287826,662988000.00
2018-04-09,5.420000,5.549250,5.365000,5.385250,5.316454,499524000.00
2018-04-10,5.618000,5.725000,5.560250,5.697750,5.624961,761676000.00
2018-04-11,5.682750,5.724500,5.623000,5.656000,5.583745,460244000.00
2018-04-12,5.750000,5.883000,5.705250,5.865000,5.790074,593920000.00
2018-04-13,5.929250,5.937750,5.738750,5.787500,5.713566,503036000.00
2018-04-16,5.794250,5.821000,5.692000,5.787250,5.713317,350792000.00
2018-04-17,5.840000,5.960000,5.783750,5.938500,5.862637,447224000.00
2018-04-18,5.887500,5.981250,5.819250,5.909250,5.833760,391364000.00
2018-04-19,5.793750,5.827500,5.670000,5.726000,5.652850,471996000.00
2018-04-20,5.717250,5.802500,5.686250,5.717750,5.644706,386200000.00
2018-04-23,5.735750,5.787500,5.570750,5.597000,5.525498,427508000.00
2018-04-24,5.623000,5.720000,5.464000,5.530000,5.459353,414596000.00
2018-04-25,5.500000,5.539500,5.257500,5.416500,5.347305,588492000.00
2018-04-26,5.580000,5.638750,5.513250,5.630500,5.558571,375824000.00
2018-04-27,5.737500,5.757500,5.615500,5.658250,5.585966,400848000.00
2018-04-30,5.674750,5.725000,5.603000,5.622500,5.550672,327844000.00
2018-05-01,5.614250,5.681250,5.555000,5.678500,5.605957,253788000.00
2018-05-02,5.675000,5.720000,5.631250,5.657750,5.585473,268248000.00
2018-05-03,5.690000,5.851250,5.644250,5.824750,5.750339,443144000.00
2018-05-04,5.795750,5.979750,5.778250,5.976500,5.900150,400660000.00
2018-05-07,6.082250,6.274750,6.072250,6.217000,6.137579,687616000.00
2018-05-08,6.217250,6.262750,6.167750,6.260000,6.180029,506616000.00
2018-05-09,6.280250,6.396750,6.252750,6.394500,6.312812,596760000.00
2018-05-10,6.448000,6.512500,6.430000,6.503250,6.420172,994080000.00
2018-05-11,6.319500,6.494750,6.263500,6.363250,6.281960,1214456000.00
2018-05-14,6.401750,6.462250,6.360000,6.384000,6.302445,523140000.00
2018-05-15,6.319750,6.322500,6.037500,6.139000,6.060576,963528000.00
2018-05-16,6.100000,6.213000,6.062750,6.150250,6.071681,553828000.00
2018-05-17,6.152000,6.287500,6.135750,6.192750,6.113639,519784000.00
2018-05-18,6.245250,6.309250,6.143500,6.148500,6.069952,483716000.00
2018-05-21,6.247000,6.250750,6.012250,6.106000,6.027997,640624000.00
2018-05-22,6.119500,6.145000,6.006250,6.067500,5.989987,518264000.00
2018-05-23,6.007000,6.189750,6.006250,6.188500,6.113220,442956000.00
2018-05-24,6.184750,6.235000,6.131000,6.192250,6.116925,437372000.00
2018-05-25,6.205000,6.248500,6.169000,6.232000,6.156191,292112000.00
2018-05-29,6.213750,6.283500,6.167500,6.214750,6.139151,352684000.00
2018-05-30,6.248750,6.333500,6.223750,6.324750,6.247814,390996000.00
2018-05-31,6.292500,6.380000,6.281750,6.304750,6.228057,493868000.00
2018-06-01,6.350000,6.446750,6.341250,6.440500,6.362156,421968000.00
2018-06-04,6.475000,6.643500,6.442500,6.621250,6.540707,642024000.00
2018-06-05,6.624500,6.664750,6.579250,6.626750,6.546140,391712000.00
2018-06-06,6.535750,6.632000,6.519250,6.628750,6.548115,371356000.00
2018-06-07,6.625000,6.637000,6.481250,6.572500,6.492549,369448000.00
2018-06-08,6.499000,6.600000,6.480000,6.557000,6.477238,360456000.00
2018-06-11,6.544250,6.586250,6.502500,6.515500,6.436242,265372000.00
2018-06-12,6.542250,6.576750,6.491500,6.564500,6.484647,319160000.00
2018-06-13,6.566000,6.641750,6.550750,6.560000,6.480202,338208000.00
2018-06-14,6.605500,6.730000,6.590500,6.672750,6.591580,430016000.00
2018-06-15,6.615000,6.687000,6.583750,6.631500,6.550831,432260000.00
2018-06-18,6.587000,6.645000,6.559500,6.627250,6.546635,356268000.00
2018-06-19,6.523000,6.591000,6.375500,6.504250,6.425128,594932000.00
2018-06-20,6.545750,6.611250,6.507000,6.557750,6.477979,369780000.00
2018-06-21,6.590000,6.608500,6.420000,6.427750,6.349560,359516000.00
2018-06-22,6.448750,6.462250,6.258250,6.273750,6.197433,434160000.00
2018-06-25,6.166250,6.170000,5.888500,5.978000,5.905282,665816000.00
2018-06-26,6.092500,6.141250,5.997750,6.049750,5.976159,478884000.00
2018-06-27,6.093750,6.160750,5.887500,5.893000,5.821315,453892000.00
2018-06-28,5.883000,6.033500,5.875250,6.021500,5.948253,338012000.00
2018-06-29,6.087250,6.100000,5.921250,5.922500,5.850455,392300000.00
2018-07-02,5.852250,6.059750,5.831500,6.056000,5.982332,357572000.00
2018-07-03,6.091000,6.097000,5.912500,5.921000,5.848975,222732000.00
2018-07-05,5.976750,6.073250,5.937500,6.068250,5.994433,306216000.00
2018-07-06,6.043500,6.191750,6.022000,6.183250,6.108034,296352000.00
2018-07-09,6.258250,6.268000,6.151750,6.231250,6.155451,303880000.00
2018-07-10,6.243750,6.353500,6.203000,6.331250,6.254235,360016000.00
2018-07-11,6.237500,6.272500,6.177500,6.188250,6.112974,367508000.00
2018-07-12,6.234000,6.329250,6.224000,6.280750,6.204348,345508000.00
2018-07-13,6.299500,6.299500,6.190500,6.233000,6.157179,246988000.00
2018-07-16,6.205000,6.258500,6.192500,6.205000,6.129519,197036000.00
2018-07-17,6.155250,6.357500,6.129500,6.342250,6.265100,362136000.00
2018-07-18,6.334750,6.348750,6.241000,6.292500,6.215956,277640000.00
2018-07-19,6.273500,6.334750,6.258250,6.300750,6.224104,235752000.00
2018-07-20,6.298250,6.337500,6.261250,6.272250,6.195953,222352000.00
2018-07-23,6.245500,6.247250,6.082000,6.235250,6.159402,301584000.00
2018-07-24,6.283750,6.371250,6.200000,6.217750,6.142115,354620000.00
2018-07-25,6.227250,6.309500,6.168750,6.296750,6.220153,319112000.00
2018-07-26,6.276500,6.408250,6.259500,6.371000,6.293500,325124000.00
2018-07-27,6.408000,6.415000,6.246000,6.300500,6.223858,295420000.00
2018-07-30,6.314750,6.320750,6.068000,6.103250,6.029008,340340000.00
2018-07-31,6.092750,6.197000,6.053500,6.121500,6.047034,283988000.00
2018-08-01,6.153250,6.209000,6.097250,6.161750,6.086796,283556000.00
2018-08-02,6.089750,6.269500,6.030250,6.265500,6.189283,269668000.00
2018-08-03,6.290250,6.326500,6.273250,6.302500,6.225833,214288000.00
2018-08-06,6.289750,6.354250,6.242750,6.350750,6.273497,207508000.00
2018-08-07,6.400000,6.442500,6.373000,6.423750,6.345608,258132000.00
2018-08-08,6.425000,6.506000,6.389750,6.460500,6.381910,262100000.00
2018-08-09,6.478500,6.481250,6.403750,6.411500,6.333508,204280000.00
2018-08-10,6.328750,6.402500,6.317500,6.369750,6.292267,256396000.00
2018-08-13,6.378500,6.525000,6.376750,6.403000,6.325112,375208000.00
2018-08-14,6.509500,6.550000,6.425500,6.535750,6.456247,466220000.00
2018-08-15,6.556750,6.591000,6.397500,6.477000,6.398211,591136000.00
2018-08-16,6.547500,6.550000,6.375250,6.436000,6.357710,801260000.00
2018-08-17,6.323500,6.324250,6.093250,6.120500,6.046048,1143188000.00
2018-08-20,6.079500,6.330000,5.968000,6.196000,6.120630,854388000.00
2018-08-21,6.212500,6.337500,6.192500,6.333000,6.255965,673988000.00
2018-08-22,6.300000,6.575500,6.296500,6.570500,6.490574,749856000.00
2018-08-23,6.531500,6.737000,6.517500,6.671000,6.589851,720684000.00
2018-08-24,6.679500,6.820250,6.675000,6.805500,6.722714,531512000.00
2018-08-27,6.835500,6.972500,6.803750,6.897500,6.813596,505776000.00
2018-08-28,6.891500,6.914500,6.738250,6.859500,6.776057,475384000.00
2018-08-29,6.848000,6.987500,6.827000,6.962250,6.881320,420108000.00
2018-08-30,6.930750,7.043000,6.908000,6.945250,6.864519,346608000.00
2018-08-31,6.925000,7.030000,6.915000,7.017000,6.935434,306592000.00
2018-09-04,7.003750,7.130500,6.975000,7.092500,7.010057,391720000.00
2018-09-05,7.074750,7.110500,6.878750,6.960500,6.879589,393156000.00
2018-09-06,6.944000,6.946500,6.784750,6.818000,6.738748,322796000.00
2018-09-07,6.725000,6.923250,6.679750,6.796500,6.717498,295420000.00
2018-09-10,6.819250,6.898250,6.775000,6.868250,6.788413,220140000.00
2018-09-11,6.821500,6.910000,6.800500,6.820000,6.740724,243112000.00
2018-09-12,6.779750,6.799500,6.548000,6.705000,6.627061,419092000.00
2018-09-13,6.771500,6.875000,6.754000,6.783500,6.704649,305536000.00
2018-09-14,6.874750,6.977500,6.837500,6.910750,6.830419,386936000.00
2018-09-17,6.885000,6.934500,6.828750,6.848250,6.768646,205528000.00
2018-09-18,6.852250,6.956000,6.768750,6.775500,6.696740,299520000.00
2018-09-19,6.756750,6.817500,6.706250,6.799500,6.720463,224860000.00
2018-09-20,6.676250,6.719000,6.602500,6.657000,6.579618,430584000.00
2018-09-21,6.669000,6.715000,6.552750,6.586250,6.509692,435128000.00
2018-09-24,6.555000,6.646000,6.467000,6.642500,6.565287,293912000.00
2018-09-25,6.709250,6.735500,6.622750,6.710250,6.632250,280388000.00
2018-09-26,6.715250,6.756000,6.657000,6.673000,6.595434,268548000.00
2018-09-27,6.708500,6.730000,6.653250,6.685000,6.607295,214428000.00
2018-09-28,6.818250,7.048000,6.790000,7.025500,6.943835,709396000.00
2018-10-01,7.104000,7.301500,7.065000,7.234000,7.149911,622060000.00
2018-10-02,7.206250,7.319000,7.139500,7.162000,7.078749,383964000.00
2018-10-03,7.233000,7.240500,7.063250,7.168250,7.084926,320552000.00
2018-10-04,7.131750,7.156250,6.904500,6.982250,6.901088,391220000.00
2018-10-05,6.957250,7.020000,6.688500,6.746500,6.668078,426636000.00
2018-10-08,6.662500,6.779000,6.502000,6.644250,6.567017,408612000.00
2018-10-09,6.623500,6.719000,6.570000,6.638500,6.561334,273500000.00
2018-10-10,6.531500,6.577750,6.140000,6.142250,6.070852,684940000.00
2018-10-11,6.054250,6.189000,5.856500,5.878250,5.809921,725436000.00
2018-10-12,6.137750,6.238500,5.991250,6.163500,6.091855,608236000.00
2018-10-15,6.150000,6.150000,5.883500,5.884500,5.816098,449760000.00
2018-10-16,5.998250,6.157000,5.948500,6.145750,6.074311,408712000.00
2018-10-17,6.208500,6.247000,6.027000,6.076500,6.005867,329668000.00
2018-10-18,6.146500,6.185250,5.927250,5.988250,5.918642,524020000.00
2018-10-19,6.044000,6.063750,5.692500,5.729250,5.662653,613608000.00
2018-10-22,5.782000,5.883000,5.676750,5.780500,5.713306,368844000.00
2018-10-23,5.510750,5.604750,5.417750,5.526500,5.462261,626436000.00
2018-10-24,5.487750,5.534750,4.971250,4.985250,4.927303,884288000.00
2018-10-25,4.886750,5.243750,4.842000,5.196000,5.135602,951720000.00
2018-10-26,4.957750,5.121000,4.828000,4.957250,4.899627,664784000.00
2018-10-29,5.099750,5.103250,4.400250,4.640500,4.586558,758016000.00
2018-10-30,4.663750,5.085000,4.640500,5.075000,5.016008,807192000.00
2018-10-31,5.241250,5.314750,5.100250,5.270750,5.209482,745772000.00
2018-11-01,5.307500,5.462250,5.179750,5.452750,5.389368,566528000.00
2018-11-02,5.443250,5.550000,5.255250,5.373000,5.310544,452960000.00
2018-11-05,5.359750,5.383250,5.132000,5.294250,5.232709,379332000.00
2018-11-06,5.286250,5.371250,5.239000,5.276500,5.215166,299012000.00
2018-11-07,5.343750,5.435250,5.279500,5.344750,5.282623,483812000.00
2018-11-08,5.285000,5.285750,5.095750,5.149750,5.089890,511352000.00
2018-11-09,5.060000,5.233000,5.026000,5.141750,5.081982,413240000.00
2018-11-12,5.049500,5.071750,4.716500,4.738500,4.683418,617116000.00
2018-11-13,4.837250,5.105250,4.831000,4.982750,4.924829,644712000.00
2018-11-14,5.157500,5.172000,4.820750,4.929750,4.872445,526580000.00
2018-11-15,4.923750,5.132500,4.887500,5.059750,5.000935,840708000.00
2018-11-16,4.083000,4.266500,4.040250,4.110750,4.062967,1963520000.00
2018-11-19,4.044750,4.045500,3.615750,3.617500,3.575450,1697820000.00
2018-11-20,3.351500,3.856500,3.332750,3.727000,3.683677,1692032000.00
2018-11-21,3.865500,3.882500,3.590250,3.617750,3.575697,1025496000.00
2018-11-23,3.582750,3.739750,3.569750,3.625000,3.582863,411968000.00
2018-11-26,3.747250,3.836750,3.664000,3.826250,3.781774,814832000.00
2018-11-27,3.800000,3.925250,3.763750,3.843250,3.798576,738060000.00
2018-11-28,3.962000,4.007000,3.828250,4.001750,3.955234,804524000.00
2018-11-29,4.000000,4.037500,3.903500,3.934000,3.892162,549172000.00
2018-11-30,3.943750,4.096500,3.893000,4.085750,4.042297,729564000.00
2018-12-03,4.315000,4.367000,4.183500,4.251000,4.205791,890804000.00
2018-12-04,4.206000,4.211000,3.912500,3.927750,3.885978,812112000.00
2018-12-06,3.786000,3.962250,3.770250,3.957250,3.915164,692308000.00
2018-12-07,3.961500,3.971750,3.640500,3.690250,3.651004,681676000.00
2018-12-10,3.645000,3.821500,3.641250,3.796500,3.756124,629472000.00
2018-12-11,3.889000,3.897250,3.625000,3.704750,3.665349,671912000.00
2018-12-12,3.710500,3.819500,3.620500,3.722500,3.682911,654136000.00
2018-12-13,3.769750,3.834500,3.686000,3.722250,3.682664,471384000.00
2018-12-14,3.680250,3.764750,3.637500,3.661250,3.622312,471820000.00
2018-12-17,3.631000,3.703750,3.531000,3.589500,3.551325,662868000.00
2018-12-18,3.633750,3.758250,3.606250,3.673500,3.634432,564372000.00
2018-12-19,3.639500,3.693500,3.410750,3.462750,3.425923,745364000.00
2018-12-20,3.454250,3.545000,3.317250,3.377500,3.341580,749588000.00
2018-12-21,3.404250,3.437500,3.211500,3.239250,3.204800,863740000.00
2018-12-24,3.162250,3.249500,3.112500,3.177000,3.143212,463840000.00
2018-12-26,3.223500,3.328500,3.111500,3.327500,3.292113,695100000.00
2018-12-27,3.274750,3.309500,3.129500,3.279250,3.244375,637044000.00
2018-12-28,3.300000,3.434750,3.257750,3.341250,3.305715,628728000.00
2018-12-31,3.385000,3.417750,3.306500,3.337500,3.302005,465140000.00
2019-01-02,3.266000,3.462000,3.251250,3.405500,3.369283,508752000.00
2019-01-03,3.344750,3.379000,3.192250,3.199750,3.165720,705552000.00
2019-01-04,3.273500,3.443250,3.242500,3.404750,3.368540,585620000.00
2019-01-07,3.462500,3.622250,3.410750,3.585000,3.546873,709160000.00
2019-01-08,3.667250,3.669500,3.422500,3.495750,3.458573,786016000.00
2019-01-09,3.547500,3.612250,3.496500,3.564500,3.526592,617260000.00
2019-01-10,3.545000,3.639500,3.484000,3.630750,3.592136,523156000.00
2019-01-11,3.608250,3.743750,3.580250,3.720750,3.681179,874764000.00
2019-01-14,3.668000,3.786500,3.644250,3.761000,3.721001,730168000.00
2019-01-15,3.794000,3.833750,3.728250,3.746750,3.706903,617012000.00
2019-01-16,3.774250,3.807500,3.715500,3.721000,3.681426,470104000.00
2019-01-17,3.687750,3.833250,3.660250,3.793000,3.752661,493436000.00
2019-01-18,3.843250,3.949500,3.791250,3.923250,3.881526,651336000.00
2019-01-22,3.892750,3.904500,3.688750,3.719250,3.679696,661552000.00
2019-01-23,3.775000,3.864500,3.700750,3.732250,3.692557,591020000.00
2019-01-24,3.817500,3.963750,3.812750,3.946000,3.904034,708972000.00
2019-01-25,3.886000,4.022000,3.782500,4.003750,3.961170,1154572000.00
2019-01-28,3.413750,3.541000,3.275000,3.450250,3.413556,2511528000.00
2019-01-29,3.403750,3.452500,3.275250,3.290000,3.255010,1153932000.00
2019-01-30,3.366750,3.449250,3.286500,3.434750,3.398222,974228000.00
2019-01-31,3.431500,3.629750,3.409500,3.593750,3.555530,842852000.00
2019-02-01,3.612500,3.669750,3.564500,3.618250,3.579769,625048000.00
2019-02-04,3.634250,3.767000,3.612000,3.729500,3.689837,528592000.00
2019-02-05,3.741500,3.785750,3.707500,3.748750,3.708881,542424000.00
2019-02-06,3.782250,3.890000,3.776750,3.825000,3.784321,702464000.00
2019-02-07,3.778250,3.780500,3.642250,3.685500,3.646304,637120000.00
2019-02-08,3.617750,3.715000,3.603250,3.704250,3.664855,461604000.00
2019-02-11,3.659750,3.714500,3.612500,3.661250,3.622312,495180000.00
2019-02-12,3.700000,3.795000,3.685500,3.779250,3.739057,591060000.00
2019-02-13,3.809000,3.895750,3.795250,3.822000,3.781353,605372000.00
2019-02-14,3.821000,3.891750,3.777500,3.863250,3.822164,827264000.00
2019-02-15,4.073750,4.096750,3.910500,3.933500,3.891667,1516748000.00
2019-02-19,3.922750,3.997250,3.903500,3.916000,3.874353,551892000.00
2019-02-20,3.945500,4.031500,3.934250,3.963750,3.921594,540988000.00
2019-02-21,3.976500,4.001250,3.879500,3.894250,3.852834,448548000.00
2019-02-22,3.946500,3.998750,3.932750,3.979750,3.937425,401740000.00
2019-02-25,4.064000,4.132000,3.958500,3.967250,3.925058,656020000.00
2019-02-26,3.962500,4.019000,3.893750,3.927500,3.885731,488464000.00
2019-02-27,3.913000,3.939750,3.827750,3.885250,3.843930,500256000.00
2019-02-28,3.875000,3.897500,3.834000,3.856500,3.819418,324944000.00
2019-03-01,3.906750,3.953750,3.848000,3.911250,3.873641,357188000.00
2019-03-04,3.950000,3.973000,3.862500,3.919500,3.881812,409992000.00
2019-03-05,3.903750,3.951500,3.849000,3.913000,3.875375,362924000.00
2019-03-06,3.904000,3.912500,3.798500,3.801250,3.764699,403524000.00
2019-03-07,3.777500,3.787250,3.685000,3.731500,3.695620,450104000.00
2019-03-08,3.641500,3.776750,3.620000,3.766000,3.729788,422416000.00
2019-03-11,3.789750,4.051500,3.742250,4.028500,3.989766,859728000.00
2019-03-12,4.056500,4.109750,3.979750,4.063000,4.023934,579576000.00
2019-03-13,4.100750,4.245000,4.093250,4.215500,4.174967,768900000.00
2019-03-14,4.224750,4.236750,4.131250,4.139000,4.099203,519384000.00
2019-03-15,4.182500,4.288250,4.179000,4.245250,4.204430,661484000.00
2019-03-18,4.277000,4.331250,4.196500,4.223750,4.183137,486992000.00
2019-03-19,4.319000,4.437500,4.302000,4.392750,4.350512,854972000.00
2019-03-20,4.422000,4.475750,4.325000,4.360000,4.318078,719148000.00
2019-03-21,4.383250,4.625000,4.378250,4.598500,4.554282,824312000.00
2019-03-22,4.571000,4.620000,4.423500,4.437500,4.394831,747644000.00
2019-03-25,4.396500,4.461250,4.277750,4.344500,4.302726,525212000.00
2019-03-26,4.487250,4.543750,4.365000,4.421750,4.379234,703508000.00
2019-03-27,4.447500,4.494250,4.342500,4.412500,4.370072,474372000.00
2019-03-28,4.438750,4.497500,4.377750,4.431250,4.388642,480264000.00
2019-03-29,4.498500,4.513500,4.447750,4.489000,4.445836,456896000.00
2019-04-01,4.581500,4.587500,4.509250,4.557000,4.513183,483824000.00
2019-04-02,4.581250,4.619750,4.538000,4.575000,4.531009,440920000.00
2019-04-03,4.625000,4.775000,4.620000,4.715500,4.670158,783504000.00
2019-04-04,4.700000,4.749250,4.643250,4.706500,4.661245,457376000.00
2019-04-05,4.750000,4.791250,4.713250,4.773750,4.727848,481744000.00
2019-04-08,4.743000,4.820000,4.718750,4.794750,4.748646,424192000.00
2019-04-09,4.761000,4.772250,4.689000,4.731500,4.686006,439972000.00
2019-04-10,4.730750,4.828500,4.726250,4.802500,4.756321,444772000.00
2019-04-11,4.805000,4.836750,4.738750,4.788500,4.742456,374600000.00
2019-04-12,4.827500,4.831500,4.741500,4.750250,4.704574,471708000.00
2019-04-15,4.742500,4.747500,4.577500,4.617500,4.573099,440092000.00
2019-04-16,4.657000,4.724250,4.624000,4.705250,4.660006,394964000.00
2019-04-17,4.740500,4.761500,4.659750,4.682250,4.637227,351004000.00
2019-04-18,4.689000,4.723250,4.629500,4.657500,4.612715,380988000.00
2019-04-22,4.633750,4.727500,4.602000,4.711750,4.666445,279936000.00
2019-04-23,4.725000,4.798250,4.715250,4.766750,4.720916,346856000.00
2019-04-24,4.777250,4.820250,4.716000,4.779250,4.733296,318204000.00
2019-04-25,4.738750,4.761250,4.592500,4.672750,4.627819,499296000.00
2019-04-26,4.517750,4.522250,4.332500,4.452250,4.409438,868988000.00
2019-04-29,4.460250,4.511250,4.387500,4.483250,4.440141,391920000.00
2019-04-30,4.450750,4.550750,4.431500,4.525000,4.481491,362920000.00
2019-05-01,4.577750,4.620250,4.511500,4.511750,4.468367,354280000.00
2019-05-02,4.521500,4.621750,4.478000,4.579750,4.535714,394684000.00
2019-05-03,4.588250,4.598250,4.513250,4.575250,4.531256,336824000.00
2019-05-06,4.387500,4.508500,4.350000,4.496250,4.453016,422176000.00
2019-05-07,4.447500,4.447500,4.279250,4.327750,4.286137,555220000.00
2019-05-08,4.300000,4.428750,4.288000,4.348000,4.306191,419168000.00
2019-05-09,4.278500,4.288250,4.135000,4.254750,4.213837,660248000.00
2019-05-10,4.223750,4.289750,4.100000,4.220500,4.179918,569500000.00
2019-05-13,4.087500,4.110750,3.945250,3.961250,3.923162,656912000.00
2019-05-14,4.001250,4.086500,3.962250,4.051000,4.012047,524880000.00
2019-05-15,3.995000,4.026250,3.935250,3.989500,3.951139,502320000.00
2019-05-16,3.984000,4.047750,3.941250,4.004750,3.966241,781088000.00
2019-05-17,3.962500,4.092750,3.873500,3.913250,3.875623,1022068000.00
2019-05-20,3.813750,3.869250,3.768750,3.793750,3.757271,572064000.00
2019-05-21,3.855000,3.892500,3.816000,3.876500,3.839226,361848000.00
2019-05-22,3.837500,3.863750,3.794000,3.805000,3.768413,325868000.00
2019-05-23,3.742250,3.742250,3.622750,3.683000,3.647586,591844000.00
2019-05-24,3.702000,3.737500,3.622000,3.628750,3.593858,357584000.00
2019-05-28,3.646500,3.679500,3.581250,3.583250,3.548796,428356000.00
2019-05-29,3.535250,3.570500,3.473500,3.508500,3.474765,559800000.00
2019-05-30,3.507750,3.543750,3.439250,3.477750,3.448242,394300000.00
2019-05-31,3.428500,3.496250,3.384750,3.386500,3.357765,389720000.00
2019-06-03,3.397750,3.436750,3.315000,3.344500,3.316123,478644000.00
2019-06-04,3.409000,3.580250,3.386750,3.575000,3.544666,641836000.00
2019-06-05,3.649250,3.654750,3.495500,3.532000,3.502031,511616000.00
2019-06-06,3.536250,3.619250,3.533750,3.594500,3.564001,408140000.00
2019-06-07,3.600500,3.672000,3.581250,3.637500,3.606636,348856000.00
2019-06-10,3.694000,3.779750,3.694000,3.710750,3.679265,402780000.00
2019-06-11,3.771000,3.809000,3.729000,3.768750,3.736771,383872000.00
2019-06-12,3.725000,3.731250,3.639750,3.655000,3.623988,358892000.00
2019-06-13,3.677250,3.725000,3.659500,3.706500,3.675050,308080000.00
2019-06-14,3.612750,3.637250,3.571000,3.616000,3.585318,394428000.00
2019-06-17,3.614250,3.663000,3.591250,3.625750,3.594985,276040000.00
2019-06-18,3.687500,3.877750,3.676500,3.822000,3.789571,581920000.00
2019-06-19,3.857500,3.869000,3.801750,3.828000,3.795519,331644000.00
2019-06-20,3.919250,3.933250,3.838000,3.852500,3.819812,350168000.00
2019-06-21,3.837500,3.887000,3.787500,3.794000,3.761807,434428000.00
2019-06-24,3.815500,3.846250,3.768000,3.816500,3.784117,282948000.00
2019-06-25,3.821500,3.897000,3.784250,3.787000,3.754867,311868000.00
2019-06-26,3.915250,4.043000,3.902250,3.981500,3.947716,584072000.00
2019-06-27,4.067750,4.100000,4.031500,4.080750,4.046125,445440000.00
2019-06-28,4.125000,4.134250,4.058750,4.105750,4.070913,397668000.00
2019-07-01,4.314250,4.348750,4.116500,4.154250,4.119000,709756000.00
2019-07-02,4.137500,4.158750,4.042500,4.055750,4.021337,400228000.00
2019-07-03,4.079250,4.085000,4.008500,4.068750,4.034227,246636000.00
2019-07-05,4.010000,4.014500,3.942000,4.005750,3.971761,396552000.00
2019-07-08,3.945750,3.964750,3.900000,3.930250,3.896902,329788000.00
2019-07-09,3.887750,3.961000,3.875000,3.932750,3.899380,342860000.00
2019-07-10,3.976500,4.059250,3.962500,4.001500,3.967547,452076000.00
2019-07-11,4.075000,4.198000,4.037500,4.157000,4.121728,682560000.00
2019-07-12,4.185000,4.261750,4.185000,4.190250,4.154694,506392000.00
2019-07-15,4.211500,4.227750,4.153250,4.181750,4.146267,289840000.00
2019-07-16,4.166750,4.204250,4.121000,4.177000,4.141558,341444000.00
2019-07-17,4.178750,4.249750,4.149250,4.242750,4.206751,348204000.00
2019-07-18,4.253250,4.317750,4.196250,4.254500,4.218400,442192000.00
2019-07-19,4.293000,4.299500,4.205000,4.211000,4.175267,344896000.00
2019-07-22,4.232500,4.296000,4.225000,4.283000,4.246659,315940000.00
2019-07-23,4.322500,4.393500,4.306750,4.391500,4.354237,428176000.00
2019-07-24,4.435000,4.472250,4.358500,4.466500,4.428601,366236000.00
2019-07-25,4.424750,4.437500,4.311000,4.334500,4.297721,392700000.00
2019-07-26,4.361750,4.423750,4.361750,4.376750,4.339615,274160000.00
2019-07-29,4.369500,4.386750,4.281750,4.370500,4.333417,248160000.00
2019-07-30,4.323750,4.398500,4.309250,4.386250,4.349033,197772000.00
2019-07-31,4.354500,4.355500,4.175500,4.218000,4.182211,359416000.00
2019-08-01,4.228500,4.319500,4.070500,4.123000,4.088017,421212000.00
2019-08-02,4.029750,4.099500,3.982000,4.029750,3.995558,428348000.00
2019-08-05,3.845000,3.846250,3.722500,3.769750,3.737764,589156000.00
2019-08-06,3.845000,3.890750,3.760750,3.808750,3.776433,361272000.00
2019-08-07,3.747500,3.859250,3.730000,3.847250,3.814606,372560000.00
2019-08-08,3.905250,3.957750,3.847500,3.956500,3.922929,309300000.00
2019-08-09,3.915250,3.918750,3.803750,3.854500,3.821795,341816000.00
2019-08-12,3.802000,3.854500,3.764250,3.786250,3.754124,279200000.00
2019-08-13,3.784750,3.947500,3.745500,3.901250,3.868147,351956000.00
2019-08-14,3.812500,3.823750,3.707750,3.751750,3.719917,419880000.00
2019-08-15,3.770750,3.790750,3.684750,3.719250,3.687693,477200000.00
2019-08-16,3.983750,4.038500,3.922000,3.989000,3.955153,1007960000.00
2019-08-19,4.103000,4.285500,4.086750,4.269500,4.233274,815112000.00
2019-08-20,4.264000,4.264500,4.175500,4.196750,4.161140,463188000.00
2019-08-21,4.263250,4.336250,4.241500,4.280750,4.244427,427244000.00
2019-08-22,4.290500,4.333250,4.247500,4.287000,4.250626,303488000.00
2019-08-23,4.210000,4.264750,4.041000,4.061000,4.026541,568056000.00
2019-08-26,4.140250,4.164500,4.097750,4.136250,4.101154,318208000.00
2019-08-27,4.174750,4.177500,4.015500,4.045000,4.010679,290968000.00
2019-08-28,4.014500,4.083500,3.975000,4.030500,4.000257,255612000.00
2019-08-29,4.122500,4.207500,4.119000,4.175000,4.143673,357976000.00
2019-08-30,4.221500,4.271500,4.169500,4.187750,4.156327,290616000.00
2019-09-03,4.114500,4.147750,4.081250,4.104250,4.073452,296140000.00
2019-09-04,4.165250,4.226500,4.165250,4.219000,4.187342,227728000.00
2019-09-05,4.321750,4.499750,4.320000,4.493500,4.459783,695676000.00
2019-09-06,4.470000,4.527250,4.428000,4.466250,4.432736,376976000.00
2019-09-09,4.497500,4.599500,4.496000,4.512500,4.478640,417524000.00
2019-09-10,4.479500,4.606250,4.469750,4.579500,4.545137,352812000.00
2019-09-11,4.594250,4.656750,4.565000,4.608250,4.573672,361512000.00
2019-09-12,4.655000,4.710000,4.598750,4.606750,4.572183,327840000.00
2019-09-13,4.539750,4.577000,4.504500,4.548500,4.514370,324592000.00
2019-09-16,4.473000,4.540000,4.462500,4.505250,4.471444,231832000.00
2019-09-17,4.512000,4.531000,4.465250,4.526750,4.492784,223048000.00
2019-09-18,4.519750,4.535500,4.412500,4.499500,4.465739,258152000.00
2019-09-19,4.505500,4.524000,4.412750,4.423500,4.390308,245476000.00
2019-09-20,4.422500,4.446250,4.307000,4.317250,4.284855,350244000.00
2019-09-23,4.317500,4.416750,4.313750,4.371000,4.338202,249712000.00
2019-09-24,4.402500,4.432250,4.277500,4.313250,4.280886,317268000.00
2019-09-25,4.312750,4.475500,4.267750,4.455750,4.422316,308432000.00
2019-09-26,4.446000,4.454750,4.382250,4.433500,4.400232,234564000.00
2019-09-27,4.391500,4.442500,4.233000,4.294000,4.261780,362056000.00
2019-09-30,4.320000,4.362000,4.288500,4.351750,4.319096,186184000.00
2019-10-01,4.375000,4.525000,4.345250,4.350000,4.317358,366008000.00
2019-10-02,4.328000,4.340000,4.253250,4.326000,4.293540,293372000.00
2019-10-03,4.330500,4.539000,4.300000,4.532750,4.498740,450588000.00
2019-10-04,4.535000,4.578750,4.469500,4.549250,4.515115,265524000.00
2019-10-07,4.614500,4.708500,4.605750,4.608250,4.573672,480984000.00
2019-10-08,4.516000,4.516000,4.412500,4.430750,4.397504,444436000.00
2019-10-09,4.508000,4.567500,4.479000,4.517750,4.483852,292412000.00
2019-10-10,4.515500,4.627000,4.510250,4.575750,4.541416,309124000.00
2019-10-11,4.660250,4.733500,4.641250,4.649750,4.614861,446404000.00
2019-10-14,4.641000,4.684250,4.609750,4.663250,4.628258,200040000.00
2019-10-15,4.754000,4.982250,4.740000,4.909250,4.872414,664124000.00
2019-10-16,4.875000,4.980500,4.843750,4.855250,4.818818,428944000.00
2019-10-17,4.900000,4.945250,4.802500,4.857250,4.820803,263436000.00
2019-10-18,4.857750,4.890500,4.687500,4.762250,4.726517,307440000.00
2019-10-21,4.824000,4.913750,4.805000,4.900250,4.863481,261868000.00
2019-10-22,4.957500,5.063250,4.882500,4.890250,4.853557,328720000.00
2019-10-23,4.807750,4.891500,4.775750,4.877250,4.840654,279916000.00
2019-10-24,4.918750,4.955250,4.884500,4.921500,4.884572,232020000.00
2019-10-25,5.002500,5.134500,4.994750,5.113500,5.075130,423092000.00
2019-10-28,5.157500,5.222500,5.128000,5.169750,5.130959,330792000.00
2019-10-29,5.155750,5.162250,5.053500,5.073000,5.034936,211236000.00
2019-10-30,5.100000,5.105750,5.006500,5.075000,5.036920,205960000.00
2019-10-31,5.054000,5.075000,4.945250,5.025500,4.987791,209732000.00
2019-11-01,4.990000,5.097250,4.964750,5.064750,5.026747,283640000.00
2019-11-04,5.146250,5.275000,5.123000,5.262500,5.223014,376716000.00
2019-11-05,5.262250,5.288500,5.192000,5.240250,5.200930,300868000.00
2019-11-06,5.216000,5.241750,5.102750,5.190750,5.151801,269012000.00
2019-11-07,5.277750,5.292500,5.163500,5.208500,5.169416,280340000.00
2019-11-08,5.191500,5.226250,5.153750,5.194500,5.155524,189100000.00
2019-11-11,5.193750,5.227750,5.107000,5.204500,5.165448,243436000.00
2019-11-12,5.243000,5.296500,5.207750,5.240250,5.200930,283504000.00
2019-11-13,5.208750,5.236500,5.147500,5.214250,5.175124,300188000.00
2019-11-14,5.223250,5.247000,5.163000,5.244750,5.205396,518080000.00
2019-11-15,5.242500,5.294500,5.016000,5.104750,5.066446,1053628000.00
2019-11-18,5.097250,5.333750,5.094250,5.307000,5.267178,574588000.00
2019-11-19,5.275750,5.299500,5.141250,5.199750,5.160734,414564000.00
2019-11-20,5.176750,5.363750,5.164000,5.279500,5.239884,472588000.00
2019-11-21,5.275000,5.331000,5.232750,5.254500,5.215073,288388000.00
2019-11-22,5.277250,5.324000,5.248500,5.272250,5.232689,224100000.00
2019-11-25,5.401000,5.535250,5.388000,5.530250,5.488754,506476000.00
2019-11-26,5.512500,5.517250,5.418500,5.425000,5.384293,385244000.00
2019-11-27,5.466750,5.501250,5.429500,5.456000,5.419056,215784000.00
2019-11-29,5.425000,5.453500,5.394500,5.418500,5.381809,141556000.00
2019-12-02,5.411500,5.425000,5.216000,5.231250,5.195827,372036000.00
2019-12-03,5.046750,5.195500,5.009250,5.191500,5.156347,465232000.00
2019-12-04,5.275500,5.298000,5.206750,5.235500,5.200048,273424000.00
2019-12-05,5.257500,5.273250,5.187750,5.218500,5.183163,184884000.00
2019-12-06,5.288000,5.337250,5.278000,5.304250,5.268333,232236000.00
2019-12-09,5.281250,5.359250,5.272500,5.304250,5.268333,211880000.00
2019-12-10,5.334500,5.401500,5.281500,5.349500,5.313275,256388000.00
2019-12-11,5.360000,5.439000,5.357500,5.433500,5.396708,233796000.00
2019-12-12,5.404500,5.620000,5.395500,5.601750,5.563819,404348000.00
2019-12-13,5.604750,5.724500,5.545500,5.599750,5.561832,454704000.00
2019-12-16,5.647500,5.701500,5.619250,5.628750,5.590636,320976000.00
2019-12-17,5.647500,5.730000,5.638000,5.707250,5.668607,321196000.00
2019-12-18,5.742250,5.798500,5.733750,5.737750,5.698898,343548000.00
2019-12-19,5.772500,5.900000,5.767500,5.886500,5.846641,445360000.00
2019-12-20,5.953250,6.009750,5.934000,5.984250,5.943729,603044000.00
2019-12-23,6.013000,6.045250,5.959750,5.970500,5.930073,355060000.00
2019-12-24,5.955000,5.982750,5.920500,5.965500,5.925106,138864000.00
2019-12-26,5.969000,6.008000,5.950000,5.979750,5.939260,182852000.00
2019-12-27,5.995000,6.008500,5.895250,5.921750,5.881654,254644000.00
2019-12-30,5.899750,5.905000,5.776500,5.808000,5.768673,258056000.00
2019-12-31,5.772500,5.892000,5.753250,5.882500,5.842668,231004000.00
2020-01-02,5.968750,5.997750,5.918000,5.997750,5.957138,237536000.00
2020-01-03,5.877500,5.945750,5.852500,5.901750,5.861788,205384000.00
2020-01-06,5.808000,5.931750,5.781750,5.926500,5.886371,262636000.00
2020-01-07,5.955000,6.044250,5.909750,5.998250,5.957635,314856000.00
2020-01-08,5.994000,6.051000,5.953750,6.009500,5.968807,277108000.00
2020-01-09,6.096250,6.148250,6.021500,6.075500,6.034363,255112000.00
2020-01-10,6.183250,6.213750,6.093750,6.108000,6.066641,316296000.00
2020-01-13,6.191500,6.324750,6.168750,6.299500,6.256845,319840000.00
2020-01-14,6.256500,6.282000,6.168750,6.182000,6.140142,359088000.00
2020-01-15,6.194750,6.217250,6.113250,6.139250,6.097678,263104000.00
2020-01-16,6.193000,6.229250,6.169500,6.223250,6.181109,284192000.00
2020-01-17,6.242500,6.250000,6.184250,6.232000,6.189801,253792000.00
2020-01-21,6.195250,6.232250,6.164250,6.198500,6.156529,217916000.00
2020-01-22,6.244000,6.339750,6.225000,6.252750,6.210412,239240000.00
2020-01-23,6.293000,6.330000,6.203750,6.321500,6.278697,244516000.00
2020-01-24,6.437500,6.487500,6.207500,6.262000,6.219599,373512000.00
2020-01-27,5.956000,6.056250,5.805750,6.005000,5.964339,470536000.00
2020-01-28,6.071250,6.231750,6.017750,6.199250,6.157274,310976000.00
2020-01-29,6.184750,6.221000,6.098500,6.138500,6.096936,258848000.00
2020-01-30,6.040250,6.158750,5.985000,6.145250,6.103640,290504000.00
2020-01-31,6.099250,6.111250,5.868750,5.910750,5.870727,370420000.00
2020-02-03,5.892500,6.027750,5.886250,6.008250,5.967568,255564000.00
2020-02-04,6.150750,6.197500,6.100500,6.178250,6.136414,271544000.00
2020-02-05,6.299750,6.310000,6.185250,6.269000,6.226552,208220000.00
2020-02-06,6.303500,6.356250,6.222000,6.356250,6.313209,218284000.00
2020-02-07,6.316000,6.338250,6.264250,6.289750,6.247161,189752000.00
2020-02-10,6.312500,6.575000,6.307500,6.574250,6.529734,529608000.00
2020-02-11,6.683000,6.812500,6.620750,6.697250,6.651901,638556000.00
2020-02-12,6.750250,6.820000,6.711250,6.813500,6.767365,374644000.00
2020-02-13,6.755250,6.837000,6.727750,6.769500,6.723662,528016000.00
2020-02-14,7.181500,7.374250,7.150000,7.244750,7.195694,1041924000.00
2020-02-18,7.141000,7.432750,7.121500,7.414250,7.364046,620164000.00
2020-02-19,7.537250,7.885250,7.537250,7.867500,7.814227,694332000.00
2020-02-20,7.819250,7.908000,7.408750,7.717500,7.665243,810052000.00
2020-02-21,7.604750,7.630000,7.266500,7.351750,7.301970,768180000.00
2020-02-24,6.754750,7.046750,6.700000,6.832000,6.785738,856916000.00
2020-02-25,6.907500,6.969750,6.449000,6.551250,6.506891,1055496000.00
2020-02-26,6.551500,6.886250,6.550000,6.691250,6.645942,747732000.00
2020-02-27,6.372500,6.675000,6.222250,6.315000,6.275992,906416000.00
2020-02-28,6.061500,6.811500,6.044750,6.751750,6.710045,1133252000.00
2020-03-02,6.922500,6.939750,6.525000,6.910750,6.868060,890744000.00
2020-03-03,6.966750,7.026750,6.561500,6.647250,6.606189,652792000.00
2020-03-04,6.755000,7.122250,6.680000,7.112750,7.068814,597408000.00
2020-03-05,6.912500,7.080000,6.787500,6.832250,6.790045,540328000.00
2020-03-06,6.652000,6.709750,6.450000,6.651000,6.609917,515412000.00
2020-03-09,5.997500,6.485000,5.954500,6.136000,6.098097,614160000.00
2020-03-10,6.413500,6.527000,6.149750,6.527000,6.486681,580648000.00
2020-03-11,6.386500,6.415000,6.064250,6.161750,6.123687,499964000.00
2020-03-12,5.636500,5.903000,5.395000,5.407750,5.374345,816540000.00
2020-03-13,5.762500,6.025500,5.490250,6.021000,5.983807,634836000.00
2020-03-16,5.310250,5.652500,4.850000,4.910000,4.879670,726972000.00
2020-03-17,5.022750,5.521500,4.775000,5.431750,5.398198,833632000.00
2020-03-18,5.002500,5.248500,4.517000,5.070500,5.039178,874268000.00
2020-03-19,5.049000,5.418250,4.834750,5.324250,5.291361,765512000.00
2020-03-20,5.475000,5.758000,5.128250,5.143750,5.111976,804636000.00
2020-03-23,5.142750,5.412000,4.963000,5.317250,5.284404,643876000.00
2020-03-24,5.725000,6.316500,5.701250,6.229500,6.191019,1101644000.00
2020-03-25,6.345000,6.545500,6.091500,6.140500,6.102569,793432000.00
2020-03-26,6.348500,6.555500,6.250000,6.431000,6.391275,696108000.00
2020-03-27,6.250000,6.578000,6.217000,6.318250,6.279221,638828000.00
2020-03-30,6.384000,6.649000,6.339750,6.639750,6.598736,602252000.00
2020-03-31,6.680000,6.885000,6.443750,6.590000,6.549293,949960000.00
2020-04-01,6.391250,6.538250,6.032000,6.076750,6.039213,656912000.00
2020-04-02,6.106000,6.400000,6.057750,6.386750,6.347298,675764000.00
2020-04-03,6.349000,6.390750,5.959750,6.097750,6.060082,663212000.00
2020-04-06,6.381000,6.747000,6.323250,6.710000,6.668552,727884000.00
2020-04-07,6.932500,6.956250,6.432500,6.475750,6.435749,784520000.00
2020-04-08,6.585250,6.698750,6.515000,6.673750,6.632526,542444000.00
2020-04-09,6.800000,6.823000,6.510500,6.573750,6.533143,525564000.00
2020-04-13,6.513750,6.755000,6.425000,6.746250,6.704577,398408000.00
2020-04-14,6.875000,7.133000,6.847250,7.098750,7.054900,530948000.00
2020-04-15,6.930000,7.104250,6.884500,7.021000,6.977630,366148000.00
2020-04-16,7.177000,7.475000,7.163750,7.367500,7.321990,745620000.00
2020-04-17,7.450000,7.471500,7.173500,7.308000,7.262857,539120000.00
2020-04-20,7.181000,7.337500,7.131750,7.176250,7.131921,449388000.00
2020-04-21,7.057750,7.119250,6.677750,6.737750,6.696130,735160000.00
2020-04-22,6.930750,7.196750,6.885000,7.153750,7.109561,483356000.00
2020-04-23,7.196000,7.328500,7.075000,7.100250,7.056391,424160000.00
2020-04-24,7.090000,7.241750,7.015000,7.239750,7.195028,352328000.00
2020-04-27,7.374750,7.587500,7.350000,7.427000,7.381123,479388000.00
2020-04-28,7.575000,7.605000,7.278500,7.284000,7.239005,442904000.00
2020-04-29,7.419250,7.514500,7.343750,7.461500,7.415410,379160000.00
2020-04-30,7.407250,7.461500,7.293000,7.307000,7.261864,375916000.00
2020-05-01,7.108750,7.222500,7.021000,7.069500,7.025830,342096000.00
2020-05-04,7.022000,7.296000,7.022000,7.282250,7.237267,317556000.00
2020-05-05,7.386750,7.506750,7.282250,7.343500,7.298139,368896000.00
2020-05-06,7.423250,7.550000,7.385250,7.444750,7.398763,323464000.00
2020-05-07,7.584500,7.685250,7.533000,7.621750,7.574670,373732000.00
2020-05-08,7.693750,7.818750,7.659750,7.812500,7.764242,339216000.00
2020-05-11,7.807500,8.112500,7.778750,8.065500,8.015680,469060000.00
2020-05-12,8.123500,8.172500,7.792750,7.802500,7.754302,493060000.00
2020-05-13,7.917500,8.078500,7.594750,7.780000,7.731941,625852000.00
2020-05-14,7.841750,8.036000,7.687500,8.030500,7.980894,602312000.00
2020-05-15,7.889750,8.500500,7.874000,8.490750,8.438303,987660000.00
2020-05-18,8.760500,8.916500,8.680500,8.750250,8.696200,774460000.00
2020-05-19,8.790250,9.087500,8.762750,8.805500,8.751107,717320000.00
2020-05-20,8.991000,9.043000,8.888750,8.970000,8.914590,587536000.00
2020-05-21,9.051500,9.052500,8.737500,8.775250,8.721044,761068000.00
2020-05-22,8.825250,9.093000,8.713250,9.026250,8.970492,1038764000.00
2020-05-26,9.156750,9.181750,8.672000,8.717750,8.663899,770780000.00
2020-05-27,8.625000,8.632750,7.996750,8.525250,8.472589,1175892000.00
2020-05-28,8.412250,8.760500,8.379250,8.487000,8.434573,734896000.00
2020-05-29,8.554500,8.875500,8.485000,8.875500,8.820673,745256000.00
2020-06-01,8.833250,8.840750,8.689500,8.806250,8.751850,389876000.00
2020-06-02,8.796250,8.837250,8.658000,8.825250,8.770737,391320000.00
2020-06-03,8.822250,8.866250,8.700000,8.769500,8.715330,365440000.00
2020-06-04,8.728000,8.943250,8.677500,8.766500,8.716322,424280000.00
2020-06-05,8.794500,8.997000,8.708000,8.920000,8.868946,481748000.00
2020-06-08,8.877250,8.889750,8.685750,8.805000,8.754604,387736000.00
2020-06-09,8.800000,9.109750,8.751250,9.046000,8.994221,468488000.00
2020-06-10,9.167750,9.500000,9.153500,9.366750,9.313138,632180000.00
2020-06-11,9.150000,9.261250,8.786000,8.796250,8.745905,583652000.00
2020-06-12,9.162500,9.187250,8.703250,8.932500,8.881374,570908000.00
2020-06-15,8.815250,9.182250,8.743750,9.173750,9.121244,400004000.00
2020-06-16,9.225000,9.266750,8.838750,9.068500,9.016595,535716000.00
2020-06-17,9.113750,9.299000,9.070250,9.236000,9.183136,408304000.00
2020-06-18,9.227000,9.282500,9.114500,9.218000,9.165242,254408000.00
2020-06-19,9.242500,9.445000,9.227250,9.261250,9.208241,524160000.00
2020-06-22,9.300000,9.531250,9.273250,9.526750,9.472223,398468000.00
2020-06-23,9.551000,9.642500,9.407500,9.450000,9.395911,375108000.00
2020-06-24,9.476250,9.556500,9.144500,9.235500,9.182639,449372000.00
2020-06-25,9.355750,9.505000,9.182250,9.490000,9.435681,376072000.00
2020-06-26,9.500000,9.500000,9.125000,9.155000,9.102602,592084000.00
2020-06-29,9.169750,9.204500,8.900000,9.200000,9.147344,342248000.00
2020-06-30,9.314000,9.526250,9.266500,9.497750,9.443390,367892000.00
2020-07-01,9.520750,9.575750,9.413000,9.530000,9.475454,326648000.00
2020-07-02,9.639000,9.737500,9.578250,9.612250,9.557232,364056000.00
2020-07-06,9.741750,9.908750,9.712500,9.839250,9.782933,315892000.00
2020-07-07,9.946250,10.070000,9.850750,9.871750,9.815248,357800000.00
2020-07-08,9.993750,10.225000,9.965500,10.216000,10.157528,365480000.00
2020-07-09,10.380250,10.570000,10.233500,10.509000,10.448853,494548000.00
2020-07-10,10.588750,10.655250,10.378750,10.479250,10.419271,497676000.00
2020-07-13,10.595000,10.792250,10.025000,10.052250,9.994713,457076000.00
2020-07-14,10.075000,10.402750,9.785500,10.377000,10.317605,542676000.00
2020-07-15,10.414250,10.433000,10.055750,10.227250,10.168714,403984000.00
2020-07-16,10.015000,10.206750,9.895500,10.134750,10.076745,344964000.00
2020-07-17,10.225500,10.248500,10.087750,10.201500,10.143111,266284000.00
2020-07-20,10.274250,10.531250,10.156750,10.510750,10.450589,284852000.00
2020-07-21,10.513000,10.560000,10.286750,10.328500,10.269383,277036000.00
2020-07-22,10.367500,10.602500,10.291500,10.438750,10.379005,367292000.00
2020-07-23,10.450000,10.547000,10.031250,10.129750,10.071771,411660000.00
2020-07-24,9.875000,10.364750,9.777000,10.194500,10.136152,473292000.00
2020-07-27,10.232250,10.441750,10.217750,10.421500,10.361851,292132000.00
2020-07-28,10.374250,10.382000,10.209250,10.215500,10.157031,271636000.00
2020-07-29,10.390750,10.516250,10.347000,10.465500,10.405600,284508000.00
2020-07-30,10.375000,10.623000,10.295250,10.614000,10.553253,308880000.00
2020-07-31,10.563250,10.766500,10.433000,10.614750,10.553999,386080000.00
2020-08-03,10.732500,11.098750,10.715250,11.010250,10.947228,412720000.00
2020-08-04,11.050000,11.227750,10.906000,11.227750,11.163487,310336000.00
2020-08-05,11.244000,11.371750,11.166250,11.286750,11.222147,249924000.00
2020-08-06,11.349750,11.358000,11.178750,11.335500,11.270618,244316000.00
2020-08-07,11.312500,11.504750,11.037500,11.199500,11.135400,342516000.00
2020-08-10,11.334250,11.408250,10.856500,11.165000,11.101096,427796000.00
2020-08-11,11.073750,11.136750,10.795750,10.850000,10.787900,354512000.00
2020-08-12,10.990750,11.467000,10.958250,11.440250,11.374772,464412000.00
2020-08-13,11.546000,11.721750,11.355750,11.443000,11.377506,374460000.00
2020-08-14,11.530000,11.704750,11.440500,11.564000,11.497812,366436000.00
2020-08-17,11.851250,12.409750,11.817250,12.337000,12.266387,621300000.00
2020-08-18,12.450000,12.496000,12.086250,12.260750,12.190573,503448000.00
2020-08-19,12.296500,12.315000,12.098000,12.138500,12.069022,622624000.00
2020-08-20,11.975000,12.375000,11.878750,12.141000,12.071509,921388000.00
2020-08-21,12.201750,12.808750,12.195250,12.683500,12.610905,999868000.00
2020-08-24,12.883750,12.912500,12.507500,12.720250,12.647444,490564000.00
2020-08-25,12.630750,12.761250,12.573750,12.750000,12.677028,289076000.00
2020-08-26,12.799250,12.868500,12.677750,12.773000,12.699891,321244000.00
2020-08-27,12.781500,12.850000,12.566500,12.628250,12.555970,317604000.00
2020-08-28,12.675000,13.148000,12.642500,13.147750,13.072497,537160000.00
2020-08-31,13.182750,13.575000,13.037750,13.374500,13.297949,500840000.00
2020-09-01,13.480000,13.993750,13.436500,13.821000,13.746007,511316000.00
2020-09-02,14.703750,14.726750,13.900000,14.346500,14.268656,874012000.00
2020-09-03,13.828750,13.884500,12.878750,13.015500,12.944874,945128000.00
2020-09-04,12.783750,13.175000,11.704750,12.622500,12.554008,1463684000.00
2020-09-08,11.734500,12.550000,11.704250,11.913000,11.848357,795728000.00
2020-09-09,12.400000,12.809250,12.231750,12.715000,12.646006,736200000.00
2020-09-10,12.989250,13.065250,12.167000,12.311750,12.244945,698684000.00
2020-09-11,12.485500,12.652500,11.895750,12.164500,12.098496,636928000.00
2020-09-14,13.081000,13.315000,12.631250,12.872250,12.802404,1201744000.00
2020-09-15,13.280000,13.298750,12.827750,12.991000,12.920508,727556000.00
2020-09-16,12.957250,13.092750,12.513750,12.514500,12.446594,556384000.00
2020-09-17,12.132250,12.589750,12.034750,12.463500,12.395872,792512000.00
2020-09-18,12.593750,12.632500,11.988750,12.189250,12.123108,698460000.00
2020-09-21,11.925000,12.522500,11.904500,12.517250,12.449330,721044000.00
2020-09-22,12.575000,12.648000,12.155500,12.637750,12.569175,646452000.00
2020-09-23,12.575500,12.727000,12.079250,12.123750,12.057964,647012000.00
2020-09-24,12.072250,12.569500,12.014000,12.348000,12.280999,731240000.00
2020-09-25,12.447500,12.883500,12.245750,12.873750,12.803893,588016000.00
2020-09-28,13.040250,13.051750,12.750000,13.035000,12.964272,573808000.00
2020-09-29,12.937500,13.442750,12.933250,13.225750,13.153984,621460000.00
2020-09-30,13.157500,13.622500,13.150250,13.530500,13.457081,689184000.00
2020-10-01,13.758000,13.762750,13.460750,13.614500,13.540627,525004000.00
2020-10-02,13.225000,13.519500,13.051000,13.062250,12.991371,552496000.00
2020-10-05,13.236000,13.644250,13.222750,13.642500,13.568476,479820000.00
2020-10-06,13.830000,14.142000,13.665000,13.736500,13.661964,784420000.00
2020-10-07,13.999750,14.119250,13.863500,13.964000,13.888227,418084000.00
2020-10-08,14.075000,14.084500,13.758000,13.838750,13.763661,378900000.00
2020-10-09,13.767000,13.824250,13.660750,13.762750,13.688072,346892000.00
2020-10-12,13.989500,14.347000,13.912500,14.226000,14.148810,434744000.00
2020-10-13,14.296500,14.348500,14.018750,14.248250,14.170935,344604000.00
2020-10-14,14.290500,14.342750,13.960000,14.095250,14.018767,276100000.00
2020-10-15,13.810750,14.005750,13.767750,13.970000,13.894198,267224000.00
2020-10-16,14.036750,14.121500,13.792500,13.811500,13.736556,242392000.00
2020-10-19,13.903000,13.983500,13.406750,13.497750,13.424510,298068000.00
2020-10-20,13.583500,13.799750,13.507000,13.645500,13.571458,229212000.00
2020-10-21,13.625000,13.791500,13.477500,13.524750,13.451363,219596000.00
2020-10-22,13.522500,13.611750,13.231750,13.361000,13.288502,290480000.00
2020-10-23,13.450000,13.593250,13.291250,13.590250,13.516510,233484000.00
2020-10-26,13.427000,13.692750,13.038500,13.141250,13.069945,336896000.00
2020-10-27,13.306000,13.442000,13.191500,13.396750,13.324059,250520000.00
2020-10-28,13.198000,13.260000,12.609000,12.627000,12.558483,376520000.00
2020-10-29,12.838500,13.192750,12.750000,13.024000,12.953334,320080000.00
2020-10-30,12.850000,12.936500,12.300000,12.534000,12.465991,416820000.00
2020-11-02,12.657750,12.836750,12.395000,12.580750,12.512487,299652000.00
2020-11-03,12.708500,13.105000,12.602750,13.019500,12.948854,272900000.00
2020-11-04,13.389250,13.827500,13.337000,13.794250,13.719401,410228000.00
2020-11-05,14.162500,14.339000,13.991000,14.160000,14.083166,319028000.00
2020-11-06,14.109750,14.588750,13.895000,14.562000,14.482985,383348000.00
2020-11-09,14.552500,14.691500,13.610750,13.630750,13.556787,582976000.00
2020-11-10,13.606500,13.606500,12.628250,12.770000,12.700708,644068000.00
2020-11-11,13.053750,13.435000,12.948250,13.418000,13.345192,404744000.00
2020-11-12,13.479000,13.766000,13.316000,13.456750,13.383733,365812000.00
2020-11-13,13.627250,13.668750,13.059250,13.297000,13.224847,346312000.00
2020-11-16,13.172500,13.649500,13.156000,13.515250,13.441916,413776000.00
2020-11-17,13.552500,13.596250,13.303750,13.422250,13.349420,312028000.00
2020-11-18,13.465250,13.605750,13.185000,13.428750,13.355883,510924000.00
2020-11-19,13.212750,13.487500,13.100000,13.440250,13.367320,565936000.00
2020-11-20,13.454000,13.494500,13.065000,13.087750,13.016734,341088000.00
2020-11-23,13.171250,13.382500,13.015500,13.140000,13.068701,361356000.00
2020-11-24,13.142500,13.162000,12.885000,12.957750,12.887440,346500000.00
2020-11-25,13.032500,13.269500,13.020000,13.234750,13.162936,259916000.00
2020-11-27,13.375000,13.407500,13.170500,13.261250,13.189291,167276000.00
2020-11-30,13.265000,13.412500,12.972250,13.401500,13.328780,286952000.00
2020-12-01,13.492250,13.528750,13.228250,13.390000,13.317343,296948000.00
2020-12-02,13.350500,13.673500,13.234250,13.544500,13.471004,283360000.00
2020-12-03,13.587500,13.660000,13.329000,13.396000,13.327249,199520000.00
2020-12-04,13.448500,13.560000,13.388750,13.558250,13.488668,202244000.00
2020-12-07,13.601250,13.731250,13.500000,13.606750,13.536913,223244000.00
2020-12-08,13.585000,13.598750,13.281500,13.350000,13.281485,271920000.00
2020-12-09,13.300500,13.414000,12.868250,12.930750,12.864382,401300000.00
2020-12-10,12.869000,13.068750,12.849500,12.972250,12.905671,207764000.00
2020-12-11,12.967250,13.020000,12.823000,13.013250,12.946464,209264000.00
2020-12-14,13.088000,13.388750,13.077500,13.308750,13.240447,270156000.00
2020-12-15,13.439750,13.464000,13.186750,13.360500,13.291928,193016000.00
2020-12-16,13.422500,13.437250,13.212500,13.242500,13.174537,223116000.00
2020-12-17,13.366750,13.379500,13.178500,13.341250,13.272779,231384000.00
2020-12-18,13.379000,13.405000,13.070500,13.272000,13.203886,342064000.00
2020-12-21,13.074750,13.370000,12.967500,13.332250,13.263824,302332000.00
2020-12-22,13.319250,13.337250,13.054000,13.278250,13.210100,185580000.00
2020-12-23,13.256000,13.275000,13.005000,13.009250,12.942482,179144000.00
2020-12-24,13.037250,13.132500,12.938750,12.993750,12.927062,97884000.00
2020-12-28,13.062500,13.062500,12.763250,12.900000,12.833794,212564000.00
2020-12-29,12.925000,13.072500,12.842250,12.943250,12.876820,170372000.00
2020-12-30,12.990250,13.213750,12.896750,13.145750,13.078284,225396000.00
2020-12-31,13.136500,13.151000,12.915000,13.055000,12.987998,192424000.00
2021-01-04,13.104250,13.652500,12.962500,13.113500,13.046198,560640000.00
2021-01-05,13.099750,13.443500,13.087000,13.404750,13.335954,322760000.00
2021-01-06,13.222500,13.245000,12.586000,12.614500,12.549760,580424000.00
2021-01-07,12.967500,13.377750,12.886500,13.344000,13.275516,461480000.00
2021-01-08,13.362500,13.421000,13.042000,13.276750,13.208610,292528000.00
2021-01-11,13.418750,13.961000,13.362500,13.621500,13.551591,518344000.00
2021-01-12,13.752500,13.754500,13.345000,13.484750,13.415543,291476000.00
2021-01-13,13.490000,13.625000,13.385000,13.531750,13.462300,210028000.00
2021-01-14,13.575000,13.599750,13.180500,13.200250,13.132499,283120000.00
2021-01-15,13.228000,13.325250,12.848500,12.859500,12.793501,277780000.00
2021-01-19,13.016250,13.094000,12.844000,13.025250,12.958401,226188000.00
2021-01-20,13.111750,13.430500,13.056750,13.365750,13.297153,258572000.00
2021-01-21,13.418500,13.999250,13.253000,13.867500,13.796329,337780000.00
2021-01-22,13.740000,13.841750,13.627250,13.712500,13.642123,246820000.00
2021-01-25,13.781750,13.828500,13.236500,13.653250,13.583177,251112000.00
2021-01-26,13.580500,13.644750,13.387500,13.435250,13.366297,163980000.00
2021-01-27,13.230000,13.232750,12.793750,12.917750,12.851453,371272000.00
2021-01-28,12.996250,13.339750,12.960500,13.051000,12.984018,228316000.00
2021-01-29,13.075000,13.334750,12.911500,12.989750,12.923082,271552000.00
2021-02-01,13.053250,13.270750,12.902750,13.237000,13.169064,217204000.00
2021-02-02,13.398750,13.572000,13.285500,13.556750,13.487174,220440000.00
2021-02-03,13.636000,13.931750,13.516500,13.530500,13.461059,245408000.00
2021-02-04,13.531000,13.673500,13.337750,13.664250,13.594123,201340000.00
2021-02-05,13.725000,13.737250,13.545750,13.591000,13.521249,169152000.00
2021-02-08,13.727250,14.473750,13.727250,14.438750,14.364645,434624000.00
2021-02-09,14.340750,14.583250,14.222500,14.263250,14.190047,287560000.00
2021-02-10,14.463250,14.905000,14.341500,14.764250,14.688475,485352000.00
2021-02-11,14.980250,15.272250,14.925000,15.250750,15.172479,450828000.00
2021-02-12,15.050000,15.291250,14.775000,14.961250,14.884467,374756000.00
2021-02-16,15.064250,15.372500,14.950000,15.330250,15.251570,321960000.00
2021-02-17,15.171000,15.223500,14.780000,14.906000,14.829497,274756000.00
2021-02-18,14.729000,14.873250,14.575000,14.829000,14.752892,233868000.00
2021-02-19,15.024500,15.177000,14.846750,14.926500,14.849891,271724000.00
2021-02-22,14.774750,15.133250,14.325000,14.355750,14.282071,325884000.00
2021-02-23,14.075250,14.238750,13.389500,14.142000,14.069418,391780000.00
2021-02-24,14.122750,14.506750,13.756000,14.499000,14.424585,448320000.00
2021-02-25,14.045500,14.374750,13.216250,13.307500,13.239202,824436000.00
2021-02-26,13.752500,13.854500,13.361000,13.714500,13.644114,500932000.00
2021-03-01,13.875000,13.925000,13.553250,13.841750,13.770709,353184000.00
2021-03-02,13.900000,13.920500,13.396000,13.406250,13.337446,264116000.00
2021-03-03,13.426250,13.451500,12.798750,12.804750,12.739034,377592000.00
2021-03-04,12.800750,12.975000,12.083750,12.370250,12.306762,573344000.00
2021-03-05,12.550000,12.550000,11.679250,12.461500,12.397545,542840000.00
2021-03-08,12.450000,12.471250,11.566500,11.593250,11.533751,543112000.00
2021-03-09,12.130250,12.616750,12.059250,12.520250,12.460290,521824000.00
2021-03-10,12.840500,12.980000,12.457500,12.468250,12.408543,384376000.00
2021-03-11,12.950000,13.046250,12.734500,12.993500,12.931276,299916000.00
2021-03-12,12.648250,12.888750,12.590000,12.856000,12.794436,243964000.00
2021-03-15,12.864750,13.206750,12.767250,13.191250,13.128076,221988000.00
2021-03-16,13.356500,13.512500,13.116750,13.291250,13.227599,272128000.00
2021-03-17,13.039750,13.453250,12.989500,13.341250,13.277359,243864000.00
2021-03-18,13.136500,13.184000,12.717000,12.722500,12.661574,293896000.00
2021-03-19,12.750000,12.921500,12.612500,12.845750,12.784234,299208000.00
2021-03-22,12.912750,13.394500,12.906750,13.186250,13.123103,297804000.00
2021-03-23,13.254250,13.344500,13.021250,13.070750,13.008154,222048000.00
2021-03-24,13.151250,13.159250,12.636750,12.643000,12.582455,245840000.00
2021-03-25,12.499500,12.714750,12.272000,12.535250,12.475222,295144000.00
2021-03-26,12.554500,12.856250,12.373500,12.839250,12.777765,363968000.00
2021-03-29,12.820250,13.062500,12.700000,12.948250,12.886242,273520000.00
2021-03-30,12.842000,12.975250,12.705000,12.871750,12.810109,200204000.00
2021-03-31,13.015500,13.470500,12.982500,13.348250,13.284326,314776000.00
2021-04-01,13.572250,13.870000,13.511250,13.811750,13.745608,308276000.00
2021-04-05,13.867500,14.014000,13.733000,13.987500,13.920514,255672000.00
2021-04-06,13.999750,14.054250,13.773500,13.861500,13.795117,191744000.00
2021-04-07,13.880750,14.243500,13.711500,14.143500,14.075768,251284000.00
2021-04-08,14.252750,14.471500,14.249000,14.317000,14.248439,244416000.00
2021-04-09,14.214000,14.408000,14.175000,14.400000,14.331038,195172000.00
2021-04-12,14.289750,15.352500,14.139250,15.209000,15.136166,869324000.00
2021-04-13,15.231500,15.700000,15.125750,15.679500,15.604411,676212000.00
2021-04-14,15.625000,15.720500,15.227500,15.277000,15.203842,385500000.00
2021-04-15,15.662500,16.214251,15.631500,16.137251,16.059967,598480000.00
2021-04-16,16.052999,16.165751,15.865250,15.912500,15.836298,335208000.00
2021-04-19,15.536500,15.807500,15.233000,15.361750,15.288183,404420000.00
2021-04-20,15.323250,15.497000,14.963000,15.171250,15.098595,334132000.00
2021-04-21,15.118750,15.362500,15.102250,15.360500,15.286939,216776000.00
2021-04-22,15.375000,15.438500,14.783500,14.850250,14.779132,277788000.00
2021-04-23,14.934250,15.335000,14.900250,15.265250,15.192147,227500000.00
2021-04-26,15.185000,15.479000,15.125000,15.478000,15.403877,197796000.00
2021-04-27,15.578500,15.670500,15.354500,15.381750,15.308087,164572000.00
2021-04-28,15.364500,15.532250,15.215500,15.276750,15.203592,209416000.00
2021-04-29,15.400000,15.436500,15.071500,15.324750,15.251359,173196000.00
2021-04-30,15.174500,15.365000,14.997000,15.009500,14.937621,201912000.00
2021-05-03,15.125000,15.246750,14.787500,14.836750,14.765699,203912000.00
2021-05-04,14.637250,14.637500,14.010250,14.351250,14.282523,405324000.00
2021-05-05,14.709000,14.813500,14.387500,14.458500,14.389258,292024000.00
2021-05-06,14.495250,14.571250,14.218000,14.523000,14.453451,193380000.00
2021-05-07,14.808250,14.970750,14.671750,14.812250,14.741316,229328000.00
2021-05-10,14.787250,14.806000,14.250000,14.265750,14.197430,268904000.00
2021-05-11,13.825000,14.354750,13.750000,14.306250,14.237740,285584000.00
2021-05-12,14.009500,14.260250,13.709250,13.758500,13.692612,303408000.00
2021-05-13,14.033750,14.080750,13.459000,13.665250,13.599808,285404000.00
2021-05-14,13.890000,14.328000,13.748500,14.243000,14.174792,258616000.00
2021-05-17,14.157000,14.169250,13.853500,14.165500,14.097664,216980000.00
2021-05-18,14.267000,14.404250,14.004000,14.015750,13.948630,186256000.00
2021-05-19,13.566500,14.079500,13.543250,14.065750,13.998393,344000000.00
2021-05-20,14.302500,14.683750,14.270500,14.612500,14.542522,321592000.00
2021-05-21,15.163750,15.222000,14.869500,14.991750,14.919953,672992000.00
2021-05-24,15.212500,15.745000,15.176000,15.612000,15.537235,554816000.00
2021-05-25,15.766000,15.818500,15.482500,15.647750,15.572815,435408000.00
2021-05-26,15.734250,15.793750,15.586250,15.700000,15.624815,370440000.00
2021-05-27,15.699750,15.750000,15.460000,15.488000,15.413833,581476000.00
2021-05-28,15.501000,16.277500,15.501000,16.244499,16.166706,644536000.00
2021-06-01,16.270000,16.388250,15.903250,16.264500,16.186609,472804000.00
2021-06-02,16.252251,16.918751,16.235500,16.778250,16.697903,594168000.00
2021-06-03,16.700750,17.259001,16.583000,16.969749,16.888481,580008000.00
2021-06-04,17.112499,17.660999,17.095501,17.578251,17.494070,617120000.00
2021-06-07,17.571251,17.812500,17.192751,17.618999,17.534622,575756000.00
2021-06-08,17.527250,17.621500,17.250999,17.457001,17.373400,323848000.00
2021-06-09,17.515751,17.575001,17.255751,17.358250,17.279081,381656000.00
2021-06-10,17.350000,17.492001,17.176001,17.424999,17.345528,287772000.00
2021-06-11,17.479500,17.939251,17.443750,17.825251,17.743954,416308000.00
2021-06-14,17.906000,18.039499,17.662750,18.018749,17.936567,321376000.00
2021-06-15,17.915001,18.016251,17.728001,17.788500,17.707369,243032000.00
2021-06-16,17.790751,17.954750,17.584499,17.810249,17.729015,307124000.00
2021-06-17,17.774500,18.834999,17.756250,18.657249,18.572155,809656000.00
2021-06-18,18.784000,19.375000,18.584000,18.638750,18.553741,968856000.00
2021-06-21,18.435249,18.536501,17.822750,18.427250,18.343210,672384000.00
2021-06-22,18.471500,18.963751,18.386000,18.886749,18.800613,580144000.00
2021-06-23,19.007750,19.152750,18.907749,19.057249,18.970335,332356000.00
2021-06-24,19.227751,19.420000,19.088249,19.205500,19.117907,320924000.00
2021-06-25,19.280500,19.345501,18.894501,19.031000,18.944206,278364000.00
2021-06-28,19.361250,20.078751,19.319000,19.985001,19.893852,495436000.00
2021-06-29,19.882500,20.098749,19.657000,20.026751,19.935410,367632000.00
2021-06-30,19.999250,20.162500,19.863750,20.002501,19.911270,326568000.00
2021-07-01,20.125000,20.455999,20.018999,20.212000,20.119816,480136000.00
2021-07-02,20.440250,20.505251,20.287750,20.487000,20.393564,342764000.00
2021-07-06,20.737499,20.841999,20.350250,20.698500,20.604094,446708000.00
2021-07-07,20.853500,20.875000,20.332001,20.371750,20.278830,418428000.00
2021-07-08,19.856501,20.132999,19.700750,19.902750,19.811977,503300000.00
2021-07-09,19.962500,20.080250,19.754250,20.050249,19.958805,296624000.00
2021-07-12,20.240000,20.532749,20.187750,20.512501,20.418949,321984000.00
2021-07-13,20.400499,20.461250,20.114000,20.250000,20.157642,290708000.00
2021-07-14,20.357750,20.417749,19.752750,19.841499,19.751009,380100000.00
2021-07-15,19.811750,19.847000,18.858500,18.966249,18.879744,550564000.00
2021-07-16,19.030500,19.157000,18.073000,18.160999,18.078165,688224000.00
2021-07-19,17.915251,19.042000,17.865499,18.779751,18.694099,749060000.00
2021-07-20,18.730000,18.837999,18.164000,18.612000,18.527113,434687000.00
2021-07-21,18.882000,19.527000,18.742001,19.410000,19.321478,371017000.00
2021-07-22,19.642000,19.886999,19.275999,19.594000,19.504633,323826000.00
2021-07-23,19.656000,19.700001,19.250000,19.558001,19.468801,195672000.00
2021-07-26,19.311001,19.441999,18.914000,19.294001,19.206003,203943000.00
2021-07-27,19.264999,19.622000,18.740999,19.208000,19.120398,248863000.00
2021-07-28,19.319000,19.646000,18.995001,19.503000,19.414053,202191000.00
2021-07-29,19.518999,19.853001,19.327999,19.662001,19.572329,190781000.00
2021-07-30,19.417999,19.629999,19.263000,19.499001,19.410072,183497000.00
2021-08-02,19.700001,19.961000,19.361000,19.750000,19.659922,217444000.00
2021-08-03,19.740000,20.222000,19.219999,19.815001,19.724628,301811000.00
2021-08-04,19.990000,20.318001,19.827999,20.274000,20.181532,231309000.00
2021-08-05,20.500000,20.733000,20.341999,20.636999,20.542879,211435000.00
2021-08-06,20.524000,20.570000,20.209999,20.365999,20.273117,178497000.00
2021-08-09,20.445999,20.507999,20.143000,20.295000,20.202436,146443000.00
2021-08-10,20.322001,20.430000,19.834999,19.936001,19.845076,179238000.00
2021-08-11,20.042999,20.049000,19.430000,19.698999,19.609156,185925000.00
2021-08-12,19.870001,20.028999,19.620001,19.905001,19.814220,151652000.00
2021-08-13,19.905001,20.214001,19.851000,20.188000,20.095930,183063000.00
2021-08-16,20.135000,20.287001,19.452999,19.950001,19.859016,210876000.00
2021-08-17,19.684999,19.770000,19.267000,19.458000,19.369257,204585000.00
2021-08-18,19.500000,19.634001,19.000000,19.040001,18.953165,285913000.00
2021-08-19,19.493999,20.495001,18.761999,19.798000,19.707703,766555000.00
2021-08-20,19.990999,20.865000,19.933001,20.816000,20.721060,675741000.00
2021-08-23,20.971001,21.997000,20.950001,21.958000,21.857849,575807000.00
2021-08-24,21.753000,21.959000,21.535000,21.792999,21.693600,297299000.00
2021-08-25,21.737000,22.469999,21.722000,22.212999,22.111691,347701000.00
2021-08-26,22.200001,22.340000,21.790001,22.068001,21.967350,237940000.00
2021-08-27,22.184000,22.722000,22.167000,22.636000,22.532763,304722000.00
2021-08-30,22.830000,23.042999,22.551001,22.688000,22.584528,262580000.00
2021-08-31,22.695000,22.695000,22.120001,22.385000,22.286839,259850000.00
2021-09-01,22.485001,22.697001,22.357000,22.441000,22.342588,201767000.00
2021-09-02,22.518000,22.593000,22.295000,22.396000,22.297783,187834000.00
2021-09-03,22.325001,22.986000,22.200001,22.843000,22.742825,280532000.00
2021-09-07,22.833000,22.899000,22.521999,22.662001,22.562624,198107000.00
2021-09-08,22.513000,22.610001,21.976999,22.339001,22.241041,254434000.00
2021-09-09,22.312000,22.538000,22.131001,22.177000,22.079746,196856000.00
2021-09-10,22.348000,22.625999,22.270000,22.478001,22.379425,248376000.00
2021-09-13,22.684000,22.964001,21.858000,22.152000,22.054855,297500000.00
2021-09-14,22.275000,22.410000,22.086000,22.242001,22.144463,199755000.00
2021-09-15,22.309000,22.367001,21.966000,22.341000,22.243032,166538000.00
2021-09-16,22.183001,22.277000,21.927000,22.242001,22.144463,156033000.00
2021-09-17,22.299999,22.320999,21.830000,21.900000,21.803965,294503000.00
2021-09-20,21.146000,21.433001,20.662001,21.113001,21.020412,349440000.00
2021-09-21,21.417000,21.424999,20.950001,21.246000,21.152832,204688000.00
2021-09-22,21.365999,21.959999,21.195999,21.941000,21.844786,268726000.00
2021-09-23,22.139999,22.535000,21.889999,22.482000,22.383411,248555000.00
2021-09-24,22.070000,22.149000,21.861000,22.080999,21.984171,217655000.00
2021-09-27,21.709999,21.799000,21.325001,21.660000,21.565016,245215000.00
2021-09-28,21.214001,21.419001,20.650999,20.698999,20.608227,343069000.00
2021-09-29,20.940001,21.017000,20.466999,20.517000,20.427029,218394000.00
2021-09-30,20.768000,21.066000,20.688000,20.716000,20.625156,221009000.00
2021-10-01,20.750000,20.858999,20.202999,20.742001,20.651039,240978000.00
2021-10-04,20.504000,20.542000,19.555000,19.732000,19.645470,345635000.00
2021-10-05,19.950001,20.648001,19.854000,20.451000,20.361317,279282000.00
2021-10-06,20.120001,20.719999,20.080000,20.700001,20.609224,297202000.00
2021-10-07,21.091999,21.322001,20.972000,21.075001,20.982582,256919000.00
2021-10-08,21.101000,21.205999,20.775000,20.830999,20.739649,151258000.00
2021-10-11,20.575001,21.063000,20.511000,20.695000,20.604244,163388000.00
2021-10-12,20.827999,21.056999,20.528000,20.671000,20.580355,162134000.00
2021-10-13,20.917999,20.990000,20.712999,20.938999,20.847179,180652000.00
2021-10-14,21.288000,21.754999,21.122000,21.746000,21.650637,243589000.00
2021-10-15,21.809999,21.931000,21.662001,21.862000,21.766129,226994000.00
2021-10-18,21.749001,22.291000,21.643999,22.222000,22.124552,189494000.00
2021-10-19,22.275999,22.379000,22.037001,22.290001,22.192251,161473000.00
2021-10-20,22.305000,22.433001,21.982000,22.103001,22.006075,146276000.00
2021-10-21,22.097000,22.711000,22.083000,22.691999,22.592485,187590000.00
2021-10-22,22.823000,23.129999,22.561001,22.726000,22.626339,249384000.00
2021-10-25,22.973000,23.355000,22.770000,23.166000,23.064411,230235000.00
2021-10-26,23.989000,25.259001,23.924000,24.716999,24.608610,485898000.00
2021-10-27,24.474001,25.090000,24.282000,24.451000,24.343773,245990000.00
2021-10-28,24.878000,24.950001,24.523001,24.941000,24.831629,234204000.00
2021-10-29,25.000999,25.709000,25.000000,25.566999,25.454878,292503000.00
2021-11-01,25.649000,25.893999,25.226999,25.827000,25.713739,265740000.00
2021-11-02,25.822001,26.677999,25.799999,26.400999,26.285223,294112000.00
2021-11-03,26.670000,26.784000,26.235001,26.598000,26.481359,239910000.00
2021-11-04,27.229000,31.365000,27.118000,29.801001,29.670311,1153631000.00
2021-11-05,30.187000,31.400000,29.410000,29.752001,29.621532,851260000.00
2021-11-08,30.149000,31.100000,29.907000,30.804001,30.668921,503101000.00
2021-11-09,32.282001,32.310001,29.964001,30.657000,30.522562,646746000.00
2021-11-10,29.356001,30.850000,28.778000,29.459000,29.329811,636206000.00
2021-11-11,30.468000,30.590000,29.777000,30.389999,30.256733,332172000.00
2021-11-12,30.010000,30.680000,29.629999,30.389999,30.256733,413054000.00
2021-11-15,30.552000,30.643999,29.247000,30.025000,29.893333,384909000.00
2021-11-16,29.759001,30.389999,29.705999,30.202999,30.070547,264484000.00
2021-11-17,30.417999,30.509001,28.799999,29.261000,29.132685,428508000.00
2021-11-18,32.367001,32.759998,31.320999,31.674999,31.536089,781711000.00
2021-11-19,32.243000,33.088001,31.905001,32.985001,32.840355,533867000.00
2021-11-22,33.516998,34.646999,31.900000,31.955999,31.815865,754335000.00
2021-11-23,31.535000,32.360001,30.879999,31.746000,31.606789,532163000.00
2021-11-24,31.461000,32.855000,30.927999,32.674000,32.530716,435162000.00
2021-11-26,32.599998,32.709999,31.350000,31.503000,31.364853,283069000.00
2021-11-29,32.366001,33.411999,32.035999,33.375999,33.229637,454964000.00
2021-11-30,33.168999,33.353001,31.864000,32.675999,32.532707,622066000.00
2021-12-01,33.219002,33.289001,31.379999,31.434999,31.300976,484368000.00
2021-12-02,31.214001,32.478001,31.025000,32.125999,31.989031,472890000.00
2021-12-03,32.000000,32.129002,30.129999,30.693001,30.562147,544325000.00
2021-12-06,29.879999,30.240999,28.038000,30.037001,29.908943,658938000.00
2021-12-07,30.957001,32.449001,30.650999,32.426998,32.288750,593053000.00
2021-12-08,31.999001,32.290001,31.421000,31.826000,31.690315,475551000.00
2021-12-09,31.733999,32.205002,30.427999,30.490000,30.360010,488507000.00
2021-12-10,31.150000,31.305000,29.861000,30.198000,30.069254,488825000.00
2021-12-13,30.249001,30.294001,28.115999,28.160999,28.040941,598344000.00
2021-12-14,27.698999,28.677999,27.250000,28.337000,28.216187,667035000.00
2021-12-15,28.400000,30.500000,27.837999,30.459000,30.329140,698297000.00
2021-12-16,31.152000,31.160000,28.093000,28.386999,28.265974,707366000.00
2021-12-17,27.985001,28.922001,27.760000,27.801001,27.682476,713758000.00
2021-12-20,27.305000,28.143999,27.145000,27.719000,27.600828,461847000.00
2021-12-21,28.374001,29.120001,27.400999,29.075001,28.951042,524385000.00
2021-12-22,28.891001,29.555000,28.448999,29.400000,29.274658,395184000.00
2021-12-23,29.754999,30.059000,29.431000,29.639999,29.513638,343022000.00
2021-12-27,29.660000,31.087000,29.639999,30.945000,30.813066,403686000.00
2021-12-28,31.312000,31.330000,30.011999,30.322001,30.192730,420591000.00
2021-12-29,30.273001,30.548000,29.365999,30.000999,29.873095,343139000.00
2021-12-30,29.827000,30.457001,29.540001,29.586000,29.459864,308864000.00
2021-12-31,29.674000,30.030001,29.330999,29.410999,29.285608,266530000.00
2022-01-03,29.815001,30.711000,29.785000,30.121000,29.992588,391547000.00
2022-01-04,30.277000,30.468000,28.349001,29.290001,29.165127,527154000.00
2022-01-05,28.948999,29.416000,27.533001,27.604000,27.486315,498064000.00
2022-01-06,27.639999,28.438000,27.065001,28.177999,28.057869,454186000.00
2022-01-07,28.141001,28.422001,27.056999,27.247000,27.130842,409939000.00
2022-01-10,26.580999,27.469000,25.643999,27.400000,27.283176,594681000.00
2022-01-11,27.323000,28.065001,26.839001,27.816999,27.698402,404089000.00
2022-01-12,28.066999,28.594999,27.608000,27.999001,27.879627,383413000.00
2022-01-13,28.379000,28.480000,26.497999,26.575001,26.461700,540171000.00
2022-01-14,26.299999,27.197001,26.209999,26.941999,26.827141,395832000.00
2022-01-18,26.260000,26.638000,25.770000,25.903000,25.792566,424270000.00
2022-01-19,26.079000,26.542999,25.052000,25.066999,24.960129,488315000.00
2022-01-20,25.304001,25.579000,24.077999,24.150000,24.047041,435181000.00
2022-01-21,23.507000,24.823000,23.263000,23.374001,23.274349,718958000.00
2022-01-24,22.330000,23.379999,20.888000,23.372000,23.272354,913982000.00
2022-01-25,22.546000,22.943001,22.000000,22.323999,22.228819,664616000.00
2022-01-26,23.240000,24.056999,22.299999,22.771999,22.674910,755959000.00
2022-01-27,23.568001,23.995001,21.674999,21.944000,21.850449,573353000.00
2022-01-28,22.011999,22.858000,21.296000,22.840000,22.742624,543774000.00
2022-01-31,23.181999,24.509001,23.052000,24.486000,24.381611,564680000.00
2022-02-01,25.104000,25.145000,23.889999,24.638000,24.532959,518925000.00
2022-02-02,25.794001,25.816999,24.552999,25.242001,25.134384,543419000.00
2022-02-03,24.458000,25.077000,23.780001,23.948000,23.845901,410178000.00
2022-02-04,23.972000,24.635000,23.632000,24.319000,24.215321,354829000.00
2022-02-07,24.372000,25.181999,24.202000,24.728001,24.622576,376868000.00
2022-02-08,24.358999,25.230000,23.980000,25.108000,25.000957,410359000.00
2022-02-09,25.622000,26.725000,25.353001,26.705000,26.591146,524282000.00
2022-02-10,25.995001,26.924999,25.600000,25.823999,25.713900,513200000.00
2022-02-11,25.916000,26.152000,23.773001,23.948999,23.846895,605472000.00
2022-02-14,23.934000,24.875000,23.754999,24.267000,24.163536,440424000.00
2022-02-15,24.948999,26.545000,24.784000,26.495001,26.382044,699869000.00
2022-02-16,26.259001,26.582001,25.552000,26.511000,26.397972,732676000.00
2022-02-17,25.629999,25.785000,24.165001,24.507000,24.402515,810595000.00
2022-02-18,24.667999,24.986000,23.100000,23.642000,23.541204,761255000.00
2022-02-22,23.035000,24.063999,23.000000,23.389999,23.290277,633422000.00
2022-02-23,23.802000,24.155001,22.301001,22.386999,22.291557,566511000.00
2022-02-24,21.014999,23.799999,20.889999,23.747999,23.646755,735801000.00
2022-02-25,23.721001,24.216999,23.381001,24.157000,24.054008,528866000.00
2022-02-28,23.992001,24.665001,23.707001,24.385000,24.281038,477319000.00
2022-03-01,24.291000,24.377001,23.132000,23.476999,23.376913,412056000.00
2022-03-02,23.756001,24.409000,23.415001,24.219999,24.120852,389642000.00
2022-03-03,24.261999,24.326000,23.469000,23.714001,23.616922,365095000.00
2022-03-04,23.384001,23.680000,22.482000,22.936001,22.842110,431415000.00
2022-03-07,22.816999,23.033001,21.330000,21.351999,21.264589,450821000.00
2022-03-08,21.309000,22.372999,20.650000,21.514000,21.425924,557467000.00
2022-03-09,22.386999,23.219999,22.247000,23.014000,22.919788,492742000.00
2022-03-10,22.531000,22.788000,21.882000,22.658001,22.565247,428066000.00
2022-03-11,23.021999,23.145000,22.046000,22.100000,22.009533,367209000.00
2022-03-14,21.868999,22.261999,21.159000,21.330000,21.242678,385354000.00
2022-03-15,21.518000,23.038000,21.322001,22.973000,22.878948,491996000.00
2022-03-16,23.500000,24.597000,23.172001,24.496000,24.395723,671422000.00
2022-03-17,24.120001,24.841999,23.906000,24.766001,24.664614,471941000.00
2022-03-18,24.799000,26.569000,24.624001,26.452999,26.344709,730719000.00
2022-03-21,26.507000,27.152000,25.966999,26.733999,26.624557,591727000.00
2022-03-22,26.726999,27.238001,26.072001,26.524000,26.415415,547007000.00
2022-03-23,26.125999,26.612000,25.575001,25.634001,25.529058,502120000.00
2022-03-24,26.166000,28.320000,25.907000,28.150000,28.034761,877379000.00
2022-03-25,27.886000,28.358000,27.271000,27.691999,27.578636,579016000.00
2022-03-28,27.756001,28.250000,27.205999,28.219000,28.103476,425494000.00
2022-03-29,28.695000,28.945999,27.980000,28.656000,28.538694,488984000.00
2022-03-30,28.304001,28.496000,27.503000,27.690001,27.576643,463487000.00
2022-03-31,27.782000,28.247999,27.270000,27.285999,27.174297,523440000.00
2022-04-01,27.375000,27.496000,26.267000,26.712000,26.602646,517235000.00
2022-04-04,26.728001,27.558001,26.613001,27.360001,27.247995,397120000.00
2022-04-05,27.254000,27.319000,25.820000,25.931000,25.824846,436615000.00
2022-04-06,24.934000,25.299999,24.003000,24.407000,24.307083,703833000.00
2022-04-07,24.441000,24.722000,23.478001,24.208000,24.108900,557992000.00
2022-04-08,23.917000,23.923000,23.062000,23.118999,23.024355,524781000.00
2022-04-11,22.214001,22.320000,21.660000,21.917000,21.827280,575207000.00
2022-04-12,22.537001,22.725000,21.282000,21.504000,21.415966,662258000.00
2022-04-13,21.728001,22.500000,21.455000,22.202999,22.112106,516943000.00
2022-04-14,22.504999,22.777000,21.163000,21.257999,21.170971,569097000.00
2022-04-18,21.200001,22.087999,21.079000,21.783001,21.693829,525701000.00
2022-04-19,21.719999,22.372999,21.313999,22.198000,22.107124,512781000.00
2022-04-20,22.517000,22.670000,21.200001,21.482000,21.394054,468974000.00
2022-04-21,21.709000,22.392000,20.000000,20.183001,20.100376,656209000.00
2022-04-22,20.302999,20.486000,19.500000,19.514999,19.435110,624713000.00
2022-04-25,19.202000,19.945000,19.096001,19.902000,19.820526,641566000.00
2022-04-26,19.718000,19.788000,18.670000,18.788000,18.711086,653143000.00
2022-04-27,18.598000,19.167000,18.290001,18.415001,18.339611,499460000.00
2022-04-28,18.966999,20.037001,18.490000,19.782000,19.701017,570327000.00
2022-04-29,19.402000,20.128000,18.517000,18.547001,18.471071,500435000.00
2022-05-02,18.541000,19.573999,18.391001,19.533001,19.453041,572049000.00
2022-05-03,19.400000,19.825001,19.132999,19.601999,19.521755,475751000.00
2022-05-04,19.923000,20.400000,18.750999,20.334000,20.250759,648855000.00
2022-05-05,19.867001,19.924999,18.500000,18.844000,18.766861,626331000.00
2022-05-06,18.736000,19.511999,17.990000,18.674999,18.598553,633297000.00
2022-05-09,18.034000,18.254999,16.827000,16.950001,16.880610,644455000.00
2022-05-10,17.688999,18.198000,17.025000,17.594999,17.522966,761474000.00
2022-05-11,17.347000,17.753000,16.568001,16.629999,16.561926,670167000.00
2022-05-12,16.219000,16.788000,15.567000,16.174999,16.108782,708728000.00
2022-05-13,16.788000,17.927999,16.593000,17.705999,17.633518,670437000.00
2022-05-16,17.509001,17.788000,17.106001,17.264000,17.193329,521446000.00
2022-05-17,18.073999,18.371000,17.634001,18.177000,18.102585,585830000.00
2022-05-18,17.705000,18.118000,16.864000,16.938000,16.868664,545161000.00
2022-05-19,16.937000,17.687000,16.733999,17.124001,17.053902,621310000.00
2022-05-20,17.332001,17.410000,15.755000,16.694000,16.625662,739105000.00
2022-05-23,16.274000,16.915001,16.179001,16.898001,16.828823,639889000.00
2022-05-24,16.510000,16.597000,15.780000,16.153999,16.087872,588550000.00
2022-05-25,16.020000,17.111000,16.000000,16.975000,16.905506,781132000.00
2022-05-26,16.035999,18.091999,16.021999,17.851000,17.777920,996575000.00
2022-05-27,18.186001,18.881001,18.100000,18.811001,18.733994,738379000.00
2022-05-31,18.980000,19.200001,18.350000,18.672001,18.595564,664100000.00
2022-06-01,18.724001,19.052999,18.122000,18.320000,18.245005,544514000.00
2022-06-02,18.292000,19.618999,18.198000,19.591999,19.511795,648656000.00
2022-06-03,19.082001,19.332001,18.521999,18.719999,18.643366,598779000.00
2022-06-06,19.139000,19.337000,18.563999,18.785999,18.709091,422406000.00
2022-06-07,18.472000,19.000000,18.188000,18.926001,18.848524,388914000.00
2022-06-08,18.799000,19.180000,18.535000,18.648001,18.575590,363252000.00
2022-06-09,18.481001,18.933001,18.041000,18.048000,17.977915,395574000.00
2022-06-10,17.600000,17.697001,16.868999,16.974001,16.908087,465248000.00
2022-06-13,16.000000,16.312000,15.606000,15.647000,15.586242,604153000.00
2022-06-14,15.731000,16.066000,15.412000,15.836000,15.774508,469680000.00
2022-06-15,16.094999,16.868000,15.926000,16.527000,16.462822,563936000.00
2022-06-16,15.860000,15.942000,15.401000,15.601000,15.540419,545749000.00
2022-06-17,15.648000,15.995000,15.328000,15.880000,15.818336,630334000.00
2022-06-21,16.475000,17.007999,16.407000,16.566000,16.501669,483089000.00
2022-06-22,16.226000,16.662001,16.180000,16.360001,16.296471,437135000.00
2022-06-23,16.518999,16.584999,15.853000,16.225000,16.161995,463680000.00
2022-06-24,16.500000,17.139999,16.309999,17.125999,17.059494,472153000.00
2022-06-27,17.312000,17.330000,16.625999,16.868999,16.803495,427968000.00
2022-06-28,16.900000,17.202000,15.945000,15.982000,15.919939,461149000.00
2022-06-29,15.814000,15.820000,15.170000,15.542000,15.481647,482352000.00
2022-06-30,15.361000,15.567000,14.862000,15.159000,15.100135,686070000.00
2022-07-01,14.899000,15.063000,14.392000,14.523000,14.466601,577610000.00
2022-07-05,14.175000,14.971000,14.055000,14.964000,14.905890,651397000.00
2022-07-06,15.010000,15.319000,14.789000,15.130000,15.071248,529066000.00
2022-07-07,15.456000,15.945000,15.389000,15.858000,15.796422,492903000.00
2022-07-08,15.430000,16.037001,15.389000,15.838000,15.776497,467972000.00
2022-07-11,15.526000,15.527000,15.038000,15.152000,15.093163,437321000.00
2022-07-12,15.268000,15.431000,14.877000,15.082000,15.023433,458483000.00
2022-07-13,14.590000,15.375000,14.465000,15.164000,15.105115,521918000.00
2022-07-14,15.108000,15.473000,14.728000,15.372000,15.312306,456235000.00
2022-07-15,15.659000,15.782000,15.445000,15.762000,15.700791,385935000.00
2022-07-18,16.302000,16.896999,16.002001,16.101000,16.038471,670517000.00
2022-07-19,16.486000,17.110001,16.172001,16.992001,16.926020,702366000.00
2022-07-20,16.947001,17.933001,16.801001,17.806999,17.737848,760538000.00
2022-07-21,17.885000,18.143999,17.545000,18.049999,17.979908,557049000.00
2022-07-22,17.893000,17.966999,17.136999,17.319000,17.251745,536671000.00
2022-07-25,17.018999,17.124001,16.649000,17.024000,16.957895,480748000.00
2022-07-26,16.889000,16.919001,16.478001,16.533001,16.468800,397865000.00
2022-07-27,17.032000,17.936001,16.913000,17.790001,17.720919,569776000.00
2022-07-28,17.975000,18.139999,17.440001,17.983999,17.914165,474646000.00
2022-07-29,17.813000,18.243999,17.691999,18.163000,18.092470,435460000.00
2022-08-01,18.181999,18.846001,17.990000,18.441000,18.369390,476469000.00
2022-08-02,18.122000,18.938000,18.091999,18.525999,18.454060,489527000.00
2022-08-03,18.184000,18.968000,18.136999,18.893000,18.819633,418146000.00
2022-08-04,18.849001,19.274000,18.760000,19.215000,19.140387,409652000.00
2022-08-05,18.809999,19.229000,18.666000,18.989000,18.915262,386068000.00
2022-08-08,17.502001,18.239000,17.242001,17.792999,17.723909,981859000.00
2022-08-09,17.252001,17.447001,16.724001,17.086000,17.019651,668263000.00
2022-08-10,17.698000,18.118000,17.316999,18.097000,18.026728,597422000.00
2022-08-11,18.131001,18.707001,17.875999,17.941999,17.872326,509327000.00
2022-08-12,18.160000,18.718000,17.952999,18.709000,18.636351,478094000.00
2022-08-15,18.701000,19.164000,18.613001,19.032000,18.958094,457666000.00
2022-08-16,18.920000,19.142000,18.500999,18.879000,18.805691,451240000.00
2022-08-17,18.523001,18.688000,18.145000,18.334999,18.263798,446799000.00
2022-08-18,18.301001,18.865000,18.183001,18.773001,18.700104,415447000.00
2022-08-19,18.406000,18.520000,17.770000,17.849001,17.779692,441588000.00
2022-08-22,17.490000,17.558001,16.966000,17.034000,16.967857,409593000.00
2022-08-23,16.989000,17.465000,16.969999,17.181000,17.114285,369986000.00
2022-08-24,17.011999,17.406000,16.895000,17.222000,17.155125,522661000.00
2022-08-25,16.844000,17.947001,16.833000,17.913000,17.843439,770691000.00
2022-08-26,17.857000,17.924000,16.237000,16.260000,16.196857,769127000.00
2022-08-29,16.020000,16.337999,15.767000,15.801000,15.739640,496132000.00
2022-08-30,15.960000,16.039000,15.182000,15.468000,15.407938,530181000.00
2022-08-31,15.384000,15.540000,14.959000,15.094000,15.035388,573710000.00
2022-09-01,14.209000,14.380000,13.270000,13.937000,13.882883,1178865000.00
2022-09-02,14.100000,14.171000,13.591000,13.647000,13.594006,743157000.00
2022-09-06,13.731000,13.779000,13.351000,13.465000,13.412713,535751000.00
2022-09-07,13.563000,13.838000,13.346000,13.714000,13.664804,512657000.00
2022-09-08,13.459000,14.008000,13.369000,13.990000,13.939814,624873000.00
2022-09-09,14.157000,14.474000,14.126000,14.387000,14.335392,486612000.00
2022-09-12,14.369000,14.547000,14.198000,14.505000,14.452968,484159000.00
2022-09-13,13.802000,13.922000,13.099000,13.131000,13.083897,714956000.00
2022-09-14,13.254000,13.290000,12.913000,13.128000,13.080909,588507000.00
2022-09-15,13.015000,13.233000,12.790000,12.929000,12.882621,523625000.00
2022-09-16,12.742000,13.212000,12.617000,13.198000,13.150655,670751000.00
2022-09-19,13.012000,13.463000,13.010000,13.382000,13.333995,569685000.00
2022-09-20,13.215000,13.483000,13.057000,13.176000,13.128736,524818000.00
2022-09-21,13.213000,14.031000,13.110000,13.261000,13.213431,807679000.00
2022-09-22,13.070000,13.149000,12.428000,12.561000,12.515941,759162000.00
2022-09-23,12.420000,12.611000,12.257000,12.516000,12.471100,663309000.00
2022-09-26,12.491000,12.659000,12.214000,12.228000,12.184136,547343000.00
2022-09-27,12.507000,12.736000,12.258000,12.413000,12.368472,553854000.00
2022-09-28,12.410000,12.823000,12.354000,12.736000,12.690313,542414000.00
2022-09-29,12.448000,12.500000,11.946000,12.220000,12.176166,532763000.00
2022-09-30,12.087000,12.633000,12.075000,12.139000,12.095455,565638000.00
2022-10-03,12.347000,12.678000,12.105000,12.512000,12.467117,547478000.00
2022-10-04,12.879000,13.220000,12.879000,13.167000,13.119766,584182000.00
2022-10-05,12.911000,13.321000,12.621000,13.209000,13.161616,507131000.00
2022-10-06,13.220000,13.656000,13.103000,13.130000,13.082901,644157000.00
2022-10-07,12.505000,12.670000,12.022000,12.076000,12.032681,672478000.00
2022-10-10,12.037000,12.124000,11.408000,11.670000,11.628138,698699000.00
2022-10-11,11.561000,11.846000,11.283000,11.586000,11.544439,667482000.00
2022-10-12,11.579000,11.735000,11.345000,11.500000,11.458747,492590000.00
2022-10-13,10.971000,12.078000,10.813000,11.960000,11.917099,850103000.00
2022-10-14,12.057000,12.111000,11.204000,11.227000,11.186728,713432000.00
2022-10-17,11.518000,11.948000,11.517000,11.888000,11.845354,580774000.00
2022-10-18,12.344000,12.492000,11.618000,11.967000,11.924072,659362000.00
2022-10-19,11.879000,12.350000,11.834000,12.051000,12.007771,523131000.00
2022-10-20,12.113000,12.769000,12.105000,12.194000,12.150257,652398000.00
2022-10-21,12.098000,12.498000,11.887000,12.466000,12.421281,609494000.00
2022-10-24,12.508000,12.710000,12.064000,12.599000,12.553804,517457000.00
2022-10-25,12.694000,13.300000,12.664000,13.261000,13.213431,505482000.00
2022-10-26,12.869000,13.388000,12.708000,12.896000,12.849740,532953000.00
2022-10-27,13.630000,13.838000,13.122000,13.176000,13.128736,583113000.00
2022-10-28,13.104000,13.850000,13.061000,13.834000,13.784375,521040000.00
2022-10-31,13.778000,13.838000,13.297000,13.497000,13.448583,486341000.00
2022-11-01,13.811000,13.925000,13.519000,13.543000,13.494419,432817000.00
2022-11-02,13.850000,14.210000,13.211000,13.219000,13.171580,672628000.00
2022-11-03,13.043000,13.781000,12.956000,13.421000,13.372857,500065000.00
2022-11-04,13.986000,14.229000,13.697000,14.156000,14.105222,612576000.00
2022-11-07,14.228000,14.412000,13.954000,14.301000,14.249701,410061000.00
2022-11-08,14.801000,14.891000,14.216000,14.602000,14.549621,595292000.00
2022-11-09,14.162000,14.211000,13.759000,13.776000,13.726582,454414000.00
2022-11-10,14.800000,15.773000,14.547000,15.750000,15.693502,700819000.00
2022-11-11,15.807000,16.389000,15.482000,16.327000,16.268429,655487000.00
2022-11-14,16.218000,16.540001,15.922000,16.295000,16.236549,527852000.00
2022-11-15,16.722000,16.997999,16.382000,16.666000,16.606216,545876000.00
2022-11-16,16.162001,16.362000,15.873000,15.910000,15.852930,649547000.00
2022-11-17,15.715000,16.266001,15.535000,15.677000,15.620765,710894000.00
2022-11-18,15.966000,16.002001,15.120000,15.409000,15.353725,492072000.00
2022-11-21,15.147000,15.477000,15.080000,15.317000,15.262056,404739000.00
2022-11-22,15.328000,16.058001,15.122000,16.038000,15.980469,472866000.00
2022-11-23,16.098000,16.527000,16.048000,16.518999,16.459743,427241000.00
2022-11-25,16.318001,16.487000,16.172001,16.270000,16.211636,167934000.00
2022-11-28,16.025999,16.357000,15.725000,15.827000,15.770226,303741000.00
2022-11-29,15.827000,15.932000,15.520000,15.639000,15.582898,298384000.00
2022-11-30,15.697000,16.930000,15.597000,16.923000,16.866610,565298000.00
2022-12-01,16.999001,17.264999,16.635000,17.135000,17.077900,470977000.00
2022-12-02,16.659000,16.933001,16.445000,16.875999,16.819763,371389000.00
2022-12-05,16.679001,16.995001,16.472000,16.610001,16.554651,352255000.00
2022-12-06,16.530001,16.573000,15.819000,15.987000,15.933726,352694000.00
2022-12-07,15.772000,16.186001,15.667000,16.120001,16.066282,372388000.00
2022-12-08,16.273001,17.179001,15.959000,17.169001,17.111788,515456000.00
2022-12-09,17.160000,17.583000,16.975000,17.000999,16.944345,465338000.00
2022-12-12,17.037001,17.538000,16.797001,17.535000,17.476572,457328000.00
2022-12-13,18.531000,18.790001,17.711000,18.072001,18.011778,656589000.00
2022-12-14,17.987000,18.252001,17.420000,17.674000,17.615108,496888000.00
2022-12-15,17.146000,17.320000,16.700001,16.952000,16.895510,478542000.00
2022-12-16,16.864000,17.041000,16.410000,16.570999,16.515781,478232000.00
2022-12-19,16.572001,16.608999,16.145000,16.254000,16.199839,354039000.00
2022-12-20,16.063999,16.309999,15.852000,16.084999,16.031401,403260000.00
2022-12-21,16.114000,16.627001,16.101999,16.500999,16.446011,325025000.00
2022-12-22,16.094000,16.138000,14.882000,15.339000,15.287889,565045000.00
2022-12-23,15.196000,15.339000,14.883000,15.206000,15.155329,349326000.00
2022-12-27,15.074000,15.100000,14.056000,14.121000,14.073945,464902000.00
2022-12-28,13.927000,14.262000,13.884000,14.036000,13.989229,351066000.00
2022-12-29,14.402000,14.683000,14.227000,14.603000,14.554338,354923000.00
2022-12-30,14.334000,14.629000,14.233000,14.614000,14.565303,310490000.00
2023-01-03,14.851000,14.996000,14.096000,14.315000,14.267297,401277000.00
2023-01-04,14.567000,14.853000,14.241000,14.749000,14.699852,431324000.00
2023-01-05,14.491000,14.564000,14.148000,14.265000,14.217464,389168000.00
2023-01-06,14.474000,15.010000,14.034000,14.859000,14.809487,405044000.00
2023-01-09,15.284000,16.056000,15.141000,15.628000,15.575924,504231000.00
2023-01-10,15.507000,15.962000,15.472000,15.909000,15.855988,384101000.00
2023-01-11,15.840000,16.028000,15.563000,16.000999,15.947679,353285000.00
2023-01-12,16.100000,16.636999,15.492000,16.511000,16.455982,551409000.00
2023-01-13,16.278000,16.922001,16.165001,16.899000,16.842686,447287000.00
2023-01-17,16.899000,17.728001,16.899000,17.702000,17.643013,511102000.00
2023-01-18,17.667000,17.872999,17.282000,17.377001,17.319098,439624000.00
2023-01-19,17.035999,17.197001,16.731001,16.764999,16.709133,452932000.00
2023-01-20,17.011000,17.856001,16.825001,17.839001,17.779558,564967000.00
2023-01-23,18.063999,19.245001,17.818001,19.193001,19.129045,655163000.00
2023-01-24,18.827000,19.495001,18.820000,19.264999,19.200804,496204000.00
2023-01-25,18.913000,19.370001,18.580000,19.323000,19.258614,449537000.00
2023-01-26,19.701000,20.166000,19.278000,19.802000,19.736013,489535000.00
2023-01-27,19.462000,20.628000,19.405001,20.365000,20.297138,542142000.00
2023-01-30,19.950001,20.139999,19.150000,19.162001,19.098152,488611000.00
2023-01-31,19.170000,19.687000,18.950001,19.537001,19.471899,498017000.00
2023-02-01,19.691000,21.191999,19.611000,20.943001,20.873217,660477000.00
2023-02-02,21.000000,21.948999,20.700001,21.709000,21.636658,564276000.00
2023-02-03,21.000000,21.745001,20.789000,21.100000,21.029688,429366000.00
2023-02-06,20.806000,21.570000,20.785999,21.089001,21.018726,452197000.00
2023-02-07,21.382000,22.259001,21.150000,22.173000,22.099112,664150000.00
2023-02-08,22.386999,22.878000,22.007999,22.205000,22.131008,559651000.00
2023-02-09,22.606001,23.020000,22.120001,22.337000,22.262568,523876000.00
2023-02-10,21.690001,22.077999,20.811001,21.264999,21.194138,550737000.00
2023-02-13,21.538000,22.048000,20.962000,21.788000,21.715397,474919000.00
2023-02-14,21.577999,23.049000,21.365999,22.971001,22.894457,675474000.00
2023-02-15,22.549000,22.855000,22.106001,22.764000,22.688147,420575000.00
2023-02-16,22.132999,22.549999,21.927000,22.002001,21.928684,412026000.00
2023-02-17,21.631001,21.740000,20.975000,21.388000,21.316729,465888000.00
2023-02-21,21.000000,21.493999,20.618000,20.655001,20.586168,410015000.00
2023-02-22,20.707001,21.104000,20.421000,20.754000,20.684841,513184000.00
2023-02-23,23.440001,23.888000,23.025000,23.664000,23.585142,1117995000.00
2023-02-24,23.225000,23.474001,22.947001,23.285999,23.208405,589716000.00
2023-02-27,23.670000,23.879999,23.454000,23.500999,23.422684,452994000.00
2023-02-28,23.372000,23.825001,23.205999,23.216000,23.138639,455963000.00
2023-03-01,23.191999,23.256001,22.507999,22.698000,22.622364,460026000.00
2023-03-02,22.488001,23.379999,22.431999,23.313999,23.236309,389415000.00
2023-03-03,23.320000,23.900000,23.129999,23.889999,23.810389,412393000.00
2023-03-06,23.891001,24.247999,23.487000,23.554001,23.475513,437429000.00
2023-03-07,23.600000,24.125000,23.240999,23.288000,23.214340,515154000.00
2023-03-08,23.487000,24.200001,23.424000,24.181000,24.104511,513573000.00
2023-03-09,24.174999,24.454000,23.382999,23.436001,23.361874,501257000.00
2023-03-10,23.409000,23.627001,22.726000,22.965000,22.892363,474866000.00
2023-03-13,22.752001,23.298000,22.297001,22.966000,22.893356,421890000.00
2023-03-14,23.496000,24.219000,23.459999,24.063000,23.986889,474910000.00
2023-03-15,23.761000,24.285999,23.360001,24.228001,24.151367,524486000.00
2023-03-16,24.027000,25.587999,23.893999,25.541000,25.460218,583253000.00
2023-03-17,25.982000,26.399000,25.667999,25.725000,25.643631,848547000.00
2023-03-20,25.615000,26.024000,25.129999,25.900000,25.818077,432747000.00
2023-03-21,26.180000,26.392000,25.381001,26.198999,26.116133,547408000.00
2023-03-22,26.424999,27.589001,26.237000,26.468000,26.384279,797295000.00
2023-03-23,27.115000,27.499001,26.690001,27.191000,27.104994,564889000.00
2023-03-24,27.031000,27.167000,26.355000,26.778999,26.694300,454920000.00
2023-03-27,26.837000,27.000000,26.365000,26.531000,26.447086,361026000.00
2023-03-28,26.447001,26.513000,25.850000,26.410000,26.326468,356104000.00
2023-03-29,26.825001,27.077999,26.597000,26.983999,26.898647,393694000.00
2023-03-30,27.229000,27.499001,27.101999,27.382999,27.296387,364516000.00
2023-03-31,27.139999,27.834000,27.105000,27.777000,27.689142,433933000.00
2023-04-03,27.509001,28.000000,27.336000,27.965000,27.876543,398716000.00
2023-04-04,27.966000,28.000000,27.306999,27.452999,27.366165,368592000.00
2023-04-05,26.829000,26.997999,26.395000,26.881001,26.795975,515015000.00
2023-04-06,26.584000,27.080000,26.427000,27.037001,26.951485,397654000.00
2023-04-10,26.823000,27.621000,26.669001,27.579000,27.491770,395279000.00
2023-04-11,27.724001,27.790001,27.125999,27.169001,27.083065,314378000.00
2023-04-12,27.370001,27.468000,26.448000,26.495001,26.411198,446259000.00
2023-04-13,26.733999,26.886999,26.329000,26.462999,26.379293,353615000.00
2023-04-14,26.504000,26.882999,26.219999,26.757999,26.673363,395660000.00
2023-04-17,26.565001,27.006001,26.433001,27.002001,26.916594,321471000.00
2023-04-18,27.533001,28.110001,27.357000,27.667000,27.579489,604812000.00
2023-04-19,27.361000,28.000000,27.232000,27.931000,27.842657,358660000.00
2023-04-20,27.671000,28.030001,27.000000,27.104000,27.018272,427713000.00
2023-04-21,26.952000,27.183001,26.722000,27.118999,27.033220,345103000.00
2023-04-24,27.013000,27.365999,26.671000,27.042000,26.956467,339282000.00
2023-04-25,27.077999,27.247000,26.225000,26.240999,26.158001,378527000.00
2023-04-26,27.002001,27.330000,26.705000,26.955999,26.870739,406337000.00
2023-04-27,27.363001,27.495001,26.625000,27.226000,27.139887,377161000.00
2023-04-28,27.225000,27.757999,27.070999,27.749001,27.661228,292216000.00
2023-05-01,27.840000,29.058001,27.780001,28.910000,28.818560,570329000.00
2023-05-02,28.680000,28.836000,28.083000,28.209999,28.120771,402730000.00
2023-05-03,27.840000,28.367001,27.472000,27.802000,27.714066,383387000.00
2023-05-04,27.650999,27.858999,27.240000,27.562000,27.474821,321850000.00
2023-05-05,27.826000,28.754999,27.731001,28.680000,28.589287,361494000.00
2023-05-08,28.521999,29.219999,28.350000,29.150999,29.058790,344979000.00
2023-05-09,28.899000,28.973000,28.450001,28.570999,28.480627,314869000.00
2023-05-10,29.004999,29.113001,28.461000,28.885000,28.793642,369350000.00
2023-05-11,28.896000,28.950001,28.246000,28.577999,28.487610,322149000.00
2023-05-12,28.528999,28.780001,28.046000,28.340000,28.250360,274222000.00
2023-05-15,28.507999,28.969000,28.152000,28.952999,28.861422,293926000.00
2023-05-16,28.841000,29.870001,28.832001,29.212999,29.120598,449405000.00
2023-05-17,29.584000,30.198999,29.430000,30.177999,30.082546,432535000.00
2023-05-18,30.410000,31.827999,30.320000,31.677999,31.577801,748725000.00
2023-05-19,31.535999,31.580000,30.916000,31.264000,31.165108,473908000.00
2023-05-22,30.900999,31.520000,30.680000,31.176001,31.077389,372000000.00
2023-05-23,31.000000,31.288000,30.631001,30.688000,30.590933,356253000.00
2023-05-24,30.209999,30.607000,29.806000,30.538000,30.441408,721419000.00
2023-05-25,38.522999,39.480000,36.634998,37.980000,37.859875,1543911000.00
2023-05-26,37.889999,39.169998,37.549999,38.945999,38.822807,714397000.00
2023-05-30,40.595001,41.938000,39.949001,40.111000,39.984135,923401000.00
2023-05-31,39.487999,40.294998,37.821999,37.834000,37.714333,1002580000.00
2023-06-01,38.488998,40.049999,38.340000,39.770000,39.644203,635873000.00
2023-06-02,40.097000,40.500000,39.057999,39.327000,39.202610,482731000.00
2023-06-05,38.909000,39.564999,38.707001,39.171001,39.047096,396094000.00
2023-06-06,38.830002,39.160000,38.147999,38.653999,38.531738,388729000.00
2023-06-07,38.915001,39.499001,37.355999,37.474998,37.360329,511998000.00
2023-06-08,37.723999,38.863998,37.505001,38.509998,38.392170,417772000.00
2023-06-09,39.036999,39.710999,38.567001,38.770000,38.651371,427717000.00
2023-06-12,39.200001,39.529999,38.618000,39.481998,39.361191,388701000.00
2023-06-13,40.186001,41.101002,39.740002,41.021999,40.896481,613208000.00
2023-06-14,40.824001,43.000000,40.551998,42.997002,42.865440,740465000.00
2023-06-15,42.602001,43.289001,42.146999,42.653000,42.522491,568622000.00
2023-06-16,43.450001,43.721001,42.660999,42.692001,42.561371,655709000.00
2023-06-20,42.998001,43.990002,42.674000,43.807999,43.673954,451153000.00
2023-06-21,43.500999,43.615002,42.080002,43.044998,42.913292,551603000.00
2023-06-22,42.252998,43.425999,42.234001,43.025002,42.893349,417737000.00
2023-06-23,42.464001,42.808998,42.014999,42.209000,42.079845,358140000.00
2023-06-26,42.460999,42.764000,40.099998,40.632000,40.507671,594322000.00
2023-06-27,40.799000,41.939999,40.448002,41.875999,41.747864,462175000.00
2023-06-28,40.660000,41.845001,40.518002,41.117001,40.991180,582639000.00
2023-06-29,41.557999,41.599998,40.599998,40.821999,40.697090,380514000.00
2023-06-30,41.680000,42.549999,41.500999,42.301998,42.172565,501148000.00
2023-07-03,42.516998,42.897999,42.202000,42.412998,42.283218,198209000.00
2023-07-05,42.134998,43.176998,42.084999,42.317001,42.187519,323618000.00
2023-07-06,41.844002,42.179001,41.346001,42.103001,41.974174,303582000.00
2023-07-07,42.321999,43.214001,42.180000,42.502998,42.372940,355881000.00
2023-07-10,42.657001,42.811001,41.648998,42.180000,42.050938,353908000.00
2023-07-11,42.480999,42.757999,42.067001,42.404999,42.275242,298244000.00
2023-07-12,43.033001,43.935001,42.777000,43.902000,43.767658,481277000.00
2023-07-13,44.518002,46.154999,44.492001,45.977001,45.836315,478204000.00
2023-07-14,46.583000,48.088001,45.060001,45.469002,45.329872,772075000.00
2023-07-17,46.289001,46.495998,45.262001,46.460999,46.318832,510488000.00
2023-07-18,46.701000,47.896000,45.734001,47.493999,47.348671,569164000.00
2023-07-19,47.464001,47.818001,46.742001,47.077000,46.932945,427502000.00
2023-07-20,46.507000,47.087002,45.062000,45.520000,45.380718,537865000.00
2023-07-21,45.787998,45.866001,44.099998,44.308998,44.173424,963769000.00
2023-07-24,44.730999,45.109001,44.040001,44.612000,44.475487,382516000.00
2023-07-25,44.941002,46.182999,44.923000,45.679001,45.539227,348081000.00
2023-07-26,46.021000,46.053001,44.630001,45.452000,45.312920,364237000.00
2023-07-27,46.519001,47.395000,45.750000,45.900002,45.759552,455976000.00
2023-07-28,46.667999,47.027000,46.381001,46.750000,46.606953,331194000.00
2023-07-31,46.754002,47.130001,46.506001,46.729000,46.586010,251055000.00
2023-08-01,46.459999,46.900002,46.027000,46.507000,46.364700,237858000.00
2023-08-02,45.831001,45.840000,43.387001,44.269001,44.133553,530142000.00
2023-08-03,43.799999,45.118000,43.799999,44.514999,44.378788,324176000.00
2023-08-04,44.985001,45.641998,44.393002,44.680000,44.543285,362666000.00
2023-08-07,45.111000,45.540001,44.563000,45.417000,45.278034,322154000.00
2023-08-08,44.853001,45.242001,44.056000,44.664001,44.527336,353843000.00
2023-08-09,44.273998,44.312000,42.133999,42.554001,42.423794,586449000.00
2023-08-10,42.160000,43.574001,41.834999,42.388000,42.258301,492705000.00
2023-08-11,41.750999,42.018002,40.639000,40.855000,40.729992,533085000.00
2023-08-14,40.486000,43.799999,40.311001,43.752998,43.619118,690286000.00
2023-08-15,44.560001,45.268002,43.709999,43.939999,43.805553,676512000.00
2023-08-16,44.520000,44.674999,43.405998,43.486000,43.352932,527451000.00
2023-08-17,43.970001,44.062000,43.000999,43.344002,43.211365,452395000.00
2023-08-18,42.634998,43.577999,41.660000,43.299000,43.166508,583768000.00
2023-08-21,44.493999,47.064999,44.222000,46.966999,46.823292,692573000.00
2023-08-22,48.134998,48.187000,45.333000,45.667999,45.528263,755293000.00
2023-08-23,45.866001,47.200001,45.208000,47.116001,46.971832,779046000.00
2023-08-24,50.216000,50.265999,47.159000,47.162998,47.018684,1156044000.00
2023-08-25,47.012001,47.805000,45.023998,46.018002,45.877186,925341000.00
2023-08-28,46.481998,46.980000,44.888000,46.834999,46.691692,685192000.00
2023-08-29,46.666000,49.081001,46.390999,48.784000,48.634731,701397000.00
2023-08-30,49.043999,49.926998,48.424999,49.264000,49.113255,735206000.00
2023-08-31,49.380001,49.743999,48.958000,49.355000,49.203983,528570000.00
2023-09-01,49.762001,49.799999,48.141998,48.508999,48.360569,463830000.00
2023-09-05,48.223000,48.851002,47.860001,48.548000,48.399460,382653000.00
2023-09-06,48.441002,48.549000,46.580002,47.061001,46.920868,468670000.00
2023-09-07,45.525002,46.344002,45.152000,46.241001,46.103306,433330000.00
2023-09-08,45.942001,46.605999,45.271000,45.571999,45.436298,473069000.00
2023-09-11,46.147999,46.162998,44.312000,45.178001,45.043472,473966000.00
2023-09-12,44.737999,45.673000,44.530998,44.869999,44.736393,349256000.00
2023-09-13,44.599998,45.930000,44.502998,45.485001,45.349560,398355000.00
2023-09-14,45.950001,45.987000,45.131001,45.581001,45.445278,370097000.00
2023-09-15,45.341000,45.598999,43.807999,43.900002,43.769268,506831000.00
2023-09-18,42.748001,44.242001,42.000000,43.966000,43.835075,500271000.00
2023-09-19,43.833000,43.966000,43.001999,43.520000,43.390411,373064000.00
2023-09-20,43.599998,43.903000,42.223000,42.238998,42.113224,367108000.00
2023-09-21,41.583000,42.099998,40.980000,41.016998,40.894863,450736000.00
2023-09-22,41.571999,42.115002,41.230999,41.610001,41.486103,479236000.00
2023-09-25,41.591000,42.535999,41.176998,42.222000,42.096283,419091000.00
2023-09-26,42.000999,42.820000,41.654999,41.910999,41.786201,402282000.00
2023-09-27,42.330002,42.872002,41.629002,42.467999,42.341537,444935000.00
2023-09-28,42.459999,43.445999,42.115002,43.089001,42.960693,424663000.00
2023-09-29,43.827000,44.144001,43.306999,43.499001,43.369473,397830000.00
2023-10-02,44.029999,45.174999,43.861000,44.782001,44.648647,433298000.00
2023-10-03,44.807999,45.130001,43.245998,43.516998,43.387421,470850000.00
2023-10-04,43.742001,44.143002,43.292000,44.041000,43.909859,361821000.00
2023-10-05,44.049999,44.900002,43.888000,44.688000,44.554935,393483000.00
2023-10-06,44.193001,45.789001,44.026001,45.762001,45.625732,434436000.00
2023-10-09,44.841999,45.605000,44.368000,45.272999,45.138184,409675000.00
2023-10-10,45.310001,46.258999,45.088001,45.798000,45.661633,368582000.00
2023-10-11,46.195999,46.859001,46.049999,46.806000,46.666622,378137000.00
2023-10-12,46.777000,47.609001,46.330002,46.945000,46.805210,481325000.00
2023-10-13,46.959999,47.116001,45.279999,45.460999,45.325630,474115000.00
2023-10-16,45.063000,46.224998,44.911999,46.095001,45.957745,375099000.00
2023-10-17,44.000000,44.754002,42.480000,43.938000,43.807167,812333000.00
2023-10-18,42.591000,43.219002,41.825001,42.195999,42.070351,627294000.00
2023-10-19,42.811001,43.297001,41.882000,42.101002,41.975639,501233000.00
2023-10-20,41.889999,42.470001,41.077999,41.387001,41.263760,477266000.00
2023-10-23,41.229000,43.248001,40.945000,42.974998,42.847038,478530000.00
2023-10-24,43.077000,43.696999,42.691002,43.662998,43.532986,401463000.00
2023-10-25,43.397999,43.650002,41.555000,41.778999,41.654591,398379000.00
2023-10-26,41.853001,42.256001,39.880001,40.326000,40.205914,541001000.00
2023-10-27,41.130001,41.206001,40.014999,40.500000,40.379406,416784000.00
2023-10-30,41.087002,41.765999,40.480999,41.160999,41.038429,388028000.00
2023-10-31,40.450001,40.879002,39.230000,40.779999,40.658573,517969000.00
2023-11-01,40.883999,42.381001,40.868999,42.325001,42.198971,437593000.00
2023-11-02,43.327999,43.883999,42.894001,43.506001,43.376446,409172000.00
2023-11-03,44.020000,45.308998,43.723000,45.005001,44.870991,424610000.00
2023-11-06,45.285000,45.935001,44.898998,45.750999,45.614765,400733000.00
2023-11-07,45.719002,46.217999,45.158001,45.955002,45.818157,343165000.00
2023-11-08,46.099998,46.867001,45.967999,46.574001,46.435322,346719000.00
2023-11-09,47.466999,48.230000,46.750000,46.950001,46.810200,540496000.00
2023-11-10,47.500000,48.472000,47.283001,48.334999,48.191074,421245000.00
2023-11-13,48.320000,49.116001,48.098999,48.619999,48.475220,384136000.00
2023-11-14,49.680000,49.834000,49.040001,49.655998,49.508133,416954000.00
2023-11-15,49.935001,49.959999,48.200001,48.888000,48.742424,475497000.00
2023-11-16,48.679001,49.525002,48.330002,49.480000,49.332664,339756000.00
2023-11-17,49.523998,49.716999,49.007000,49.298000,49.151211,325205000.00
2023-11-20,49.312000,50.548000,49.181000,50.409000,50.258900,414120000.00
2023-11-21,50.125999,50.516998,49.222000,49.944000,49.795284,565747000.00
2023-11-22,49.852001,50.334999,47.689999,48.716000,48.570934,899420000.00
2023-11-24,48.470001,48.921001,47.744999,47.776001,47.633739,294645000.00
2023-11-27,47.799999,48.529999,47.652000,48.242001,48.098351,395662000.00
2023-11-28,48.236000,48.323002,47.473000,47.820999,47.678600,401491000.00
2023-11-29,48.379002,48.762001,47.860001,48.139999,47.996651,382005000.00
2023-11-30,48.023998,48.110001,46.422001,46.770000,46.630733,526247000.00
2023-12-01,46.525002,47.200001,46.187000,46.764999,46.625744,369317000.00
2023-12-04,46.077000,46.077000,45.009998,45.509998,45.374481,437543000.00
2023-12-05,45.466000,46.599998,45.271000,46.566002,46.431423,371718000.00
2023-12-06,47.215000,47.387001,45.411999,45.502998,45.371490,380590000.00
2023-12-07,45.700001,46.629002,45.604000,46.596001,46.461330,350823000.00
2023-12-08,46.595001,47.741001,46.549999,47.506001,47.368702,359224000.00
2023-12-11,47.491001,47.530998,45.830002,46.626999,46.492252,509728000.00
2023-12-12,46.046001,47.666000,46.046001,47.657001,47.519276,372387000.00
2023-12-13,47.629002,48.594002,47.608002,48.088001,47.949017,447792000.00
2023-12-14,48.389999,48.669998,47.422001,48.349998,48.210262,391232000.00
2023-12-15,48.194000,49.403999,48.119999,48.889999,48.748707,479948000.00
2023-12-18,49.400002,50.432999,49.150002,50.077000,49.932278,412587000.00
2023-12-19,49.424000,49.700001,48.895000,49.604000,49.460640,464444000.00
2023-12-20,49.654999,49.999001,48.098000,48.111000,47.971951,397894000.00
2023-12-21,48.811001,49.095001,48.418999,48.990002,48.848415,300425000.00
2023-12-22,49.195000,49.382999,48.466999,48.830002,48.688873,252507000.00
2023-12-26,48.967999,49.599998,48.959999,49.278999,49.136581,244200000.00
2023-12-27,49.511002,49.680000,49.084999,49.417000,49.274181,233648000.00
2023-12-28,49.643002,49.883999,49.411999,49.521999,49.378883,246587000.00
2023-12-29,49.813000,49.997002,48.750999,49.521999,49.378883,389293000.00
2024-01-02,49.243999,49.294998,47.595001,48.167999,48.028790,411254000.00
2024-01-03,47.485001,48.183998,47.320000,47.569000,47.431522,320896000.00
2024-01-04,47.766998,48.500000,47.507999,47.998001,47.859283,306535000.00
2024-01-05,48.462002,49.547001,48.306000,49.097000,48.955105,415039000.00
2024-01-08,49.512001,52.275002,49.479000,52.252998,52.101986,642510000.00
2024-01-09,52.401001,54.325001,51.689999,53.139999,52.986416,773100000.00
2024-01-10,53.616001,54.599998,53.488998,54.349998,54.192917,533796000.00
2024-01-11,54.999001,55.346001,53.560001,54.821999,54.663559,596759000.00
2024-01-12,54.619999,54.970001,54.330002,54.709999,54.551891,352994000.00
2024-01-16,55.018002,56.834999,54.900002,56.382000,56.219055,449580000.00
2024-01-17,56.347000,56.471001,54.740002,56.053001,55.891006,474394000.00
2024-01-18,57.259998,57.599998,56.106998,57.106998,56.941959,491650000.00
2024-01-19,57.988998,59.500000,57.224998,59.491001,59.319073,543501000.00
2024-01-22,60.049000,60.331001,59.070000,59.653999,59.481594,452955000.00
2024-01-23,59.570000,59.910000,58.584999,59.873001,59.699966,294654000.00
2024-01-24,60.304001,62.848999,59.938000,61.362000,61.184666,560271000.00
2024-01-25,62.349998,62.719002,60.849998,61.617001,61.438923,482777000.00
2024-01-26,60.959999,61.783001,60.573002,61.030998,60.854614,390309000.00
2024-01-29,61.231998,62.488998,60.907001,62.465000,62.284477,348733000.00
2024-01-30,62.900002,63.493000,62.259998,62.773998,62.592575,410735000.00
2024-01-31,61.439999,62.269001,60.700001,61.527000,61.349182,453795000.00
2024-02-01,62.099998,63.191002,61.650002,63.027000,62.844852,369146000.00
2024-02-02,63.973999,66.599998,63.689999,66.160004,65.968803,476578000.00
2024-02-05,68.224998,69.497002,67.205002,69.332001,69.131638,680078000.00
2024-02-06,69.629997,69.753998,66.300003,68.223000,68.025841,683111000.00
2024-02-07,68.319000,70.220001,67.599998,70.098999,69.896400,495575000.00
2024-02-08,70.073997,70.793999,69.455002,69.640999,69.439728,414422000.00
2024-02-09,70.532997,72.184998,70.211998,72.133003,71.924545,436637000.00
2024-02-12,72.599998,74.611000,71.250000,72.248001,72.039192,613710000.00
2024-02-13,70.400002,73.449997,69.620003,72.127998,71.919540,602580000.00
2024-02-14,73.202003,74.236000,71.938004,73.900002,73.686424,504917000.00
2024-02-15,73.869003,73.974998,72.400002,72.657997,72.448029,420122000.00
2024-02-16,74.099998,74.402000,72.500999,72.612999,72.403137,495327000.00
2024-02-20,71.946999,71.956001,67.734001,69.452003,69.251266,704833000.00
2024-02-21,68.005997,68.888000,66.248001,67.472000,67.277008,673755000.00
2024-02-22,75.025002,78.574997,74.220001,78.538002,78.311028,865100000.00
2024-02-23,80.790001,82.393997,77.570000,78.817001,78.589226,829388000.00
2024-02-26,79.699997,80.646004,78.504997,79.092003,78.863411,503973000.00
2024-02-27,79.380997,79.480003,77.162003,78.700996,78.473541,391705000.00
2024-02-28,77.620003,78.932999,77.125000,77.663002,77.438538,393110000.00
2024-02-29,79.094002,79.989998,78.349998,79.112000,78.883354,507289000.00
2024-03-01,80.000000,82.300003,79.434998,82.278999,82.041206,479135000.00
2024-03-04,84.129997,87.695000,83.719002,85.237000,84.990662,615616000.00
2024-03-05,85.269997,86.097000,83.417000,85.963997,85.719589,520639000.00
2024-03-06,88.022003,89.723999,87.029999,88.699997,88.447800,582520000.00
2024-03-07,90.157997,92.766998,89.601997,92.668999,92.405510,608119000.00
2024-03-08,95.138000,97.400002,86.505997,87.528000,87.279137,1142269000.00
2024-03-11,86.429001,88.796997,84.166000,85.774002,85.530128,678364000.00
2024-03-12,88.049004,91.959999,86.150002,91.913002,91.651680,668075000.00
2024-03-13,91.055000,91.503998,88.434998,90.888000,90.629578,635713000.00
2024-03-14,89.577003,90.646004,86.599998,87.944000,87.693954,602318000.00
2024-03-15,86.930000,89.545998,86.257004,87.836998,87.587273,642086000.00
2024-03-18,90.388000,92.404999,87.084999,88.455002,88.203491,668976000.00
2024-03-19,86.699997,90.543999,85.010002,89.398003,89.143822,672171000.00
2024-03-20,89.796997,90.410004,88.223000,90.372002,90.115051,479063000.00
2024-03-21,92.300003,92.648003,90.404999,91.434998,91.175018,480372000.00
2024-03-22,91.140999,94.778000,90.834000,94.289001,94.020912,586719000.00
2024-03-25,93.941002,96.765999,93.510002,95.001999,94.731888,552136000.00
2024-03-26,95.850998,96.375000,92.501999,92.560997,92.297821,513648000.00
2024-03-27,93.112000,93.239998,89.123001,90.250000,89.993401,586067000.00
2024-03-28,90.000000,91.300003,89.193001,90.356003,90.099098,435212000.00
2024-04-01,90.299004,92.224998,89.204002,90.362999,90.106079,452441000.00
2024-04-02,88.447998,90.094002,87.620003,89.452003,89.197662,433064000.00
2024-04-03,88.484001,90.374001,88.400002,88.963997,88.711060,370067000.00
2024-04-04,90.405998,90.634003,85.879997,85.904999,85.660736,434965000.00
2024-04-05,86.865997,88.481003,85.926003,88.008003,87.757782,399678000.00
2024-04-08,88.699997,88.830002,86.732002,87.133003,86.885262,283220000.00
2024-04-09,87.442001,87.635002,83.022003,85.353996,85.111305,501700000.00
2024-04-10,83.926003,87.400002,83.709000,87.039001,86.791527,431929000.00
2024-04-11,87.419998,90.738998,86.926003,90.615997,90.358360,431637000.00
2024-04-12,89.698997,90.175003,87.529999,88.185997,87.935257,426805000.00
2024-04-15,89.098000,90.612999,85.929001,86.000999,85.756462,443077000.00
2024-04-16,86.432999,88.117996,86.064003,87.415001,87.166458,370453000.00
2024-04-17,88.339996,88.775002,83.949997,84.035004,83.796082,495400000.00
2024-04-18,84.970001,86.190002,82.402000,84.670998,84.430260,447260000.00
2024-04-19,83.150002,84.323997,75.606003,76.199997,75.983353,875198000.00
2024-04-22,78.103996,80.072998,76.400002,79.517998,79.291908,596341000.00
2024-04-23,80.768997,82.768997,80.264000,82.422997,82.188637,438559000.00
2024-04-24,83.949997,84.082001,79.182999,79.677002,79.450447,512208000.00
2024-04-25,78.867996,83.322998,78.223000,82.632004,82.397072,424641000.00
2024-04-26,83.818001,88.331001,83.387001,87.735001,87.485558,551011000.00
2024-04-29,87.595001,87.991997,85.265999,87.757004,87.507477,388971000.00
2024-04-30,87.239998,88.819000,86.300003,86.402000,86.156334,363709000.00
2024-05-01,85.077003,86.000000,81.254997,83.041000,82.804886,559863000.00
2024-05-02,84.448997,86.237000,83.199997,85.817001,85.572998,377898000.00
2024-05-03,87.789001,89.280998,87.040001,88.789001,88.536552,398341000.00
2024-05-06,89.389999,92.220001,89.055000,92.139999,91.878006,376203000.00
2024-05-07,91.098000,91.780998,89.011002,90.554001,90.296524,437342000.00
2024-05-08,89.483002,91.194000,89.419998,90.412003,90.154930,325721000.00
2024-05-09,90.528999,91.071999,88.231003,88.747002,88.494659,378013000.00
2024-05-10,90.305000,91.401001,89.226997,89.877998,89.622459,335325000.00
2024-05-13,90.477997,90.998001,88.528999,90.399002,90.141968,289680000.00
2024-05-14,89.598999,91.651001,88.933998,91.356003,91.096260,296507000.00
2024-05-15,92.472000,94.862000,91.598999,94.629997,94.360939,417735000.00
2024-05-16,94.910004,95.819000,94.102997,94.359001,94.090714,323952000.00
2024-05-17,94.369003,94.739998,91.806000,92.478996,92.216064,359691000.00
2024-05-20,93.750000,95.199997,93.440002,94.779999,94.510521,318764000.00
2024-05-21,93.598999,95.400002,93.180000,95.386002,95.114799,328946000.00
2024-05-22,95.459000,96.019997,93.249001,94.949997,94.680023,548648000.00
2024-05-23,102.028000,106.320000,101.519997,103.799004,103.503876,835065000.00
2024-05-24,104.448997,106.474998,103.000000,106.469002,106.166275,429494000.00
2024-05-28,110.244003,114.939003,109.883003,113.901001,113.577148,652728000.00
2024-05-29,113.050003,115.491997,110.901001,114.824997,114.498520,557442000.00
2024-05-30,114.650002,115.819000,109.663002,110.500000,110.185829,484553000.00
2024-05-31,112.519997,112.717003,106.940002,109.633003,109.321289,613263000.00
2024-06-03,113.621002,115.000000,112.002998,115.000000,114.673027,438392000.00
2024-06-04,115.716003,116.599998,114.044998,116.436996,116.105934,403324000.00
2024-06-05,118.371002,122.448997,117.468002,122.440002,122.091873,528402000.00
2024-06-06,124.047997,125.586998,118.320000,120.998001,120.653961,664696000.00
2024-06-07,119.769997,121.692001,118.022003,120.888000,120.544281,412386000.00
2024-06-10,120.370003,123.099998,117.010002,121.790001,121.443710,313434100.00
2024-06-11,121.769997,122.870003,118.739998,120.910004,120.576126,222551200.00
2024-06-12,123.059998,126.879997,122.570000,125.199997,124.854279,299595000.00
2024-06-13,129.389999,129.800003,127.160004,129.610001,129.252106,260704500.00
2024-06-14,129.960007,132.839996,128.320007,131.880005,131.515839,309320400.00
2024-06-17,132.990005,133.729996,129.580002,130.979996,130.618332,288504400.00
2024-06-18,131.139999,136.330002,130.690002,135.580002,135.205627,294335100.00
2024-06-20,139.800003,140.759995,129.520004,130.779999,130.418854,517768400.00
2024-06-21,127.120003,130.630005,124.300003,126.570000,126.220490,649445800.00
2024-06-24,123.239998,124.459999,118.040001,118.110001,117.783859,476060900.00
2024-06-25,121.199997,126.500000,119.320000,126.089996,125.741814,414192600.00
2024-06-26,126.129997,128.119995,122.599998,126.400002,126.050957,362975900.00
2024-06-27,124.099998,126.410004,122.919998,123.989998,123.647606,252571700.00
2024-06-28,124.580002,127.709999,122.750000,123.540001,123.198868,315516700.00
2024-07-01,123.470001,124.839996,118.830002,124.300003,123.956764,284885500.00
2024-07-02,121.129997,123.410004,121.029999,122.669998,122.331261,218374000.00
2024-07-03,121.660004,128.279999,121.360001,128.279999,127.925781,215749000.00
2024-07-05,127.379997,128.850006,125.680000,125.830002,125.482536,214176700.00
2024-07-08,127.489998,130.770004,127.040001,128.199997,127.845985,237677300.00
2024-07-09,130.350006,133.820007,128.649994,131.380005,131.017212,285366600.00
2024-07-10,134.029999,135.100006,132.419998,134.910004,134.537460,248978600.00
2024-07-11,135.750000,136.149994,127.050003,127.400002,127.048203,374782700.00
2024-07-12,128.259995,131.919998,127.220001,129.240005,128.883118,252680500.00
2024-07-15,130.559998,131.389999,127.180000,128.440002,128.085342,208326200.00
2024-07-16,128.440002,129.039993,124.580002,126.360001,126.011070,214769500.00
2024-07-17,121.349998,121.849998,116.720001,117.989998,117.664185,390086200.00
2024-07-18,121.849998,122.400002,116.559998,121.089996,120.755608,320979500.00
2024-07-19,120.349998,121.599998,117.370003,117.930000,117.604355,217223800.00
2024-07-22,120.349998,124.070000,119.860001,123.540001,123.198868,258068900.00
2024-07-23,122.779999,124.690002,122.099998,122.589996,122.251480,173911000.00
2024-07-24,119.169998,119.949997,113.440002,114.250000,113.934509,327776900.00
2024-07-25,113.040001,116.629997,106.300003,112.279999,111.969955,460067000.00
2024-07-26,116.190002,116.199997,111.580002,113.059998,112.747803,293399100.00
2024-07-29,113.690002,116.279999,111.300003,111.589996,111.281853,248152100.00
2024-07-30,111.519997,111.989998,102.540001,103.730003,103.443565,486833300.00
2024-07-31,112.900002,118.339996,110.879997,117.019997,116.696854,473174200.00
2024-08-01,117.529999,120.160004,106.809998,109.209999,108.908424,523462300.00
2024-08-02,103.760002,108.720001,101.370003,107.269997,106.973778,482027500.00
2024-08-05,92.059998,103.410004,90.690002,100.449997,100.172615,552842400.00
2024-08-06,103.839996,107.709999,100.550003,104.250000,103.962135,409012100.00
2024-08-07,107.809998,108.800003,98.690002,98.910004,98.636879,411440400.00
2024-08-08,102.000000,105.500000,97.519997,104.970001,104.680138,391910000.00
2024-08-09,105.639999,106.599998,103.430000,104.750000,104.460754,290844200.00
2024-08-12,106.320000,111.070000,106.260002,109.019997,108.718948,325559900.00
2024-08-13,112.440002,116.230003,111.580002,116.139999,115.819290,312646700.00
2024-08-14,118.529999,118.599998,114.070000,118.080002,117.753937,339246400.00
2024-08-15,118.760002,123.239998,117.470001,122.860001,122.520744,318086700.00
2024-08-16,121.940002,125.000000,121.180000,124.580002,124.235985,302589900.00
2024-08-19,124.279999,130.000000,123.419998,130.000000,129.641022,318333600.00
2024-08-20,128.399994,129.880005,125.889999,127.250000,126.898613,300087400.00
2024-08-21,127.320000,129.350006,126.660004,128.500000,128.145172,257883600.00
2024-08-22,130.020004,130.750000,123.099998,123.739998,123.398300,376189100.00
2024-08-23,125.860001,129.600006,125.220001,129.369995,129.012772,323230300.00
2024-08-26,129.570007,131.259995,124.370003,126.459999,126.110802,331964700.00
2024-08-27,125.050003,129.199997,123.879997,128.300003,127.945732,303134600.00
2024-08-28,128.119995,128.330002,122.639999,125.610001,125.263153,448101100.00
2024-08-29,121.360001,124.430000,116.709999,117.589996,117.265274,453023300.00
2024-08-30,119.529999,121.750000,117.220001,119.370003,119.040367,333751600.00
2024-09-03,116.010002,116.209999,107.290001,108.000000,107.701782,477155100.00
2024-09-04,105.410004,113.269997,104.120003,106.209999,105.916718,372470300.00
2024-09-05,104.989998,109.650002,104.760002,107.209999,106.913963,306850700.00
2024-09-06,108.040001,108.150002,100.949997,102.830002,102.546043,413638100.00
2024-09-09,104.879997,106.550003,103.690002,106.470001,106.176003,273912000.00
2024-09-10,107.809998,109.400002,104.949997,108.099998,107.801491,268283700.00
2024-09-11,109.389999,117.190002,107.419998,116.910004,116.587166,441422400.00
2024-09-12,116.839996,120.790001,115.379997,119.139999,118.821182,366052700.00
2024-09-13,119.080002,119.959999,117.599998,119.099998,118.781281,238358300.00
2024-09-16,116.790001,118.180000,114.360001,116.779999,116.467499,248772300.00
2024-09-17,118.169998,118.800003,114.830002,115.589996,115.280670,231925900.00
2024-09-18,115.889999,117.699997,113.220001,113.370003,113.066620,310318900.00
2024-09-19,117.349998,119.660004,117.250000,117.870003,117.554581,293506400.00
2024-09-20,117.059998,118.620003,115.389999,116.000000,115.689583,382462400.00
2024-09-23,116.550003,116.989998,114.860001,116.260002,115.948883,206228500.00
2024-09-24,116.519997,121.800003,115.379997,120.870003,120.546555,354966800.00
2024-09-25,122.019997,124.940002,121.610001,123.510002,123.179482,284692900.00
2024-09-26,126.800003,127.669998,121.800003,124.040001,123.708061,302582900.00
2024-09-27,123.970001,124.029999,119.260002,121.400002,121.075127,271009200.00
2024-09-30,118.309998,121.500000,118.150002,121.440002,121.115021,226553700.00
2024-10-01,121.769997,122.440002,115.790001,117.000000,116.686905,302094500.00
2024-10-02,116.440002,119.379997,115.139999,118.849998,118.531952,221845900.00
2024-10-03,120.919998,124.360001,120.339996,122.849998,122.521240,277118000.00
2024-10-04,124.940002,125.040001,121.830002,124.919998,124.585709,243678100.00
2024-10-07,124.989998,130.639999,124.949997,127.720001,127.378204,346250200.00
2024-10-08,130.259995,133.479996,129.419998,132.889999,132.534393,285722500.00
2024-10-09,134.110001,134.520004,131.380005,132.649994,132.295013,246191600.00
2024-10-10,131.910004,135.000000,131.000000,134.809998,134.449234,242311300.00
2024-10-11,134.009995,135.779999,133.660004,134.800003,134.439270,170209500.00
2024-10-14,136.470001,139.600006,136.300003,138.070007,137.700516,232347700.00
2024-10-15,137.869995,138.570007,128.740005,131.600006,131.247818,377831000.00
2024-10-16,133.979996,136.619995,131.580002,135.720001,135.356796,264879700.00
2024-10-17,139.339996,140.889999,136.869995,136.929993,136.563568,306435900.00
2024-10-18,138.669998,138.899994,137.279999,138.000000,137.630722,176090200.00
2024-10-21,138.130005,143.710007,138.000000,143.710007,143.325439,264554500.00
2024-10-22,142.910004,144.419998,141.779999,143.589996,143.205734,226311600.00
2024-10-23,142.029999,142.429993,137.460007,139.559998,139.186539,285930000.00
2024-10-24,140.820007,141.350006,138.460007,140.410004,140.034271,172354900.00
2024-10-25,140.929993,144.130005,140.800003,141.539993,141.161240,205122100.00
2024-10-28,143.000000,143.139999,140.050003,140.520004,140.143951,173586700.00
2024-10-29,140.289993,142.259995,138.899994,141.250000,140.872009,157593600.00
2024-10-30,139.539993,140.330002,136.809998,139.339996,138.967087,179418100.00
2024-10-31,137.600006,137.610001,132.110001,132.759995,132.404724,270039600.00
2024-11-01,134.699997,137.309998,134.570007,135.399994,135.037659,207127800.00
2024-11-04,137.210007,138.960007,135.570007,136.050003,135.685913,187528200.00
2024-11-05,137.449997,140.369995,137.330002,139.910004,139.535599,160537400.00
2024-11-06,142.960007,146.490005,141.960007,145.610001,145.220337,242043900.00
2024-11-07,146.389999,148.929993,146.169998,148.880005,148.481598,207323300.00
2024-11-08,148.770004,149.770004,146.259995,147.630005,147.234924,175665800.00
2024-11-11,148.679993,148.850006,143.570007,145.259995,144.871277,182325600.00
2024-11-12,146.779999,149.649994,146.009995,148.289993,147.893188,198634700.00
2024-11-13,149.070007,149.330002,145.899994,146.270004,145.878571,191903300.00
2024-11-14,147.639999,149.000000,145.550003,146.759995,146.367249,194463300.00
2024-11-15,144.869995,145.240005,140.080002,141.979996,141.600052,250132900.00
2024-11-18,139.500000,141.550003,137.149994,140.149994,139.774948,221205300.00
2024-11-19,141.320007,147.130005,140.990005,147.009995,146.616577,227834900.00
2024-11-20,147.410004,147.559998,142.729996,145.889999,145.499588,309871700.00
2024-11-21,149.350006,152.889999,140.699997,146.669998,146.277481,400946600.00
2024-11-22,145.929993,147.160004,141.100006,141.949997,141.570145,236406200.00
2024-11-25,141.990005,142.050003,135.820007,136.020004,135.655991,344941900.00
2024-11-26,137.699997,139.300003,135.669998,136.919998,136.553604,190287700.00
2024-11-27,135.009995,137.220001,131.800003,135.339996,134.977829,226370900.00
2024-11-29,136.779999,139.350006,136.050003,138.250000,137.880020,141863200.00
2024-12-02,138.830002,140.449997,137.820007,138.630005,138.259033,171682800.00
2024-12-03,138.259995,140.539993,137.949997,140.259995,139.884644,164414000.00
2024-12-04,142.000000,145.789993,140.289993,145.139999,144.751572,231224300.00
2024-12-05,145.110001,146.539993,143.949997,145.059998,144.681778,172621200.00
2024-12-06,144.600006,145.699997,141.309998,142.440002,142.068619,188505600.00
2024-12-09,138.970001,139.949997,137.130005,138.809998,138.448059,189308600.00
2024-12-10,139.009995,141.820007,133.789993,135.070007,134.717819,210020900.00
2024-12-11,137.360001,140.169998,135.210007,139.309998,138.946762,184905200.00
2024-12-12,137.080002,138.440002,135.800003,137.339996,136.981888,159211400.00
2024-12-13,138.940002,139.600006,132.539993,134.250000,133.899979,231514900.00
2024-12-16,134.179993,134.399994,130.419998,132.000000,131.655823,237951100.00
2024-12-17,129.089996,131.589996,126.860001,130.389999,130.050034,259410300.00
2024-12-18,133.860001,136.699997,128.279999,128.910004,128.573868,277444500.00
2024-12-19,131.759995,134.029999,129.550003,130.679993,130.339279,209719200.00
2024-12-20,129.809998,135.279999,128.220001,134.699997,134.348785,306528600.00
2024-12-23,136.279999,139.789993,135.119995,139.669998,139.305832,176053500.00
2024-12-24,140.000000,141.899994,138.649994,140.220001,139.854401,105157000.00
2024-12-26,139.699997,140.850006,137.729996,139.929993,139.565155,116205600.00
2024-12-27,138.550003,139.020004,134.710007,137.009995,136.652756,170582600.00
2024-12-30,134.830002,140.270004,134.020004,137.490005,137.131531,167734700.00
2024-12-31,138.029999,138.070007,133.830002,134.289993,133.939850,155659200.00
2025-01-02,136.000000,138.880005,134.630005,138.309998,137.949371,198247200.00
2025-01-03,140.009995,144.899994,139.729996,144.470001,144.093307,229322500.00
2025-01-06,148.589996,152.160004,147.820007,149.429993,149.040375,265377400.00
2025-01-07,153.029999,153.130005,140.009995,140.139999,139.774612,351782200.00
2025-01-08,142.580002,143.949997,137.559998,140.110001,139.744690,227349900.00
2025-01-10,137.449997,139.919998,134.220001,135.910004,135.555649,207602500.00
2025-01-13,129.990005,133.490005,129.509995,133.229996,132.882599,204808900.00
2025-01-14,136.050003,136.380005,130.050003,131.759995,131.416458,195590500.00
2025-01-15,133.649994,136.449997,131.289993,136.240005,135.884766,185217300.00
2025-01-16,138.639999,138.750000,133.490005,133.570007,133.221741,209235600.00
2025-01-17,136.690002,138.500000,135.460007,137.710007,137.350952,201188800.00
2025-01-21,139.160004,141.830002,137.089996,140.830002,140.462799,197749000.00
2025-01-22,144.660004,147.789993,143.669998,147.070007,146.686554,237651400.00
2025-01-23,145.050003,147.229996,143.720001,147.220001,146.836136,155915500.00
2025-01-24,148.369995,148.970001,141.880005,142.619995,142.248154,234657600.00
2025-01-27,124.800003,128.399994,116.699997,118.419998,118.111237,818830900.00
2025-01-28,121.809998,129.000000,116.250000,128.990005,128.653671,579666400.00
2025-01-29,126.500000,126.889999,120.050003,123.699997,123.377480,467120600.00
2025-01-30,123.099998,125.000000,118.099998,124.650002,124.324997,392925500.00
2025-01-31,123.779999,127.849998,119.190002,120.070000,119.756943,388161100.00
2025-02-03,114.750000,118.570000,113.010002,116.660004,116.355827,371235700.00
2025-02-04,116.959999,121.199997,116.699997,118.650002,118.340630,256550000.00
2025-02-05,121.760002,125.000000,120.760002,124.830002,124.504524,262230800.00
2025-02-06,127.419998,128.770004,125.209999,128.679993,128.344467,251483600.00
2025-02-07,129.220001,130.369995,125.000000,129.839996,129.501465,228186300.00
2025-02-10,130.089996,135.000000,129.960007,133.570007,133.221741,216989100.00
2025-02-11,132.580002,134.479996,131.020004,132.800003,132.453751,178902400.00
2025-02-12,130.020004,132.240005,129.080002,131.139999,130.798065,160278600.00
2025-02-13,131.559998,136.500000,131.169998,135.289993,134.937256,197430000.00
2025-02-14,136.479996,139.250000,135.500000,138.850006,138.487976,195479600.00
2025-02-18,141.270004,143.440002,137.929993,139.399994,139.036530,219176600.00
2025-02-19,139.509995,141.360001,137.220001,139.229996,138.866974,167536000.00
2025-02-20,140.029999,140.660004,136.789993,140.110001,139.744690,143903600.00
2025-02-21,140.039993,141.460007,134.029999,134.429993,134.079498,228217600.00
2025-02-24,136.559998,138.589996,130.080002,130.279999,129.940308,251381100.00
2025-02-25,129.979996,130.199997,124.440002,126.629997,126.299828,271428700.00
2025-02-26,129.990005,133.729996,128.490005,131.279999,130.937714,322553800.00
2025-02-27,135.000000,135.009995,120.010002,120.150002,119.836731,443175800.00
2025-02-28,118.019997,125.089996,116.400002,124.919998,124.594284,389091100.00
2025-03-03,123.510002,123.699997,112.279999,114.059998,113.762611,411381400.00
2025-03-04,110.650002,119.309998,110.110001,115.989998,115.687576,398163300.00
2025-03-05,117.580002,118.279999,114.510002,117.300003,116.994171,284337900.00
2025-03-06,113.529999,115.349998,110.220001,110.570000,110.281700,321181900.00
2025-03-07,111.250000,113.480003,107.559998,112.690002,112.396187,341755500.00
2025-03-10,109.900002,111.849998,105.459999,106.980003,106.701065,366487400.00
2025-03-11,106.989998,112.239998,104.769997,108.760002,108.476418,354865700.00
2025-03-12,114.120003,116.760002,112.879997,115.739998,115.448845,323857500.00
2025-03-13,117.029999,117.760002,113.790001,115.580002,115.289253,299033100.00
2025-03-14,118.610001,121.879997,118.150002,121.669998,121.363922,277593500.00
2025-03-17,122.739998,122.889999,118.029999,119.529999,119.229309,255501500.00
2025-03-18,118.000000,119.019997,114.540001,115.430000,115.139633,299686900.00
2025-03-19,117.269997,120.449997,115.680000,117.519997,117.224358,273426200.00
2025-03-20,116.550003,120.199997,116.470001,118.529999,118.231819,248829700.00
2025-03-21,116.940002,117.989998,115.419998,117.699997,117.403908,266498500.00
2025-03-24,119.879997,122.220001,119.339996,121.410004,121.104584,228452500.00
2025-03-25,120.550003,121.290001,118.919998,120.690002,120.386391,167447200.00
2025-03-26,118.730003,118.839996,112.709999,113.760002,113.473824,293463300.00
2025-03-27,111.349998,114.449997,110.660004,111.430000,111.149681,236902100.00
2025-03-28,111.489998,112.870003,109.070000,109.669998,109.394112,229872500.00
2025-03-31,105.129997,110.959999,103.650002,108.379997,108.107353,299212700.00
2025-04-01,108.519997,110.199997,106.470001,110.150002,109.872910,222614000.00
2025-04-02,107.290001,111.980003,106.790001,110.419998,110.142220,220601200.00
2025-04-03,103.510002,105.629997,101.599998,101.800003,101.543922,338769400.00
2025-04-04,98.910004,100.129997,92.110001,94.309998,94.072762,532273800.00
2025-04-07,87.459999,101.750000,86.620003,97.639999,97.394371,611041300.00
2025-04-08,103.809998,105.849998,94.459999,96.300003,96.057755,476243400.00
2025-04-09,98.889999,115.099998,97.529999,114.330002,114.042397,612918300.00
2025-04-10,109.370003,110.860001,99.150002,107.570000,107.299400,437812400.00
2025-04-11,108.500000,111.550003,107.480003,110.930000,110.650948,313417300.00
2025-04-14,114.110001,114.290001,109.070000,110.709999,110.431503,264705000.00
2025-04-15,110.970001,113.620003,110.500000,112.199997,111.917747,228966900.00
2025-04-16,104.550003,106.790001,100.449997,104.489998,104.227142,397016900.00
2025-04-17,104.449997,104.470001,100.050003,101.489998,101.234688,292517500.00
2025-04-21,98.769997,99.440002,95.040001,96.910004,96.666222,288501100.00
2025-04-22,98.779999,99.809998,97.279999,98.889999,98.641228,241004800.00
2025-04-23,104.519997,104.800003,102.019997,102.709999,102.451614,247526000.00
2025-04-24,103.480003,106.540001,103.110001,106.430000,106.162262,220815000.00
2025-04-25,106.849998,111.919998,105.730003,111.010002,110.730743,251064700.00
2025-04-28,109.690002,110.370003,106.019997,108.730003,108.456482,207708500.00
2025-04-29,107.669998,110.199997,107.440002,109.019997,108.745750,170444300.00
2025-04-30,104.470001,108.919998,104.080002,108.919998,108.645996,235044600.00
2025-05-01,113.080002,114.940002,111.300003,111.610001,111.329231,236121500.00
2025-05-02,114.180000,115.400002,113.370003,114.500000,114.211967,190194800.00
2025-05-05,112.910004,114.669998,112.660004,113.820000,113.533669,133163200.00
2025-05-06,111.480003,114.739998,110.820000,113.540001,113.254379,158525600.00
2025-05-07,113.050003,117.680000,112.279999,117.059998,116.765526,206758800.00
2025-05-08,118.250000,118.680000,115.849998,117.370003,117.074745,198428100.00
2025-05-09,117.349998,118.230003,115.209999,116.650002,116.356560,132972200.00
2025-05-12,121.970001,123.000000,120.279999,123.000000,122.690567,225023300.00
2025-05-13,124.980003,131.220001,124.470001,129.929993,129.603134,330430100.00
2025-05-14,133.199997,135.440002,131.679993,135.339996,134.999527,281180800.00
2025-05-15,134.289993,136.300003,132.660004,134.830002,134.490814,226632600.00
2025-05-16,136.220001,136.350006,133.460007,135.399994,135.059387,226542500.00
2025-05-19,132.389999,135.869995,132.389999,135.570007,135.228973,193154600.00
2025-05-20,134.289993,134.580002,132.619995,134.380005,134.041962,161514200.00
2025-05-21,133.059998,137.399994,130.589996,131.800003,131.468460,270608700.00
2025-05-22,132.229996,134.250000,131.550003,132.830002,132.495850,187344000.00
2025-05-23,130.000000,132.679993,129.160004,131.289993,130.959717,198821300.00
2025-05-27,134.149994,135.660004,133.309998,135.500000,135.159134,192953600.00
2025-05-28,136.029999,137.250000,134.789993,134.809998,134.470856,304021100.00
2025-05-29,142.250000,143.490005,137.910004,139.190002,138.839844,369241900.00
2025-05-30,138.720001,139.619995,132.919998,135.130005,134.790070,333170900.00
2025-06-02,135.490005,138.119995,135.399994,137.380005,137.034409,197663100.00
2025-06-03,138.779999,142.000000,137.949997,141.220001,140.864746,225578800.00
2025-06-04,142.190002,142.389999,139.539993,141.919998,141.562973,167120800.00
2025-06-05,142.169998,144.000000,138.830002,139.990005,139.637848,231397900.00
2025-06-06,142.509995,143.270004,141.509995,141.720001,141.363495,153986200.00
2025-06-09,143.190002,145.000000,141.940002,142.630005,142.271210,185114500.00
2025-06-10,142.690002,144.289993,141.529999,143.960007,143.597870,155881900.00
2025-06-11,144.610001,144.990005,141.869995,142.830002,142.480591,167694000.00
2025-06-12,141.970001,145.000000,141.850006,145.000000,144.645294,162365000.00
2025-06-13,142.479996,143.580002,140.850006,141.970001,141.622711,180820600.00
2025-06-16,143.350006,146.179993,143.199997,144.690002,144.336029,183133700.00
2025-06-17,144.490005,145.220001,143.779999,144.119995,143.767426,139108000.00
2025-06-18,144.009995,145.649994,143.119995,145.479996,145.124115,161494100.00
2025-06-20,145.449997,146.199997,142.649994,143.850006,143.498093,242956200.00
2025-06-23,142.500000,144.779999,142.029999,144.169998,143.817322,154308900.00
2025-06-24,145.559998,147.960007,145.500000,147.899994,147.538177,187566100.00
2025-06-25,149.270004,154.449997,149.259995,154.309998,153.932495,269146500.00
2025-06-26,155.979996,156.720001,154.000000,155.020004,154.640778,198145700.00
2025-06-27,156.039993,158.710007,155.259995,157.750000,157.364090,263234500.00
2025-06-30,158.399994,158.660004,155.960007,157.990005,157.603500,194580300.00
2025-07-01,156.289993,157.199997,151.490005,153.300003,152.924973,213143600.00
2025-07-02,152.979996,157.600006,152.970001,157.250000,156.865311,171224100.00
2025-07-03,158.369995,160.979996,157.770004,159.339996,158.950195,143716100.00
2025-07-07,158.199997,159.309998,157.339996,158.240005,157.852890,140139000.00
2025-07-08,159.330002,160.220001,158.389999,160.000000,159.608582,138133000.00
2025-07-09,161.220001,164.419998,161.160004,162.880005,162.481537,183656400.00
2025-07-10,164.320007,164.500000,161.610001,164.100006,163.698563,167704100.00
2025-07-11,163.720001,167.889999,163.470001,164.919998,164.516556,193633300.00
2025-07-14,165.369995,165.490005,162.020004,164.070007,163.668640,136975800.00
2025-07-15,171.190002,172.399994,169.199997,170.699997,170.282410,230627400.00
2025-07-16,171.059998,171.750000,168.899994,171.369995,170.950760,158831500.00
2025-07-17,172.020004,174.160004,170.830002,173.000000,172.576782,160841100.00
2025-07-18,173.639999,174.250000,171.259995,172.410004,171.988235,146456400.00
2025-07-21,172.750000,173.380005,171.000000,171.380005,170.960739,123126100.00
2025-07-22,171.339996,171.389999,164.580002,167.029999,166.621384,193114300.00
2025-07-23,169.529999,171.259995,167.970001,170.779999,170.362213,154082200.00
2025-07-24,172.440002,173.830002,171.300003,173.740005,173.314987,128984600.00
2025-07-25,173.610001,174.720001,172.960007,173.500000,173.075562,122316800.00
2025-07-28,174.020004,177.000000,173.970001,176.750000,176.317627,140023500.00
2025-07-29,177.960007,179.380005,175.020004,175.509995,175.080627,154077500.00
2025-07-30,176.509995,179.889999,176.039993,179.270004,178.831451,174312200.00
2025-07-31,182.899994,183.300003,175.929993,177.869995,177.434875,221685400.00
2025-08-01,174.089996,176.539993,170.889999,173.720001,173.295029,204529000.00
2025-08-04,175.160004,180.199997,174.520004,180.000000,179.559662,148174600.00
2025-08-05,179.619995,180.259995,175.899994,178.259995,177.823883,156407600.00
2025-08-06,176.330002,179.899994,176.250000,179.419998,178.981064,137192300.00
2025-08-07,181.570007,183.880005,178.800003,180.770004,180.327789,151878400.00
2025-08-08,181.550003,183.300003,180.399994,182.699997,182.253052,123396700.00
2025-08-11,182.050003,183.839996,180.250000,182.059998,181.614624,138323200.00
2025-08-12,182.960007,184.479996,179.460007,183.160004,182.711929,145485700.00
2025-08-13,182.619995,183.970001,179.350006,181.589996,181.145782,179871700.00
2025-08-14,179.750000,183.020004,179.460007,182.020004,181.574722,129554000.00
2025-08-15,181.880005,181.899994,178.039993,180.449997,180.008560,156602200.00
2025-08-18,180.600006,182.940002,180.589996,182.009995,181.564743,132008000.00
2025-08-19,182.429993,182.500000,175.490005,175.639999,175.210327,185229200.00
2025-08-20,175.169998,176.000000,168.800003,175.399994,174.970917,215142700.00
2025-08-21,174.850006,176.899994,173.809998,174.979996,174.551926,140040900.00
2025-08-22,172.610001,178.589996,171.199997,177.990005,177.554565,172789400.00
2025-08-25,178.350006,181.910004,176.570007,179.809998,179.370117,163012800.00
2025-08-26,180.059998,182.389999,178.809998,181.770004,181.325333,168688200.00
2025-08-27,181.979996,182.490005,179.100006,181.600006,181.155762,235518900.00
2025-08-28,180.820007,184.470001,176.410004,180.169998,179.729248,281787800.00
2025-08-29,178.110001,178.149994,173.149994,174.179993,173.753876,243257900.00
2025-09-02,170.000000,172.380005,167.220001,170.779999,170.362213,231164900.00
2025-09-03,171.059998,172.410004,168.880005,170.619995,170.202606,164424900.00
2025-09-04,170.570007,171.860001,169.410004,171.660004,171.240051,141670100.00
2025-09-05,168.029999,169.029999,164.070007,167.020004,166.611420,224441400.00
2025-09-08,167.550003,170.960007,167.350006,168.309998,167.898270,163769100.00
2025-09-09,169.089996,170.979996,166.740005,170.759995,170.342270,157548400.00
2025-09-10,176.639999,179.289993,175.470001,177.330002,176.896210,226852000.00
2025-09-11,179.679993,180.279999,176.479996,177.169998,176.746536,151159300.00
2025-09-12,177.770004,178.600006,176.449997,177.820007,177.395004,124911000.00
2025-09-15,175.669998,178.850006,174.509995,177.750000,177.325165,147061600.00
2025-09-16,177.000000,177.500000,174.380005,174.880005,174.462021,140737800.00
2025-09-17,172.639999,173.199997,168.410004,170.289993,169.882980,211843800.00
2025-09-18,173.979996,177.100006,172.960007,176.240005,175.818787,191763300.00
2025-09-19,175.770004,178.080002,175.179993,176.669998,176.247742,237182100.00
2025-09-22,175.300003,184.550003,174.710007,183.610001,183.171173,269637000.00
2025-09-23,181.970001,182.419998,176.210007,178.429993,178.003540,192559600.00
2025-09-24,179.770004,179.779999,175.399994,176.970001,176.547028,143564100.00
2025-09-25,174.479996,180.259995,173.130005,177.690002,177.265289,191586700.00
2025-09-26,178.169998,179.770004,174.929993,178.190002,177.764130,148573700.00
2025-09-29,180.429993,184.000000,180.320007,181.850006,181.415359,193063500.00
2025-09-30,182.080002,187.350006,181.479996,186.580002,186.134064,236981000.00
2025-10-01,185.240005,188.139999,183.899994,187.240005,186.792496,173844900.00
2025-10-02,189.600006,191.050003,188.059998,188.889999,188.438553,136805800.00
2025-10-03,189.190002,190.360001,185.380005,187.619995,187.171555,137596900.00
2025-10-06,185.500000,187.229996,183.330002,185.539993,185.096542,157678100.00
2025-10-07,186.229996,189.059998,184.000000,185.039993,184.597733,140088000.00
2025-10-08,186.570007,189.600006,186.539993,189.110001,188.658020,130168900.00
2025-10-09,192.229996,195.300003,191.059998,192.570007,192.109741,182997200.00
2025-10-10,193.509995,195.619995,182.050003,183.160004,182.722229,268774400.00
2025-10-13,187.970001,190.110001,185.960007,188.320007,187.869919,153482800.00
2025-10-14,184.770004,184.800003,179.699997,180.029999,179.599716,205641400.00
2025-10-15,184.800003,184.869995,177.289993,179.830002,179.400192,214450500.00
2025-10-16,182.229996,183.279999,179.770004,181.809998,181.375443,179723300.00
2025-10-17,180.179993,184.100006,179.750000,183.220001,182.782089,173135200.00
2025-10-20,183.130005,185.199997,181.729996,182.639999,182.203476,128544700.00
2025-10-21,182.789993,182.789993,179.800003,181.160004,180.727020,124240200.00
2025-10-22,181.139999,183.440002,176.759995,180.279999,179.849106,162249600.00
2025-10-23,180.419998,183.029999,179.789993,182.160004,181.724640,111363700.00
2025-10-24,183.839996,187.470001,183.500000,186.259995,185.814804,131296700.00
2025-10-27,189.990005,192.000000,188.429993,191.490005,191.032333,153452700.00
2025-10-28,193.050003,203.149994,191.910004,201.029999,200.549530,297986200.00
2025-10-29,207.979996,212.190002,204.779999,207.039993,206.545151,308829600.00
2025-10-30,205.149994,206.160004,201.410004,202.889999,202.405075,178864400.00
2025-10-31,206.449997,207.970001,202.070007,202.490005,202.006042,179802200.00
2025-11-03,208.080002,211.339996,205.559998,206.880005,206.385544,180267300.00
2025-11-04,203.000000,203.970001,197.929993,198.690002,198.215118,188919300.00
2025-11-05,198.770004,202.919998,194.649994,195.210007,194.743439,171350300.00
2025-11-06,196.419998,197.619995,186.380005,188.080002,187.630478,223029800.00
2025-11-07,184.899994,188.320007,178.910004,188.149994,187.700287,264942300.00
2025-11-10,195.110001,199.940002,193.789993,199.050003,198.574280,198897100.00
2025-11-11,195.160004,195.419998,191.300003,193.160004,192.698334,176483300.00
2025-11-12,195.720001,195.889999,191.130005,193.800003,193.336807,154935300.00
2025-11-13,191.050003,191.440002,183.850006,186.860001,186.413391,207423100.00
2025-11-14,182.860001,191.009995,180.580002,190.169998,189.715469,186591900.00
2025-11-17,185.970001,189.000000,184.320007,186.600006,186.154022,173628900.00
2025-11-18,183.380005,184.800003,179.649994,181.360001,180.926514,213598900.00
2025-11-19,184.789993,187.860001,182.830002,186.520004,186.074188,247246400.00
2025-11-20,195.949997,196.000000,179.850006,180.639999,180.208252,343504800.00
2025-11-21,181.240005,184.559998,172.929993,178.880005,178.452454,346926200.00
2025-11-24,179.490005,183.500000,176.479996,182.550003,182.113693,256618300.00
2025-11-25,174.910004,178.160004,169.550003,177.820007,177.395004,320600300.00
2025-11-26,181.630005,182.910004,178.240005,180.259995,179.829147,183852000.00
2025-11-28,179.009995,179.289993,176.500000,177.000000,176.576965,121332800.00
2025-12-01,174.759995,180.300003,173.679993,179.919998,179.489975,188131000.00
2025-12-02,181.759995,185.660004,180.000000,181.460007,181.026306,182632200.00
2025-12-03,181.080002,182.449997,179.110001,179.589996,179.160767,165138000.00
2025-12-04,181.619995,184.520004,179.960007,183.380005,182.951889,167364900.00
2025-12-05,183.889999,184.660004,180.910004,182.410004,181.984161,143971100.00
2025-12-08,182.639999,188.000000,182.399994,185.550003,185.116821,204378100.00
2025-12-09,185.559998,185.720001,183.320007,184.970001,184.538193,144719700.00
2025-12-10,184.970001,185.479996,182.039993,183.779999,183.350952,162785400.00
2025-12-11,180.279999,181.320007,176.619995,180.929993,180.507599,182136600.00
2025-12-12,181.110001,182.820007,174.619995,175.020004,174.611420,204274900.00
2025-12-15,177.940002,178.419998,175.029999,176.289993,175.878433,164775600.00
2025-12-16,176.259995,178.490005,174.899994,177.720001,177.305099,148588100.00
2025-12-17,176.100006,176.130005,170.309998,170.940002,170.540939,222775500.00
2025-12-18,174.529999,176.149994,171.820007,174.139999,173.733459,176096000.00
2025-12-19,176.669998,181.449997,176.339996,180.990005,180.567474,324925900.00
2025-12-22,183.919998,184.160004,182.350006,183.690002,183.261169,129064400.00
2025-12-23,182.970001,189.330002,182.899994,189.210007,188.768295,174873600.00
2025-12-24,187.940002,188.910004,186.589996,188.610001,188.169678,65528500.00
2025-12-26,189.919998,192.690002,188.000000,190.529999,190.085205,139740300.00
2025-12-29,187.710007,188.759995,185.910004,188.220001,187.780594,120006100.00
2025-12-30,188.240005,188.990005,186.929993,187.539993,187.102188,97687300.00
2025-12-31,189.570007,190.559998,186.490005,186.500000,186.064606,120100500.00
2026-01-02,189.839996,192.929993,188.259995,188.850006,188.409134,148240500.00
2026-01-05,191.759995,193.630005,186.149994,188.119995,187.680832,183529700.00
2026-01-06,190.520004,192.169998,186.820007,187.240005,186.802902,176862600.00
2026-01-07,188.570007,191.369995,186.559998,189.110001,188.668518,153543200.00
2026-01-08,189.110001,189.550003,183.710007,185.039993,184.608002,172457000.00
2026-01-09,185.080002,186.339996,183.669998,184.860001,184.428436,131327500.00
2026-01-12,183.220001,187.119995,183.020004,184.940002,184.508255,137968500.00
2026-01-13,185.000000,188.110001,183.399994,185.809998,185.376221,160128900.00
2026-01-14,184.320007,184.460007,180.800003,183.139999,182.712448,159586100.00
2026-01-15,186.500000,189.699997,186.330002,187.050003,186.613327,206188600.00
2026-01-16,189.080002,190.440002,186.080002,186.229996,185.795242,187967200.00
2026-01-20,181.899994,182.380005,177.610001,178.070007,177.654282,223345300.00
2026-01-21,179.050003,185.380005,178.399994,183.320007,182.892044,200381000.00
2026-01-22,184.750000,186.169998,183.929993,184.839996,184.408478,139636600.00
2026-01-23,187.500000,189.600006,186.820007,187.669998,187.231873,142748100.00
2026-01-26,187.160004,189.119995,185.990005,186.470001,186.034668,124799600.00
2026-01-27,187.240005,190.000000,185.699997,188.520004,188.079895,143711600.00
2026-01-28,191.270004,192.350006,189.839996,191.520004,191.072876,148552700.00
2026-01-29,191.339996,193.479996,186.059998,192.509995,192.060577,171764400.00
2026-01-30,191.210007,194.490005,189.470001,191.130005,190.683807,179489500.00
2026-02-02,187.199997,190.300003,184.880005,185.610001,185.176682,165794100.00
2026-02-03,186.240005,186.270004,176.229996,180.339996,179.918976,204019600.00
2026-02-04,179.460007,179.580002,171.910004,174.190002,173.783356,207014100.00
2026-02-05,174.929993,176.820007,171.029999,171.880005,171.478745,206312900.00
2026-02-06,176.690002,187.000000,174.600006,185.410004,184.977158,231346200.00
2026-02-09,184.259995,193.660004,183.949997,190.039993,189.596344,196387400.00
2026-02-10,191.380005,192.479996,188.119995,188.539993,188.099838,136764800.00
2026-02-11,192.449997,193.259995,188.770004,190.050003,189.606339,144192700.00
2026-02-12,193.029999,193.610001,186.509995,186.940002,186.503601,189932500.00
2026-02-13,187.479996,187.500000,181.589996,182.809998,182.383209,161888000.00
2026-02-17,181.750000,187.149994,179.179993,184.970001,184.538193,162276900.00
2026-02-18,188.750000,190.369995,186.759995,187.979996,187.541138,164749100.00
2026-02-19,187.059998,188.429993,185.660004,187.899994,187.461319,126554500.00
2026-02-20,186.570007,190.330002,185.940002,189.820007,189.376862,178422300.00
2026-02-23,191.399994,193.949997,189.580002,191.550003,191.102814,171584800.00
2026-02-24,191.490005,193.770004,187.399994,192.850006,192.399796,175123600.00
2026-02-25,194.449997,197.630005,193.789993,195.559998,195.103455,250637100.00
2026-02-26,194.270004,194.289993,184.320007,184.889999,184.458374,360807900.00
2026-02-27,181.250000,182.589996,176.380005,177.190002,176.776337,311636500.00
2026-03-02,175.009995,183.460007,174.639999,182.479996,182.053970,209095300.00
2026-03-03,178.490005,180.899994,176.919998,180.050003,179.629669,178099400.00
2026-03-04,180.440002,184.699997,180.059998,183.039993,182.612686,177731200.00
2026-03-05,181.169998,184.059998,177.880005,183.339996,182.911972,198779700.00
2026-03-06,179.839996,182.759995,176.820007,177.820007,177.404877,189021900.00
2026-03-09,176.830002,182.910004,175.559998,182.649994,182.223587,177213600.00
2026-03-10,182.399994,186.440002,182.009995,184.770004,184.338654,179118500.00
2026-03-11,185.910004,187.619995,184.449997,186.029999,185.605743,145280400.00
2026-03-12,184.050003,184.940002,181.750000,183.139999,182.722336,155762700.00
2026-03-13,184.919998,186.089996,179.940002,180.250000,179.838943,160988400.00
2026-03-16,182.970001,188.880005,181.410004,183.220001,182.802155,217307400.00
2026-03-17,185.059998,185.399994,181.679993,181.929993,181.515106,182497800.00
2026-03-18,182.479996,183.380005,180.330002,180.399994,179.988586,156683100.00
2026-03-19,178.009995,179.979996,175.789993,178.559998,178.152771,170968500.00
2026-03-20,178.000000,178.259995,171.720001,172.699997,172.306152,241323500.00
2026-03-23,177.259995,178.369995,174.759995,175.639999,175.239441,182836300.00
2026-03-24,174.830002,176.220001,173.979996,175.199997,174.800446,147667800.00
2026-03-25,177.100006,181.220001,176.850006,178.679993,178.272507,162602100.00
2026-03-26,176.070007,176.509995,171.139999,171.240005,170.849487,186152200.00
2026-03-27,170.000000,170.970001,167.009995,167.520004,167.137970,196212700.00
2026-03-30,168.779999,169.449997,164.270004,165.169998,164.793320,185627000.00
2026-03-31,166.970001,174.619995,166.960007,174.399994,174.002258,226181300.00
2026-04-01,176.000000,177.369995,174.750000,175.750000,175.349182,168132000.00
2026-04-02,172.179993,177.490005,171.369995,177.389999,176.985458,143143200.00
2026-04-06,177.160004,177.789993,175.759995,177.639999,177.234879,107564300.00
2026-04-07,175.729996,178.229996,173.660004,178.100006,177.693832,132534900.00
2026-04-08,184.500000,185.259995,180.300003,182.080002,181.664764,147732700.00
2026-04-09,181.839996,184.080002,180.619995,183.910004,183.490601,116428500.00
2026-04-10,184.309998,190.000000,184.300003,188.630005,188.199829,160459500.00
2026-04-13,186.029999,189.660004,185.740005,189.309998,188.878265,133648200.00
2026-04-14,190.839996,196.509995,190.770004,196.509995,196.061844,161307000.00
2026-04-15,196.539993,200.399994,195.740005,198.869995,198.416473,185338400.00
2026-04-16,197.429993,199.850006,195.809998,198.350006,197.897659,134012900.00
2026-04-17,199.899994,201.699997,199.270004,201.679993,201.220047,160324400.00
2026-04-20,199.979996,202.169998,197.839996,202.059998,201.599182,119381400.00
2026-04-21,202.130005,202.750000,199.000000,199.880005,199.424179,107945300.00
2026-04-22,200.990005,202.500000,199.000000,202.500000,202.038193,107501000.00
2026-04-23,202.460007,203.830002,197.220001,199.639999,199.184708,113561800.00
2026-04-24,199.960007,210.949997,199.809998,208.270004,207.795029,214134400.00
2026-04-27,209.649994,216.830002,207.380005,216.610001,216.116013,187172400.00
2026-04-28,209.490005,214.729996,208.199997,213.169998,212.683853,180275400.00
2026-04-29,212.699997,212.720001,207.580002,209.250000,208.772797,123711800.00
2026-04-30,209.929993,210.300003,198.699997,199.570007,199.114868,225239200.00
2026-05-01,201.279999,203.000000,197.119995,198.449997,197.997437,128647000.00
2026-05-04,199.500000,201.729996,194.740005,198.479996,198.027344,125368100.00
2026-05-05,199.300003,200.240005,196.029999,196.500000,196.051865,113406600.00
2026-05-06,199.889999,208.270004,198.610001,207.830002,207.356033,188362800.00
2026-05-07,208.339996,214.199997,206.500000,211.500000,211.017670,168307900.00
2026-05-08,213.029999,217.800003,212.889999,215.199997,214.709229,136421400.00
2026-05-11,214.039993,222.300003,213.889999,219.440002,218.939560,160685800.00
2026-05-12,218.550003,223.750000,214.919998,220.779999,220.276505,159176600.00
2026-05-13,224.929993,227.839996,221.570007,225.830002,225.314987,150405400.00
2026-05-14,229.850006,236.539993,229.300003,235.740005,235.202393,180782900.00
2026-05-15,229.759995,231.500000,224.240005,225.320007,224.806152,180977600.00
2026-05-18,229.869995,230.000000,218.369995,222.320007,221.813004,146280900.00
2026-05-19,219.619995,224.479996,217.910004,220.610001,220.106888,140948200.00
2026-05-20,223.179993,226.130005,220.500000,223.470001,222.960373,184201600.00
2026-05-21,222.289993,227.399994,217.929993,219.509995,219.009399,203381800.00
2026-05-22,220.899994,221.009995,214.800003,215.330002,214.838928,169275700.00
2026-05-26,216.539993,218.179993,212.000000,214.860001,214.370010,187202600.00
2026-05-27,214.119995,214.149994,208.779999,212.600006,212.115158,167601200.00
2026-05-28,211.279999,215.520004,211.220001,214.250000,213.761398,143996000.00
2026-05-29,214.580002,217.860001,211.130005,211.139999,210.658493,289410600.00
2026-06-01,215.729996,224.869995,215.699997,224.360001,223.848343,212850700.00
2026-06-02,227.179993,232.279999,221.350006,222.820007,222.311844,193362900.00
2026-06-03,221.720001,222.820007,214.509995,214.750000,214.260254,160907000.00
2026-06-04,213.910004,221.600006,210.970001,218.660004,218.415604,169022200.00
2026-06-05,214.529999,214.869995,204.330002,205.100006,204.870758,219655500.00
2026-06-08,210.179993,210.470001,206.000000,208.639999,208.406799,138372800.00
2026-06-09,210.619995,211.399994,199.339996,208.190002,207.957306,180962500.00
2026-06-10,204.429993,207.220001,199.919998,200.419998,200.195984,161746600.00
2026-06-11,201.490005,205.660004,199.539993,204.869995,204.641006,158643200.00
2026-06-12,204.860001,207.070007,203.440002,205.190002,204.960663,112001800.00
2026-06-15,208.919998,212.710007,208.339996,212.449997,212.212540,149936700.00
2026-06-16,211.179993,211.490005,207.289993,207.410004,207.178177,125694100.00
2026-06-17,208.529999,209.210007,203.080002,204.649994,204.421249,128363500.00
2026-06-18,207.330002,211.389999,206.500000,210.690002,210.454514,241272000.00
2026-06-22,211.440002,213.990005,207.720001,208.649994,208.416779,122041400.00
2026-06-23,202.169998,203.770004,200.000000,200.039993,199.816406,153496200.00
2026-06-24,200.119995,201.669998,196.580002,199.000000,198.777573,151810700.00
2026-06-25,200.080002,200.800003,192.130005,195.740005,195.521225,149550000.00
2026-06-26,193.119995,195.550003,191.220001,192.529999,192.314804,179304100.00
2026-06-29,193.850006,196.179993,189.800003,194.970001,194.752075,148835700.00
2026-06-30,197.240005,200.630005,195.110001,200.089996,199.866348,166476700.00
2026-07-01,196.199997,199.850006,193.449997,197.580002,197.359161,146147600.00
2026-07-02,197.139999,200.059998,192.350006,194.830002,194.612244,142068700.00
2026-07-06,194.419998,197.550003,193.990005,195.550003,195.331436,108999000.00
2026-07-07,192.369995,198.410004,191.139999,196.929993,196.709885,124154600.00
2026-07-08,195.179993,205.160004,195.059998,204.119995,203.891846,147419100.00
2026-07-09,204.460007,204.589996,198.960007,202.779999,202.553345,132037400.00
2026-07-10,202.000000,211.000000,201.919998,210.960007,210.724213,148421000.00
2026-07-13,208.539993,210.570007,203.000000,203.529999,203.302505,121411000.00
2026-07-14,208.199997,212.550003,203.800003,211.800003,211.563278,124379600.00
2026-07-15,211.960007,213.809998,206.039993,212.500000,212.262482,124797200.00
2026-07-16,210.169998,211.080002,205.850006,207.399994,207.168182,122986100.00
2026-07-17,202.639999,206.649994,197.970001,202.809998,202.583313,144281900.00
2026-07-20,205.869995,207.740005,202.279999,203.279999,203.052795,88701500.00
2026-07-21,207.539993,208.649994,204.009995,207.289993,207.058304,108685600.00
2026-07-22,205.809998,214.389999,204.949997,212.059998,211.822983,137645600.00
2026-07-23,209.460007,210.869995,205.960007,208.759995,208.526657,110505300.00
2026-07-24,207.449997,211.910004,204.809998,206.839996,206.608810,114836800.00
2026-07-27,208.199997,208.750000,195.440002,196.509995,196.290359,154353700.00
2026-07-28,195.000000,198.699997,192.740005,197.009995,196.789795,134111500.00
2026-07-29,195.850006,197.070007,190.009995,190.009995,189.797623,147680800.00
2026-07-30,193.449997,197.250000,191.520004,195.039993,194.821991,129010200.00
2026-07-31,198.440002,202.000000,194.949997,200.750000,200.525620,139961200.00
2026-08-03,197.690002,208.740005,196.850006,206.639999,206.409042,128406900.00
2026-08-04,211.300003,213.059998,209.050003,211.940002,211.703110,134922000.00
2026-08-05,216.860001,222.220001,216.399994,219.220001,218.974976,158187400.00
2026-08-06,221.529999,223.630005,217.000000,218.990005,218.745239,113940600.00
2026-08-07,221.539993,224.759995,220.660004,223.960007,223.709686,105669400.00
2026-08-10,223.399994,224.139999,216.770004,217.550003,217.306839,115846600.00
2026-08-11,222.169998,222.199997,216.199997,217.500000,217.256897,101273100.00
2026-08-12,221.039993,225.100006,220.199997,224.089996,223.839523,108783600.00
2026-08-13,225.059998,227.229996,223.710007,225.300003,225.048187,98867200.00
2026-08-14,226.770004,227.490005,224.500000,225.160004,224.908340,75680900.00
2026-08-17,225.979996,227.919998,224.860001,225.009995,224.758499,93678700.00
2026-08-18,220.449997,221.639999,218.690002,219.740005,219.494400,103128200.00
2026-08-19,221.669998,222.869995,216.759995,217.559998,217.316833,96797300.00
2026-08-20,218.360001,219.860001,215.660004,216.850006,216.607635,92457000.00
2026-08-21,218.419998,218.740005,214.500000,214.720001,214.480011,98869300.00
2026-08-24,215.529999,215.589996,207.250000,208.479996,208.246979,135187300.00
2026-08-25,211.029999,214.729996,210.110001,213.050003,212.811874,122309000.00
2026-08-26,212.639999,213.600006,209.229996,209.660004,209.425659,179900000.00
2026-08-27,222.860001,230.470001,220.899994,227.979996,227.725174,298909800.00
2026-08-28,227.360001,229.259995,216.809998,217.550003,217.306839,195116400.00
2026-08-31,218.869995,221.300003,216.210007,220.779999,220.533234,124702700.00
2026-09-01,216.750000,220.410004,215.100006,217.440002,217.196976,109756200.00
2026-09-02,218.789993,227.949997,218.479996,224.410004,224.159180,157104700.00
2026-09-03,226.020004,230.399994,224.750000,228.449997,228.194656,134681600.00
2026-09-04,231.089996,234.759995,229.630005,230.360001,230.102524,135352400.00
2026-09-08,233.110001,233.710007,224.850006,225.729996,225.477692,122965600.00
2026-09-09,225.279999,226.179993,223.460007,223.669998,223.419998,82955500.00
2026-09-10,220.529999,220.990005,217.199997,218.360001,218.360001,105768000.00
2026-09-11,221.240005,222.000000,218.149994,218.289993,218.289993,89060100.00
2026-09-14,211.240005,212.770004,208.929993,210.960007,210.960007,132267200.00
2026-09-15,213.380005,213.940002,211.160004,212.169998,212.169998,88059700.00
2026-09-16,214.139999,216.759995,212.500000,213.899994,213.899994,96563600.00
2026-09-17,218.380005,219.910004,217.149994,219.339996,219.339996,94191300.00
2026-09-18,219.350006,222.729996,218.029999,222.270004,222.270004,190287400.00
2026-09-21,222.940002,228.500000,221.559998,227.380005,227.380005,109806100.00
2026-09-22,226.850006,229.979996,226.500000,228.869995,228.869995,95746700.00
2026-09-23,228.029999,228.949997,224.020004,225.509995,225.509995,89547300.00
2026-09-24,222.080002,224.940002,221.089996,224.580002,224.580002,77469900.00
2026-09-25,225.130005,226.940002,223.130005,225.070007,225.070007,89947700.00
2026-09-28,229.750000,233.210007,228.039993,228.860001,228.860001,142344300.00
2026-09-29,230.970001,232.820007,227.029999,227.210007,227.210007,101494900.00
2026-09-30,229.270004,232.369995,228.169998,228.380005,228.380005,121732200.00
2026-10-01,229.979996,232.289993,228.160004,230.860001,230.860001,98591400.00
2026-10-02,236.059998,237.880005,233.600006,233.949997,233.949997,134914600.00
