date,open,high,low,close,adjclose,volume
2009-01-02,80.059998,82.110001,78.900002,81.639999,42.853207,35803700.00
2009-01-05,81.269997,82.419998,80.680000,81.629997,42.847950,43340100.00
2009-01-06,82.139999,82.730003,79.629997,80.300003,42.149841,41906100.00
2009-01-07,79.250000,80.190002,77.559998,78.250000,41.073799,35268800.00
2009-01-08,77.910004,79.570000,77.900002,79.089996,41.514709,30817100.00
2009-01-09,78.879997,79.250000,77.379997,77.570000,40.716846,32862000.00
2009-01-12,76.540001,77.519997,76.010002,76.540001,40.176197,38112100.00
2009-01-13,76.459999,78.339996,76.459999,77.919998,40.900562,47116500.00
2009-01-14,77.040001,77.309998,74.320000,75.099998,39.420330,48040500.00
2009-01-15,74.699997,76.699997,74.010002,76.660004,40.239182,55562200.00
2009-01-16,77.620003,78.449997,76.519997,78.099998,40.995052,45528100.00
2009-01-20,77.080002,78.629997,76.000000,76.290001,40.044968,42838600.00
2009-01-21,76.250000,79.379997,76.000000,79.260002,41.603928,43317700.00
2009-01-22,77.690002,78.919998,76.589996,78.230003,41.063286,40204700.00
2009-01-23,76.400002,78.800003,75.779999,78.040001,40.963566,46022800.00
2009-01-26,78.680000,80.169998,77.870003,78.599998,41.257484,42758400.00
2009-01-27,78.269997,79.430000,77.620003,78.919998,41.425472,38508900.00
2009-01-28,79.370003,79.599998,77.139999,79.250000,41.598679,45324700.00
2009-01-29,77.580002,78.000000,76.639999,77.000000,40.417656,38945300.00
2009-01-30,78.250000,78.889999,76.000000,76.480003,40.144699,51904600.00
2009-02-02,76.059998,77.120003,75.660004,76.690002,40.254944,36113100.00
2009-02-03,76.849998,78.639999,76.669998,78.120003,41.005554,39567300.00
2009-02-04,78.550003,78.889999,77.050003,77.660004,40.764084,29602000.00
2009-02-05,77.570000,79.919998,76.430000,79.779999,41.876881,39597400.00
2009-02-06,78.809998,80.489998,78.699997,80.339996,42.383343,36404400.00
2009-02-09,80.389999,80.500000,78.699997,79.480003,41.929646,27763200.00
2009-02-10,79.279999,79.599998,75.690002,76.139999,40.167633,43836100.00
2009-02-11,76.610001,76.769997,73.610001,74.580002,39.344658,47897600.00
2009-02-12,73.570000,75.250000,72.699997,75.220001,39.682289,42857500.00
2009-02-13,74.989998,75.580002,74.440002,74.589996,39.349915,30384300.00
2009-02-17,72.720001,72.910004,71.160004,71.279999,37.603733,41844300.00
2009-02-18,71.510002,72.580002,71.269997,71.940002,37.951920,34329200.00
2009-02-19,71.870003,72.959999,71.769997,72.160004,38.067978,31232400.00
2009-02-20,70.940002,72.220001,70.209999,71.230003,37.577366,42809100.00
2009-02-23,72.250000,72.800003,69.059998,69.300003,36.559177,40717900.00
2009-02-24,69.720001,72.290001,69.650002,72.089996,38.031052,48886900.00
2009-02-25,71.400002,73.489998,70.500000,72.050003,38.009949,55505600.00
2009-02-26,71.769997,73.480003,70.870003,70.949997,37.429653,37212400.00
2009-02-27,69.790001,70.230003,67.900002,67.900002,35.820614,64947400.00
2009-03-02,67.000000,67.430000,64.839996,64.910004,34.243240,54827200.00
2009-03-03,65.839996,66.120003,64.080002,64.360001,33.953098,48931900.00
2009-03-04,65.559998,66.540001,64.790001,65.680000,34.649464,51515300.00
2009-03-05,64.180000,64.580002,62.130001,62.220001,32.824131,50244900.00
2009-03-06,62.980000,64.589996,61.860001,64.029999,33.778996,47090200.00
2009-03-09,62.880001,65.980003,62.869999,64.570000,34.063877,42726000.00
2009-03-10,65.589996,67.480003,65.339996,67.389999,35.551571,51651700.00
2009-03-11,67.379997,67.959999,65.349998,65.769997,34.696922,37467100.00
2009-03-12,66.010002,67.489998,65.720001,67.150002,35.424965,40430500.00
2009-03-13,67.389999,67.629997,66.370003,67.199997,35.451332,35225200.00
2009-03-16,67.040001,68.230003,66.570000,66.970001,35.330006,33593400.00
2009-03-17,66.809998,69.239998,66.360001,69.089996,36.448406,30824900.00
2009-03-18,68.510002,70.000000,66.860001,69.169998,36.490608,41888000.00
2009-03-19,70.400002,70.430000,67.940002,68.330002,36.047474,38598400.00
2009-03-20,68.639999,69.440002,65.669998,66.089996,34.865746,67260000.00
2009-03-23,66.989998,70.820000,66.860001,70.529999,37.208084,51747600.00
2009-03-24,69.599998,70.690002,69.150002,69.379997,36.601387,32115200.00
2009-03-25,69.699997,71.169998,68.760002,70.160004,37.012867,36739800.00
2009-03-26,70.680000,71.489998,69.820000,71.230003,37.577366,37731700.00
2009-03-27,70.050003,70.599998,69.290001,69.980003,36.917931,29513200.00
2009-03-30,68.540001,68.849998,67.580002,68.629997,36.205734,32211000.00
2009-03-31,69.040001,69.339996,67.739998,68.099998,35.926136,41127100.00
2009-04-01,67.040001,69.480003,66.500000,69.230003,36.522236,39375500.00
2009-04-02,70.730003,71.150002,69.699997,70.250000,37.060368,38162200.00
2009-04-03,69.760002,70.790001,69.400002,70.440002,37.160583,26709000.00
2009-04-06,69.660004,70.430000,69.010002,70.050003,36.954853,27193000.00
2009-04-07,69.029999,69.250000,68.029999,68.709999,36.247917,28035500.00
2009-04-08,68.570000,69.589996,67.889999,68.959999,36.379833,26022200.00
2009-04-09,69.949997,70.410004,69.250000,69.839996,36.844063,26866100.00
2009-04-13,68.639999,69.059998,67.760002,68.019997,35.883930,27909800.00
2009-04-14,67.239998,67.930000,66.349998,67.699997,35.715096,32703100.00
2009-04-15,67.589996,68.500000,67.230003,68.139999,35.947227,24545600.00
2009-04-16,68.610001,68.610001,66.820000,67.410004,35.562119,27915600.00
2009-04-17,67.839996,68.059998,66.580002,66.750000,35.213940,32604300.00
2009-04-20,66.019997,66.419998,65.180000,65.290001,34.443726,31874800.00
2009-04-21,65.290001,66.279999,64.870003,66.230003,34.939613,32234400.00
2009-04-22,65.639999,65.839996,64.559998,64.750000,34.158833,31076500.00
2009-04-23,65.309998,65.760002,64.500000,65.709999,34.665287,29213500.00
2009-04-24,66.209999,67.000000,65.910004,66.570000,35.118977,32347600.00
2009-04-27,65.290001,66.650002,65.050003,66.129997,34.886848,26586500.00
2009-04-28,65.360001,67.730003,65.360001,67.080002,35.388027,27421000.00
2009-04-29,67.320000,68.629997,67.110001,68.440002,36.105495,28974900.00
2009-04-30,68.639999,68.739998,66.220001,66.669998,35.171719,35088500.00
2009-05-01,67.129997,68.059998,66.080002,68.010002,35.878643,27385000.00
2009-05-04,68.500000,68.910004,67.669998,68.199997,35.978882,27306100.00
2009-05-05,68.080002,68.320000,67.160004,67.650002,35.688725,19910300.00
2009-05-06,68.040001,68.599998,67.440002,68.580002,36.179340,30814800.00
2009-05-07,69.000000,69.040001,67.620003,68.930000,36.363998,32541600.00
2009-05-08,69.400002,71.230003,69.389999,70.800003,37.350506,35886400.00
2009-05-11,69.480003,69.639999,68.839996,69.269997,36.761436,23715900.00
2009-05-12,69.769997,71.199997,69.550003,70.820000,37.584026,28337300.00
2009-05-13,69.980003,70.570000,69.430000,69.769997,37.026798,26011900.00
2009-05-14,69.519997,70.080002,65.599998,69.760002,37.021500,21298100.00
2009-05-15,69.309998,69.750000,68.589996,69.110001,36.676525,26714600.00
2009-05-18,69.739998,70.760002,69.500000,70.500000,37.414200,25071900.00
2009-05-19,70.309998,71.129997,70.070000,70.519997,37.424809,20851500.00
2009-05-20,71.000000,71.389999,69.349998,69.610001,36.941872,28550700.00
2009-05-21,68.720001,68.980003,67.989998,68.389999,36.294418,24029200.00
2009-05-22,68.620003,69.680000,68.389999,68.830002,36.527935,18624200.00
2009-05-26,68.389999,69.949997,67.910004,69.809998,37.048008,29405600.00
2009-05-27,69.800003,70.620003,68.169998,68.300003,36.246662,23010500.00
2009-05-28,68.540001,69.800003,68.129997,69.230003,36.740211,27800500.00
2009-05-29,69.800003,70.250000,68.949997,69.349998,36.803905,33192400.00
2009-06-01,70.459999,72.040001,70.250000,71.760002,38.082878,31804200.00
2009-06-02,71.440002,73.209999,71.440002,72.919998,38.698486,28676700.00
2009-06-03,72.389999,72.449997,71.330002,72.080002,38.252693,29755400.00
2009-06-04,72.669998,73.050003,72.070000,72.980003,38.730324,25934100.00
2009-06-05,73.250000,73.500000,72.029999,72.970001,38.725029,26481100.00
2009-06-08,72.480003,73.690002,72.000000,73.169998,38.831158,23300300.00
2009-06-09,73.559998,73.820000,72.370003,73.120003,38.804634,21944500.00
2009-06-10,73.970001,74.120003,72.839996,73.839996,39.186726,27360200.00
2009-06-11,74.000000,74.830002,73.120003,74.050003,39.298180,30857000.00
2009-06-12,73.430000,74.160004,73.099998,73.779999,39.154873,21693200.00
2009-06-15,72.639999,72.959999,72.250000,72.809998,38.640106,27871600.00
2009-06-16,73.339996,73.430000,71.580002,71.629997,38.013889,24218800.00
2009-06-17,71.059998,71.779999,70.839996,71.419998,37.902451,29926300.00
2009-06-18,71.230003,72.089996,71.160004,71.440002,37.913063,20734300.00
2009-06-19,71.849998,72.000000,70.419998,71.050003,37.706081,42763000.00
2009-06-22,70.099998,70.169998,68.690002,68.839996,36.533226,28398500.00
2009-06-23,69.279999,69.639999,68.510002,68.949997,36.591610,24146400.00
2009-06-24,69.300003,69.620003,68.180000,68.449997,36.326260,20861400.00
2009-06-25,68.309998,70.029999,68.080002,69.879997,37.085159,30901300.00
2009-06-26,69.669998,69.790001,68.860001,69.050003,36.644684,27662000.00
2009-06-29,69.449997,70.779999,69.129997,70.580002,37.456654,24357700.00
2009-06-30,70.599998,70.970001,69.110001,69.910004,37.101089,27339800.00
2009-07-01,70.669998,71.510002,70.410004,70.559998,37.446033,22548700.00
2009-07-02,69.570000,69.720001,68.000000,68.489998,36.347500,22946200.00
2009-07-06,67.669998,68.150002,66.360001,68.099998,36.140514,29776400.00
2009-07-07,67.610001,67.809998,66.370003,66.559998,35.323235,25054300.00
2009-07-08,66.559998,67.129997,65.500000,66.260002,35.164047,30050500.00
2009-07-09,66.800003,66.970001,65.709999,65.970001,35.010124,22770900.00
2009-07-10,65.099998,65.400002,64.750000,65.120003,34.559025,25921000.00
2009-07-13,65.169998,65.730003,64.459999,65.699997,34.866837,31656600.00
2009-07-14,66.199997,66.349998,65.459999,66.220001,35.142811,22878800.00
2009-07-15,67.199997,68.510002,66.889999,68.440002,36.320957,29656700.00
2009-07-16,68.199997,68.800003,67.480003,68.459999,36.331581,23543600.00
2009-07-17,68.300003,68.750000,67.849998,68.519997,36.363422,25791100.00
2009-07-20,69.110001,69.379997,68.129997,68.940002,36.586311,21275900.00
2009-07-21,69.419998,70.510002,69.330002,70.470001,37.398285,25945600.00
2009-07-22,69.879997,70.720001,69.519997,69.989998,37.143543,24773800.00
2009-07-23,69.820000,71.739998,69.730003,71.610001,38.003273,27122600.00
2009-07-24,71.360001,72.379997,71.260002,72.290001,38.364140,18187900.00
2009-07-27,72.410004,72.790001,71.750000,72.750000,38.608273,17360300.00
2009-07-28,71.879997,72.500000,71.110001,71.889999,38.151859,23044500.00
2009-07-29,71.070000,71.580002,70.300003,71.430000,37.907730,24100600.00
2009-07-30,70.300003,71.519997,69.910004,70.720001,37.530949,37842300.00
2009-07-31,70.360001,70.500000,69.430000,70.389999,37.355824,28070600.00
2009-08-03,70.959999,71.400002,70.300003,70.650002,37.493790,24756800.00
2009-08-04,70.250000,70.639999,70.000000,70.599998,37.467266,18612000.00
2009-08-05,70.480003,70.489998,69.610001,70.029999,37.164768,20348800.00
2009-08-06,70.010002,70.029999,69.410004,69.730003,37.005562,17369900.00
2009-08-07,70.010002,70.389999,69.349998,69.470001,36.867577,18041800.00
2009-08-10,69.120003,69.709999,69.029999,69.180000,36.713669,16233400.00
2009-08-11,68.699997,68.790001,67.949997,68.129997,36.377285,16947000.00
2009-08-12,68.230003,69.550003,68.150002,69.110001,36.900543,19183400.00
2009-08-13,69.220001,69.220001,68.169998,68.750000,36.708351,20235600.00
2009-08-14,68.519997,68.660004,67.650002,68.209999,36.420010,19228000.00
2009-08-17,67.370003,67.370003,66.510002,66.550003,35.533665,24332000.00
2009-08-18,66.699997,66.809998,66.260002,66.489998,35.501621,21519700.00
2009-08-19,66.089996,68.190002,66.089996,68.000000,36.307880,28432900.00
2009-08-20,68.089996,68.779999,67.870003,68.589996,36.622906,17247200.00
2009-08-21,69.449997,70.000000,69.209999,69.919998,37.333046,26166000.00
2009-08-24,70.040001,71.650002,69.930000,71.300003,38.069870,25603700.00
2009-08-25,71.699997,71.889999,70.550003,70.680000,37.738850,21183500.00
2009-08-26,70.050003,71.470001,69.900002,71.370003,38.107246,18773100.00
2009-08-27,71.070000,71.169998,69.989998,70.860001,37.834949,21395500.00
2009-08-28,71.199997,71.199997,69.949997,70.120003,37.439831,17716500.00
2009-08-31,69.449997,69.849998,68.949997,69.150002,36.921909,24337900.00
2009-09-01,68.930000,69.500000,68.110001,68.410004,36.526806,24373900.00
2009-09-02,68.349998,68.900002,68.120003,68.180000,36.403984,16315800.00
2009-09-03,68.470001,68.650002,67.830002,68.260002,36.446693,15156000.00
2009-09-04,68.220001,69.300003,68.129997,69.180000,36.937931,15156600.00
2009-09-08,69.849998,70.970001,69.699997,70.650002,37.722809,21966000.00
2009-09-09,70.800003,71.050003,70.089996,70.500000,37.642731,19652600.00
2009-09-10,70.830002,71.040001,70.400002,70.650002,37.722809,19177600.00
2009-09-11,70.889999,71.080002,69.750000,69.980003,37.365070,17468500.00
2009-09-14,69.110001,70.290001,69.040001,70.000000,37.375751,17483100.00
2009-09-15,70.180000,70.180000,69.449997,69.489998,37.103455,19475900.00
2009-09-16,69.860001,70.379997,69.180000,70.339996,37.557293,22150400.00
2009-09-17,69.949997,70.449997,69.800003,69.839996,37.290333,20986000.00
2009-09-18,70.269997,70.480003,69.680000,69.989998,37.370419,43247900.00
2009-09-21,69.150002,69.680000,69.000000,69.570000,37.146168,17984000.00
2009-09-22,70.029999,70.139999,69.699997,69.830002,37.284973,14561800.00
2009-09-23,69.870003,70.339996,68.849998,69.000000,36.841816,20898600.00
2009-09-24,69.000000,69.360001,68.349998,68.930000,36.804455,21557000.00
2009-09-25,68.860001,69.540001,68.410004,68.699997,36.681644,16454900.00
2009-09-28,68.809998,69.849998,68.639999,69.589996,37.156849,13301600.00
2009-09-29,69.360001,69.709999,68.949997,69.070000,36.879208,14695100.00
2009-09-30,68.980003,69.239998,68.040001,68.610001,36.633587,27117400.00
2009-10-01,68.389999,68.500000,67.089996,67.269997,35.918114,24927000.00
2009-10-02,66.970001,67.139999,66.500000,66.580002,35.549675,20478900.00
2009-10-05,66.790001,67.779999,66.110001,67.580002,36.083630,21853000.00
2009-10-06,68.010002,69.099998,67.779999,68.660004,36.660290,21167400.00
2009-10-07,68.480003,68.930000,67.959999,68.669998,36.665627,15302500.00
2009-10-08,68.970001,69.300003,68.699997,69.050003,36.868515,19228800.00
2009-10-09,68.959999,69.269997,68.629997,69.269997,36.985973,13541900.00
2009-10-12,69.510002,70.500000,69.440002,70.129997,37.445168,16233800.00
2009-10-13,70.250000,70.389999,69.519997,70.260002,37.514584,19333400.00
2009-10-14,70.839996,71.879997,70.750000,71.839996,38.358212,25285700.00
2009-10-15,71.510002,73.000000,71.510002,72.940002,38.945538,24093600.00
2009-10-16,72.730003,73.349998,72.309998,73.120003,39.041649,23556600.00
2009-10-19,73.150002,73.970001,73.000000,73.620003,39.308620,20404600.00
2009-10-20,73.379997,73.540001,72.360001,73.019997,38.988262,20049600.00
2009-10-21,72.650002,74.300003,72.510002,73.309998,39.143097,23099500.00
2009-10-22,73.019997,74.650002,73.010002,74.440002,39.746445,26014500.00
2009-10-23,74.330002,74.330002,72.970001,73.570000,39.281929,20672100.00
2009-10-26,73.809998,74.919998,73.129997,73.230003,39.100368,27127700.00
2009-10-27,73.300003,75.000000,73.300003,74.910004,39.997395,30342500.00
2009-10-28,74.519997,74.959999,73.839996,73.839996,39.426079,26345700.00
2009-10-29,72.570000,74.000000,72.099998,73.959999,39.490162,30048500.00
2009-10-30,73.370003,73.820000,71.050003,71.669998,38.267437,32175900.00
2009-11-02,72.050003,72.849998,71.160004,72.150002,38.523731,20425900.00
2009-11-03,71.320000,72.300003,71.160004,71.739998,38.304810,20550500.00
2009-11-04,72.070000,72.529999,71.040001,71.300003,38.069870,22792700.00
2009-11-05,71.949997,72.750000,71.580002,72.500000,38.710579,16235600.00
2009-11-06,71.820000,72.690002,71.500000,72.580002,38.753319,18185000.00
2009-11-09,72.959999,73.169998,72.449997,72.849998,39.123871,16809400.00
2009-11-10,72.459999,73.230003,72.449997,72.610001,38.995003,15696600.00
2009-11-11,73.040001,73.430000,72.529999,72.910004,39.156113,14397900.00
2009-11-12,72.680000,73.050003,71.709999,71.900002,38.613697,16587600.00
2009-11-13,72.050003,73.160004,71.730003,72.470001,38.919819,14461600.00
2009-11-16,73.650002,74.669998,73.330002,74.430000,39.972424,21326200.00
2009-11-17,74.730003,75.160004,74.489998,75.029999,40.294655,22920700.00
2009-11-18,75.250000,75.400002,74.709999,75.269997,40.423534,16645700.00
2009-11-19,74.769997,74.900002,74.050003,74.650002,40.090576,17253900.00
2009-11-20,74.379997,74.809998,74.029999,74.379997,39.945564,19269900.00
2009-11-23,75.440002,75.959999,75.320000,75.699997,40.654465,18947100.00
2009-11-24,75.699997,75.989998,74.800003,75.970001,40.799473,17120900.00
2009-11-25,76.000000,76.540001,75.660004,76.470001,41.067986,13269200.00
2009-11-27,74.650002,75.379997,74.349998,74.870003,40.208733,12105300.00
2009-11-30,74.489998,75.349998,74.349998,75.070000,40.316132,21436400.00
2009-12-01,76.000000,76.239998,75.290001,76.040001,40.837059,17375700.00
2009-12-02,75.970001,76.300003,75.349998,75.790001,40.702805,14786900.00
2009-12-03,75.580002,75.760002,74.910004,74.989998,40.273163,17852600.00
2009-12-04,75.690002,75.970001,73.910004,74.250000,39.875744,23700900.00
2009-12-07,73.949997,74.720001,73.589996,73.769997,39.617962,17835600.00
2009-12-08,73.470001,73.500000,72.410004,72.949997,39.177597,18492900.00
2009-12-09,73.000000,73.550003,72.099998,72.790001,39.091656,17228500.00
2009-12-10,73.320000,73.559998,72.209999,72.400002,38.882217,23423700.00
2009-12-11,72.889999,73.150002,72.320000,72.830002,39.113140,17128300.00
2009-12-14,70.800003,71.300003,69.279999,69.690002,37.426811,91458900.00
2009-12-15,69.970001,70.110001,68.820000,69.169998,37.147556,54419600.00
2009-12-16,69.580002,69.599998,68.419998,68.430000,36.750141,57711800.00
2009-12-17,68.360001,68.860001,68.129997,68.220001,36.637363,46627000.00
2009-12-18,68.559998,68.800003,67.639999,68.209999,36.631992,62989400.00
2009-12-21,68.470001,68.750000,68.220001,68.510002,36.793106,34470100.00
2009-12-22,68.620003,69.209999,68.500000,68.570000,36.825329,27941800.00
2009-12-23,68.750000,68.779999,68.199997,68.260002,36.658840,18958900.00
2009-12-24,68.349998,68.750000,68.160004,68.660004,36.873669,8149200.00
2009-12-28,69.080002,69.120003,68.739998,69.080002,37.099220,19694600.00
2009-12-29,69.279999,69.400002,68.800003,68.839996,36.970306,19985700.00
2009-12-30,68.709999,68.959999,68.389999,68.769997,36.932713,19860600.00
2009-12-31,68.839996,68.860001,68.110001,68.190002,36.621239,18852300.00
2010-01-04,68.720001,69.260002,68.190002,69.150002,37.136810,27809100.00
2010-01-05,69.190002,69.449997,68.800003,69.419998,37.281807,30174700.00
2010-01-06,69.449997,70.599998,69.339996,70.019997,37.604053,35044700.00
2010-01-07,69.900002,70.059998,69.419998,69.800003,37.485886,27192100.00
2010-01-08,69.690002,69.750000,69.220001,69.519997,37.335522,24891800.00
2010-01-11,69.940002,70.519997,69.650002,70.300003,37.754417,30685000.00
2010-01-12,69.720001,69.989998,69.519997,69.949997,37.566444,31496700.00
2010-01-13,69.959999,70.040001,69.260002,69.669998,37.416077,24884400.00
2010-01-14,69.540001,69.739998,69.349998,69.680000,37.421448,18630800.00
2010-01-15,69.650002,69.690002,68.650002,69.110001,37.115330,29411900.00
2010-01-19,68.739998,69.349998,68.419998,69.269997,37.201248,26081900.00
2010-01-20,68.559998,68.660004,67.930000,68.029999,36.535316,34629500.00
2010-01-21,68.120003,68.150002,66.500000,66.699997,35.821041,39114000.00
2010-01-22,66.519997,67.139999,66.000000,66.099998,35.498814,39085500.00
2010-01-25,66.550003,66.760002,65.690002,65.849998,35.364559,29305100.00
2010-01-26,65.639999,66.739998,65.500000,65.919998,35.402153,34083300.00
2010-01-27,65.660004,66.059998,65.000000,65.540001,35.198071,35723500.00
2010-01-28,65.849998,65.849998,64.570000,64.959999,34.886578,37349800.00
2010-01-29,65.150002,65.820000,64.019997,64.430000,34.601955,40880500.00
2010-02-01,65.769997,66.410004,65.349998,66.180000,35.541779,37703000.00
2010-02-02,66.730003,67.120003,66.470001,66.959999,35.960670,34057900.00
2010-02-03,66.879997,67.230003,66.559998,66.599998,35.767334,24024700.00
2010-02-04,66.269997,66.349998,64.680000,64.720001,34.757694,33858200.00
2010-02-05,64.699997,64.900002,63.560001,64.800003,34.800648,42297500.00
2010-02-08,64.910004,65.489998,64.339996,64.349998,34.784439,30519400.00
2010-02-09,65.110001,65.709999,64.559998,65.199997,35.243904,36243300.00
2010-02-10,65.080002,65.220001,64.160004,64.849998,35.054707,21699100.00
2010-02-11,64.690002,65.480003,64.410004,65.239998,35.265530,23555200.00
2010-02-12,64.620003,65.139999,64.279999,64.800003,35.027679,30636200.00
2010-02-16,65.440002,66.379997,65.080002,66.279999,35.827694,30514900.00
2010-02-17,66.339996,66.449997,65.570000,65.760002,35.546616,21821800.00
2010-02-18,65.800003,66.089996,65.349998,65.959999,35.654728,22536700.00
2010-02-19,65.589996,66.239998,65.430000,65.870003,35.606075,24264600.00
2010-02-22,66.099998,66.120003,65.250000,65.400002,35.352020,20469700.00
2010-02-23,65.260002,65.559998,64.150002,64.940002,35.103374,33372900.00
2010-02-24,65.010002,65.870003,64.769997,65.550003,35.433109,21469600.00
2010-02-25,64.610001,65.169998,64.370003,65.139999,35.211479,25668800.00
2010-02-26,65.260002,65.400002,64.919998,65.000000,35.135796,20129700.00
2010-03-01,65.360001,65.540001,65.089996,65.400002,35.352020,18798600.00
2010-03-02,65.660004,65.790001,65.150002,65.489998,35.400661,24823900.00
2010-03-03,65.769997,65.970001,65.379997,65.430000,35.368252,22279800.00
2010-03-04,65.349998,65.629997,65.080002,65.400002,35.352020,21961100.00
2010-03-05,65.959999,66.519997,65.779999,66.470001,35.930405,26837900.00
2010-03-08,66.769997,66.790001,66.230003,66.480003,35.935818,20297200.00
2010-03-09,66.320000,67.190002,66.220001,66.779999,36.097973,29003100.00
2010-03-10,67.160004,67.419998,66.779999,67.220001,36.335815,24810300.00
2010-03-11,67.389999,67.559998,66.980003,67.220001,36.335815,19357400.00
2010-03-12,67.580002,67.580002,66.500000,66.800003,36.108803,23361800.00
2010-03-15,66.669998,66.690002,65.900002,66.300003,35.838512,22070000.00
2010-03-16,66.550003,66.680000,66.000000,66.570000,35.984455,35103700.00
2010-03-17,66.910004,67.790001,66.800003,67.360001,36.411488,38770000.00
2010-03-18,67.500000,67.739998,67.010002,67.389999,36.427704,25925500.00
2010-03-19,67.040001,67.889999,66.430000,67.040001,36.238525,45564200.00
2010-03-22,66.489998,67.199997,66.320000,66.970001,36.200676,21390600.00
2010-03-23,66.940002,66.980003,66.449997,66.949997,36.189884,24754700.00
2010-03-24,66.570000,66.860001,66.230003,66.500000,35.946617,19748800.00
2010-03-25,66.809998,66.919998,66.239998,66.300003,35.838512,21095600.00
2010-03-26,66.440002,66.879997,66.169998,66.540001,35.968250,30553400.00
2010-03-29,66.660004,67.480003,66.589996,67.300003,36.379059,26122200.00
2010-03-30,67.190002,67.300003,66.790001,67.050003,36.243923,17745900.00
2010-03-31,66.940002,67.190002,66.599998,66.980003,36.206100,22352500.00
2010-04-01,67.269997,67.800003,67.190002,67.610001,36.546635,19614700.00
2010-04-05,67.839996,68.360001,67.720001,68.190002,36.860149,20901100.00
2010-04-06,67.989998,68.349998,67.800003,67.900002,36.703388,19776800.00
2010-04-07,67.830002,67.849998,66.970001,67.339996,36.400673,24531500.00
2010-04-08,67.010002,68.220001,66.849998,67.860001,36.681782,24060800.00
2010-04-09,68.110001,68.980003,68.070000,68.760002,37.168274,21099600.00
2010-04-12,68.800003,69.050003,68.580002,68.709999,37.141232,18170300.00
2010-04-13,68.470001,68.760002,68.070000,68.660004,37.114216,19177100.00
2010-04-14,68.720001,68.820000,68.360001,68.610001,37.087185,18777800.00
2010-04-15,68.500000,68.720001,68.150002,68.260002,36.897999,16712900.00
2010-04-16,68.120003,68.699997,67.709999,67.930000,36.719616,33855100.00
2010-04-19,67.750000,68.440002,67.570000,68.230003,36.881771,25686000.00
2010-04-20,68.620003,69.220001,68.500000,68.970001,37.281773,22989500.00
2010-04-21,69.000000,69.430000,68.570000,68.919998,37.254738,21119200.00
2010-04-22,68.519997,68.730003,68.220001,68.559998,37.060154,21654700.00
2010-04-23,68.500000,69.269997,68.180000,69.239998,37.427723,24340000.00
2010-04-26,69.029999,69.529999,68.930000,69.290001,37.454773,18237100.00
2010-04-27,69.010002,70.000000,68.199997,68.269997,36.903400,36374700.00
2010-04-28,68.870003,69.540001,68.610001,69.190002,37.400696,33243500.00
2010-04-29,68.449997,69.660004,68.239998,68.660004,37.114216,47200900.00
2010-04-30,68.900002,69.309998,67.730003,67.769997,36.633118,43762100.00
2010-05-03,68.110001,68.220001,67.180000,67.839996,36.670963,30734900.00
2010-05-04,67.150002,67.260002,66.000000,66.470001,35.930405,31646100.00
2010-05-05,65.940002,66.940002,65.830002,66.169998,35.768238,30260300.00
2010-05-06,65.790001,66.230003,58.459999,63.889999,34.535786,58336300.00
2010-05-07,64.500000,64.919998,63.230000,63.700001,34.433086,69004800.00
2010-05-10,65.419998,65.750000,64.519997,65.230003,35.260117,38337600.00
2010-05-11,64.620003,65.000000,64.230003,64.459999,35.080528,29790600.00
2010-05-12,64.639999,65.339996,64.500000,64.910004,35.325432,25390700.00
2010-05-13,64.870003,65.269997,64.320000,64.739998,35.232903,26791600.00
2010-05-14,64.500000,64.730003,62.910000,63.599998,34.612503,38815400.00
2010-05-17,63.740002,63.880001,62.259998,63.270000,34.432896,31923700.00
2010-05-18,64.050003,64.269997,62.419998,62.790001,34.171669,34457000.00
2010-05-19,62.459999,62.939999,62.000000,62.450001,33.986652,36722500.00
2010-05-20,61.470001,61.680000,60.209999,60.330002,32.832893,57194500.00
2010-05-21,59.160000,60.950001,59.160000,60.880001,33.132214,52802900.00
2010-05-24,60.740002,61.000000,60.130001,60.189999,32.756710,27847800.00
2010-05-25,58.990002,59.779999,58.459999,59.709999,32.495476,50533800.00
2010-05-26,60.080002,60.459999,59.119999,59.310001,32.277782,34028900.00
2010-05-27,60.500000,61.549999,60.099998,61.459999,33.447865,31911500.00
2010-05-28,61.209999,61.669998,60.279999,60.459999,32.903637,32078700.00
2010-06-01,60.380001,60.860001,59.139999,59.250000,32.245129,32972000.00
2010-06-02,59.509998,60.799999,59.230000,60.770000,33.072350,28668400.00
2010-06-03,61.230000,62.009998,60.599998,61.560001,33.502281,32383700.00
2010-06-04,60.740002,61.049999,59.290001,59.529999,32.397522,45019200.00
2010-06-07,59.980000,60.410000,59.200001,59.299999,32.272339,28389500.00
2010-06-08,59.619999,61.439999,59.380001,61.240002,33.328148,48460700.00
2010-06-09,61.580002,61.599998,59.820000,60.029999,32.669624,31693200.00
2010-06-10,61.500000,62.000000,61.160000,61.889999,33.681870,33020100.00
2010-06-11,61.680000,61.919998,61.180000,61.860001,33.665558,21227100.00
2010-06-14,62.060001,62.459999,61.320000,61.369999,33.398891,24667800.00
2010-06-15,61.889999,62.570000,61.490002,62.509998,34.019299,24532600.00
2010-06-16,61.970001,62.619999,61.900002,62.509998,34.019299,20652700.00
2010-06-17,62.419998,62.700001,61.950001,62.599998,34.068275,23310200.00
2010-06-18,62.779999,63.369999,62.400002,63.099998,34.340393,32747000.00
2010-06-21,64.099998,64.500000,62.849998,63.130001,34.356705,24877600.00
2010-06-22,63.130001,63.200001,61.790001,61.939999,33.709095,26147000.00
2010-06-23,61.709999,62.259998,60.900002,61.099998,33.251945,38058900.00
2010-06-24,60.820000,61.200001,59.869999,60.070000,32.691399,34188500.00
2010-06-25,60.150002,60.240002,59.099998,59.099998,32.163490,118023500.00
2010-06-28,59.310001,59.389999,58.470001,58.470001,31.820637,43013000.00
2010-06-29,58.000000,58.090000,57.000000,57.290001,31.178465,52525000.00
2010-06-30,57.330002,57.730000,56.919998,57.070000,31.058735,43944900.00
2010-07-01,56.980000,57.270000,56.169998,56.610001,30.808392,47746400.00
2010-07-02,56.849998,56.990002,55.939999,56.570000,30.786610,32767900.00
2010-07-06,57.169998,57.590000,56.770000,57.459999,31.270973,36912100.00
2010-07-07,57.369999,58.450001,57.259998,58.430000,31.798870,41797200.00
2010-07-08,59.130001,59.200001,58.130001,58.810001,32.005672,40430300.00
2010-07-09,58.759998,59.009998,58.299999,58.779999,31.989351,25976500.00
2010-07-12,58.290001,58.939999,58.200001,58.939999,32.076424,23515000.00
2010-07-13,59.599998,59.720001,59.040001,59.419998,32.337646,30514200.00
2010-07-14,59.220001,59.340000,58.619999,59.259998,32.250572,26061100.00
2010-07-15,59.360001,59.490002,58.590000,59.270000,32.256023,24737300.00
2010-07-16,58.840000,59.110001,57.810001,57.959999,31.543095,35805700.00
2010-07-19,58.330002,58.740002,58.099998,58.430000,31.798870,20960000.00
2010-07-20,57.680000,58.990002,57.669998,58.950001,32.081867,23807300.00
2010-07-21,59.130001,59.130001,57.599998,58.169998,31.657362,26859700.00
2010-07-22,58.709999,59.790001,58.660000,59.380001,32.315884,27051400.00
2010-07-23,59.259998,59.810001,58.799999,59.720001,32.500923,19281400.00
2010-07-26,59.700001,60.439999,59.630001,60.389999,32.865540,20236500.00
2010-07-27,60.619999,60.900002,60.389999,60.810001,33.094109,22400800.00
2010-07-28,60.730000,61.270000,60.730000,60.910000,33.148544,23511100.00
2010-07-29,61.419998,61.880001,60.290001,60.340000,32.838333,33763000.00
2010-07-30,60.150002,60.509998,59.599998,59.680000,32.479145,29354600.00
2010-08-02,60.639999,62.040001,60.610001,61.939999,33.709095,28144000.00
2010-08-03,61.980000,62.990002,61.880001,62.720001,34.133587,31075800.00
2010-08-04,62.860001,62.889999,62.270000,62.720001,34.133587,21033800.00
2010-08-05,62.279999,62.709999,61.849998,62.709999,34.128132,19985300.00
2010-08-06,61.919998,62.500000,61.250000,61.970001,33.725422,23097300.00
2010-08-09,62.560001,62.669998,62.180000,62.450001,33.986652,14731300.00
2010-08-10,61.849998,62.169998,61.450001,61.930000,33.703636,23188500.00
2010-08-11,60.549999,60.660000,60.200001,60.389999,33.100712,24281300.00
2010-08-12,59.700001,60.560001,59.560001,60.230000,33.013020,16951300.00
2010-08-13,59.959999,60.450001,59.799999,59.910000,32.837627,14651300.00
2010-08-16,59.599998,60.250000,59.250000,59.880001,32.821198,14301100.00
2010-08-17,60.490002,61.160000,60.139999,60.820000,33.336414,20122200.00
2010-08-18,60.669998,60.720001,59.630001,60.150002,32.969181,20071500.00
2010-08-19,59.930000,60.060001,58.900002,59.290001,32.497799,21174500.00
2010-08-20,59.020000,59.070000,58.549999,58.889999,32.278545,21008800.00
2010-08-23,58.970001,60.049999,58.900002,59.500000,32.612900,21337700.00
2010-08-24,58.959999,59.450001,58.790001,58.939999,32.305954,25679100.00
2010-08-25,58.689999,59.400002,58.419998,58.910000,32.289513,20944000.00
2010-08-26,59.360001,59.500000,58.330002,58.480000,32.053822,22320900.00
2010-08-27,58.720001,59.959999,58.049999,59.799999,32.777344,28279500.00
2010-08-30,59.560001,59.900002,58.959999,59.000000,32.338844,16265100.00
2010-08-31,58.750000,59.540001,58.500000,59.110001,32.399136,26985400.00
2010-09-01,60.040001,60.959999,59.720001,60.910000,33.385742,26286200.00
2010-09-02,60.490002,61.060001,60.369999,61.060001,33.467968,18662600.00
2010-09-03,61.200001,61.599998,60.750000,61.320000,33.610470,21982900.00
2010-09-07,60.889999,61.070000,60.450001,60.549999,33.188427,19435700.00
2010-09-08,60.660000,61.259998,60.630001,60.750000,33.298046,17380600.00
2010-09-09,61.500000,61.590000,60.910000,61.049999,33.462467,16525200.00
2010-09-10,61.380001,61.480000,60.950001,61.200001,33.544701,14488400.00
2010-09-13,61.389999,61.520000,60.540001,61.000000,33.435074,23141800.00
2010-09-14,60.840000,61.340000,60.750000,61.009998,33.440556,17977500.00
2010-09-15,60.759998,61.029999,60.360001,61.000000,33.435074,18769900.00
2010-09-16,60.849998,60.990002,60.450001,60.970001,33.418640,16432500.00
2010-09-17,61.189999,61.299999,60.630001,60.779999,33.314491,26447200.00
2010-09-20,61.040001,61.820000,60.950001,61.549999,33.736526,21788100.00
2010-09-21,61.650002,61.900002,61.250000,61.540001,33.731052,20525200.00
2010-09-22,61.560001,62.000000,61.410000,61.450001,33.681721,18207700.00
2010-09-23,60.990002,61.570000,60.900002,61.150002,33.517281,18097800.00
2010-09-24,61.509998,62.130001,61.360001,61.750000,33.846153,25145300.00
2010-09-27,61.990002,62.080002,61.680000,61.709999,33.824230,16642800.00
2010-09-28,61.630001,62.259998,61.270000,62.060001,34.016075,18806700.00
2010-09-29,61.770000,62.020000,61.270000,61.590000,33.758453,21158000.00
2010-09-30,61.950001,62.439999,61.470001,61.790001,33.868084,25460200.00
2010-10-01,62.320000,62.580002,61.799999,62.540001,34.279182,24160200.00
2010-10-04,62.520000,62.730000,61.840000,62.189999,34.087322,16902500.00
2010-10-05,62.590000,63.400002,62.430000,63.259998,34.673813,25185400.00
2010-10-06,63.180000,63.939999,63.180000,63.939999,35.046539,21645200.00
2010-10-07,63.959999,64.000000,63.369999,63.849998,34.997196,19468400.00
2010-10-08,63.810001,64.529999,63.630001,64.379997,35.287704,22370500.00
2010-10-11,64.360001,64.809998,64.309998,64.550003,35.380875,13848900.00
2010-10-12,64.309998,64.889999,63.930000,64.699997,35.463097,20732000.00
2010-10-13,64.839996,65.290001,64.570000,65.040001,35.649460,22560500.00
2010-10-14,65.050003,65.449997,64.870003,65.300003,35.791981,17778100.00
2010-10-15,65.639999,65.650002,64.820000,65.190002,35.731674,25500700.00
2010-10-18,65.190002,66.540001,65.029999,66.279999,36.329121,22481700.00
2010-10-19,65.589996,66.040001,64.589996,65.120003,35.693314,25367400.00
2010-10-20,65.470001,66.389999,65.349998,66.010002,36.181149,20543900.00
2010-10-21,66.290001,66.800003,65.650002,66.320000,36.351040,21291200.00
2010-10-22,66.510002,66.550003,66.129997,66.339996,36.362015,13332800.00
2010-10-25,66.680000,66.809998,66.160004,66.199997,36.285271,16516600.00
2010-10-26,65.959999,66.570000,65.809998,66.529999,36.466160,17652900.00
2010-10-27,65.949997,65.989998,65.089996,65.669998,35.994770,23358900.00
2010-10-28,66.430000,66.699997,66.050003,66.220001,36.296238,20464200.00
2010-10-29,66.099998,66.559998,65.989998,66.489998,36.444229,19265600.00
2010-11-01,66.720001,67.209999,66.629997,66.949997,36.696350,22372700.00
2010-11-02,67.320000,68.250000,67.209999,67.839996,37.184189,26192200.00
2010-11-03,68.230003,68.269997,67.320000,67.970001,37.255432,26545300.00
2010-11-04,68.400002,69.599998,68.290001,69.379997,38.028294,31221400.00
2010-11-05,69.440002,70.000000,69.400002,70.000000,38.368126,26531700.00
2010-11-08,69.489998,70.419998,69.459999,70.320000,38.543507,23628000.00
2010-11-09,70.290001,71.110001,70.099998,70.629997,38.957184,33938100.00
2010-11-10,70.959999,71.160004,70.150002,71.129997,39.232964,25482400.00
2010-11-11,71.000000,71.900002,70.730003,71.830002,39.619064,23788900.00
2010-11-12,71.379997,71.400002,70.430000,70.989998,39.155735,24598100.00
2010-11-15,71.010002,71.220001,70.440002,70.480003,38.874458,18779600.00
2010-11-16,69.620003,69.820000,68.559998,68.940002,38.025040,27543400.00
2010-11-17,68.839996,69.379997,68.559998,69.010002,38.063656,17471800.00
2010-11-18,69.650002,70.389999,69.639999,70.309998,38.780678,18322900.00
2010-11-19,70.199997,70.589996,69.360001,70.540001,38.907551,24116400.00
2010-11-22,70.099998,70.300003,68.790001,70.190002,38.714508,18907900.00
2010-11-23,68.800003,69.150002,68.320000,68.980003,38.047115,22672000.00
2010-11-24,69.250000,70.000000,69.190002,69.879997,38.543503,19335600.00
2010-11-26,69.300003,69.430000,68.900002,69.230003,38.184982,7324600.00
2010-11-29,68.860001,69.639999,68.300003,69.449997,38.306320,20021200.00
2010-11-30,68.550003,69.750000,68.320000,69.559998,38.367016,27524300.00
2010-12-01,70.379997,71.550003,70.379997,71.330002,39.343288,26590200.00
2010-12-02,71.190002,71.660004,70.949997,71.480003,39.426025,21274800.00
2010-12-03,71.010002,71.300003,70.889999,71.190002,39.266071,19457100.00
2010-12-06,71.199997,71.599998,71.059998,71.309998,39.332253,15985400.00
2010-12-07,71.910004,72.180000,71.419998,71.459999,39.414989,23694600.00
2010-12-08,71.870003,72.220001,71.480003,71.849998,39.630096,22654900.00
2010-12-09,72.050003,72.139999,71.330002,72.000000,39.712837,17971600.00
2010-12-10,72.180000,72.180000,71.620003,72.180000,39.812130,17699500.00
2010-12-13,72.410004,72.750000,72.070000,72.360001,39.911388,21170500.00
2010-12-14,72.230003,72.500000,71.930000,72.180000,39.812130,20625900.00
2010-12-15,71.870003,72.309998,71.790001,71.849998,39.630096,20979000.00
2010-12-16,71.919998,72.330002,71.570000,72.220001,39.834198,18513900.00
2010-12-17,72.110001,72.389999,71.779999,72.169998,39.806599,36761300.00
2010-12-20,72.239998,72.500000,71.879997,72.220001,39.834198,16045800.00
2010-12-21,72.430000,72.970001,72.230003,72.720001,40.109962,21772800.00
2010-12-22,72.940002,73.000000,72.650002,72.800003,40.154079,14606600.00
2010-12-23,72.940002,73.199997,72.830002,73.199997,40.374710,11390900.00
2010-12-27,72.809998,73.300003,72.809998,73.010002,40.269909,9757200.00
2010-12-28,73.199997,73.559998,72.959999,73.419998,40.496052,14423400.00
2010-12-29,73.410004,73.690002,73.339996,73.370003,40.468456,11797700.00
2010-12-30,73.290001,73.510002,73.050003,73.360001,40.462967,10790400.00
2010-12-31,73.160004,73.510002,73.019997,73.120003,40.330597,15273700.00
2011-01-03,73.720001,74.790001,73.639999,74.550003,41.119331,23320700.00
2011-01-04,74.709999,74.949997,74.419998,74.900002,41.312386,20028500.00
2011-01-05,74.669998,74.870003,74.139999,74.699997,41.202068,16550800.00
2011-01-06,74.900002,75.430000,74.669998,75.180000,41.466827,22525300.00
2011-01-07,75.209999,75.900002,75.089996,75.589996,41.692944,19297700.00
2011-01-10,75.129997,75.269997,74.580002,75.129997,41.439232,20766400.00
2011-01-11,75.019997,75.860001,75.019997,75.690002,41.748116,15805400.00
2011-01-12,75.940002,76.620003,75.669998,76.580002,42.239017,17363000.00
2011-01-13,76.650002,76.820000,75.980003,76.709999,42.310711,20438100.00
2011-01-14,76.669998,78.000000,76.500000,77.839996,42.933983,23478700.00
2011-01-18,77.790001,78.849998,77.720001,78.709999,43.413845,23883600.00
2011-01-19,78.629997,78.930000,78.129997,78.239998,43.154594,21844100.00
2011-01-20,77.980003,78.160004,76.769997,77.750000,42.884354,29121600.00
2011-01-21,78.209999,79.099998,78.059998,78.980003,43.562778,25084400.00
2011-01-24,78.849998,79.180000,78.089996,78.589996,43.347649,24871600.00
2011-01-25,78.220001,78.989998,77.930000,78.680000,43.397308,21626300.00
2011-01-26,78.709999,79.860001,78.489998,79.660004,43.937840,25555400.00
2011-01-27,79.839996,79.980003,79.339996,79.879997,44.059200,17003500.00
2011-01-28,79.779999,79.889999,78.870003,78.989998,43.568298,26300600.00
2011-01-31,79.919998,80.820000,79.010002,80.680000,44.500435,34514400.00
2011-02-01,81.139999,83.959999,81.040001,83.910004,46.281990,40829600.00
2011-02-02,83.589996,83.980003,83.260002,83.410004,46.006214,18176900.00
2011-02-03,83.059998,83.550003,82.459999,83.440002,46.022751,19647700.00
2011-02-04,83.250000,83.519997,82.849998,83.279999,45.934509,16558300.00
2011-02-07,83.449997,84.000000,83.360001,83.930000,46.293037,15304300.00
2011-02-08,83.500000,83.650002,82.639999,82.980003,46.010250,17463500.00
2011-02-09,82.440002,82.779999,81.769997,82.550003,45.771828,15890900.00
2011-02-10,81.680000,83.309998,81.610001,83.199997,46.132236,21050500.00
2011-02-11,82.230003,83.410004,82.230003,82.820000,45.921524,15993500.00
2011-02-14,82.070000,85.110001,81.889999,84.910004,47.080391,33108300.00
2011-02-15,84.790001,84.889999,82.669998,82.970001,46.004707,25684600.00
2011-02-16,83.059998,83.860001,82.860001,83.690002,46.403934,16673500.00
2011-02-17,83.970001,83.970001,83.050003,83.879997,46.509274,17853500.00
2011-02-18,83.910004,84.500000,83.500000,84.500000,46.853050,22839500.00
2011-02-22,84.970001,86.699997,84.730003,85.440002,47.374245,32580400.00
2011-02-23,86.000000,88.230003,85.470001,87.070000,48.278053,38624600.00
2011-02-24,87.199997,87.529999,85.459999,85.970001,47.668125,28577100.00
2011-02-25,85.790001,86.239998,85.290001,85.339996,47.318790,22230300.00
2011-02-28,85.870003,86.559998,85.489998,85.529999,47.424164,24507000.00
2011-03-01,86.410004,86.500000,84.699997,84.800003,47.019386,23001800.00
2011-03-02,84.589996,85.320000,83.550003,85.080002,47.174629,17423600.00
2011-03-03,85.459999,85.949997,85.050003,85.820000,47.584953,17153500.00
2011-03-04,85.919998,86.000000,84.699997,85.080002,47.174629,20028600.00
2011-03-07,85.839996,86.080002,84.690002,84.720001,46.975018,18062700.00
2011-03-08,84.599998,85.110001,83.750000,84.599998,46.908508,17658200.00
2011-03-09,84.120003,84.550003,83.559998,84.379997,46.786514,13306600.00
2011-03-10,83.800003,83.800003,81.199997,81.379997,45.123093,25996300.00
2011-03-11,81.019997,82.910004,80.099998,82.120003,45.533398,17607100.00
2011-03-14,81.669998,82.639999,81.459999,82.379997,45.677555,16383200.00
2011-03-15,80.169998,82.089996,79.750000,81.389999,45.128647,23191300.00
2011-03-16,81.230003,81.809998,78.800003,79.309998,43.975307,33396500.00
2011-03-17,80.379997,81.500000,80.230003,81.160004,45.001110,21941300.00
2011-03-18,81.769997,82.330002,80.849998,80.849998,44.829224,28895900.00
2011-03-21,81.870003,83.330002,81.860001,82.839996,45.932636,18207000.00
2011-03-22,83.099998,83.230003,82.330002,82.559998,45.777359,16209700.00
2011-03-23,82.650002,83.000000,82.000000,82.599998,45.799549,15390600.00
2011-03-24,82.779999,83.470001,82.550003,82.730003,45.871628,17009000.00
2011-03-25,82.989998,83.930000,82.820000,83.620003,46.365097,16497300.00
2011-03-28,83.860001,84.010002,83.449997,83.470001,46.281940,14608200.00
2011-03-29,83.160004,83.889999,82.610001,83.250000,46.159954,16277400.00
2011-03-30,83.800003,84.860001,83.510002,84.489998,46.847488,15770400.00
2011-03-31,84.820000,84.940002,84.110001,84.129997,46.647915,15317800.00
2011-04-01,84.720001,84.839996,84.169998,84.680000,46.952866,15531500.00
2011-04-04,84.260002,84.930000,84.070000,84.870003,47.058197,13096100.00
2011-04-05,84.680000,85.940002,84.559998,85.419998,47.363152,17122600.00
2011-04-06,85.730003,85.889999,84.959999,85.180000,47.230072,13339700.00
2011-04-07,85.160004,85.790001,84.910004,85.760002,47.551682,16006700.00
2011-04-08,86.000000,86.220001,85.360001,85.949997,47.657032,15943200.00
2011-04-11,85.949997,86.150002,84.779999,85.160004,47.218998,13026500.00
2011-04-12,84.239998,84.250000,82.669998,83.180000,46.121136,20728800.00
2011-04-13,83.580002,83.949997,82.559998,83.160004,46.110046,14489400.00
2011-04-14,82.379997,83.839996,82.379997,83.440002,46.265308,15717500.00
2011-04-15,83.800003,84.470001,83.360001,84.290001,46.736607,17022500.00
2011-04-18,83.110001,84.000000,82.440002,83.099998,46.076790,15107300.00
2011-04-19,82.970001,83.989998,82.970001,83.800003,46.464924,12770800.00
2011-04-20,85.050003,85.680000,84.870003,85.650002,47.490692,15447600.00
2011-04-21,85.769997,86.430000,85.559998,86.360001,47.884396,12797200.00
2011-04-25,86.290001,86.500000,85.889999,86.220001,47.806744,9852800.00
2011-04-26,86.430000,87.480003,86.260002,87.419998,48.472092,17908800.00
2011-04-27,87.480003,87.900002,86.290001,87.779999,48.671734,17755800.00
2011-04-28,87.029999,87.500000,86.529999,87.339996,48.427757,18705300.00
2011-04-29,87.430000,88.000000,87.029999,87.980003,48.782627,17352300.00
2011-05-02,88.099998,88.129997,86.470001,86.970001,48.222591,18651200.00
2011-05-03,86.589996,86.779999,85.040001,85.620003,47.474064,18417100.00
2011-05-04,85.190002,85.599998,83.910004,84.809998,47.024956,22867000.00
2011-05-05,83.519997,83.989998,81.589996,82.620003,45.810627,27491200.00
2011-05-06,83.269997,84.099998,81.849998,82.690002,45.849461,26314700.00
2011-05-09,83.010002,83.720001,82.160004,83.180000,46.121136,18254600.00
2011-05-10,83.080002,83.760002,82.500000,83.339996,46.209862,17695700.00
2011-05-11,82.510002,82.690002,80.440002,81.120003,45.234028,24192000.00
2011-05-12,80.620003,81.589996,79.419998,81.050003,45.194988,21853600.00
2011-05-13,81.290001,81.769997,80.220001,80.870003,45.094616,17628500.00
2011-05-16,80.220001,81.269997,80.120003,80.239998,44.743324,16435100.00
2011-05-17,79.989998,80.790001,79.599998,80.410004,44.838123,18067800.00
2011-05-18,80.879997,82.269997,80.430000,81.739998,45.579754,17957000.00
2011-05-19,82.269997,82.580002,81.339996,82.330002,45.908737,15229100.00
2011-05-20,81.980003,82.250000,80.900002,81.570000,45.484962,19003400.00
2011-05-23,80.220001,81.010002,80.070000,80.669998,44.983101,16288500.00
2011-05-24,81.050003,82.120003,80.940002,81.290001,45.328819,15687300.00
2011-05-25,80.970001,82.529999,80.839996,81.959999,45.702427,19347200.00
2011-05-26,81.599998,82.570000,81.190002,82.389999,45.942192,16873700.00
2011-05-27,82.739998,83.129997,82.150002,82.629997,46.076031,11949100.00
2011-05-31,83.279999,83.750000,82.720001,83.470001,46.544430,23630700.00
2011-06-01,83.550003,83.650002,81.760002,82.029999,45.741459,19550200.00
2011-06-02,81.769997,82.320000,80.650002,81.330002,45.351128,18152600.00
2011-06-03,80.239998,81.790001,80.180000,81.180000,45.267498,17281200.00
2011-06-06,80.930000,81.190002,80.080002,80.290001,44.771198,15954300.00
2011-06-07,80.610001,81.089996,79.970001,80.000000,44.609493,16188100.00
2011-06-08,80.610001,81.870003,80.519997,80.760002,45.033298,23567300.00
2011-06-09,81.239998,81.680000,80.959999,81.180000,45.267498,17665100.00
2011-06-10,80.949997,80.949997,79.720001,79.779999,44.486820,18965900.00
2011-06-13,80.000000,80.599998,78.839996,79.230003,44.180149,17854200.00
2011-06-14,80.050003,80.820000,79.940002,80.379997,44.821404,16443400.00
2011-06-15,79.529999,79.889999,78.370003,78.660004,43.862297,21713900.00
2011-06-16,78.589996,79.510002,78.330002,79.220001,44.174549,19037500.00
2011-06-17,79.849998,79.949997,78.690002,79.019997,44.063034,25441200.00
2011-06-20,78.650002,79.949997,78.620003,79.709999,44.447788,15836400.00
2011-06-21,80.230003,81.120003,80.010002,80.570000,44.927338,17897300.00
2011-06-22,80.160004,80.669998,79.570000,79.820000,44.509121,18599700.00
2011-06-23,78.739998,78.750000,77.230003,78.440002,43.739609,30032800.00
2011-06-24,78.550003,78.629997,76.779999,76.779999,42.813953,36292700.00
2011-06-27,76.879997,78.480003,76.720001,77.919998,43.449642,20606900.00
2011-06-28,78.570000,79.660004,78.379997,79.629997,44.403172,18421500.00
2011-06-29,79.849998,80.500000,79.220001,80.250000,44.748909,18899900.00
2011-06-30,80.389999,81.410004,80.269997,81.379997,45.379009,19942100.00
2011-07-01,81.190002,82.089996,80.589996,82.010002,45.730309,18050100.00
2011-07-05,81.300003,82.120003,81.260002,81.599998,45.501678,18859600.00
2011-07-06,81.400002,81.660004,80.849998,81.570000,45.484962,15042600.00
2011-07-07,82.269997,82.599998,81.870003,82.360001,45.925465,18379200.00
2011-07-08,81.580002,82.529999,81.459999,82.419998,45.958946,18336500.00
2011-07-11,81.300003,82.110001,81.120003,81.900002,45.668968,20717000.00
2011-07-12,81.510002,83.010002,81.500000,81.889999,45.663395,22639600.00
2011-07-13,82.269997,83.459999,82.080002,82.480003,45.992397,19015100.00
2011-07-14,83.050003,83.110001,82.089996,82.239998,45.858582,19413200.00
2011-07-15,82.419998,83.089996,82.260002,83.000000,46.282368,22705100.00
2011-07-18,82.290001,82.849998,82.080002,82.650002,46.087173,17343500.00
2011-07-19,82.900002,83.760002,82.800003,83.629997,46.633636,16424900.00
2011-07-20,83.839996,83.889999,83.169998,83.300003,46.449619,12808400.00
2011-07-21,83.860001,85.239998,83.750000,85.019997,47.408737,21359700.00
2011-07-22,85.199997,85.410004,84.540001,85.220001,47.520248,13152600.00
2011-07-25,84.199997,85.129997,84.199997,84.570000,47.157822,14007600.00
2011-07-26,84.669998,85.099998,84.040001,84.370003,47.046295,16226700.00
2011-07-27,83.790001,84.250000,83.239998,83.309998,46.455212,19820600.00
2011-07-28,81.739998,82.449997,81.150002,81.459999,45.423626,24556600.00
2011-07-29,80.790001,80.879997,79.760002,79.790001,44.492374,26609000.00
2011-08-01,80.820000,81.180000,78.739998,79.599998,44.386436,22864500.00
2011-08-02,78.900002,79.610001,77.820000,77.839996,43.405033,28410500.00
2011-08-03,77.940002,78.099998,76.459999,77.720001,43.338123,28373000.00
2011-08-04,76.680000,77.129997,73.510002,73.839996,41.174564,42624200.00
2011-08-05,75.010002,75.790001,72.070000,74.820000,41.721031,47167500.00
2011-08-08,72.739998,73.440002,69.900002,70.190002,39.139263,58857600.00
2011-08-09,70.790001,71.870003,67.029999,71.639999,39.947803,61753300.00
2011-08-10,70.739998,70.989998,67.459999,68.029999,38.185314,47758300.00
2011-08-11,68.809998,72.400002,68.629997,71.580002,40.177929,50328600.00
2011-08-12,72.360001,73.099998,71.599998,72.000000,40.413685,31129000.00
2011-08-15,73.040001,74.379997,72.750000,74.290001,41.699059,23388200.00
2011-08-16,73.349998,74.339996,72.830002,73.500000,41.255627,26341400.00
2011-08-17,74.290001,74.750000,73.500000,74.160004,41.626091,18269400.00
2011-08-18,72.410004,72.790001,70.209999,70.940002,39.818703,35457700.00
2011-08-19,70.070000,71.980003,69.669998,69.800003,39.178825,34935300.00
2011-08-22,72.150002,72.160004,69.580002,70.180000,39.392117,27202900.00
2011-08-23,70.599998,73.800003,70.519997,73.660004,41.345436,38059600.00
2011-08-24,72.959999,73.860001,72.269997,73.540001,41.278084,22752900.00
2011-08-25,73.639999,73.919998,71.269997,71.769997,40.284580,30924500.00
2011-08-26,70.879997,73.000000,70.209999,72.639999,40.772907,26974400.00
2011-08-29,73.330002,74.220001,72.980003,74.120003,41.603645,18967100.00
2011-08-30,73.589996,74.400002,72.970001,73.910004,41.485771,22437000.00
2011-08-31,74.360001,74.870003,73.339996,74.019997,41.547512,29189000.00
2011-09-01,74.150002,74.860001,73.449997,73.489998,41.250011,23393500.00
2011-09-02,72.110001,72.690002,71.500000,72.139999,40.492260,21071800.00
2011-09-06,70.139999,71.320000,69.910004,71.150002,39.936569,25416300.00
2011-09-07,72.239998,73.650002,71.750000,73.650002,41.339828,23108400.00
2011-09-08,73.389999,74.339996,72.540001,72.820000,40.873943,22434800.00
2011-09-09,72.169998,72.570000,70.589996,71.010002,39.857994,27969100.00
2011-09-12,70.339996,71.889999,69.870003,71.839996,40.323875,26205800.00
2011-09-13,71.760002,71.980003,70.809998,71.650002,40.217239,22825400.00
2011-09-14,71.959999,73.760002,71.160004,72.639999,40.772907,26042800.00
2011-09-15,73.430000,74.059998,72.680000,74.010002,41.541927,21858300.00
2011-09-16,74.519997,74.750000,73.570000,74.550003,41.844997,34652600.00
2011-09-19,72.910004,74.099998,72.500000,73.699997,41.367901,19822500.00
2011-09-20,73.870003,74.980003,73.440002,74.010002,41.541927,20420000.00
2011-09-21,73.879997,74.290001,71.830002,71.970001,40.396839,23806200.00
2011-09-22,69.940002,70.459999,68.169998,69.239998,38.864506,43223000.00
2011-09-23,68.459999,70.110001,67.930000,69.309998,38.903786,26583200.00
2011-09-26,70.010002,71.889999,69.500000,71.720001,40.256519,30342400.00
2011-09-27,73.330002,74.339996,72.419998,72.910004,40.924469,26689900.00
2011-09-28,72.430000,74.290001,71.860001,72.070000,40.452984,26026500.00
2011-09-29,73.120003,74.040001,72.669998,73.879997,41.468929,27713900.00
2011-09-30,72.760002,74.589996,72.629997,72.629997,40.767288,30917000.00
2011-10-03,72.050003,73.099998,71.150002,71.150002,39.936569,31004200.00
2011-10-04,70.250000,73.150002,69.209999,72.830002,40.879559,36500000.00
2011-10-05,72.669998,74.000000,72.209999,73.949997,41.508232,28239800.00
2011-10-06,73.300003,74.000000,72.629997,73.889999,41.474537,24869800.00
2011-10-07,74.470001,74.519997,73.029999,73.559998,41.289307,23573900.00
2011-10-10,74.730003,76.290001,74.650002,76.279999,42.816040,20465800.00
2011-10-11,75.779999,76.669998,75.709999,76.269997,42.810440,17862100.00
2011-10-12,76.739998,77.660004,76.309998,77.160004,43.309990,22239000.00
2011-10-13,76.220001,76.790001,75.839996,76.370003,42.866573,19540300.00
2011-10-14,77.099998,78.230003,77.070000,78.110001,43.843224,17870600.00
2011-10-17,77.870003,78.489998,77.120003,77.470001,43.483994,18836200.00
2011-10-18,77.570000,79.510002,77.019997,78.889999,44.281052,23878500.00
2011-10-19,78.570000,79.239998,77.919998,78.430000,44.022835,20910900.00
2011-10-20,78.320000,79.110001,77.830002,78.709999,44.180004,22227600.00
2011-10-21,79.589996,80.160004,79.180000,80.129997,44.977051,27855300.00
2011-10-24,79.919998,80.500000,79.550003,80.169998,44.999508,19861100.00
2011-10-25,79.830002,80.489998,79.050003,79.440002,44.589767,23433400.00
2011-10-26,80.160004,81.269997,79.279999,81.070000,45.504684,27170500.00
2011-10-27,81.910004,82.199997,80.690002,81.879997,45.959343,35489500.00
2011-10-28,80.989998,81.989998,80.440002,81.480003,45.734818,21753400.00
2011-10-31,80.589996,80.639999,78.000000,78.089996,43.831993,30616900.00
2011-11-01,75.820000,77.110001,75.449997,75.940002,42.625221,35835000.00
2011-11-02,77.370003,77.589996,76.500000,77.370003,43.427868,21761300.00
2011-11-03,78.190002,79.000000,77.440002,78.860001,44.264210,24480600.00
2011-11-04,78.070000,78.610001,77.379997,78.519997,44.073376,18192800.00
2011-11-07,78.820000,79.489998,78.120003,79.349998,44.539257,17998100.00
2011-11-08,79.250000,79.879997,78.629997,79.760002,45.036137,19023800.00
2011-11-09,77.900002,78.919998,77.029999,77.389999,43.697922,24130100.00
2011-11-10,78.529999,79.019997,77.639999,78.699997,44.437607,18668800.00
2011-11-11,79.629997,79.949997,79.339996,79.720001,45.013535,15134500.00
2011-11-14,79.529999,79.750000,78.389999,78.959999,44.584423,13589900.00
2011-11-15,78.860001,79.849998,78.500000,79.089996,44.657803,19475000.00
2011-11-16,78.239998,79.750000,78.059998,78.250000,44.183514,20376800.00
2011-11-17,78.120003,79.430000,77.099998,77.860001,43.963310,25964300.00
2011-11-18,78.220001,78.680000,77.110001,77.900002,43.985889,23104500.00
2011-11-21,76.529999,77.330002,76.059998,76.910004,43.426907,20204200.00
2011-11-22,76.379997,77.099998,75.879997,76.029999,42.930004,18925100.00
2011-11-23,75.029999,75.320000,74.529999,74.580002,42.111263,23331800.00
2011-11-25,74.510002,75.199997,73.900002,73.900002,41.727310,10254500.00
2011-11-28,75.839996,76.510002,75.330002,75.839996,42.822727,20148600.00
2011-11-29,76.410004,77.500000,76.139999,76.930000,43.438187,19768400.00
2011-11-30,78.419998,80.529999,78.370003,80.440002,45.420105,33953000.00
2011-12-01,80.199997,80.349998,79.370003,79.790001,45.053062,17261100.00
2011-12-02,80.669998,80.739998,79.650002,79.790001,45.053062,19461300.00
2011-12-05,80.879997,81.180000,79.800003,80.449997,45.425751,18295000.00
2011-12-06,80.629997,81.639999,80.290001,80.820000,45.634651,20122700.00
2011-12-07,80.610001,81.860001,80.349998,81.080002,45.781487,19643400.00
2011-12-08,80.750000,80.849998,79.550003,79.870003,45.098244,18443600.00
2011-12-09,80.629997,81.750000,80.339996,81.339996,45.928257,21842300.00
2011-12-12,80.730003,81.089996,79.209999,80.050003,45.199879,17846500.00
2011-12-13,80.610001,81.809998,80.139999,80.529999,45.470882,21873600.00
2011-12-14,79.589996,80.169998,78.660004,79.440002,44.855450,23934400.00
2011-12-15,79.930000,80.599998,79.779999,80.029999,45.188576,17954200.00
2011-12-16,80.739998,80.910004,79.879997,80.160004,45.261993,33465700.00
2011-12-19,80.239998,80.459999,79.379997,79.529999,44.906277,16048400.00
2011-12-20,80.660004,82.000000,80.610001,82.000000,46.300941,21163300.00
2011-12-21,82.019997,83.339996,82.000000,83.120003,46.933361,19160300.00
2011-12-22,83.559998,84.830002,83.300003,84.290001,47.593979,19841300.00
2011-12-23,84.279999,85.230003,84.209999,85.220001,48.119095,10243800.00
2011-12-27,84.970001,85.629997,84.949997,85.279999,48.152981,10147100.00
2011-12-28,85.150002,85.440002,84.010002,84.180000,47.531872,12767500.00
2011-12-29,84.089996,85.330002,84.089996,85.269997,48.147335,10865900.00
2011-12-30,85.160004,85.290001,84.570000,84.760002,47.859364,9768900.00
2012-01-03,85.970001,86.669998,85.900002,86.000000,48.559513,20906800.00
2012-01-04,85.790001,86.150002,85.099998,86.019997,48.570805,16130900.00
2012-01-05,85.639999,85.949997,84.919998,85.760002,48.424004,17452800.00
2012-01-06,85.919998,86.000000,85.110001,85.120003,48.062653,15942100.00
2012-01-09,85.000000,85.639999,84.970001,85.500000,48.277203,11664200.00
2012-01-10,86.070000,86.209999,85.379997,85.720001,48.401428,13080800.00
2012-01-11,85.099998,85.400002,84.470001,85.080002,48.040035,14831400.00
2012-01-12,84.389999,84.919998,83.940002,84.739998,47.848072,17357200.00
2012-01-13,84.160004,84.919998,83.820000,84.879997,47.927120,15551600.00
2012-01-17,85.750000,86.129997,85.400002,85.690002,48.384476,15627900.00
2012-01-18,85.300003,86.500000,84.959999,86.449997,48.813618,16754200.00
2012-01-19,86.339996,87.239998,85.769997,87.029999,49.141090,16383500.00
2012-01-20,87.080002,87.489998,86.720001,87.489998,49.400841,19220300.00
2012-01-23,87.500000,87.940002,87.029999,87.470001,49.389553,15348400.00
2012-01-24,87.080002,87.220001,86.660004,87.180000,49.225796,12363800.00
2012-01-25,86.769997,87.379997,85.809998,87.220001,49.248394,18202300.00
2012-01-26,87.639999,87.709999,86.510002,86.769997,48.994289,15658200.00
2012-01-27,86.239998,86.500000,85.769997,85.830002,48.463531,15976700.00
2012-01-30,85.269997,85.500000,84.589996,85.489998,48.271568,17867000.00
2012-01-31,84.919998,85.339996,83.459999,83.739998,47.283424,27225800.00
2012-02-01,84.230003,84.559998,83.379997,83.970001,47.413296,22266100.00
2012-02-02,84.279999,84.339996,83.190002,83.529999,47.164852,18020500.00
2012-02-03,84.239998,85.000000,84.050003,84.919998,47.949711,16145400.00
2012-02-06,84.870003,85.849998,84.489998,85.750000,48.418343,15000900.00
2012-02-07,85.220001,86.440002,84.940002,86.339996,48.751503,15818400.00
2012-02-08,85.830002,86.220001,84.730003,85.320000,48.439240,14762600.00
2012-02-09,85.330002,85.690002,84.669998,84.879997,48.189442,17073400.00
2012-02-10,84.019997,84.099998,83.349998,83.800003,47.576286,15328900.00
2012-02-13,84.339996,84.599998,83.889999,84.419998,47.928276,11473700.00
2012-02-14,84.419998,84.709999,83.849998,84.669998,48.070221,12961900.00
2012-02-15,84.860001,84.919998,83.910004,84.120003,47.757969,13911600.00
2012-02-16,84.449997,85.620003,84.080002,85.410004,48.490356,14769600.00
2012-02-17,86.070000,86.120003,84.919998,85.620003,48.609585,16597200.00
2012-02-21,86.040001,86.779999,86.040001,86.570000,49.148914,15481300.00
2012-02-22,86.839996,87.250000,86.650002,86.919998,49.347626,11983200.00
2012-02-23,86.580002,87.169998,86.470001,87.019997,49.404392,12404600.00
2012-02-24,87.370003,87.470001,87.010002,87.339996,49.586060,10767100.00
2012-02-27,87.150002,87.830002,86.779999,87.230003,49.523628,13323500.00
2012-02-28,87.230003,87.440002,86.550003,87.139999,49.472523,14317600.00
2012-02-29,87.449997,87.489998,86.209999,86.500000,49.109184,18293200.00
2012-03-01,86.470001,87.180000,86.410004,86.830002,49.296532,12638500.00
2012-03-02,86.660004,86.750000,85.849998,86.330002,49.012676,11343400.00
2012-03-05,86.169998,87.089996,85.910004,87.010002,49.398724,12803100.00
2012-03-06,86.239998,86.480003,85.419998,85.860001,48.745831,16507900.00
2012-03-07,86.010002,86.120003,85.190002,85.830002,48.728794,14767700.00
2012-03-08,85.000000,85.470001,84.629997,84.830002,48.161060,19032000.00
2012-03-09,85.059998,85.129997,84.050003,84.300003,47.860165,17042500.00
2012-03-12,84.500000,85.750000,84.129997,85.550003,48.569832,19014000.00
2012-03-13,85.889999,86.930000,85.610001,86.860001,49.313568,16853300.00
2012-03-14,86.589996,86.830002,85.739998,86.019997,48.836647,16187300.00
2012-03-15,85.889999,86.199997,85.250000,86.089996,48.876408,14523600.00
2012-03-16,86.199997,86.889999,85.919998,86.440002,49.075108,30991300.00
2012-03-19,86.080002,87.180000,86.029999,86.989998,49.387363,10770400.00
2012-03-20,86.459999,87.099998,86.320000,86.599998,49.165962,13613800.00
2012-03-21,86.589996,86.589996,85.769997,86.010002,48.830990,14212400.00
2012-03-22,85.480003,85.940002,85.099998,85.330002,48.444935,13884400.00
2012-03-23,85.360001,85.980003,85.019997,85.550003,48.569832,12557700.00
2012-03-26,86.180000,87.250000,86.070000,87.029999,49.410057,17336800.00
2012-03-27,87.139999,87.250000,86.540001,86.620003,49.177303,12509200.00
2012-03-28,86.360001,86.480003,85.139999,85.860001,48.745831,16155300.00
2012-03-29,85.320000,86.129997,84.910004,86.080002,48.870720,13199700.00
2012-03-30,86.480003,86.760002,86.089996,86.730003,49.239754,12968300.00
2012-04-02,86.599998,87.669998,86.309998,87.070000,49.432793,13853300.00
2012-04-03,86.750000,86.779999,85.000000,85.830002,48.728794,17714900.00
2012-04-04,85.300003,85.360001,84.489998,84.980003,48.246220,17112800.00
2012-04-05,84.559998,85.379997,84.349998,84.820000,48.155380,11954700.00
2012-04-09,83.980003,84.360001,83.680000,83.879997,47.621712,11027000.00
2012-04-10,83.750000,83.750000,81.879997,82.169998,46.650875,19993700.00
2012-04-11,83.110001,83.349998,82.150002,82.699997,46.951767,15856200.00
2012-04-12,82.650002,83.730003,82.360001,83.599998,47.462742,15266200.00
2012-04-13,82.970001,83.690002,82.860001,82.949997,47.093716,13856500.00
2012-04-16,83.239998,84.389999,83.129997,84.010002,47.695511,17526100.00
2012-04-17,84.650002,85.599998,84.570000,85.449997,48.513042,14208000.00
2012-04-18,85.059998,86.050003,85.019997,85.750000,48.683357,12997500.00
2012-04-19,85.510002,85.919998,84.980003,85.279999,48.416527,15973800.00
2012-04-20,85.550003,85.919998,85.029999,85.300003,48.427895,17216600.00
2012-04-23,84.529999,85.930000,84.389999,85.690002,48.649307,15197200.00
2012-04-24,85.639999,86.389999,85.639999,86.309998,49.001305,11632500.00
2012-04-25,86.650002,87.180000,85.720001,86.849998,49.307865,18476800.00
2012-04-26,85.279999,86.199997,85.150002,86.070000,48.865063,17262400.00
2012-04-27,86.500000,86.690002,85.959999,86.080002,48.870720,11372900.00
2012-04-30,85.959999,86.800003,85.870003,86.339996,49.018333,11735400.00
2012-05-01,86.459999,87.519997,86.129997,87.040001,49.415741,13816900.00
2012-05-02,86.559998,86.650002,85.830002,86.199997,48.938866,11108700.00
2012-05-03,86.360001,86.389999,85.309998,85.650002,48.626591,9998600.00
2012-05-04,85.110001,85.309998,84.400002,84.570000,48.013451,15055500.00
2012-05-07,84.290001,84.790001,84.099998,84.480003,47.962349,12018100.00
2012-05-08,83.750000,84.260002,82.919998,84.019997,47.701187,19602400.00
2012-05-09,83.040001,84.070000,82.879997,83.309998,47.298096,17424000.00
2012-05-10,83.370003,83.589996,82.550003,82.839996,47.355263,13234600.00
2012-05-11,82.690002,83.790001,82.540001,83.099998,47.503887,12061700.00
2012-05-14,82.269997,82.459999,81.959999,82.120003,46.943680,12675900.00
2012-05-15,82.000000,82.730003,81.529999,81.790001,46.755035,15757400.00
2012-05-16,81.959999,83.150002,81.790001,82.169998,46.972256,15034500.00
2012-05-17,82.150002,82.610001,81.680000,81.910004,46.823616,17698200.00
2012-05-18,82.370003,82.720001,81.029999,81.470001,46.572102,21747200.00
2012-05-21,81.419998,82.129997,81.070000,82.040001,46.897942,13730400.00
2012-05-22,82.139999,82.839996,81.519997,81.949997,46.846504,13790000.00
2012-05-23,81.790001,82.080002,79.959999,82.040001,46.897942,17582200.00
2012-05-24,82.290001,82.779999,81.709999,82.610001,47.223801,14113600.00
2012-05-25,82.860001,82.959999,81.680000,82.080002,46.920815,12756500.00
2012-05-29,82.639999,82.639999,81.320000,81.930000,46.835060,15931100.00
2012-05-30,81.080002,81.379997,79.589996,79.790001,45.611729,19593100.00
2012-05-31,79.879997,80.139999,78.410004,78.629997,44.948612,38954600.00
2012-06-01,77.870003,78.559998,77.470001,77.919998,44.542759,22870900.00
2012-06-04,78.089996,78.250000,77.199997,77.830002,44.491314,17711200.00
2012-06-05,77.589996,78.290001,77.129997,77.599998,44.359837,17715600.00
2012-06-06,78.370003,80.239998,78.080002,80.180000,45.834690,23880900.00
2012-06-07,80.980003,81.230003,80.349998,80.690002,46.126236,18409400.00
2012-06-08,80.080002,80.919998,79.459999,80.839996,46.211967,18150000.00
2012-06-11,81.620003,81.849998,80.169998,80.269997,45.886120,18031800.00
2012-06-12,80.739998,81.510002,80.620003,81.260002,46.452065,14162100.00
2012-06-13,80.940002,81.639999,80.279999,80.629997,46.091927,15098100.00
2012-06-14,80.860001,82.500000,80.730003,82.129997,46.949394,16942300.00
2012-06-15,82.570000,83.449997,82.220001,83.220001,47.572479,27342800.00
2012-06-18,82.510002,83.180000,82.349998,83.110001,47.509602,13885100.00
2012-06-19,83.730003,84.629997,83.309998,84.480003,48.292782,21053300.00
2012-06-20,84.400002,85.389999,84.059998,84.970001,48.572865,23274300.00
2012-06-21,85.040001,85.370003,82.050003,82.110001,46.937962,33751900.00
2012-06-22,82.680000,83.220001,82.110001,82.110001,46.937962,84747800.00
2012-06-25,81.220001,81.430000,79.779999,81.239998,46.440620,28761600.00
2012-06-26,81.510002,82.970001,81.209999,82.400002,47.103752,22853700.00
2012-06-27,82.809998,83.660004,82.709999,83.199997,47.561058,15301400.00
2012-06-28,82.660004,83.459999,82.019997,83.099998,47.503887,19140300.00
2012-06-29,84.779999,85.699997,84.459999,85.570000,48.915863,24906300.00
2012-07-02,85.440002,85.470001,84.540001,85.339996,48.784363,14447800.00
2012-07-03,85.690002,86.279999,85.620003,86.279999,49.321735,9787700.00
2012-07-05,85.330002,86.040001,85.150002,85.570000,48.915863,10797100.00
2012-07-06,84.260002,85.040001,84.199997,84.800003,48.475693,13259400.00
2012-07-09,84.519997,84.550003,83.019997,83.650002,47.818291,22361600.00
2012-07-10,84.080002,84.389999,82.830002,83.110001,47.509602,14106100.00
2012-07-11,83.480003,84.680000,83.239998,84.379997,48.235588,18337600.00
2012-07-12,83.410004,84.550003,83.320000,84.120003,48.086975,15566400.00
2012-07-13,84.449997,85.570000,84.260002,85.470001,48.858696,13642000.00
2012-07-16,84.830002,85.419998,84.660004,85.050003,48.618587,11269200.00
2012-07-17,85.180000,85.820000,84.099998,85.730003,49.007317,14059400.00
2012-07-18,85.339996,86.220001,85.070000,86.209999,49.281704,14203500.00
2012-07-19,86.019997,86.379997,85.620003,86.209999,49.281704,14902300.00
2012-07-20,85.870003,86.150002,85.269997,85.949997,49.133080,16838300.00
2012-07-23,84.800003,85.459999,84.330002,85.209999,48.710060,13597800.00
2012-07-24,85.209999,85.260002,83.500000,84.580002,48.349934,13948300.00
2012-07-25,85.139999,85.550003,84.660004,85.239998,48.727219,16566000.00
2012-07-26,85.559998,86.699997,85.260002,86.519997,49.458935,19149300.00
2012-07-27,86.589996,87.849998,85.500000,87.449997,49.990559,24079300.00
2012-07-30,87.279999,87.830002,87.080002,87.559998,50.053452,11183500.00
2012-07-31,87.370003,87.660004,86.790001,86.849998,49.647568,12212200.00
2012-08-01,87.019997,87.449997,86.180000,86.910004,49.681858,14312300.00
2012-08-02,86.099998,86.750000,85.500000,85.879997,49.093060,14530100.00
2012-08-03,87.070000,87.889999,86.800003,87.550003,50.047710,13982500.00
2012-08-06,87.550003,87.879997,87.370003,87.449997,49.990559,9626400.00
2012-08-07,87.879997,88.000000,87.680000,87.919998,50.259232,12399800.00
2012-08-08,87.750000,88.500000,87.680000,88.279999,50.465015,12864500.00
2012-08-09,87.839996,88.480003,87.510002,88.199997,50.746941,12213700.00
2012-08-10,87.669998,88.489998,87.150002,88.440002,50.885033,11149000.00
2012-08-13,88.099998,88.239998,87.769997,88.139999,50.712437,8716300.00
2012-08-14,88.169998,88.639999,87.900002,88.199997,50.746941,8675700.00
2012-08-15,88.190002,88.669998,87.910004,88.000000,50.631886,8510100.00
2012-08-16,88.190002,88.870003,87.959999,88.669998,51.017368,11311300.00
2012-08-17,88.889999,88.910004,88.160004,88.400002,50.862019,11177700.00
2012-08-20,88.070000,88.220001,87.629997,87.949997,50.603107,8813700.00
2012-08-21,88.139999,88.410004,87.260002,87.459999,50.321178,10767100.00
2012-08-22,87.199997,87.910004,87.019997,87.730003,50.476543,10160400.00
2012-08-23,87.790001,87.790001,86.980003,87.309998,50.234859,9666300.00
2012-08-24,87.160004,88.300003,86.930000,88.050003,50.660625,9762300.00
2012-08-27,88.070000,88.199997,87.610001,87.739998,50.482281,8252100.00
2012-08-28,87.570000,88.400002,87.419998,88.099998,50.689426,9646800.00
2012-08-29,88.070000,88.190002,87.739998,87.900002,50.574326,8377300.00
2012-08-30,87.379997,87.730003,87.019997,87.199997,50.171589,8915800.00
2012-08-31,87.610001,87.849998,87.139999,87.300003,50.229122,14178800.00
2012-09-04,87.330002,87.459999,86.519997,87.120003,50.125568,10602900.00
2012-09-05,87.519997,87.650002,87.059998,87.330002,50.246395,10113100.00
2012-09-06,87.889999,89.250000,87.849998,88.989998,51.201481,15713500.00
2012-09-07,89.269997,90.000000,89.269997,89.919998,51.736568,15623900.00
2012-09-10,89.820000,90.000000,89.400002,89.480003,51.483414,10750700.00
2012-09-11,89.750000,89.949997,89.550003,89.620003,51.563969,9349400.00
2012-09-12,89.629997,89.900002,89.410004,89.550003,51.523678,9982900.00
2012-09-13,89.709999,91.559998,89.430000,91.230003,52.490292,19870900.00
2012-09-14,91.500000,92.400002,91.250000,92.300003,53.105938,21388800.00
2012-09-17,91.919998,92.500000,91.550003,91.910004,52.881523,11893700.00
2012-09-18,91.430000,92.220001,91.400002,91.650002,52.731964,10950100.00
2012-09-19,91.480003,91.750000,90.570000,90.570000,52.110546,16302100.00
2012-09-20,90.139999,91.690002,90.089996,91.519997,52.657158,12238400.00
2012-09-21,92.029999,92.230003,91.639999,91.919998,52.887295,19599100.00
2012-09-24,91.309998,92.209999,91.300003,91.879997,52.864292,11023700.00
2012-09-25,92.110001,92.570000,91.540001,91.739998,52.783733,14035800.00
2012-09-26,91.720001,92.040001,91.099998,91.230003,52.490292,11616500.00
2012-09-27,91.830002,92.250000,91.190002,91.800003,52.818253,10632700.00
2012-09-28,91.480003,91.650002,90.930000,91.449997,52.616867,12507600.00
2012-10-01,91.790001,92.500000,91.599998,91.800003,52.818253,10343500.00
2012-10-02,92.120003,92.180000,91.279999,91.720001,52.772236,9507800.00
2012-10-03,91.650002,91.809998,91.169998,91.699997,52.760723,10328100.00
2012-10-04,92.080002,92.540001,91.910004,92.220001,53.059921,11507100.00
2012-10-05,92.589996,93.000000,92.230003,92.550003,53.249786,9890100.00
2012-10-08,92.150002,92.870003,92.040001,92.680000,53.324574,8765200.00
2012-10-09,92.830002,93.360001,92.110001,92.129997,53.008133,13799200.00
2012-10-10,91.800003,92.019997,90.669998,91.029999,52.375225,15332500.00
2012-10-11,91.570000,91.879997,91.169998,91.169998,52.455784,9789900.00
2012-10-12,91.510002,91.720001,90.510002,91.029999,52.375225,9943700.00
2012-10-15,91.349998,91.690002,90.540001,91.510002,52.651417,10651100.00
2012-10-16,91.889999,92.480003,91.800003,92.379997,53.151966,9069300.00
2012-10-17,92.620003,93.540001,92.610001,93.389999,53.733074,10759100.00
2012-10-18,92.970001,93.570000,92.970001,93.480003,53.784851,11815500.00
2012-10-19,93.570000,93.669998,91.750000,92.150002,53.019634,15928100.00
2012-10-22,91.669998,92.260002,91.080002,92.190002,53.042633,11445400.00
2012-10-23,91.129997,91.379997,90.010002,90.180000,51.886162,14085500.00
2012-10-24,90.459999,90.620003,89.769997,89.879997,51.713554,11332500.00
2012-10-25,90.629997,90.800003,89.680000,90.430000,52.030006,10387200.00
2012-10-26,90.559998,91.070000,90.010002,90.620003,52.139309,11583000.00
2012-10-31,91.029999,91.410004,90.110001,91.169998,52.455784,14848500.00
2012-11-01,90.250000,91.669998,90.199997,91.599998,52.703182,15771900.00
2012-11-02,91.760002,91.940002,90.059998,90.269997,51.937950,12742400.00
2012-11-05,90.040001,90.809998,89.699997,90.629997,52.145081,11222600.00
2012-11-06,90.860001,92.050003,90.730003,91.610001,52.708927,12026500.00
2012-11-07,90.239998,90.239998,87.699997,88.180000,51.053097,19423500.00
2012-11-08,88.269997,88.430000,87.029999,87.070000,50.410450,13743000.00
2012-11-09,86.610001,87.949997,86.610001,87.209999,50.491497,13407000.00
2012-11-12,87.269997,87.690002,86.949997,87.320000,50.555202,9004300.00
2012-11-13,86.750000,87.989998,86.440002,86.470001,50.063068,12260300.00
2012-11-14,86.750000,87.110001,85.879997,86.070000,49.831501,14524100.00
2012-11-15,86.089996,86.559998,85.370003,86.139999,49.871994,13783600.00
2012-11-16,86.139999,86.709999,85.059998,86.449997,50.051498,17405200.00
2012-11-19,87.400002,88.199997,87.089996,87.669998,50.757828,12911000.00
2012-11-20,87.510002,87.879997,86.769997,87.500000,50.659389,10288100.00
2012-11-21,87.809998,88.019997,87.480003,88.010002,50.954678,13905300.00
2012-11-23,88.250000,89.089996,88.010002,89.089996,51.579952,11931000.00
2012-11-26,88.320000,88.629997,88.029999,88.620003,51.307850,16423600.00
2012-11-27,88.400002,88.540001,87.239998,87.349998,50.572544,11841600.00
2012-11-28,86.529999,88.190002,86.279999,88.099998,51.006779,15959900.00
2012-11-29,88.370003,88.690002,87.629997,88.120003,51.018368,11579100.00
2012-11-30,88.070000,88.400002,87.820000,88.139999,51.029942,15522100.00
2012-12-03,88.550003,88.580002,87.470001,87.610001,50.723076,10937300.00
2012-12-04,87.379997,87.970001,87.190002,87.190002,50.479927,11980000.00
2012-12-05,87.269997,88.269997,87.099998,87.730003,50.792583,12717800.00
2012-12-06,87.760002,88.059998,87.239998,88.000000,50.948891,12077000.00
2012-12-07,88.169998,88.639999,87.769997,88.599998,51.296257,10603100.00
2012-12-10,88.580002,88.949997,88.239998,88.410004,51.186260,11549400.00
2012-12-11,88.610001,89.489998,88.400002,88.989998,51.522053,12634600.00
2012-12-12,89.089996,90.370003,88.910004,89.449997,51.788395,14729500.00
2012-12-13,89.160004,89.449997,88.269997,88.580002,51.284687,12290300.00
2012-12-14,88.000000,88.449997,87.919998,88.080002,50.995220,13363600.00
2012-12-17,88.360001,88.940002,88.099998,88.870003,51.452583,15672500.00
2012-12-18,88.750000,89.739998,88.559998,89.559998,51.852062,15396600.00
2012-12-19,89.540001,89.610001,88.379997,88.440002,51.203636,15092500.00
2012-12-20,88.379997,88.940002,87.980003,88.889999,51.464172,15789000.00
2012-12-21,87.660004,88.599998,87.010002,87.230003,50.503067,33057000.00
2012-12-24,87.129997,87.320000,86.800003,86.919998,50.323589,6385200.00
2012-12-26,87.209999,87.680000,86.570000,87.070000,50.410450,10737800.00
2012-12-27,87.050003,87.239998,85.750000,86.860001,50.288872,14258500.00
2012-12-28,86.099998,86.290001,85.070000,85.099998,49.269909,13358700.00
2012-12-31,85.040001,86.660004,84.699997,86.550003,50.109394,19810800.00
2013-01-02,87.790001,88.720001,87.239998,88.709999,51.359951,16143700.00
2013-01-03,88.459999,88.889999,88.160004,88.550003,51.267323,13268200.00
2013-01-04,88.500000,89.089996,88.370003,88.959999,51.504696,11427900.00
2013-01-07,88.309998,88.489998,87.570000,87.930000,50.908375,11799800.00
2013-01-08,87.820000,88.480003,87.290001,88.480003,51.226784,14226400.00
2013-01-09,88.400002,88.540001,87.750000,88.139999,51.029942,10892200.00
2013-01-10,88.750000,89.480003,88.370003,89.099998,51.585747,13099600.00
2013-01-11,88.970001,89.709999,88.860001,89.610001,51.880997,11645600.00
2013-01-14,89.459999,89.750000,89.320000,89.580002,51.863647,9606700.00
2013-01-15,89.180000,89.610001,89.000000,89.529999,51.834702,9195400.00
2013-01-16,89.160004,89.480003,89.070000,89.470001,51.799953,9645000.00
2013-01-17,89.760002,90.940002,89.599998,90.199997,52.222603,13400300.00
2013-01-18,90.089996,90.830002,89.830002,90.800003,52.569981,17196000.00
2013-01-22,90.269997,90.940002,90.209999,90.919998,52.639442,11897500.00
2013-01-23,90.500000,90.879997,90.419998,90.699997,52.512093,10906800.00
2013-01-24,90.879997,91.720001,90.750000,91.349998,52.888401,11100000.00
2013-01-25,91.570000,91.800003,91.129997,91.730003,53.108433,11090600.00
2013-01-28,91.669998,91.669998,90.769997,91.110001,52.749462,11617500.00
2013-01-29,91.209999,91.930000,91.199997,91.760002,53.125790,11700600.00
2013-01-30,91.169998,91.720001,90.379997,90.669998,52.494713,15645400.00
2013-01-31,90.690002,91.209999,89.739998,89.970001,52.089451,15991500.00
2013-02-01,90.440002,90.500000,89.360001,90.040001,52.129978,15699200.00
2013-02-04,89.410004,89.620003,88.839996,89.150002,51.614704,13347300.00
2013-02-05,89.879997,90.190002,89.419998,89.739998,51.956280,11679700.00
2013-02-06,89.370003,89.889999,89.160004,89.790001,51.985222,11768700.00
2013-02-07,89.209999,89.220001,87.610001,88.250000,51.420036,13463300.00
2013-02-08,88.500000,88.800003,88.110001,88.610001,51.629810,11412300.00
2013-02-11,88.349998,88.510002,87.970001,88.279999,51.437531,8764700.00
2013-02-12,88.250000,88.620003,87.919998,88.459999,51.542389,9752100.00
2013-02-13,88.459999,88.769997,88.239998,88.669998,51.664757,8940300.00
2013-02-14,88.339996,88.809998,88.059998,88.519997,51.577351,13238900.00
2013-02-15,88.570000,88.610001,87.800003,88.360001,51.484131,15696900.00
2013-02-19,88.540001,89.410004,88.379997,89.320000,52.043476,12158900.00
2013-02-20,89.139999,89.820000,88.900002,88.970001,51.839558,13936400.00
2013-02-21,88.790001,89.019997,88.360001,88.589996,51.618149,10939800.00
2013-02-22,89.019997,89.279999,88.400002,89.199997,51.973572,10260200.00
2013-02-25,89.879997,90.190002,87.699997,87.699997,51.099579,15302900.00
2013-02-26,88.500000,88.980003,87.760002,88.510002,51.571526,15073200.00
2013-02-27,88.500000,89.650002,88.309998,89.529999,52.165871,11195200.00
2013-02-28,89.669998,89.809998,89.029999,89.550003,52.177502,14552000.00
2013-03-01,89.070000,89.680000,88.919998,89.430000,52.107594,11301600.00
2013-03-04,89.129997,89.250000,88.459999,88.949997,51.827904,10994000.00
2013-03-05,89.480003,90.150002,89.290001,89.610001,52.212460,13072600.00
2013-03-06,89.599998,89.949997,89.050003,89.559998,52.183342,13234400.00
2013-03-07,89.629997,89.760002,88.680000,88.709999,51.688072,12905300.00
2013-03-08,89.010002,89.230003,88.349998,88.970001,51.839558,11896300.00
2013-03-11,89.010002,89.550003,88.540001,89.160004,51.950287,12454800.00
2013-03-12,89.449997,89.910004,89.010002,89.160004,51.950287,11470000.00
2013-03-13,89.019997,89.500000,88.830002,89.260002,52.008522,10539900.00
2013-03-14,89.410004,89.910004,89.410004,89.830002,52.340652,13775500.00
2013-03-15,89.199997,89.610001,88.790001,89.370003,52.072639,29240100.00
2013-03-18,88.739998,89.389999,88.550003,88.769997,51.723019,11553700.00
2013-03-19,88.889999,89.089996,88.019997,88.580002,51.612320,11987900.00
2013-03-20,88.949997,89.209999,88.300003,88.629997,51.641460,11319000.00
2013-03-21,88.120003,88.639999,87.900002,88.169998,51.373432,13447500.00
2013-03-22,88.400002,89.290001,88.320000,89.290001,52.026024,10786600.00
2013-03-25,89.500000,89.900002,88.660004,89.019997,51.868694,12900800.00
2013-03-26,89.410004,90.300003,89.360001,90.129997,52.515457,12329600.00
2013-03-27,89.559998,90.739998,89.470001,90.580002,52.777660,12350800.00
2013-03-28,90.639999,90.980003,89.989998,90.110001,52.503799,17485200.00
2013-04-01,90.129997,90.989998,89.980003,90.769997,52.888363,9414200.00
2013-04-02,90.589996,90.919998,90.279999,90.580002,52.777660,9991800.00
2013-04-03,90.650002,90.830002,89.860001,89.930000,52.398911,12197100.00
2013-04-04,90.099998,90.330002,89.220001,89.769997,52.305679,11582000.00
2013-04-05,88.610001,89.209999,88.400002,89.010002,51.862869,12771600.00
2013-04-08,89.110001,89.110001,88.150002,88.599998,51.623985,11013900.00
2013-04-09,88.690002,89.339996,88.589996,88.769997,51.723019,10753400.00
2013-04-10,88.449997,89.160004,88.199997,88.680000,51.670597,14823700.00
2013-04-11,88.949997,89.269997,88.230003,89.220001,51.985222,14979900.00
2013-04-12,88.879997,89.190002,88.410004,88.989998,51.851215,11505100.00
2013-04-15,88.290001,88.669998,86.269997,86.489998,50.394543,19626200.00
2013-04-16,87.190002,87.230003,86.089996,86.610001,50.464481,14578800.00
2013-04-17,86.209999,86.379997,85.019997,86.080002,50.155663,17341200.00
2013-04-18,86.279999,87.080002,85.779999,86.620003,50.470306,14730400.00
2013-04-19,87.269997,87.489998,86.430000,87.449997,50.953911,18393300.00
2013-04-22,87.610001,88.320000,87.290001,88.089996,51.326797,11262000.00
2013-04-23,88.389999,89.489998,87.940002,89.300003,52.031834,15567700.00
2013-04-24,89.449997,89.889999,89.349998,89.430000,52.107594,13028800.00
2013-04-25,88.889999,88.900002,87.650002,88.070000,51.315166,16328700.00
2013-04-26,87.809998,88.279999,87.599998,88.000000,51.274387,10791800.00
2013-04-29,88.260002,88.830002,88.010002,88.209999,51.396748,11093000.00
2013-04-30,88.260002,88.989998,87.760002,88.989998,51.851215,14572600.00
2013-05-01,88.519997,88.839996,87.480003,87.510002,50.988880,11616500.00
2013-05-02,87.980003,88.839996,87.739998,88.629997,51.641460,11330100.00
2013-05-03,89.000000,90.190002,88.919998,90.019997,52.451347,13036600.00
2013-05-06,90.250000,90.879997,89.930000,90.580002,52.777660,10613400.00
2013-05-07,90.620003,91.150002,90.139999,91.150002,53.109760,11088900.00
2013-05-08,91.050003,91.849998,91.029999,91.699997,53.430225,13638300.00
2013-05-09,91.139999,91.559998,90.690002,91.029999,53.406750,13771900.00
2013-05-10,90.870003,90.949997,89.790001,90.139999,52.884617,10975400.00
2013-05-13,89.800003,90.139999,89.430000,90.099998,52.861134,9810100.00
2013-05-14,90.150002,91.190002,90.019997,91.110001,53.453705,9890300.00
2013-05-15,90.639999,91.320000,90.410004,91.239998,53.529976,10399400.00
2013-05-16,90.800003,91.290001,90.500000,90.699997,53.213150,10469600.00
2013-05-17,91.070000,91.879997,90.529999,91.760002,53.835041,12721300.00
2013-05-20,91.610001,92.690002,91.459999,92.519997,54.280926,12417700.00
2013-05-21,92.669998,93.430000,92.379997,92.800003,54.445210,12519900.00
2013-05-22,92.830002,93.500000,91.809998,92.190002,54.087322,19253300.00
2013-05-23,91.559998,92.360001,91.360001,91.790001,53.852676,15357300.00
2013-05-24,91.379997,91.769997,91.000000,91.529999,53.700134,12771900.00
2013-05-28,92.940002,93.180000,91.760002,92.379997,54.198799,15197800.00
2013-05-29,91.760002,92.419998,91.589996,92.080002,54.022797,11563200.00
2013-05-30,91.970001,92.680000,91.599998,92.089996,54.028641,9734700.00
2013-05-31,91.949997,92.370003,90.459999,90.470001,53.078228,17917400.00
2013-06-03,90.529999,91.510002,90.480003,91.459999,53.659042,14177500.00
2013-06-04,91.180000,91.489998,90.220001,90.790001,53.265968,12481300.00
2013-06-05,90.680000,91.120003,89.610001,89.650002,52.597118,12888000.00
2013-06-06,89.449997,90.230003,89.000000,90.230003,52.937416,15393300.00
2013-06-07,90.889999,91.500000,90.489998,91.449997,53.653175,12504700.00
2013-06-10,91.930000,91.940002,90.870003,91.120003,53.459557,10372300.00
2013-06-11,90.379997,91.040001,90.230003,90.459999,53.072342,10739400.00
2013-06-12,91.129997,91.320000,89.589996,89.739998,52.649937,10864500.00
2013-06-13,89.629997,91.709999,89.610001,91.330002,53.582760,13501300.00
2013-06-14,91.160004,91.300003,90.290001,90.580002,53.142761,12158400.00
2013-06-17,90.970001,91.769997,90.769997,91.510002,53.688389,12026400.00
2013-06-18,91.360001,92.059998,91.260002,91.930000,53.934784,10678200.00
2013-06-19,91.790001,92.269997,91.000000,91.000000,53.389149,14189500.00
2013-06-20,90.239998,90.519997,88.790001,89.050003,52.245106,21077700.00
2013-06-21,89.760002,90.139999,88.849998,89.480003,52.497383,25493800.00
2013-06-24,88.949997,89.500000,88.019997,88.480003,51.910698,17653000.00
2013-06-25,89.580002,89.620003,88.480003,89.110001,52.280323,15790100.00
2013-06-26,89.419998,89.970001,88.730003,89.800003,52.685135,14446000.00
2013-06-27,90.239998,90.669998,90.029999,90.040001,52.825932,12348000.00
2013-06-28,89.849998,90.750000,89.559998,90.349998,53.007816,22984200.00
2013-07-01,90.389999,91.129997,89.959999,90.300003,52.978455,13182200.00
2013-07-02,90.370003,91.099998,90.120003,90.639999,53.177940,12320700.00
2013-07-03,90.629997,90.870003,90.139999,90.690002,53.207306,5674000.00
2013-07-05,91.099998,91.610001,90.570000,91.570000,53.723576,8917900.00
2013-07-08,91.959999,92.529999,91.900002,92.250000,54.122532,12086700.00
2013-07-09,92.639999,93.440002,92.250000,93.339996,54.762024,12940000.00
2013-07-10,93.279999,93.389999,92.379997,92.820000,54.456928,12430000.00
2013-07-11,93.800003,93.809998,93.040001,93.269997,54.720963,16184700.00
2013-07-12,93.250000,93.449997,92.720001,93.400002,54.797215,11370300.00
2013-07-15,93.190002,93.500000,93.089996,93.250000,54.709229,8256200.00
2013-07-16,93.190002,93.470001,92.769997,93.300003,54.738560,11413500.00
2013-07-17,93.559998,93.739998,93.139999,93.459999,54.832432,9393300.00
2013-07-18,93.800003,94.839996,93.709999,94.379997,55.372181,10555400.00
2013-07-19,94.690002,95.250000,94.410004,95.169998,55.835667,14431700.00
2013-07-22,94.870003,95.199997,94.779999,94.830002,55.636185,9530400.00
2013-07-23,94.860001,95.489998,94.839996,95.199997,55.853291,7377400.00
2013-07-24,95.309998,95.309998,94.419998,94.989998,55.730087,8222800.00
2013-07-25,94.690002,95.309998,94.419998,94.970001,55.718349,10059800.00
2013-07-26,94.769997,94.860001,93.839996,94.790001,55.612740,9721000.00
2013-07-29,94.510002,94.519997,93.610001,94.029999,55.166847,8844700.00
2013-07-30,94.220001,94.330002,93.459999,93.809998,55.037773,10470700.00
2013-07-31,93.930000,94.599998,93.379997,93.750000,55.002583,14400800.00
2013-08-01,92.690002,93.099998,91.250000,92.730003,54.404167,23117700.00
2013-08-02,92.459999,92.529999,91.339996,91.949997,53.946510,14408600.00
2013-08-05,91.419998,91.760002,91.010002,91.589996,53.735325,12625900.00
2013-08-06,91.330002,91.910004,91.279999,91.470001,53.664928,11689200.00
2013-08-07,91.180000,91.550003,91.129997,91.339996,53.588631,8163800.00
2013-08-08,91.930000,91.970001,91.279999,91.779999,53.846794,11529500.00
2013-08-09,91.199997,91.360001,90.430000,90.720001,53.592762,9467800.00
2013-08-12,90.430000,90.430000,89.690002,89.889999,53.102440,10133700.00
2013-08-13,89.849998,89.919998,89.139999,89.400002,52.812973,10892700.00
2013-08-14,89.339996,89.480003,88.900002,88.949997,52.547131,9797300.00
2013-08-15,88.660004,88.870003,88.059998,88.160004,52.080452,11273400.00
2013-08-16,88.010002,88.489998,87.650002,87.910004,51.932758,11872500.00
2013-08-19,87.820000,87.870003,86.779999,86.919998,51.347919,11745600.00
2013-08-20,87.129997,87.870003,86.830002,86.830002,51.294754,16498800.00
2013-08-21,86.949997,87.349998,86.389999,86.419998,51.052540,12766900.00
2013-08-22,86.580002,87.419998,86.449997,86.980003,51.383366,10199900.00
2013-08-23,87.150002,87.690002,86.760002,87.519997,51.702374,9206400.00
2013-08-26,87.500000,87.699997,86.820000,87.089996,51.448334,10654700.00
2013-08-27,86.620003,87.489998,86.580002,86.820000,51.288849,13960200.00
2013-08-28,87.279999,88.989998,87.279999,88.839996,52.482155,17738800.00
2013-08-29,88.629997,88.629997,87.230003,87.269997,51.554688,11407800.00
2013-08-30,87.389999,87.550003,86.790001,87.160004,51.489704,12480400.00
2013-09-03,87.699997,88.000000,86.830002,87.150002,51.483780,10546700.00
2013-09-04,87.010002,87.980003,86.900002,87.760002,51.844162,9822300.00
2013-09-05,88.059998,88.300003,87.330002,87.349998,51.601940,11740100.00
2013-09-06,87.489998,87.730003,86.800003,87.250000,51.542870,12950600.00
2013-09-09,87.339996,88.190002,87.309998,88.040001,52.009548,9297000.00
2013-09-10,88.400002,88.400002,87.279999,87.820000,51.879581,11823100.00
2013-09-11,87.879997,88.849998,87.879997,88.839996,52.482155,11201200.00
2013-09-12,88.589996,88.800003,87.860001,87.980003,51.974117,10917200.00
2013-09-13,88.150002,88.879997,88.150002,88.400002,52.222248,8254200.00
2013-09-16,88.879997,89.180000,88.489998,88.669998,52.381729,9421300.00
2013-09-17,88.709999,89.349998,88.650002,88.940002,52.541233,8941200.00
2013-09-18,88.910004,89.870003,88.370003,89.580002,52.919323,15134700.00
2013-09-19,89.639999,89.739998,88.980003,89.279999,52.742077,11757500.00
2013-09-20,89.529999,89.750000,88.589996,88.660004,52.375816,20651100.00
2013-09-23,88.290001,88.910004,87.639999,87.750000,51.838242,12227700.00
2013-09-24,87.589996,88.070000,87.279999,87.360001,51.607826,12129200.00
2013-09-25,87.589996,87.599998,86.930000,87.139999,51.477871,13577400.00
2013-09-26,87.400002,87.449997,86.809998,87.070000,51.436539,9787100.00
2013-09-27,86.849998,87.010002,86.610001,86.900002,51.336094,10867100.00
2013-09-30,86.059998,86.699997,85.610001,86.040001,50.828068,17486100.00
2013-10-01,85.989998,86.339996,85.779999,86.000000,50.804432,11885100.00
2013-10-02,85.750000,86.110001,85.279999,86.080002,50.851669,11841400.00
2013-10-03,86.040001,86.050003,85.339996,85.500000,50.509060,13923400.00
2013-10-04,86.309998,86.419998,85.680000,86.320000,50.993477,11325500.00
2013-10-07,85.570000,86.290001,85.269997,85.900002,50.745358,10985800.00
2013-10-08,85.860001,85.949997,85.470001,85.510002,50.514977,15335700.00
2013-10-09,85.349998,85.589996,84.830002,85.160004,50.308201,13575100.00
2013-10-10,85.519997,86.040001,84.790001,86.040001,50.828068,17532400.00
2013-10-11,85.900002,86.949997,85.500000,86.949997,51.365639,12661800.00
2013-10-14,86.510002,87.739998,86.510002,87.599998,51.749634,9742100.00
2013-10-15,87.470001,87.580002,86.639999,86.790001,51.271118,12018000.00
2013-10-16,87.480003,87.860001,86.720001,87.309998,51.578304,11668100.00
2013-10-17,87.129997,87.500000,87.010002,87.480003,51.678726,10438200.00
2013-10-18,87.690002,87.739998,87.300003,87.550003,51.720089,12425100.00
2013-10-21,87.500000,87.650002,86.839996,87.230003,51.531048,10730900.00
2013-10-22,87.290001,88.150002,87.129997,87.980003,51.974117,12710600.00
2013-10-23,87.519997,87.650002,86.949997,87.610001,51.755539,11449100.00
2013-10-24,87.980003,88.730003,87.970001,88.419998,52.234035,12288900.00
2013-10-25,88.230003,88.650002,87.820000,87.970001,51.968189,11382000.00
2013-10-28,87.830002,88.459999,87.610001,88.230003,52.121799,9921900.00
2013-10-29,88.449997,89.029999,88.440002,88.930000,52.535320,10340000.00
2013-10-30,88.970001,89.480003,88.690002,88.809998,52.464439,14305900.00
2013-10-31,89.449997,90.959999,89.199997,89.620003,52.942936,19185200.00
2013-11-01,89.739998,90.040001,88.269997,89.820000,53.061111,19023500.00
2013-11-04,90.000000,92.269997,90.000000,92.099998,54.407993,20591600.00
2013-11-05,91.339996,93.250000,91.239998,91.989998,54.342991,21122500.00
2013-11-06,92.419998,93.279999,92.120003,93.220001,55.069630,13464600.00
2013-11-07,92.639999,92.980003,91.760002,91.959999,54.694935,16572100.00
2013-11-08,91.800003,92.820000,91.480003,92.730003,55.152920,12330100.00
2013-11-11,92.849998,93.230003,92.500000,92.959999,55.289696,7924700.00
2013-11-12,92.669998,93.320000,92.500000,92.669998,55.117203,10727300.00
2013-11-13,92.220001,92.739998,92.070000,92.589996,55.069645,9280000.00
2013-11-14,92.680000,93.419998,92.680000,93.220001,55.444336,7909200.00
2013-11-15,94.150002,95.290001,94.029999,95.269997,56.663624,18374500.00
2013-11-18,95.980003,96.000000,95.059998,95.449997,56.770660,14243700.00
2013-11-19,95.400002,95.790001,95.160004,95.419998,56.752838,12697300.00
2013-11-20,95.750000,95.949997,94.370003,94.680000,56.312687,10455400.00
2013-11-21,94.849998,95.389999,94.629997,94.690002,56.318661,9128400.00
2013-11-22,94.959999,95.070000,94.290001,95.010002,56.508991,8534700.00
2013-11-25,95.209999,95.750000,94.830002,95.089996,56.556557,10515100.00
2013-11-26,94.750000,94.809998,94.150002,94.269997,56.068844,11857900.00
2013-11-27,94.360001,94.419998,93.480003,93.800003,55.789318,8828100.00
2013-11-29,93.650002,94.220001,93.300003,93.480003,55.598980,6770500.00
2013-12-02,93.269997,94.040001,92.919998,93.519997,55.622772,9310500.00
2013-12-03,93.599998,94.480003,93.230003,94.389999,56.140217,12599500.00
2013-12-04,94.190002,94.900002,93.919998,94.669998,56.306759,13074000.00
2013-12-05,94.070000,94.650002,93.919998,94.129997,55.985584,10586000.00
2013-12-06,94.970001,95.709999,94.589996,95.650002,56.889618,12063400.00
2013-12-09,95.949997,96.250000,95.599998,95.839996,57.002628,15516700.00
2013-12-10,95.900002,95.980003,95.389999,95.709999,56.925301,9868100.00
2013-12-11,95.379997,95.540001,94.160004,94.260002,56.062912,12811800.00
2013-12-12,94.500000,95.879997,94.279999,95.360001,56.717140,15562600.00
2013-12-13,95.129997,95.919998,94.660004,95.309998,56.687389,10629500.00
2013-12-16,96.279999,98.879997,96.129997,97.220001,57.823399,23226000.00
2013-12-17,97.019997,97.129997,96.029999,96.750000,57.543880,14920900.00
2013-12-18,97.430000,99.949997,97.010002,99.540001,59.203262,21331300.00
2013-12-19,99.500000,99.599998,99.000000,99.430000,59.137848,12905900.00
2013-12-20,99.389999,99.599998,98.599998,98.680000,58.691769,23331000.00
2013-12-23,99.000000,99.290001,98.389999,98.510002,58.590672,10127600.00
2013-12-24,98.330002,99.440002,98.330002,99.220001,59.012939,4168300.00
2013-12-26,99.419998,101.029999,99.379997,100.900002,60.012169,9531200.00
2013-12-27,101.239998,101.739998,100.989998,101.510002,60.374985,10209000.00
2013-12-30,101.529999,101.550003,100.309998,100.309998,59.661255,9007900.00
2013-12-31,100.489998,101.389999,100.430000,101.199997,60.190601,8509600.00
2014-01-02,100.599998,100.760002,99.389999,99.750000,59.328167,11028100.00
2014-01-03,99.769997,100.169998,99.139999,99.510002,59.185448,9295600.00
2014-01-06,99.940002,100.139999,98.889999,99.660004,59.274643,11848500.00
2014-01-07,99.610001,101.220001,99.419998,101.070000,60.113274,11187000.00
2014-01-08,101.190002,101.190002,100.150002,100.739998,59.917004,11180400.00
2014-01-09,100.199997,100.389999,99.029999,99.760002,59.334133,11674300.00
2014-01-10,99.989998,100.629997,99.120003,100.519997,59.786156,10535400.00
2014-01-13,99.910004,100.099998,98.269997,98.550003,58.614464,12110900.00
2014-01-14,98.800003,99.269997,98.650002,99.120003,58.953487,9265000.00
2014-01-15,99.160004,99.349998,98.629997,98.779999,58.751259,9425500.00
2014-01-16,98.790001,99.040001,98.250000,98.940002,58.846420,9421700.00
2014-01-17,99.180000,100.339996,98.669998,99.160004,58.977253,15998000.00
2014-01-21,98.570000,98.889999,98.040001,98.500000,58.584713,13847300.00
2014-01-22,98.879997,98.949997,97.839996,97.879997,58.215973,11642800.00
2014-01-23,97.250000,97.389999,96.010002,96.970001,57.674736,15393200.00
2014-01-24,96.180000,96.250000,94.820000,94.849998,56.413807,14584300.00
2014-01-27,95.080002,95.580002,94.750000,94.919998,56.455452,12474600.00
2014-01-28,95.349998,95.919998,94.769997,95.650002,56.889618,10773600.00
2014-01-29,94.930000,96.199997,94.650002,95.110001,56.568447,13191500.00
2014-01-30,94.000000,94.949997,93.059998,93.989998,55.902302,14628400.00
2014-01-31,92.849998,93.279999,91.699997,92.160004,54.813881,17361400.00
2014-02-03,91.919998,92.309998,89.639999,90.050003,53.558933,20377900.00
2014-02-04,90.370003,90.639999,89.389999,90.019997,53.541073,17414400.00
2014-02-05,90.309998,90.610001,89.379997,89.580002,53.279396,16393600.00
2014-02-06,89.510002,90.180000,89.250000,89.800003,53.788502,13646100.00
2014-02-07,90.120003,90.629997,89.750000,90.580002,54.255726,12573800.00
2014-02-10,90.449997,90.529999,89.360001,89.519997,53.620789,12237700.00
2014-02-11,89.559998,91.000000,89.400002,90.839996,54.411442,13422800.00
2014-02-12,91.010002,91.860001,90.639999,91.080002,54.555202,10752400.00
2014-02-13,90.589996,91.650002,90.400002,91.430000,54.764858,9775300.00
2014-02-14,91.809998,94.430000,91.599998,94.110001,56.370129,18260400.00
2014-02-18,94.070000,94.720001,93.360001,94.070000,56.346153,12979300.00
2014-02-19,93.800003,95.290001,93.800003,93.949997,56.274300,12227800.00
2014-02-20,93.849998,95.769997,93.750000,95.370003,57.124844,14424300.00
2014-02-21,95.480003,95.580002,94.940002,95.029999,56.921188,11282200.00
2014-02-24,95.610001,97.250000,95.410004,96.440002,57.765759,16012500.00
2014-02-25,96.540001,96.970001,95.959999,96.309998,57.687881,10663000.00
2014-02-26,96.559998,96.860001,95.529999,95.790001,57.376411,9087600.00
2014-02-27,95.580002,96.050003,95.160004,95.839996,57.406349,9101200.00
2014-02-28,95.959999,96.830002,95.779999,96.269997,57.663918,12651400.00
2014-03-03,95.760002,96.540001,94.830002,95.500000,57.202705,11896700.00
2014-03-04,96.589996,96.860001,95.870003,96.519997,57.813679,12566100.00
2014-03-05,95.199997,95.290001,93.400002,93.800003,56.184437,19829600.00
2014-03-06,93.669998,93.940002,93.269997,93.760002,56.160488,12610400.00
2014-03-07,94.370003,95.059998,93.989998,94.989998,56.897232,12659100.00
2014-03-10,95.150002,95.550003,94.660004,95.500000,57.202705,9964500.00
2014-03-11,95.360001,95.589996,93.519997,94.010002,56.310219,12143600.00
2014-03-12,93.639999,94.470001,93.550003,94.209999,56.430031,9705400.00
2014-03-13,94.440002,94.570000,93.330002,93.639999,56.088612,9872500.00
2014-03-14,93.580002,94.220001,93.290001,93.470001,55.986763,11723300.00
2014-03-17,93.949997,94.529999,93.750000,94.320000,56.495918,8676100.00
2014-03-18,94.410004,95.250000,94.070000,94.709999,56.729511,8757300.00
2014-03-19,94.650002,95.300003,93.129997,93.730003,56.142509,9914700.00
2014-03-20,93.440002,94.739998,93.010002,94.580002,56.651638,10405000.00
2014-03-21,95.099998,95.989998,94.309998,94.309998,56.489941,24479800.00
2014-03-24,94.760002,95.099998,94.480003,94.639999,56.687584,9539800.00
2014-03-25,95.099998,95.820000,94.800003,94.910004,56.849323,9796600.00
2014-03-26,95.559998,95.580002,94.410004,94.699997,56.723511,11033300.00
2014-03-27,94.610001,96.500000,94.059998,96.239998,57.645939,15427500.00
2014-03-28,96.470001,97.970001,96.470001,97.699997,58.520462,12321800.00
2014-03-31,98.489998,98.849998,97.320000,97.680000,58.508499,12375200.00
2014-04-01,97.650002,97.930000,97.279999,97.730003,58.538464,9475300.00
2014-04-02,97.529999,98.059998,97.180000,97.949997,58.670189,9551000.00
2014-04-03,97.830002,98.540001,97.559998,97.930000,58.658226,10113000.00
2014-04-04,98.300003,98.709999,97.279999,97.360001,58.316826,12496100.00
2014-04-07,97.250000,97.529999,96.750000,96.779999,57.969406,10120700.00
2014-04-08,97.010002,97.879997,96.750000,97.449997,58.370728,10243000.00
2014-04-09,97.750000,97.790001,96.629997,97.330002,58.298840,10463900.00
2014-04-10,96.980003,97.779999,96.239998,96.779999,57.969406,13443400.00
2014-04-11,96.510002,97.440002,96.279999,96.720001,57.933468,13352500.00
2014-04-14,97.489998,98.059998,96.739998,97.860001,58.616314,9610200.00
2014-04-15,97.580002,98.699997,97.070000,98.680000,59.107471,12961600.00
2014-04-16,99.050003,100.099998,98.970001,99.940002,59.862194,12508100.00
2014-04-17,99.690002,100.970001,99.690002,100.419998,60.149708,15435700.00
2014-04-21,100.029999,100.930000,99.889999,100.930000,60.455193,8002100.00
2014-04-22,100.529999,100.860001,100.220001,100.370003,60.119759,8212100.00
2014-04-23,100.589996,100.949997,100.330002,100.500000,60.197624,8686000.00
2014-04-24,100.480003,100.599998,99.860001,100.010002,59.904114,9057800.00
2014-04-25,99.989998,100.570000,99.930000,100.410004,60.143696,10391500.00
2014-04-28,100.720001,101.459999,100.309998,101.169998,60.598915,12710800.00
2014-04-29,101.570000,102.570000,101.230003,101.449997,60.766636,10094600.00
2014-04-30,101.129997,102.410004,100.709999,102.410004,61.341690,13966700.00
2014-05-01,101.959999,102.389999,101.199997,101.410004,60.742680,11161700.00
2014-05-02,101.279999,102.910004,100.980003,102.010002,61.102081,11168100.00
2014-05-05,101.690002,103.129997,101.580002,102.910004,61.641159,7614200.00
2014-05-06,102.599998,103.300003,102.410004,102.669998,61.497417,9669800.00
2014-05-07,103.120003,103.449997,102.790001,103.110001,61.760960,11007400.00
2014-05-08,103.089996,103.290001,102.169998,102.320000,61.287766,8922500.00
2014-05-09,101.709999,102.180000,101.260002,101.949997,61.480740,8948800.00
2014-05-12,102.330002,102.349998,101.529999,102.230003,61.649570,8830500.00
2014-05-13,102.180000,102.709999,101.940002,102.360001,61.727989,7528800.00
2014-05-14,102.360001,102.680000,102.110001,102.290001,61.685787,6999200.00
2014-05-15,102.000000,102.419998,100.330002,100.779999,60.775173,13658700.00
2014-05-16,100.589996,101.000000,100.320000,100.739998,60.751064,10369200.00
2014-05-19,100.419998,101.110001,100.419998,100.870003,60.829449,5851400.00
2014-05-20,100.690002,101.080002,100.449997,100.669998,60.708839,6134100.00
2014-05-21,100.849998,102.220001,100.720001,102.029999,61.528984,7747900.00
2014-05-22,101.809998,101.970001,101.470001,101.500000,61.209358,5304300.00
2014-05-23,101.550003,101.930000,101.269997,101.320000,61.100811,5410900.00
2014-05-27,101.610001,101.900002,100.930000,101.360001,61.124950,8359700.00
2014-05-28,101.230003,102.070000,101.050003,101.059998,60.944019,7586700.00
2014-05-29,101.540001,101.650002,101.019997,101.269997,61.070648,6113700.00
2014-05-30,100.800003,101.150002,100.370003,100.529999,60.624416,11499000.00
2014-06-02,100.529999,100.879997,99.669998,99.940002,60.268604,7761300.00
2014-06-03,99.589996,100.690002,99.589996,100.389999,60.539974,9384200.00
2014-06-04,100.209999,100.459999,99.959999,100.040001,60.328934,7148800.00
2014-06-05,100.099998,100.830002,99.959999,100.550003,60.636475,12296100.00
2014-06-06,100.610001,101.629997,100.599998,101.599998,61.269684,9340900.00
2014-06-09,101.449997,101.959999,101.190002,101.519997,61.221420,6404800.00
2014-06-10,101.480003,101.730003,101.000000,101.459999,61.185230,7917500.00
2014-06-11,101.190002,102.330002,101.000000,101.949997,61.480740,10270300.00
2014-06-12,102.459999,102.949997,101.570000,101.660004,61.305870,11421000.00
2014-06-13,101.930000,102.660004,101.629997,102.650002,61.902874,8240300.00
2014-06-16,102.570000,103.250000,102.169998,102.919998,62.065693,8977600.00
2014-06-17,102.580002,102.589996,101.449997,102.419998,61.764164,9355400.00
2014-06-18,102.570000,102.949997,102.059998,102.730003,61.951103,9575100.00
2014-06-19,102.610001,102.839996,101.680000,102.629997,61.890831,11105600.00
2014-06-20,103.279999,104.059998,102.940002,103.830002,62.614471,17674400.00
2014-06-23,104.110001,104.610001,103.879997,104.379997,62.946129,8553700.00
2014-06-24,104.180000,104.470001,102.470001,102.730003,61.951103,9708400.00
2014-06-25,102.339996,102.620003,101.529999,102.139999,61.595306,10714800.00
2014-06-26,101.940002,102.379997,100.849998,102.029999,61.528984,8424200.00
2014-06-27,101.669998,101.790001,100.660004,101.209999,61.034470,15147400.00
2014-06-30,101.209999,101.269997,100.519997,100.680000,60.714870,9454800.00
2014-07-01,101.150002,101.589996,100.790001,101.360001,61.124950,8399600.00
2014-07-02,101.150002,101.639999,101.040001,101.570000,61.251591,6954400.00
2014-07-03,101.949997,103.269997,101.680000,102.589996,61.866703,6922600.00
2014-07-07,102.330002,102.650002,102.019997,102.650002,61.902874,7979600.00
2014-07-08,102.330002,103.230003,102.169998,102.830002,62.011433,9613600.00
2014-07-09,102.959999,103.690002,102.809998,103.550003,62.445618,7655300.00
2014-07-10,102.879997,103.070000,102.040001,102.570000,61.854610,8533700.00
2014-07-11,102.400002,102.500000,101.320000,101.739998,61.354099,7680800.00
2014-07-14,102.169998,103.080002,102.160004,102.680000,61.920944,8253100.00
2014-07-15,102.529999,102.599998,101.739998,102.389999,61.746063,8755800.00
2014-07-16,102.559998,103.790001,102.540001,103.769997,62.578278,8870200.00
2014-07-17,103.379997,103.889999,102.290001,102.309998,61.697842,8145700.00
2014-07-18,102.690002,102.959999,101.860001,102.730003,61.951103,8208300.00
2014-07-21,102.360001,103.190002,102.059998,103.080002,62.162186,6632400.00
2014-07-22,103.639999,104.190002,103.500000,103.540001,62.439587,7426300.00
2014-07-23,103.639999,104.449997,103.529999,104.250000,62.867744,7007200.00
2014-07-24,104.419998,104.720001,103.949997,104.279999,62.885830,7943000.00
2014-07-25,103.930000,103.989998,102.959999,103.180000,62.222473,7775500.00
2014-07-28,103.290001,104.519997,102.830002,104.370003,62.940125,9197800.00
2014-07-29,104.209999,104.760002,103.519997,103.550003,62.445618,8055400.00
2014-07-30,103.730003,104.150002,102.570000,103.250000,62.264694,11072100.00
2014-07-31,101.980003,101.980003,98.930000,98.940002,59.665562,18291800.00
2014-08-01,98.620003,99.550003,98.180000,98.800003,59.581135,14915000.00
2014-08-04,98.739998,100.430000,98.309998,100.129997,60.383202,12148200.00
2014-08-05,99.480003,99.540001,97.779999,98.199997,59.219318,13069400.00
2014-08-06,98.199997,99.650002,98.199997,98.980003,59.689705,9911300.00
2014-08-07,99.769997,99.839996,97.629997,98.269997,59.261509,10017100.00
2014-08-08,98.809998,99.790001,98.320000,99.739998,60.148003,11199300.00
2014-08-11,99.279999,99.419998,98.540001,98.730003,59.953697,8589600.00
2014-08-12,98.209999,98.690002,97.820000,98.489998,59.807930,9583700.00
2014-08-13,98.820000,99.309998,98.480003,99.089996,60.172291,7645800.00
2014-08-14,99.099998,99.279999,98.599998,99.089996,60.172291,6547300.00
2014-08-15,99.239998,99.430000,98.139999,99.029999,60.135853,9226900.00
2014-08-18,99.279999,99.529999,99.099998,99.519997,60.433422,7135400.00
2014-08-19,99.500000,99.949997,99.430000,99.489998,60.415180,8888100.00
2014-08-20,99.550003,99.900002,99.040001,99.699997,60.542706,6751800.00
2014-08-21,99.800003,100.070000,99.260002,99.279999,60.287678,6826200.00
2014-08-22,98.889999,98.980003,98.080002,98.500000,59.814011,8095000.00
2014-08-25,98.809998,98.900002,98.500000,98.750000,59.965832,7569800.00
2014-08-26,99.120003,100.309998,99.019997,99.639999,60.506264,8536500.00
2014-08-27,99.779999,99.959999,99.089996,99.529999,60.439484,5848700.00
2014-08-28,99.040001,99.739998,99.010002,99.570000,60.463768,6072700.00
2014-08-29,99.379997,99.669998,98.720001,99.459999,60.396969,8873700.00
2014-09-02,99.430000,99.589996,97.809998,98.489998,59.807930,8957100.00
2014-09-03,98.860001,99.589996,98.860001,99.110001,60.184441,8475100.00
2014-09-04,99.000000,99.449997,97.970001,98.360001,59.729008,9662900.00
2014-09-05,98.739998,99.300003,98.110001,99.260002,60.275517,9476900.00
2014-09-08,98.919998,98.919998,97.449997,97.769997,59.370708,10080100.00
2014-09-09,97.690002,98.029999,96.959999,97.389999,59.139969,9756400.00
2014-09-10,97.360001,97.529999,95.830002,96.809998,58.787769,12113700.00
2014-09-11,96.320000,97.120003,95.820000,97.029999,58.921352,10181100.00
2014-09-12,96.529999,96.589996,95.629997,95.779999,58.162281,10257500.00
2014-09-15,95.730003,96.400002,95.400002,96.290001,58.471989,10689400.00
2014-09-16,96.230003,98.050003,96.019997,97.430000,59.164261,11574100.00
2014-09-17,97.910004,97.930000,96.800003,97.080002,58.951721,8774200.00
2014-09-18,97.150002,97.320000,96.480003,96.610001,58.666325,8636600.00
2014-09-19,97.080002,97.559998,96.870003,97.120003,58.976032,18178100.00
2014-09-22,96.900002,97.000000,96.269997,96.540001,58.623814,8816900.00
2014-09-23,96.279999,97.160004,96.029999,96.029999,58.314102,10300700.00
2014-09-24,95.870003,96.250000,94.839996,95.820000,58.186588,12200000.00
2014-09-25,95.660004,95.889999,94.199997,94.250000,57.233219,12854200.00
2014-09-26,94.330002,95.760002,93.800003,95.430000,57.949764,11256800.00
2014-09-29,94.709999,94.779999,93.800003,94.430000,57.342510,14015000.00
2014-09-30,94.110001,94.809998,93.620003,94.050003,57.111771,15576500.00
2014-10-01,94.110001,94.540001,92.720001,92.860001,56.389126,14028600.00
2014-10-02,92.389999,93.900002,92.059998,93.300003,56.656334,13756500.00
2014-10-03,93.599998,94.110001,92.580002,93.919998,57.032825,11563000.00
2014-10-06,94.010002,95.330002,93.910004,94.519997,57.397175,10595400.00
2014-10-07,94.269997,95.190002,93.330002,93.370003,56.698830,10787900.00
2014-10-08,93.419998,94.830002,92.419998,94.610001,57.451832,15583700.00
2014-10-09,94.050003,94.489998,91.629997,91.820000,55.757607,17915600.00
2014-10-10,92.440002,93.269997,90.900002,91.599998,55.623997,18173100.00
2014-10-13,91.320000,92.529999,90.760002,90.839996,55.162476,14451100.00
2014-10-14,91.489998,92.230003,90.059998,90.550003,54.986401,23120500.00
2014-10-15,89.000000,90.610001,86.910004,90.220001,54.786011,24703500.00
2014-10-16,88.580002,91.269997,88.180000,90.599998,55.016747,25212600.00
2014-10-17,91.129997,92.250000,90.500000,91.209999,55.387173,18189200.00
2014-10-20,90.629997,91.889999,90.629997,91.769997,55.727234,10821700.00
2014-10-21,92.860001,94.029999,92.360001,93.650002,56.868858,15757000.00
2014-10-22,93.959999,94.589996,92.980003,93.129997,56.553104,12733600.00
2014-10-23,94.309998,94.980003,93.870003,94.110001,57.148205,11345100.00
2014-10-24,94.190002,94.529999,93.220001,94.489998,57.378941,9734100.00
2014-10-27,93.849998,93.849998,92.769997,93.709999,56.905273,11387700.00
2014-10-28,94.440002,95.199997,93.930000,95.099998,57.749378,12564100.00
2014-10-29,95.419998,95.980003,93.620003,94.589996,57.439671,12409100.00
2014-10-30,93.870003,94.669998,93.220001,94.449997,57.354649,9767900.00
2014-10-31,94.989998,96.889999,94.309998,96.709999,58.727043,17493700.00
2014-11-03,96.559998,97.099998,94.800003,95.260002,57.846546,13410000.00
2014-11-04,94.500000,94.889999,93.889999,94.519997,57.397175,13498500.00
2014-11-05,95.360001,95.769997,94.650002,95.070000,57.731171,12480000.00
2014-11-06,95.180000,96.419998,94.279999,96.260002,58.453781,14731400.00
2014-11-07,95.800003,97.160004,95.720001,96.589996,59.077641,13233500.00
2014-11-10,96.870003,97.099998,96.070000,96.279999,58.888039,9087600.00
2014-11-11,95.779999,96.510002,95.610001,96.410004,58.967545,7990000.00
2014-11-12,95.900002,96.400002,95.110001,95.379997,58.337585,11592800.00
2014-11-13,94.959999,95.209999,93.830002,94.660004,57.897198,12355400.00
2014-11-14,94.870003,95.110001,94.650002,95.089996,58.160194,9352500.00
2014-11-17,94.849998,95.139999,94.190002,95.110001,58.172447,8704400.00
2014-11-18,95.080002,95.750000,94.529999,94.870003,58.025646,9263200.00
2014-11-19,95.080002,95.739998,94.129997,95.610001,58.478264,8333200.00
2014-11-20,95.370003,95.900002,95.260002,95.820000,58.606686,8422400.00
2014-11-21,97.199997,97.199997,96.099998,96.809998,59.212227,12374900.00
2014-11-24,96.339996,96.800003,95.250000,95.720001,58.545528,10172400.00
2014-11-25,96.010002,96.029999,94.370003,94.779999,57.970596,13747400.00
2014-11-26,94.639999,95.129997,94.360001,94.480003,57.787113,9822100.00
2014-11-28,91.500000,91.849998,90.110001,90.540001,55.377258,19556700.00
2014-12-01,90.360001,92.870003,90.279999,92.349998,56.484306,27584200.00
2014-12-02,92.320000,94.669998,92.010002,94.190002,57.609707,20885300.00
2014-12-03,94.669998,95.330002,94.000000,94.949997,58.074566,16220400.00
2014-12-04,94.129997,94.610001,93.070000,94.370003,57.719826,12868600.00
2014-12-05,93.949997,94.589996,93.349998,93.820000,57.383392,11831900.00
2014-12-08,92.900002,93.129997,91.370003,91.699997,56.086761,15735900.00
2014-12-09,91.230003,92.059998,90.760002,91.379997,55.891037,15883800.00
2014-12-10,90.720001,90.730003,88.199997,88.669998,54.233509,22279400.00
2014-12-11,88.860001,91.540001,88.849998,89.199997,54.557682,21522200.00
2014-12-12,88.709999,89.000000,86.599998,86.599998,52.967426,24568300.00
2014-12-15,87.529999,88.599998,86.500000,86.900002,53.150936,21373600.00
2014-12-16,86.379997,89.199997,86.190002,86.410004,52.851219,26372400.00
2014-12-17,87.239998,89.900002,87.150002,89.019997,54.447575,23323000.00
2014-12-18,90.370003,91.160004,88.400002,91.160004,55.756481,22882700.00
2014-12-19,90.209999,93.639999,89.610001,93.639999,57.273342,38469000.00
2014-12-22,92.959999,93.669998,92.449997,93.330002,57.083721,17871800.00
2014-12-23,93.519997,95.180000,93.050003,94.589996,57.854359,13706500.00
2014-12-24,94.220001,94.250000,92.980003,93.779999,57.358959,6875700.00
2014-12-26,93.989998,94.430000,92.620003,93.209999,57.010315,10585000.00
2014-12-29,93.330002,93.860001,92.889999,93.070000,56.924702,9892100.00
2014-12-30,92.769997,93.389999,92.510002,93.019997,56.894104,8743400.00
2014-12-31,92.419998,93.129997,92.059998,92.449997,56.545467,11337200.00
2015-01-02,92.250000,93.050003,91.809998,92.830002,56.777905,10220400.00
2015-01-05,92.099998,92.400002,89.500000,90.290001,55.224361,18502400.00
2015-01-06,90.239998,91.410004,89.019997,89.809998,54.930771,16670700.00
2015-01-07,90.650002,91.480003,90.000000,90.720001,55.487354,13590700.00
2015-01-08,91.250000,92.269997,91.000000,92.230003,56.410931,15487500.00
2015-01-09,92.300003,92.779999,91.370003,92.099998,56.331409,14488400.00
2015-01-12,91.239998,91.339996,89.820000,90.330002,55.248825,15176300.00
2015-01-13,90.879997,91.430000,89.110001,90.000000,55.046993,17469000.00
2015-01-14,88.949997,89.889999,87.260002,89.739998,54.887974,23272100.00
2015-01-15,90.430000,90.660004,88.510002,88.959999,54.410889,18759600.00
2015-01-16,88.980003,91.190002,88.980003,91.120003,55.732002,17713100.00
2015-01-20,91.139999,91.779999,90.379997,91.089996,55.713654,16761000.00
2015-01-21,91.739998,91.989998,91.010002,91.870003,56.190758,14276400.00
2015-01-22,92.309998,92.970001,91.320000,92.870003,56.802380,13559000.00
2015-01-23,92.279999,92.480003,90.790001,90.889999,55.591339,14706300.00
2015-01-26,90.610001,91.940002,90.470001,91.760002,56.123436,10672500.00
2015-01-27,91.239998,91.599998,90.599998,90.949997,55.628048,12301500.00
2015-01-28,90.879997,90.930000,87.820000,87.949997,53.793129,17829700.00
2015-01-29,88.220001,88.260002,86.029999,87.580002,53.566833,22683000.00
2015-01-30,87.160004,88.419998,86.250000,87.419998,53.468971,22679900.00
2015-02-02,87.849998,89.589996,87.500000,89.580002,54.790089,20306300.00
2015-02-03,90.900002,92.330002,90.809998,92.250000,56.423161,21900900.00
2015-02-04,91.639999,92.269997,90.510002,91.459999,55.939960,19632200.00
2015-02-05,92.389999,92.540001,91.699997,92.360001,56.490433,12809000.00
2015-02-06,92.099998,92.279999,90.959999,91.500000,56.385681,12331200.00
2015-02-09,91.400002,92.290001,91.239998,91.559998,56.422649,11360700.00
2015-02-10,91.739998,91.739998,90.300003,91.010002,56.083710,12952900.00
2015-02-11,90.019997,90.830002,89.790001,90.599998,55.831066,12240600.00
2015-02-12,91.459999,92.660004,91.019997,92.370003,56.921806,14843000.00
2015-02-13,92.699997,93.449997,92.279999,93.370003,57.538036,12061000.00
2015-02-17,92.750000,93.070000,92.290001,93.050003,57.340843,11758700.00
2015-02-18,91.989998,91.989998,90.389999,91.010002,56.083710,19177900.00
2015-02-19,89.639999,90.419998,88.580002,89.440002,55.116226,19350600.00
2015-02-20,89.400002,89.940002,88.849998,89.919998,55.412025,15959900.00
2015-02-23,89.260002,89.550003,88.739998,89.010002,54.851250,12771800.00
2015-02-24,89.330002,89.779999,89.129997,89.419998,55.103901,9990700.00
2015-02-25,89.570000,89.699997,89.080002,89.599998,55.214836,9925700.00
2015-02-26,89.129997,89.180000,88.080002,88.650002,54.629406,13984000.00
2015-02-27,88.889999,89.279999,88.339996,88.540001,54.561615,13090600.00
2015-03-02,88.339996,88.519997,87.349998,88.040001,54.253502,13793700.00
2015-03-03,87.930000,88.019997,87.129997,87.620003,53.994686,13493800.00
2015-03-04,87.959999,87.959999,86.930000,87.180000,53.723526,13467600.00
2015-03-05,87.070000,87.190002,86.519997,86.739998,53.452385,12527600.00
2015-03-06,86.410004,86.599998,85.320000,85.629997,52.768379,16070500.00
2015-03-09,86.120003,86.379997,85.120003,85.160004,52.478737,14503800.00
2015-03-10,84.820000,85.529999,84.239998,84.260002,51.924118,17195500.00
2015-03-11,84.930000,84.930000,84.000000,84.019997,51.776222,13004700.00
2015-03-12,84.430000,84.720001,84.059998,84.220001,51.899467,10792900.00
2015-03-13,83.900002,84.180000,82.680000,83.870003,51.683796,16799900.00
2015-03-16,83.709999,84.860001,83.269997,84.760002,52.232246,13516200.00
2015-03-17,84.540001,84.849998,84.019997,84.080002,51.813183,12979700.00
2015-03-18,83.540001,86.370003,83.430000,86.070000,53.039516,18745700.00
2015-03-19,85.190002,85.500000,84.330002,84.410004,52.016548,12738500.00
2015-03-20,84.669998,85.400002,84.389999,84.540001,52.096664,36083500.00
2015-03-23,85.019997,85.779999,85.010002,85.430000,52.645142,17450700.00
2015-03-24,85.300003,85.779999,84.500000,84.519997,52.084347,10174300.00
2015-03-25,85.050003,85.570000,84.769997,84.860001,52.293865,11934700.00
2015-03-26,85.300003,85.570000,84.089996,84.320000,51.961109,14400700.00
2015-03-27,84.040001,84.050003,83.330002,83.580002,51.505081,11579300.00
2015-03-30,84.269997,85.820000,84.250000,85.629997,52.768379,15653200.00
2015-03-31,84.849998,85.339996,84.459999,85.000000,52.380154,13354000.00
2015-04-01,85.699997,86.000000,84.260002,84.459999,52.047363,14522300.00
2015-04-02,84.089996,84.940002,83.849998,84.300003,51.948769,11297400.00
2015-04-06,85.150002,85.639999,84.199997,85.129997,52.460243,10916400.00
2015-04-07,85.010002,86.169998,84.760002,85.750000,52.842335,11836100.00
2015-04-08,85.800003,85.900002,84.019997,84.059998,51.800880,16257100.00
2015-04-09,84.000000,84.730003,83.809998,84.650002,52.164452,13281800.00
2015-04-10,85.370003,86.040001,84.769997,85.559998,52.725235,13372400.00
2015-04-13,85.919998,86.250000,85.239998,85.339996,52.589649,9880500.00
2015-04-14,85.599998,87.480003,85.529999,86.629997,53.384598,15693800.00
2015-04-15,87.139999,88.529999,87.139999,88.080002,54.278160,15332800.00
2015-04-16,87.879997,88.160004,87.110001,87.730003,54.062469,9570800.00
2015-04-17,87.139999,87.360001,86.160004,86.930000,53.569466,14430100.00
2015-04-20,87.129997,88.099998,87.080002,87.239998,53.760529,11593600.00
2015-04-21,87.379997,87.620003,86.690002,86.879997,53.538677,10100500.00
2015-04-22,87.040001,87.800003,86.339996,87.459999,53.896080,8663600.00
2015-04-23,87.360001,88.379997,87.309998,87.540001,53.945374,9866100.00
2015-04-24,87.190002,87.360001,86.660004,86.970001,53.594124,8405700.00
2015-04-27,87.410004,87.599998,86.760002,87.010002,53.618782,10534600.00
2015-04-28,87.220001,87.860001,87.040001,87.800003,54.105610,9633800.00
2015-04-29,87.500000,88.070000,86.959999,87.870003,54.148754,12534100.00
2015-04-30,88.669998,88.669998,87.220001,87.370003,53.840611,13947700.00
2015-05-01,87.849998,88.949997,87.699997,88.849998,54.752666,12257100.00
2015-05-04,89.419998,89.879997,88.949997,89.110001,54.912865,10343700.00
2015-05-05,89.970001,90.089996,88.519997,88.610001,54.604752,11895000.00
2015-05-06,89.650002,89.959999,87.790001,88.190002,54.345928,11273500.00
2015-05-07,88.000000,88.099998,86.919998,87.599998,53.982368,9992500.00
2015-05-08,88.470001,89.070000,87.820000,88.989998,54.838921,11390300.00
2015-05-11,88.529999,88.570000,86.650002,86.779999,53.919365,11997800.00
2015-05-12,86.889999,87.459999,86.419998,87.019997,54.068489,9788900.00
2015-05-13,87.279999,87.730003,86.400002,86.559998,53.782654,8629400.00
2015-05-14,86.930000,87.339996,86.750000,86.970001,54.037395,8791300.00
2015-05-15,86.800003,87.620003,86.599998,87.349998,54.273518,8422200.00
2015-05-18,87.309998,87.459999,86.779999,86.849998,53.962833,6395400.00
2015-05-19,86.470001,87.209999,86.209999,86.989998,54.049816,9777100.00
2015-05-20,87.389999,87.400002,86.910004,87.129997,54.136814,7276600.00
2015-05-21,87.279999,87.440002,86.959999,87.209999,54.186535,8357400.00
2015-05-22,86.989998,87.099998,86.500000,86.519997,53.757790,7598400.00
2015-05-26,86.040001,86.370003,85.029999,85.349998,53.030849,11289000.00
2015-05-27,85.300003,85.889999,84.769997,85.110001,52.881721,10778300.00
2015-05-28,85.110001,85.570000,84.820000,85.110001,52.881721,8038900.00
2015-05-29,85.099998,85.580002,84.879997,85.199997,52.937641,14631300.00
2015-06-01,85.250000,85.470001,84.800003,85.129997,52.894142,9077500.00
2015-06-02,85.120003,85.589996,84.910004,85.139999,52.900360,9328300.00
2015-06-03,85.230003,85.839996,84.860001,84.949997,52.782303,8179500.00
2015-06-04,84.699997,84.889999,83.779999,84.220001,52.328732,12607300.00
2015-06-05,84.129997,85.000000,83.980003,84.279999,52.366009,11388500.00
2015-06-08,84.180000,85.209999,83.930000,84.849998,52.720177,12244700.00
2015-06-09,85.290001,85.430000,84.489998,84.580002,52.552422,8105500.00
2015-06-10,85.839996,85.970001,85.000000,85.209999,52.943851,10147000.00
2015-06-11,85.300003,85.699997,84.889999,85.089996,52.869289,7759300.00
2015-06-12,84.580002,84.680000,83.860001,84.019997,52.204464,8347300.00
2015-06-15,83.529999,83.980003,83.190002,83.720001,52.018055,9563900.00
2015-06-16,83.809998,84.750000,83.400002,84.680000,52.614536,9100100.00
2015-06-17,85.029999,85.129997,84.410004,84.730003,52.645622,9090200.00
2015-06-18,84.800003,85.959999,84.720001,85.480003,53.111591,10247800.00
2015-06-19,84.919998,85.480003,84.919998,85.209999,52.943851,16129600.00
2015-06-22,85.389999,85.599998,84.970001,85.169998,52.918987,9465100.00
2015-06-23,85.220001,85.279999,84.589996,85.070000,52.856850,10223900.00
2015-06-24,84.889999,85.339996,84.660004,84.680000,52.614536,11800100.00
2015-06-25,84.849998,84.849998,83.930000,83.930000,52.148560,10259400.00
2015-06-26,83.830002,84.099998,83.489998,83.860001,52.105064,19023300.00
2015-06-29,83.050003,83.449997,82.800003,82.820000,51.458862,11739200.00
2015-06-30,83.739998,84.900002,82.800003,83.199997,51.694984,14981100.00
2015-07-01,83.279999,83.529999,82.110001,82.370003,51.179272,13529100.00
2015-07-02,82.790001,83.279999,82.550003,83.139999,51.657707,9188000.00
2015-07-06,82.419998,83.059998,82.120003,82.529999,51.278687,11694400.00
2015-07-07,82.190002,83.230003,81.489998,82.870003,51.489933,15641500.00
2015-07-08,82.250000,82.980003,81.910004,81.970001,50.930717,10057000.00
2015-07-09,82.870003,83.150002,81.580002,81.599998,50.700829,11980500.00
2015-07-10,82.089996,82.489998,81.720001,82.220001,51.086075,8628700.00
2015-07-13,82.110001,82.610001,82.070000,82.419998,51.210346,8026700.00
2015-07-14,82.379997,83.320000,82.260002,83.110001,51.639053,9310200.00
2015-07-15,82.610001,83.419998,82.400002,82.760002,51.421589,9289200.00
2015-07-16,83.180000,83.480003,82.800003,82.910004,51.514778,8267600.00
2015-07-17,82.510002,82.839996,81.790001,82.610001,51.328388,12156000.00
2015-07-20,82.150002,82.410004,81.599998,81.760002,50.800274,12957100.00
2015-07-21,81.930000,82.430000,81.430000,81.660004,50.738117,8677100.00
2015-07-22,82.349998,82.470001,81.580002,81.790001,50.818901,13181500.00
2015-07-23,81.730003,81.970001,80.970001,81.139999,50.415005,10496100.00
2015-07-24,81.160004,81.160004,79.720001,79.940002,49.669426,14888500.00
2015-07-27,79.230003,80.129997,78.970001,79.260002,49.246922,14996100.00
2015-07-28,79.699997,82.669998,79.570000,82.480003,51.247620,19777300.00
2015-07-29,82.180000,83.199997,81.910004,83.139999,51.657707,13913800.00
2015-07-30,83.180000,83.320000,82.419998,83.010002,51.576923,11139900.00
2015-07-31,81.669998,81.669998,78.930000,79.209999,49.215855,26232700.00
2015-08-03,78.699997,78.930000,77.629997,78.059998,48.501324,15767700.00
2015-08-04,77.879997,78.610001,76.930000,77.169998,47.948330,18874400.00
2015-08-05,77.870003,78.230003,76.900002,77.169998,47.948330,16544400.00
2015-08-06,76.940002,78.260002,76.910004,78.089996,48.519947,13005200.00
2015-08-07,77.550003,77.970001,76.620003,76.830002,47.737076,12187600.00
2015-08-10,77.089996,78.750000,77.089996,78.750000,48.930046,14876000.00
2015-08-11,77.010002,78.070000,76.330002,77.489998,48.597649,14486400.00
2015-08-12,77.440002,78.870003,76.959999,78.790001,49.412952,16492400.00
2015-08-13,78.320000,79.290001,78.269997,78.650002,49.325134,13154100.00
2015-08-14,78.639999,79.279999,78.250000,78.360001,49.143265,9129300.00
2015-08-17,77.930000,79.180000,77.449997,78.769997,49.400398,9365400.00
2015-08-18,78.529999,78.669998,77.580002,77.900002,48.854786,9815300.00
2015-08-19,77.510002,77.580002,75.930000,76.230003,47.807442,17010100.00
2015-08-20,76.000000,76.180000,74.570000,74.570000,46.766373,17811200.00
2015-08-21,74.099998,74.889999,72.070000,72.129997,45.236141,25488800.00
2015-08-24,67.989998,71.379997,66.550003,68.720001,43.097580,35531200.00
2015-08-25,71.309998,71.440002,68.199997,68.709999,43.091305,30409700.00
2015-08-26,70.629997,72.750000,69.150002,72.500000,45.468182,34436000.00
2015-08-27,73.800003,74.889999,73.010002,74.849998,46.941975,24571000.00
2015-08-28,74.709999,75.980003,74.410004,75.070000,47.079948,18997300.00
2015-08-31,74.279999,75.550003,73.300003,75.239998,47.186562,19570100.00
2015-09-01,73.300003,73.349998,71.510002,72.080002,45.204781,24092900.00
2015-09-02,73.059998,73.239998,72.000000,73.230003,45.925995,16936900.00
2015-09-03,73.639999,74.910004,73.339996,73.790001,46.277195,13451900.00
2015-09-04,72.930000,73.139999,72.250000,72.459999,45.443096,14902500.00
2015-09-08,73.720001,73.720001,72.970001,73.500000,46.095337,13626900.00
2015-09-09,74.370003,74.680000,71.849998,72.000000,45.154606,17246200.00
2015-09-10,72.809998,72.980003,71.800003,72.519997,45.480721,12353900.00
2015-09-11,72.400002,72.720001,72.010002,72.690002,45.587337,12172300.00
2015-09-14,72.309998,72.580002,71.760002,72.489998,45.461906,10738500.00
2015-09-15,72.440002,73.309998,72.410004,72.860001,45.693974,11979800.00
2015-09-16,73.510002,74.699997,73.370003,74.300003,46.597054,15214200.00
2015-09-17,74.410004,75.470001,73.849998,74.459999,46.697388,15603000.00
2015-09-18,73.260002,73.559998,72.120003,72.680000,45.581066,23180200.00
2015-09-21,73.099998,73.610001,72.730003,73.389999,46.026333,10853000.00
2015-09-22,72.349998,73.519997,72.019997,72.739998,45.618702,14245200.00
2015-09-23,72.870003,73.199997,72.290001,72.300003,45.342751,13784800.00
2015-09-24,72.000000,73.150002,71.720001,72.730003,45.612427,14584200.00
2015-09-25,73.290001,73.529999,72.760002,73.230003,45.925995,15175300.00
2015-09-28,72.620003,73.459999,72.400002,72.599998,45.530907,14571900.00
2015-09-29,72.650002,73.190002,72.139999,72.970001,45.762947,13754400.00
2015-09-30,73.400002,74.349998,73.330002,74.349998,46.628418,18176500.00
2015-10-01,75.199997,75.580002,73.300003,74.059998,46.446529,14397800.00
2015-10-02,73.389999,75.900002,73.029999,75.879997,47.587944,18811300.00
2015-10-05,76.650002,77.150002,75.790001,76.809998,48.171181,18486700.00
2015-10-06,76.959999,78.559998,76.260002,77.889999,48.848503,18757900.00
2015-10-07,78.970001,79.290001,77.529999,79.199997,49.670074,18666300.00
2015-10-08,79.309998,80.110001,78.540001,80.029999,50.190613,14344700.00
2015-10-09,80.050003,80.169998,78.620003,79.260002,49.707691,17384700.00
2015-10-12,79.589996,79.589996,78.720001,79.300003,49.732792,9931800.00
2015-10-13,78.720001,79.550003,78.489998,79.160004,49.644966,12326600.00
2015-10-14,78.970001,80.480003,78.779999,80.160004,50.272137,14486000.00
2015-10-15,80.190002,81.529999,79.900002,81.480003,51.099987,13640900.00
2015-10-16,82.260002,82.500000,81.449997,82.480003,51.727119,14304400.00
2015-10-19,82.010002,82.169998,80.760002,80.989998,50.792652,14155800.00
2015-10-20,80.550003,81.059998,80.199997,80.830002,50.692322,12340100.00
2015-10-21,80.860001,81.150002,80.110001,80.209999,50.303501,10274900.00
2015-10-22,80.680000,82.959999,80.660004,82.889999,51.984245,14823500.00
2015-10-23,82.410004,83.000000,81.889999,82.980003,52.040691,13215700.00
2015-10-26,82.519997,82.730003,81.169998,81.220001,50.936913,12576400.00
2015-10-27,80.570000,81.160004,79.730003,81.089996,50.855373,13579400.00
2015-10-28,81.309998,82.580002,80.930000,82.279999,51.601700,12473000.00
2015-10-29,81.790001,83.220001,81.790001,82.230003,51.570328,10341200.00
2015-10-30,82.470001,83.879997,81.260002,82.739998,51.890171,18758600.00
2015-11-02,82.300003,85.930000,82.089996,85.279999,53.483109,21266500.00
2015-11-03,85.660004,87.440002,85.580002,86.849998,54.467739,20115900.00
2015-11-04,86.769997,87.080002,85.699997,85.980003,53.922134,14245400.00
2015-11-05,85.550003,86.230003,84.500000,84.809998,53.188374,12291100.00
2015-11-06,83.930000,84.470001,83.220001,84.470001,52.975140,12491700.00
2015-11-09,83.559998,83.599998,81.800003,81.949997,51.842751,13551200.00
2015-11-10,81.930000,82.610001,81.860001,82.349998,52.095818,14238000.00
2015-11-11,82.419998,82.559998,81.400002,81.620003,51.634007,9598000.00
2015-11-12,80.570000,81.279999,79.320000,79.410004,50.235916,16050600.00
2015-11-13,79.279999,79.580002,77.940002,78.099998,49.407207,17527300.00
2015-11-16,77.940002,80.989998,77.910004,80.900002,51.178520,14548100.00
2015-11-17,80.709999,80.879997,79.629997,79.959999,50.583858,10011700.00
2015-11-18,79.889999,80.900002,79.589996,80.739998,51.077293,10884600.00
2015-11-19,80.510002,80.779999,80.040001,80.300003,50.798946,9453300.00
2015-11-20,80.570000,80.940002,79.650002,79.790001,50.476303,10144400.00
2015-11-23,79.599998,80.709999,79.059998,80.279999,50.786297,11868400.00
2015-11-24,80.349998,82.349998,80.199997,81.879997,51.798477,15055500.00
2015-11-25,81.300003,82.169998,81.099998,81.250000,51.399933,8980400.00
2015-11-27,80.580002,81.260002,80.459999,81.230003,51.387283,4156600.00
2015-11-30,81.419998,82.650002,81.250000,81.660004,51.659309,17729200.00
2015-12-01,81.760002,82.129997,81.269997,81.889999,51.804794,13917000.00
2015-12-02,81.309998,81.639999,79.419998,79.550003,50.324490,16300000.00
2015-12-03,79.720001,79.849998,78.019997,78.410004,49.603306,14870300.00
2015-12-04,77.349998,78.980003,77.029999,78.860001,49.887974,20156400.00
2015-12-07,77.330002,77.500000,75.750000,76.800003,48.584797,17676100.00
2015-12-08,75.269997,76.349998,73.790001,74.629997,47.212032,24217600.00
2015-12-09,74.839996,77.190002,74.730003,75.629997,47.844631,22036300.00
2015-12-10,75.800003,77.500000,75.519997,75.690002,47.882599,20142400.00
2015-12-11,74.820000,75.540001,74.339996,74.339996,47.028568,20473100.00
2015-12-14,74.300003,76.220001,74.089996,76.029999,48.097694,21976500.00
2015-12-15,77.430000,79.599998,77.330002,79.430000,50.248577,24366800.00
2015-12-16,79.040001,79.610001,78.000000,79.150002,50.071445,17233900.00
2015-12-17,79.019997,79.230003,77.949997,77.959999,49.318634,17362900.00
2015-12-18,77.570000,78.779999,77.059998,77.279999,48.888454,28836000.00
2015-12-21,77.790001,78.099998,76.650002,77.260002,48.875801,14460500.00
2015-12-22,77.699997,77.900002,77.209999,77.650002,49.122509,13855800.00
2015-12-23,78.680000,80.220001,78.320000,80.190002,50.729362,15184200.00
2015-12-24,80.269997,80.269997,79.120003,79.330002,50.185314,5848300.00
2015-12-28,78.120003,78.860001,77.910004,78.739998,49.812073,9715800.00
2015-12-29,79.989998,80.080002,78.839996,79.160004,50.077744,8839000.00
2015-12-30,78.320000,78.989998,77.970001,78.110001,49.413528,9314600.00
2015-12-31,77.510002,78.440002,77.430000,77.949997,49.312290,10285500.00
2016-01-04,77.500000,77.940002,76.459999,77.459999,49.002323,20400100.00
2016-01-05,77.190002,78.139999,76.919998,78.120003,49.419849,11993500.00
2016-01-06,76.639999,77.639999,76.589996,77.470001,49.008640,18826900.00
2016-01-07,76.059998,77.989998,75.900002,76.230003,48.224201,21263800.00
2016-01-08,76.349998,76.650002,74.500000,74.690002,47.249966,19033600.00
2016-01-11,75.010002,75.120003,72.559998,73.690002,46.617371,21353000.00
2016-01-12,74.120003,75.419998,73.150002,75.199997,47.572617,21864100.00
2016-01-13,75.849998,77.059998,74.940002,75.650002,47.857285,26052700.00
2016-01-14,76.209999,79.919998,75.800003,79.120003,50.052467,33806700.00
2016-01-15,76.330002,78.169998,76.300003,77.580002,49.078228,28342100.00
2016-01-19,77.930000,78.239998,75.190002,76.400002,48.331749,22684500.00
2016-01-20,75.070000,75.720001,71.550003,73.180000,46.294727,33300800.00
2016-01-21,73.160004,74.989998,72.610001,74.099998,46.876732,22265600.00
2016-01-22,76.419998,76.769997,74.720001,76.570000,48.439312,22530300.00
2016-01-25,75.750000,76.339996,73.900002,73.980003,46.800827,17086600.00
2016-01-26,74.769997,76.769997,74.250000,76.699997,48.521538,18724700.00
2016-01-27,76.000000,77.470001,74.720001,75.290001,47.629547,18106100.00
2016-01-28,77.349998,77.660004,75.620003,76.989998,48.704983,16157700.00
2016-01-29,76.730003,77.849998,76.250000,77.849998,49.249043,25161900.00
2016-02-01,76.660004,76.790001,75.440002,76.290001,48.262161,16754200.00
2016-02-02,74.190002,75.620003,73.550003,74.589996,47.186726,21404200.00
2016-02-03,75.529999,78.529999,74.260002,78.480003,49.647591,25873700.00
2016-02-04,78.580002,80.000000,77.559998,79.830002,50.501621,23658700.00
2016-02-05,79.400002,80.099998,78.570000,80.080002,50.659775,26719900.00
2016-02-08,79.300003,81.779999,78.910004,81.160004,51.343006,26601200.00
2016-02-09,79.980003,80.669998,78.690002,80.080002,51.119572,18418100.00
2016-02-10,79.769997,81.449997,79.279999,79.349998,50.653584,16610900.00
2016-02-11,78.339996,80.150002,77.580002,79.599998,50.813164,19331600.00
2016-02-12,80.080002,81.070000,79.809998,81.029999,51.726009,16767200.00
2016-02-16,81.699997,81.849998,80.279999,81.220001,51.847298,15912200.00
2016-02-17,81.650002,82.779999,81.160004,82.000000,52.345200,17006700.00
2016-02-18,82.900002,83.059998,81.860001,82.449997,52.632481,14873700.00
2016-02-19,82.190002,82.550003,80.910004,82.500000,52.664391,13615900.00
2016-02-22,82.500000,83.440002,82.199997,82.389999,52.594173,14595200.00
2016-02-23,81.989998,82.370003,80.879997,81.230003,51.853680,11041600.00
2016-02-24,79.910004,81.769997,79.669998,81.519997,52.038803,13777500.00
2016-02-25,81.559998,82.070000,80.019997,82.010002,52.351597,13706400.00
2016-02-26,82.889999,83.080002,81.690002,81.750000,52.185619,14343300.00
2016-02-29,81.879997,82.400002,80.050003,80.150002,51.164257,18903600.00
2016-03-01,80.559998,81.769997,80.320000,81.279999,51.885601,15730600.00
2016-03-02,80.949997,82.720001,80.309998,82.699997,52.792061,14094400.00
2016-03-03,82.660004,82.720001,81.540001,82.400002,52.600544,13216200.00
2016-03-04,82.660004,82.970001,81.760002,82.290001,52.530338,18402700.00
2016-03-07,82.309998,84.459999,82.209999,84.459999,53.915581,18945600.00
2016-03-08,84.000000,84.209999,82.480003,82.629997,52.747383,14003900.00
2016-03-09,83.220001,83.849998,82.239998,82.400002,52.600544,14139300.00
2016-03-10,82.419998,82.660004,80.930000,82.180000,52.460102,15898300.00
2016-03-11,83.220001,83.529999,82.010002,82.190002,52.466518,15370200.00
2016-03-14,81.480003,82.639999,81.019997,82.410004,52.606937,13344600.00
2016-03-15,81.599998,82.849998,81.519997,82.820000,52.868679,9213000.00
2016-03-16,83.019997,83.160004,81.940002,82.870003,52.900581,11492100.00
2016-03-17,83.680000,84.680000,82.720001,84.099998,53.685760,13673900.00
2016-03-18,84.589996,84.599998,83.250000,84.199997,53.749584,19637000.00
2016-03-21,83.839996,84.139999,83.500000,83.620003,53.379322,8385400.00
2016-03-22,83.080002,84.860001,83.010002,84.120003,53.698524,13005100.00
2016-03-23,83.860001,84.300003,83.519997,83.750000,53.462322,12748900.00
2016-03-24,82.940002,84.029999,82.930000,83.980003,53.609173,9368300.00
2016-03-28,84.029999,84.360001,83.699997,84.220001,53.762375,7490400.00
2016-03-29,83.669998,84.610001,83.160004,84.529999,53.960251,9977900.00
2016-03-30,85.029999,85.050003,84.000000,84.519997,53.953861,10807000.00
2016-03-31,84.070000,85.099998,83.589996,83.589996,53.360199,13896900.00
2016-04-01,82.400002,83.389999,82.389999,82.959999,52.958042,12235300.00
2016-04-04,83.059998,83.900002,82.779999,83.160004,53.085712,8050200.00
2016-04-05,82.610001,83.129997,81.989998,82.209999,52.479271,10446800.00
2016-04-06,82.690002,83.459999,82.300003,83.309998,53.181454,9320200.00
2016-04-07,82.760002,83.169998,82.050003,82.370003,52.581413,8267100.00
2016-04-08,83.300003,83.449997,82.849998,83.209999,53.117638,9376200.00
2016-04-11,83.330002,84.239998,83.279999,83.320000,53.187836,9925000.00
2016-04-12,83.690002,84.629997,83.370003,84.349998,53.845348,9986100.00
2016-04-13,84.500000,84.910004,84.040001,84.830002,54.151760,9235700.00
2016-04-14,85.000000,85.900002,84.760002,85.430000,54.534786,10625800.00
2016-04-15,85.300003,85.660004,84.779999,84.970001,54.241135,11280200.00
2016-04-18,84.970001,85.860001,83.860001,85.779999,54.758186,9097000.00
2016-04-19,85.849998,86.309998,85.220001,86.209999,55.032692,10354500.00
2016-04-20,86.230003,87.440002,85.970001,86.800003,55.409306,15247100.00
2016-04-21,86.589996,87.839996,86.570000,86.790001,55.402950,12075300.00
2016-04-22,87.239998,87.639999,86.820000,87.529999,55.875324,9150800.00
2016-04-25,87.089996,87.400002,86.349998,87.330002,55.747673,8076400.00
2016-04-26,87.750000,87.940002,87.059998,87.629997,55.939159,9425900.00
2016-04-27,87.949997,88.720001,87.330002,88.459999,56.469006,10463500.00
2016-04-28,87.860001,88.779999,87.500000,88.029999,56.194492,11276200.00
2016-04-29,88.680000,89.779999,87.739998,88.400002,56.430698,17885900.00
2016-05-02,88.239998,89.480003,88.080002,89.129997,56.896698,10273700.00
2016-05-03,88.400002,88.629997,87.360001,88.110001,56.245564,10137400.00
2016-05-04,88.300003,88.739998,87.599998,87.940002,56.137039,10601100.00
2016-05-05,88.760002,88.970001,87.620003,88.040001,56.200890,8721100.00
2016-05-06,87.459999,88.680000,87.459999,88.510002,56.500904,7968400.00
2016-05-09,88.599998,88.760002,87.230003,88.570000,56.539211,11159500.00
2016-05-10,88.900002,90.000000,88.820000,89.989998,57.445675,12509100.00
2016-05-11,89.160004,89.680000,88.720001,88.809998,57.168880,11660200.00
2016-05-12,89.800003,89.930000,89.150002,89.669998,57.722485,10720500.00
2016-05-13,89.279999,89.660004,88.510002,88.660004,57.072330,9721100.00
2016-05-16,89.199997,89.669998,89.000000,89.570000,57.658108,8638700.00
2016-05-17,89.269997,89.910004,89.160004,89.529999,57.632351,9835600.00
2016-05-18,89.800003,90.000000,88.650002,89.349998,57.516483,9680300.00
2016-05-19,88.610001,90.160004,88.449997,90.110001,58.005726,14397900.00
2016-05-20,90.389999,90.400002,89.379997,89.739998,57.767536,13191900.00
2016-05-23,89.000000,89.900002,88.820000,89.599998,57.677406,11766100.00
2016-05-24,89.889999,90.400002,89.550003,89.669998,57.722485,10056600.00
2016-05-25,89.849998,90.370003,89.589996,90.260002,58.102276,9578400.00
2016-05-26,90.250000,90.459999,89.269997,89.800003,57.806175,7867900.00
2016-05-27,89.400002,90.050003,89.320000,90.010002,57.941341,7505900.00
2016-05-31,90.000000,90.199997,88.730003,89.019997,57.304073,13178800.00
2016-06-01,88.430000,89.449997,88.129997,89.239998,57.445675,7994800.00
2016-06-02,88.209999,88.529999,87.610001,88.529999,56.988625,9837500.00
2016-06-03,88.440002,88.830002,88.029999,88.370003,56.885643,9367100.00
2016-06-06,88.870003,89.500000,88.690002,89.339996,57.510040,8573000.00
2016-06-07,89.750000,90.919998,89.709999,90.709999,58.391945,12889100.00
2016-06-08,91.029999,91.300003,90.529999,90.790001,58.443428,9983000.00
2016-06-09,90.180000,91.029999,90.110001,90.669998,58.366215,8974300.00
2016-06-10,90.400002,90.919998,89.779999,89.980003,57.922031,10353800.00
2016-06-13,89.919998,91.430000,89.699997,90.589996,58.314705,11370000.00
2016-06-14,90.449997,90.870003,89.849998,90.430000,58.211697,10161000.00
2016-06-15,90.230003,90.900002,90.000000,90.160004,58.037926,10655800.00
2016-06-16,89.699997,91.389999,89.110001,91.220001,58.720264,12824800.00
2016-06-17,91.489998,91.589996,90.190002,90.720001,58.398373,17483200.00
2016-06-20,91.290001,91.589996,91.070000,91.120003,58.655880,9388500.00
2016-06-21,90.720001,91.639999,90.250000,91.529999,58.919807,8557500.00
2016-06-22,91.839996,91.930000,91.010002,91.169998,58.688049,8785400.00
2016-06-23,91.930000,92.070000,91.190002,91.800003,59.093624,9464500.00
2016-06-24,89.879997,90.800003,89.150002,89.389999,57.542233,20010500.00
2016-06-27,88.900002,89.099998,88.110001,88.860001,57.201061,14169400.00
2016-06-28,89.730003,90.930000,89.519997,90.910004,58.520691,13254300.00
2016-06-29,91.410004,92.699997,91.120003,92.459999,59.518452,13920600.00
2016-06-30,92.330002,93.830002,92.300003,93.739998,60.342434,14073700.00
2016-07-01,93.360001,93.980003,93.070000,93.839996,60.406765,9946300.00
2016-07-05,93.120003,93.599998,92.250000,93.019997,59.878948,10744100.00
2016-07-06,93.349998,94.120003,92.440002,94.089996,60.567726,13144400.00
2016-07-07,94.339996,94.489998,92.349998,92.959999,59.840324,12240700.00
2016-07-08,93.389999,93.779999,92.919998,93.540001,60.213669,9807600.00
2016-07-11,93.750000,94.410004,93.650002,93.889999,60.438972,8335700.00
2016-07-12,94.669998,94.949997,94.089996,94.949997,61.121330,9870800.00
2016-07-13,94.650002,94.919998,94.110001,94.879997,61.076271,9458200.00
2016-07-14,95.050003,95.529999,94.620003,94.949997,61.121330,9293500.00
2016-07-15,95.440002,95.550003,94.639999,95.120003,61.230789,10334500.00
2016-07-18,94.919998,95.150002,94.400002,94.820000,61.037647,9865900.00
2016-07-19,94.760002,94.940002,94.199997,94.470001,60.812332,5901800.00
2016-07-20,94.250000,94.419998,93.800003,93.930000,60.464725,7383800.00
2016-07-21,93.889999,94.260002,93.459999,93.849998,60.413231,6854600.00
2016-07-22,94.110001,94.290001,93.720001,94.010002,60.516228,7139700.00
2016-07-25,93.470001,93.620003,91.760002,92.199997,59.351097,10845900.00
2016-07-26,91.629997,92.029999,91.110001,91.529999,58.919807,12143500.00
2016-07-27,91.510002,91.809998,90.629997,90.910004,58.520691,10037900.00
2016-07-28,90.540001,90.730003,89.610001,90.199997,58.063671,12439200.00
2016-07-29,87.610001,89.010002,86.120003,88.949997,57.258987,23928100.00
2016-08-01,88.080002,88.150002,85.589996,85.860001,55.269905,22908400.00
2016-08-02,86.449997,87.320000,85.580002,87.040001,56.029495,18919200.00
2016-08-03,87.010002,87.489998,86.599998,87.489998,56.319160,14632900.00
2016-08-04,87.500000,87.650002,87.029999,87.480003,56.312756,13451400.00
2016-08-05,87.730003,87.830002,87.150002,87.559998,56.364227,9617300.00
2016-08-08,88.050003,88.889999,88.029999,88.589996,57.027248,10492700.00
2016-08-09,88.620003,88.760002,88.180000,88.699997,57.098072,9654600.00
2016-08-10,87.779999,87.919998,86.010002,86.410004,56.098278,12714800.00
2016-08-11,86.690002,87.269997,86.260002,86.720001,56.299549,11616000.00
2016-08-12,86.959999,87.980003,86.900002,87.849998,57.033138,9986900.00
2016-08-15,88.419998,88.500000,87.639999,87.809998,57.007183,6432600.00
2016-08-16,87.830002,88.180000,87.370003,87.919998,57.078575,6817900.00
2016-08-17,87.919998,88.180000,87.660004,88.110001,57.201931,7104600.00
2016-08-18,88.379997,88.940002,88.120003,88.910004,57.721310,10342700.00
2016-08-19,88.629997,88.739998,87.790001,87.800003,57.000687,8615300.00
2016-08-22,87.309998,88.099998,86.849998,87.989998,57.124027,8235400.00
2016-08-23,87.839996,88.019997,87.559998,87.720001,56.948750,6514800.00
2016-08-24,87.500000,88.160004,87.349998,88.019997,57.143520,7985400.00
2016-08-25,88.019997,88.029999,87.239998,87.459999,56.779949,6935300.00
2016-08-26,87.629997,88.110001,87.000000,87.269997,56.656620,6474400.00
2016-08-29,87.040001,87.919998,87.040001,87.839996,57.026642,7027200.00
2016-08-30,87.870003,88.250000,87.370003,87.519997,56.818905,6441100.00
2016-08-31,87.139999,87.209999,86.220001,87.139999,56.572212,12491400.00
2016-09-01,86.720001,86.839996,86.089996,86.839996,56.377438,8434700.00
2016-09-02,87.419998,87.580002,86.930000,87.419998,56.753983,7099600.00
2016-09-06,87.839996,88.639999,87.660004,88.570000,57.500599,9851200.00
2016-09-07,88.650002,88.669998,87.970001,88.239998,57.286335,7470400.00
2016-09-08,88.550003,89.370003,88.040001,89.050003,57.812218,9579500.00
2016-09-09,88.660004,88.660004,86.800003,86.839996,56.377438,12820200.00
2016-09-12,86.779999,87.709999,86.629997,87.290001,56.669586,10889000.00
2016-09-13,86.459999,86.470001,85.080002,85.209999,55.319218,13214300.00
2016-09-14,85.040001,85.830002,84.269997,84.599998,54.923233,13957000.00
2016-09-15,84.669998,85.650002,84.519997,85.080002,55.234833,9062600.00
2016-09-16,84.510002,85.050003,83.559998,84.029999,54.553165,21538400.00
2016-09-19,84.580002,84.620003,83.809998,83.830002,54.423321,7929100.00
2016-09-20,83.730003,83.949997,82.540001,82.540001,53.585838,17522000.00
2016-09-21,82.820000,83.620003,82.309998,83.300003,54.079235,15055900.00
2016-09-22,84.279999,84.550003,83.379997,83.540001,54.235046,10738500.00
2016-09-23,82.680000,84.309998,82.589996,83.449997,54.176636,12667100.00
2016-09-26,83.519997,84.500000,82.930000,83.059998,53.923439,10860300.00
2016-09-27,82.589996,83.339996,82.290001,83.239998,54.040291,9595000.00
2016-09-28,83.459999,87.230003,83.339996,86.900002,56.416405,28117900.00
2016-09-29,86.970001,87.199997,85.680000,86.459999,56.130756,19082900.00
2016-09-30,86.839996,87.809998,86.650002,87.279999,56.663101,15961500.00
2016-10-03,86.940002,87.199997,86.540001,87.050003,56.513775,7111200.00
2016-10-04,87.379997,87.500000,86.070000,86.250000,55.994419,8222000.00
2016-10-05,86.830002,87.169998,86.699997,87.000000,56.481316,8796200.00
2016-10-06,87.250000,87.470001,86.440002,87.040001,56.507294,7718300.00
2016-10-07,86.949997,87.400002,86.419998,86.739998,56.312515,6614900.00
2016-10-10,87.540001,88.669998,87.510002,88.440002,57.416180,10060000.00
2016-10-11,88.080002,88.190002,87.300003,87.739998,56.961723,9309000.00
2016-10-12,87.220001,87.720001,86.669998,87.129997,56.565701,8172600.00
2016-10-13,86.349998,86.870003,85.430000,86.559998,56.195648,9890300.00
2016-10-14,87.190002,87.540001,86.480003,86.540001,56.182690,7991700.00
2016-10-17,86.480003,86.790001,86.070000,86.540001,56.182690,7263100.00
2016-10-18,87.169998,87.330002,86.379997,86.769997,56.332001,5429300.00
2016-10-19,87.190002,87.849998,86.879997,87.169998,56.591671,9373400.00
2016-10-20,86.790001,87.500000,86.599998,87.209999,56.617645,6866900.00
2016-10-21,86.419998,86.820000,85.699997,86.620003,56.234619,10736200.00
2016-10-24,86.739998,87.320000,86.070000,86.910004,56.422886,8354900.00
2016-10-25,86.669998,87.650002,86.599998,86.720001,56.299549,6835900.00
2016-10-26,86.250000,87.449997,85.949997,87.089996,56.539726,8488100.00
2016-10-27,87.279999,87.660004,86.800003,86.919998,56.429390,9071100.00
2016-10-28,85.279999,86.360001,84.139999,84.779999,55.040081,19072200.00
2016-10-31,83.879997,84.400002,82.989998,83.320000,54.092232,16663800.00
2016-11-01,83.500000,83.919998,83.269997,83.650002,54.306450,13050600.00
2016-11-02,83.300003,83.879997,82.940002,83.449997,54.176636,11226100.00
2016-11-03,83.680000,83.879997,83.050003,83.660004,54.312965,8836500.00
2016-11-04,83.629997,84.330002,82.760002,83.570000,54.254528,13877100.00
2016-11-07,84.489998,85.470001,84.400002,85.449997,55.475029,13576200.00
2016-11-08,84.730003,85.830002,84.489998,85.309998,55.874565,9735200.00
2016-11-09,84.050003,86.709999,83.660004,86.250000,56.490238,15901300.00
2016-11-10,85.910004,87.989998,85.660004,87.050003,57.014202,14106100.00
2016-11-11,86.529999,86.730003,84.889999,85.669998,56.110352,13812200.00
2016-11-14,85.300003,85.650002,84.330002,85.279999,55.854919,12607500.00
2016-11-15,85.769997,87.059998,85.769997,86.820000,56.863579,12883500.00
2016-11-16,86.739998,86.779999,85.580002,85.750000,56.162750,8201200.00
2016-11-17,86.440002,86.879997,85.019997,85.230003,55.822182,8200500.00
2016-11-18,85.209999,85.650002,84.830002,85.279999,55.854919,8457800.00
2016-11-21,86.440002,86.690002,86.139999,86.489998,56.647411,8861500.00
2016-11-22,86.690002,87.239998,85.970001,86.680000,56.771881,9390200.00
2016-11-23,86.540001,87.080002,86.309998,86.919998,56.929050,5996300.00
2016-11-25,86.709999,87.139999,86.540001,87.120003,57.060055,5042300.00
2016-11-28,86.949997,87.129997,86.370003,86.470001,56.634312,7449600.00
2016-11-29,85.419998,86.080002,85.080002,85.900002,56.261013,9181100.00
2016-11-30,87.599998,88.190002,87.199997,87.300003,57.177940,22696200.00
2016-12-01,87.980003,88.500000,87.239998,87.239998,57.138634,13005600.00
2016-12-02,87.190002,87.989998,86.599998,87.040001,57.007671,9706600.00
2016-12-05,87.389999,87.820000,86.919998,87.480003,57.295849,11741100.00
2016-12-06,87.269997,87.870003,86.699997,87.559998,57.348232,11293600.00
2016-12-07,87.629997,88.150002,87.199997,88.070000,57.682243,11182600.00
2016-12-08,88.050003,88.849998,87.650002,88.320000,57.845993,9086700.00
2016-12-09,88.639999,89.000000,88.180000,89.000000,58.291370,8021700.00
2016-12-12,90.139999,91.500000,90.139999,90.980003,59.588207,15545400.00
2016-12-13,91.889999,93.220001,91.169998,92.580002,60.636143,18829300.00
2016-12-14,92.260002,92.269997,90.169998,90.580002,59.326199,16325400.00
2016-12-15,90.099998,90.980003,89.760002,90.889999,59.529240,11155100.00
2016-12-16,91.519997,91.669998,90.639999,91.180000,59.719189,20560400.00
2016-12-19,91.379997,91.540001,90.199997,90.419998,59.221424,9674400.00
2016-12-20,90.510002,90.849998,90.290001,90.430000,59.227970,7221000.00
2016-12-21,90.680000,90.900002,90.180000,90.279999,59.129726,7308000.00
2016-12-22,90.019997,90.900002,90.019997,90.870003,59.516163,8003100.00
2016-12-23,90.889999,90.959999,90.519997,90.709999,59.411358,4266500.00
2016-12-27,90.830002,91.110001,90.580002,90.750000,59.437542,4960600.00
2016-12-28,90.680000,91.110001,90.260002,90.300003,59.142807,6745900.00
2016-12-29,90.099998,90.599998,90.029999,90.349998,59.175579,6684700.00
2016-12-30,90.029999,90.699997,90.010002,90.260002,59.116623,9117800.00
2017-01-03,90.940002,91.339996,90.150002,90.889999,59.529240,10360600.00
2017-01-04,91.120003,91.150002,89.750000,89.889999,58.874287,9434200.00
2017-01-05,90.190002,90.300003,88.440002,88.550003,57.996658,14443200.00
2017-01-06,88.790001,88.980003,87.820000,88.500000,57.963879,16518100.00
2017-01-09,88.220001,88.220001,86.550003,87.040001,57.007671,13762300.00
2017-01-10,87.169998,87.309998,85.910004,85.930000,56.280659,13283100.00
2017-01-11,85.900002,86.949997,85.860001,86.809998,56.857025,11183700.00
2017-01-12,87.269997,87.379997,86.070000,86.339996,56.549194,10407000.00
2017-01-13,86.269997,86.680000,86.169998,86.349998,56.555725,8415600.00
2017-01-17,86.580002,87.389999,86.250000,87.360001,57.217239,13237300.00
2017-01-18,87.059998,87.410004,86.050003,86.279999,56.509872,11831700.00
2017-01-19,85.970001,86.099998,84.589996,84.730003,55.494709,16382900.00
2017-01-20,85.440002,85.959999,85.050003,85.889999,56.254440,18739700.00
2017-01-23,85.680000,85.879997,84.750000,84.970001,55.651894,11433900.00
2017-01-24,84.980003,85.470001,84.830002,85.089996,55.730469,11858100.00
2017-01-25,85.339996,85.879997,85.250000,85.339996,55.894226,9578500.00
2017-01-26,85.690002,85.830002,85.120003,85.599998,56.064522,8779400.00
2017-01-27,85.300003,85.750000,85.040001,85.510002,56.005569,10947900.00
2017-01-30,85.419998,85.449997,84.180000,84.860001,55.579857,12789200.00
2017-01-31,85.040001,85.070000,83.129997,83.889999,54.944538,19128100.00
2017-02-01,84.000000,84.160004,82.540001,82.940002,54.322315,15111800.00
2017-02-02,83.209999,83.529999,82.550003,83.449997,54.656353,12200100.00
2017-02-03,83.699997,83.720001,82.900002,83.540001,54.715290,12746300.00
2017-02-06,83.550003,83.650002,82.930000,83.309998,54.564640,9938200.00
2017-02-07,83.230003,83.620003,82.449997,82.769997,54.210972,11705200.00
2017-02-08,81.989998,82.120003,81.169998,81.480003,53.854073,14006300.00
2017-02-09,81.480003,82.050003,81.480003,81.839996,54.092014,9603000.00
2017-02-10,82.260002,82.769997,82.129997,82.519997,54.541435,8739800.00
2017-02-13,82.769997,83.180000,82.349998,83.000000,54.858711,9071600.00
2017-02-14,82.910004,83.099998,82.059998,82.820000,54.739738,11370500.00
2017-02-15,82.639999,83.180000,82.459999,83.160004,54.964470,11768500.00
2017-02-16,83.120003,83.419998,82.169998,82.300003,54.396034,10615000.00
2017-02-17,82.089996,82.190002,81.440002,81.760002,54.039135,15646000.00
2017-02-21,82.120003,82.150002,81.300003,81.889999,54.125061,16419600.00
2017-02-22,81.650002,81.699997,80.870003,80.930000,53.490543,12917400.00
2017-02-23,81.419998,82.220001,81.029999,81.779999,54.052341,13847000.00
2017-02-24,81.599998,81.800003,80.760002,81.080002,53.589668,11338700.00
2017-02-27,81.129997,81.709999,80.809998,81.540001,53.893711,13465900.00
2017-02-28,81.529999,81.989998,81.050003,81.320000,53.748322,16834200.00
2017-03-01,81.699997,83.330002,81.699997,83.019997,54.871929,17482100.00
2017-03-02,82.800003,84.250000,82.790001,83.300003,55.056988,14170300.00
2017-03-03,83.300003,83.599998,82.260002,82.459999,54.501781,12190400.00
2017-03-06,82.440002,82.900002,82.330002,82.830002,54.746353,9617200.00
2017-03-07,83.110001,83.290001,82.139999,82.519997,54.541435,12711500.00
2017-03-08,82.349998,82.379997,81.010002,81.029999,53.556637,16817700.00
2017-03-09,80.639999,81.720001,80.309998,81.669998,53.979637,14721800.00
2017-03-10,82.440002,82.470001,81.160004,81.610001,53.939987,11355200.00
2017-03-13,81.500000,81.940002,81.050003,81.419998,53.814411,9571400.00
2017-03-14,81.000000,81.230003,80.440002,80.989998,53.530209,11335700.00
2017-03-15,81.349998,82.059998,81.050003,82.000000,54.197735,11970300.00
2017-03-16,82.029999,82.199997,81.669998,82.070000,54.244022,9923800.00
2017-03-17,82.029999,82.260002,81.820000,82.000000,54.197735,18834100.00
2017-03-20,81.720001,82.040001,81.440002,82.000000,54.197735,7700300.00
2017-03-21,82.160004,82.349998,81.599998,81.830002,54.085407,13387700.00
2017-03-22,81.959999,82.089996,81.430000,81.760002,54.039135,11168400.00
2017-03-23,81.629997,82.220001,81.459999,81.860001,54.105209,8928000.00
2017-03-24,82.029999,82.029999,81.150002,81.230003,53.688824,9128500.00
2017-03-27,80.820000,81.430000,80.790001,81.250000,53.702045,8481200.00
2017-03-28,81.320000,82.019997,80.959999,81.839996,54.092014,11028600.00
2017-03-29,81.690002,82.279999,81.550003,82.019997,54.210976,8495500.00
2017-03-30,82.029999,83.870003,81.940002,83.699997,55.321358,44704900.00
2017-03-31,83.260002,83.309998,81.860001,82.010002,54.204361,21750400.00
2017-04-03,82.019997,82.309998,81.349998,82.070000,54.244022,11438700.00
2017-04-04,82.099998,82.419998,81.330002,82.370003,54.442310,9270900.00
2017-04-05,82.849998,83.550003,82.470001,82.529999,54.548042,13809100.00
2017-04-06,82.750000,83.209999,82.459999,83.010002,54.865322,9554900.00
2017-04-07,83.239998,83.360001,82.680000,82.760002,54.700100,8909600.00
2017-04-10,83.120003,83.470001,82.919998,83.129997,54.944630,8885300.00
2017-04-11,83.080002,83.169998,82.419998,82.839996,54.752945,8576500.00
2017-04-12,82.860001,83.349998,82.699997,82.970001,54.838863,9516100.00
2017-04-13,82.720001,82.730003,81.570000,81.690002,53.992863,8667900.00
2017-04-17,81.849998,81.970001,81.440002,81.580002,53.920162,9577200.00
2017-04-18,81.320000,81.820000,81.029999,81.050003,53.569870,8821400.00
2017-04-19,81.169998,81.510002,80.300003,80.489998,53.199730,10764400.00
2017-04-20,80.949997,81.739998,80.699997,81.010002,53.543415,11649100.00
2017-04-21,80.930000,81.000000,80.470001,80.690002,53.331913,9816700.00
2017-04-24,81.279999,81.400002,80.809998,81.110001,53.609516,8729700.00
2017-04-25,81.430000,81.930000,81.279999,81.730003,54.019310,10733800.00
2017-04-26,81.519997,82.330002,81.389999,81.400002,53.801178,9445900.00
2017-04-27,81.070000,81.300003,80.940002,81.260002,53.708660,12385300.00
2017-04-28,82.459999,82.489998,81.559998,81.650002,53.966438,12072200.00
2017-05-01,81.510002,82.209999,81.480003,82.059998,54.237419,8664100.00
2017-05-02,82.139999,82.589996,81.900002,82.050003,54.230812,9102900.00
2017-05-03,81.970001,83.070000,81.910004,82.699997,54.660419,10289000.00
2017-05-04,82.290001,82.360001,81.400002,81.639999,53.959812,16164500.00
2017-05-05,81.629997,82.239998,81.610001,82.019997,54.210976,10213000.00
2017-05-08,82.000000,82.940002,82.000000,82.889999,54.785984,8097100.00
2017-05-09,82.959999,83.000000,82.160004,82.309998,54.402649,8647100.00
2017-05-10,82.120003,82.370003,81.650002,81.910004,54.649517,9520300.00
2017-05-11,82.589996,82.709999,82.099998,82.610001,55.116539,10047300.00
2017-05-12,82.389999,82.709999,82.250000,82.550003,55.076508,7480200.00
2017-05-15,83.000000,83.180000,82.650002,82.800003,55.243328,10881500.00
2017-05-16,82.900002,83.230003,82.449997,82.550003,55.076508,9574200.00
2017-05-17,82.550003,83.040001,81.959999,81.989998,54.702869,11151100.00
2017-05-18,81.769997,82.150002,81.419998,81.750000,54.542770,9905800.00
2017-05-19,82.000000,82.089996,81.690002,81.930000,54.662846,13028500.00
2017-05-22,82.110001,82.330002,81.930000,82.290001,54.903034,9218700.00
2017-05-23,82.320000,82.889999,82.239998,82.580002,55.096519,6857200.00
2017-05-24,82.419998,82.540001,82.010002,82.290001,54.903034,8136000.00
2017-05-25,82.330002,82.709999,81.519997,81.750000,54.542770,12370900.00
2017-05-26,81.610001,81.800003,80.830002,81.550003,54.409325,8227100.00
2017-05-30,81.279999,81.339996,81.040001,81.099998,54.109081,8973600.00
2017-05-31,80.940002,80.949997,80.470001,80.500000,53.708759,13572300.00
2017-06-01,80.370003,80.900002,80.190002,80.699997,53.842216,9884100.00
2017-06-02,80.589996,80.680000,79.260002,79.500000,53.041580,21687300.00
2017-06-05,79.440002,80.389999,79.400002,80.120003,53.455238,11527100.00
2017-06-06,80.300003,81.320000,80.220001,81.209999,54.182480,12208600.00
2017-06-07,81.050003,81.400002,80.339996,80.910004,53.982315,13096500.00
2017-06-08,80.910004,81.080002,80.489998,80.620003,53.788849,11720700.00
2017-06-09,81.150002,82.139999,80.690002,82.129997,54.796291,13553900.00
2017-06-12,82.129997,83.690002,82.129997,82.930000,55.330048,18172900.00
2017-06-13,82.849998,83.269997,82.570000,82.959999,55.350060,12175500.00
2017-06-14,82.809998,82.820000,81.559998,82.070000,54.756260,13714000.00
2017-06-15,81.779999,82.400002,81.580002,82.260002,54.883038,11862600.00
2017-06-16,82.610001,83.540001,82.199997,83.489998,55.703674,39726100.00
2017-06-19,83.489998,83.489998,82.550003,82.760002,55.216644,10445700.00
2017-06-20,82.070000,82.470001,81.410004,82.309998,54.916386,13232600.00
2017-06-21,82.040001,82.629997,81.139999,81.440002,54.335926,11422300.00
2017-06-22,81.449997,81.580002,80.900002,81.080002,54.095726,8139900.00
2017-06-23,80.849998,81.690002,80.760002,81.610001,54.449356,10611200.00
2017-06-26,81.570000,81.750000,80.910004,81.239998,54.202488,7718700.00
2017-06-27,81.449997,81.730003,81.110001,81.110001,54.115765,9221600.00
2017-06-28,81.410004,81.760002,81.190002,81.529999,54.395969,9189700.00
2017-06-29,81.370003,81.839996,80.410004,80.699997,53.842216,20525100.00
2017-06-30,81.080002,81.239998,80.699997,80.730003,53.862236,14000600.00
2017-07-03,80.790001,82.489998,80.720001,82.099998,54.776272,8422300.00
2017-07-05,81.680000,81.680000,80.519997,80.849998,53.942291,9830800.00
2017-07-06,80.860001,81.080002,80.089996,80.120003,53.455238,9822400.00
2017-07-07,80.199997,80.599998,79.809998,80.220001,53.521984,10777800.00
2017-07-10,80.000000,80.410004,79.959999,80.160004,53.481930,6338300.00
2017-07-11,80.330002,80.750000,80.040001,80.599998,53.775501,9681100.00
2017-07-12,81.190002,81.519997,80.750000,80.959999,54.015697,7974000.00
2017-07-13,80.970001,81.089996,80.730003,80.970001,54.022346,5582300.00
2017-07-14,81.000000,81.410004,80.769997,81.279999,54.229183,7497200.00
2017-07-17,81.000000,81.430000,80.830002,80.860001,53.948959,7914700.00
2017-07-18,81.019997,81.080002,80.410004,80.599998,53.775501,8046100.00
2017-07-19,80.440002,80.870003,80.269997,80.849998,53.942291,9393200.00
2017-07-20,80.970001,81.489998,80.750000,80.860001,53.948959,9681000.00
2017-07-21,80.650002,80.839996,80.000000,80.120003,53.455238,12268600.00
2017-07-24,80.059998,80.220001,79.760002,79.870003,53.288445,9403000.00
2017-07-25,80.769997,81.050003,80.269997,80.269997,53.555332,11465300.00
2017-07-26,80.580002,80.900002,80.199997,80.370003,53.622036,10465100.00
2017-07-27,80.239998,80.879997,79.900002,80.830002,53.928951,11149700.00
2017-07-28,79.650002,79.919998,78.269997,79.599998,53.108295,22800800.00
2017-07-31,79.830002,80.389999,79.599998,80.040001,53.401855,12820200.00
2017-08-01,80.160004,80.540001,79.970001,80.169998,53.488594,10421200.00
2017-08-02,79.900002,80.639999,79.800003,80.599998,53.775501,10410100.00
2017-08-03,80.339996,80.820000,80.300003,80.489998,53.702106,10136700.00
2017-08-04,80.440002,80.559998,80.050003,80.209999,53.515297,8292200.00
2017-08-07,80.169998,80.169998,79.860001,80.160004,53.481930,7893800.00
2017-08-08,80.019997,80.220001,79.830002,79.959999,53.348503,9028400.00
2017-08-09,80.250000,80.349998,79.779999,80.209999,53.515297,8087100.00
2017-08-10,79.760002,79.779999,78.910004,78.970001,53.198666,12580300.00
2017-08-11,79.209999,79.250000,78.199997,78.209999,52.686691,10192400.00
2017-08-14,78.620003,78.790001,78.120003,78.230003,52.700165,8862500.00
2017-08-15,78.120003,78.250000,77.680000,78.040001,52.572163,10350900.00
2017-08-16,78.040001,78.169998,77.309998,77.470001,52.188187,9117100.00
2017-08-17,77.260002,77.279999,76.209999,76.260002,51.373055,13400400.00
2017-08-18,76.180000,77.110001,76.050003,76.639999,51.629055,14324300.00
2017-08-21,76.470001,76.620003,76.080002,76.379997,51.453892,10084900.00
2017-08-22,76.550003,77.330002,76.529999,76.739998,51.696419,9503600.00
2017-08-23,76.699997,77.010002,76.470001,76.610001,51.608841,7054300.00
2017-08-24,76.500000,76.650002,76.199997,76.330002,51.420219,8678300.00
2017-08-25,76.559998,77.129997,76.430000,76.720001,51.682938,6844900.00
2017-08-28,76.900002,76.940002,76.260002,76.470001,51.514534,8229700.00
2017-08-29,76.209999,76.489998,76.080002,76.449997,51.501053,7060400.00
2017-08-30,76.239998,76.449997,76.059998,76.099998,51.265289,8218000.00
2017-08-31,76.269997,76.489998,76.050003,76.330002,51.420219,15641700.00
2017-09-01,76.370003,76.849998,76.320000,76.570000,51.581898,7361100.00
2017-09-05,76.639999,77.360001,76.610001,77.180000,51.992836,12784800.00
2017-09-06,77.889999,79.220001,77.580002,78.779999,53.070683,18574400.00
2017-09-07,79.019997,79.330002,78.610001,79.029999,53.239079,9836400.00
2017-09-08,79.010002,79.040001,78.629997,78.820000,53.097614,8436000.00
2017-09-11,79.410004,79.419998,78.900002,79.250000,53.387295,12955800.00
2017-09-12,79.400002,79.690002,79.239998,79.500000,53.555706,7644400.00
2017-09-13,79.500000,79.769997,79.379997,79.769997,53.737602,8369700.00
2017-09-14,79.849998,80.230003,79.769997,80.089996,53.953167,9072600.00
2017-09-15,80.120003,80.209999,79.550003,80.070000,53.939701,16043700.00
2017-09-18,79.790001,80.139999,79.699997,80.089996,53.953167,8594400.00
2017-09-19,80.059998,80.389999,79.989998,80.220001,54.040764,9277100.00
2017-09-20,80.279999,80.660004,80.260002,80.550003,54.263050,10606900.00
2017-09-21,80.489998,80.529999,79.760002,79.889999,53.818439,11984200.00
2017-09-22,79.720001,80.300003,79.669998,79.919998,53.838665,10205800.00
2017-09-25,80.029999,81.000000,79.980003,80.980003,54.552723,10496600.00
2017-09-26,80.709999,81.000000,80.559998,80.889999,54.492081,8755100.00
2017-09-27,80.889999,81.449997,80.790001,81.430000,54.855877,9724500.00
2017-09-28,81.629997,82.449997,81.559998,82.190002,55.367840,15581700.00
2017-09-29,81.940002,82.059998,81.580002,81.980003,55.226391,9944000.00
2017-10-02,81.300003,81.820000,81.250000,81.629997,54.990604,6777900.00
2017-10-03,81.410004,81.970001,81.300003,81.760002,55.078178,6082000.00
2017-10-04,81.800003,81.870003,81.449997,81.790001,55.098392,6357100.00
2017-10-05,81.720001,82.239998,81.589996,82.019997,55.253326,7375900.00
2017-10-06,81.769997,81.889999,81.360001,81.709999,55.044491,6070600.00
2017-10-09,81.839996,82.180000,81.760002,82.029999,55.260056,7489900.00
2017-10-10,82.339996,82.739998,82.089996,82.260002,55.415012,7218500.00
2017-10-11,82.160004,82.739998,82.139999,82.599998,55.644035,7023700.00
2017-10-12,82.309998,82.500000,82.169998,82.430000,55.529518,6647500.00
2017-10-13,82.730003,83.080002,82.360001,82.410004,55.516045,7180000.00
2017-10-16,82.699997,82.949997,82.540001,82.809998,55.785526,5734000.00
2017-10-17,82.629997,82.970001,82.540001,82.959999,55.886559,6444100.00
2017-10-18,82.959999,83.389999,82.540001,82.760002,55.751850,6367100.00
2017-10-19,82.349998,83.050003,82.330002,82.739998,55.738346,7945500.00
2017-10-20,82.849998,83.129997,82.620003,83.110001,55.987610,9574100.00
2017-10-23,83.150002,83.760002,83.040001,83.239998,56.075191,9829900.00
2017-10-24,83.550003,83.809998,83.309998,83.470001,56.230145,7551200.00
2017-10-25,83.449997,83.730003,82.949997,83.169998,56.028023,9153300.00
2017-10-26,83.370003,83.650002,83.110001,83.470001,56.230145,9154500.00
2017-10-27,83.000000,84.239998,82.010002,83.709999,56.391796,14866200.00
2017-10-30,83.709999,83.949997,83.410004,83.540001,56.277279,7811100.00
2017-10-31,83.650002,83.680000,83.169998,83.349998,56.149273,9754200.00
2017-11-01,83.389999,83.940002,83.260002,83.870003,56.499588,9430000.00
2017-11-02,83.599998,83.709999,82.910004,83.529999,56.270538,7775500.00
2017-11-03,83.419998,83.639999,83.160004,83.180000,56.034767,6903500.00
2017-11-06,83.300003,83.870003,83.059998,83.750000,56.418762,9276700.00
2017-11-07,83.739998,83.820000,83.029999,83.580002,56.304222,8471800.00
2017-11-08,83.360001,83.500000,82.860001,83.470001,56.230145,8691600.00
2017-11-09,83.300003,84.139999,83.080002,83.970001,56.566959,10528800.00
2017-11-10,83.010002,83.080002,82.419998,82.940002,56.390182,8693700.00
2017-11-13,82.650002,83.089996,82.599998,82.889999,56.356178,6720400.00
2017-11-14,82.419998,82.750000,82.089996,82.239998,55.914268,9251700.00
2017-11-15,81.750000,82.089996,81.150002,81.209999,55.213966,9663600.00
2017-11-16,80.440002,80.849998,80.150002,80.559998,54.772034,10527200.00
2017-11-17,80.320000,80.660004,80.160004,80.239998,54.554485,9536400.00
2017-11-20,80.230003,80.639999,80.010002,80.550003,54.765247,8468600.00
2017-11-21,80.690002,81.250000,80.639999,80.870003,54.982800,8838400.00
2017-11-22,81.160004,81.410004,81.050003,81.099998,55.139187,7941600.00
2017-11-24,81.440002,81.699997,81.220001,81.419998,55.356739,3851300.00
2017-11-27,81.320000,81.400002,81.019997,81.110001,55.145977,9127500.00
2017-11-28,81.410004,82.000000,81.309998,81.669998,55.526707,9794600.00
2017-11-29,81.650002,82.309998,81.480003,82.269997,55.934650,9725000.00
2017-11-30,82.449997,83.400002,82.410004,83.290001,56.628147,18592700.00
2017-12-01,83.440002,84.129997,82.410004,83.459999,56.743732,13779300.00
2017-12-04,83.209999,84.180000,83.000000,83.570000,56.818512,12597700.00
2017-12-05,83.410004,83.769997,82.709999,82.889999,56.356178,9357200.00
2017-12-06,82.849998,83.199997,82.209999,82.279999,55.941437,13398900.00
2017-12-07,82.400002,82.620003,82.169998,82.550003,56.125031,11359600.00
2017-12-08,82.489998,82.900002,82.260002,82.660004,56.199810,11988600.00
2017-12-11,83.040001,83.250000,82.739998,83.029999,56.451374,8760700.00
2017-12-12,82.889999,83.379997,82.699997,82.760002,56.267799,11307000.00
2017-12-13,82.610001,83.300003,82.480003,83.120003,56.512573,10172700.00
2017-12-14,83.029999,83.330002,82.889999,82.900002,56.362988,9492400.00
2017-12-15,83.160004,83.279999,82.870003,83.029999,56.451374,26582300.00
2017-12-18,83.180000,83.669998,82.910004,82.940002,56.390182,9363500.00
2017-12-19,83.029999,83.169998,82.330002,82.440002,56.050228,10285100.00
2017-12-20,82.599998,83.139999,82.519997,82.870003,56.342609,10620300.00
2017-12-21,83.349998,84.269997,82.959999,83.849998,57.008884,13578100.00
2017-12-22,83.879997,84.019997,83.599998,83.970001,57.090454,10161400.00
2017-12-26,83.959999,84.360001,83.900002,83.980003,57.097271,4777200.00
2017-12-27,83.989998,84.099998,83.739998,83.900002,57.042885,7000600.00
2017-12-28,83.980003,84.050003,83.800003,84.019997,57.124454,7495300.00
2017-12-29,84.000000,84.199997,83.639999,83.639999,56.866104,8523400.00
2018-01-02,83.820000,85.199997,83.660004,85.029999,57.811131,11469300.00
2018-01-03,85.160004,86.970001,84.820000,86.699997,58.946556,13957700.00
2018-01-04,86.790001,87.220001,86.430000,86.820000,59.028175,10863000.00
2018-01-05,86.750000,86.879997,85.709999,86.750000,58.980549,11047600.00
2018-01-08,86.699997,87.150002,86.599998,87.139999,59.245728,10927100.00
2018-01-09,86.940002,87.150002,86.650002,86.769997,58.994175,8131600.00
2018-01-10,87.000000,87.190002,85.980003,86.080002,58.525047,10822300.00
2018-01-11,86.360001,87.370003,85.930000,86.930000,59.102951,14366000.00
2018-01-12,87.199997,87.989998,87.180000,87.519997,59.504066,9834500.00
2018-01-16,87.739998,87.760002,86.599998,86.970001,59.130154,10882800.00
2018-01-17,87.199997,88.209999,86.930000,88.000000,59.830425,10546000.00
2018-01-18,87.769997,88.190002,87.339996,87.430000,59.442905,9223700.00
2018-01-19,87.570000,87.760002,86.610001,87.150002,59.252537,13090000.00
2018-01-22,87.169998,88.290001,87.050003,88.250000,60.000412,10270400.00
2018-01-23,88.250000,88.459999,87.739998,88.300003,60.034397,10281800.00
2018-01-24,88.489998,88.919998,88.010002,88.529999,60.190773,10316100.00
2018-01-25,88.550003,88.870003,88.199997,88.370003,60.082005,11271900.00
2018-01-26,88.639999,89.000000,88.470001,89.000000,60.510334,10514400.00
2018-01-29,88.589996,89.300003,87.949997,88.010002,59.837223,9315700.00
2018-01-30,87.540001,88.379997,86.779999,86.779999,59.000954,12408000.00
2018-01-31,86.559998,87.470001,86.330002,87.300003,59.354530,14404700.00
2018-02-01,87.500000,89.250000,87.349998,89.070000,60.557915,17971000.00
2018-02-02,85.129997,86.010002,83.000000,84.529999,57.471191,29822100.00
2018-02-05,83.279999,83.989998,78.129997,79.720001,54.200935,30452700.00
2018-02-06,78.510002,80.349998,76.900002,78.349998,53.269474,36262800.00
2018-02-07,78.440002,79.410004,76.919998,76.940002,52.310829,21994500.00
2018-02-08,77.440002,77.580002,76.029999,76.070000,51.719326,25650800.00
2018-02-09,76.250000,76.480003,73.900002,75.779999,52.049015,29491600.00
2018-02-12,77.050003,77.620003,75.839996,76.419998,52.488590,19340400.00
2018-02-13,76.099998,76.750000,75.730003,76.300003,52.406158,11926600.00
2018-02-14,75.790001,76.660004,75.169998,76.459999,52.516060,17188400.00
2018-02-15,76.620003,76.699997,75.449997,76.209999,52.344357,14432400.00
2018-02-16,76.150002,77.120003,75.849998,76.540001,52.571007,13722400.00
2018-02-20,76.470001,77.470001,75.459999,75.750000,52.028393,13387300.00
2018-02-21,75.820000,76.440002,74.870003,74.889999,51.437721,11715000.00
2018-02-22,75.300003,76.839996,75.190002,75.860001,52.103970,14020200.00
2018-02-23,76.089996,77.620003,75.949997,77.529999,53.250977,13378800.00
2018-02-26,77.739998,78.930000,77.559998,78.839996,54.150753,16940400.00
2018-02-27,79.000000,79.870003,77.500000,77.500000,53.230392,14629500.00
2018-02-28,78.160004,78.250000,75.699997,75.739998,52.021538,17087800.00
2018-03-01,75.529999,76.680000,74.860001,75.199997,51.650627,15696700.00
2018-03-02,74.889999,75.870003,74.480003,75.550003,51.891037,15630300.00
2018-03-05,75.230003,76.559998,75.120003,76.269997,52.385574,14891000.00
2018-03-06,76.669998,76.980003,75.860001,76.180000,52.323753,10754300.00
2018-03-07,75.000000,75.239998,73.559998,74.260002,51.005013,27255500.00
2018-03-08,74.500000,74.769997,73.690002,74.120003,50.908855,19299800.00
2018-03-09,74.820000,75.059998,74.209999,74.559998,51.211060,19714100.00
2018-03-12,74.870003,75.580002,74.690002,75.239998,51.678101,14226700.00
2018-03-13,75.330002,75.820000,74.250000,74.529999,51.190453,13739700.00
2018-03-14,74.639999,74.790001,73.529999,73.599998,50.551693,14820700.00
2018-03-15,74.349998,75.000000,74.099998,74.419998,51.114902,15640600.00
2018-03-16,74.360001,75.120003,74.360001,75.120003,51.595715,32109700.00
2018-03-19,75.000000,75.010002,73.860001,74.150002,50.929447,12744800.00
2018-03-20,74.220001,74.699997,73.949997,73.989998,50.819557,13003200.00
2018-03-21,74.230003,75.639999,73.980003,75.040001,51.540737,15418500.00
2018-03-22,74.419998,74.699997,73.389999,73.500000,50.483025,17737000.00
2018-03-23,73.809998,74.209999,72.669998,72.889999,50.064030,20157300.00
2018-03-26,73.650002,74.150002,72.750000,74.000000,50.826435,15032700.00
2018-03-27,74.000000,74.889999,73.279999,73.699997,50.620377,15821900.00
2018-03-28,73.739998,74.010002,72.779999,72.809998,50.009079,18163900.00
2018-03-29,73.330002,74.889999,73.260002,74.610001,51.245407,14882900.00
2018-04-02,74.269997,74.400002,72.160004,73.220001,50.290684,17891100.00
2018-04-03,73.449997,75.139999,73.099998,75.019997,51.527008,15999200.00
2018-04-04,74.050003,75.059998,73.440002,74.870003,51.424000,13122200.00
2018-04-05,75.059998,76.320000,75.019997,76.019997,52.213848,14200000.00
2018-04-06,75.639999,76.120003,74.220001,74.870003,51.424000,14299600.00
2018-04-09,75.220001,75.790001,74.800003,74.870003,51.424000,11103100.00
2018-04-10,76.080002,77.769997,76.059998,77.070000,52.935043,19006100.00
2018-04-11,77.110001,78.040001,76.750000,77.430000,53.182316,13734000.00
2018-04-12,77.860001,78.139999,77.010002,77.220001,53.038078,13270400.00
2018-04-13,77.800003,78.190002,77.599998,77.839996,53.463909,10925000.00
2018-04-16,78.120003,79.080002,77.709999,78.540001,53.944698,10743600.00
2018-04-17,78.540001,78.760002,78.040001,78.330002,53.800465,10478100.00
2018-04-18,79.040001,79.760002,78.940002,79.220001,54.411770,12061400.00
2018-04-19,79.320000,79.820000,78.809998,79.419998,54.549126,11291500.00
2018-04-20,79.320000,79.400002,78.330002,79.000000,54.260654,12072200.00
2018-04-23,78.919998,79.599998,78.750000,79.570000,54.652145,11729800.00
2018-04-24,79.800003,79.930000,77.970001,78.349998,53.814182,14102000.00
2018-04-25,78.199997,79.620003,77.489998,79.500000,54.604073,13867500.00
2018-04-26,79.599998,80.900002,79.529999,80.860001,55.538166,14554400.00
2018-04-27,76.949997,78.650002,76.480003,77.790001,53.429569,16346800.00
2018-04-30,77.910004,78.559998,77.739998,77.750000,53.402103,15028800.00
2018-05-01,77.260002,77.260002,75.980003,76.949997,52.852619,16231000.00
2018-05-02,76.449997,77.230003,76.300003,76.800003,52.749603,13883700.00
2018-05-03,76.389999,76.610001,75.400002,76.540001,52.571007,12243100.00
2018-05-04,76.129997,77.220001,75.940002,76.900002,52.818291,9887200.00
2018-05-07,77.739998,79.080002,77.400002,77.739998,53.395218,15071500.00
2018-05-08,77.800003,78.160004,76.370003,78.089996,53.635620,17430400.00
2018-05-09,78.980003,80.239998,78.949997,79.930000,54.899406,17142100.00
2018-05-10,80.639999,81.790001,80.500000,81.720001,56.128860,17710300.00
2018-05-11,81.180000,81.970001,80.910004,81.279999,56.392517,14751000.00
2018-05-14,81.699997,82.320000,81.610001,81.830002,56.774113,11852100.00
2018-05-15,81.849998,82.029999,81.400002,81.790001,56.746357,12595700.00
2018-05-16,81.760002,82.050003,81.169998,82.019997,56.905918,9570000.00
2018-05-17,82.199997,82.279999,81.440002,81.879997,56.808796,11224100.00
2018-05-18,81.550003,81.800003,81.260002,81.300003,56.406399,10030900.00
2018-05-21,81.730003,82.349998,81.519997,82.279999,57.086300,8822400.00
2018-05-22,82.440002,82.650002,81.349998,81.639999,56.642296,10753400.00
2018-05-23,80.949997,82.230003,80.570000,82.150002,56.996120,15140900.00
2018-05-24,81.349998,81.360001,79.949997,80.269997,55.691776,13360500.00
2018-05-25,79.279999,79.330002,78.089996,78.709999,54.609440,14562000.00
2018-05-29,78.150002,78.730003,77.529999,78.419998,54.408215,14644800.00
2018-05-30,79.250000,81.660004,79.220001,81.500000,56.545151,16627500.00
2018-05-31,80.809998,81.550003,80.690002,81.239998,56.364761,15803100.00
2018-06-01,81.870003,82.349998,81.550003,81.830002,56.774113,9906100.00
2018-06-04,82.050003,82.529999,80.809998,80.970001,56.177425,10954700.00
2018-06-05,80.589996,81.650002,80.410004,80.680000,55.976227,12059300.00
2018-06-06,81.480003,82.089996,80.870003,82.059998,56.933693,11603300.00
2018-06-07,82.730003,83.290001,82.559998,82.879997,57.502586,13502500.00
2018-06-08,83.110001,83.660004,82.500000,83.599998,58.002132,14350400.00
2018-06-11,83.720001,83.790001,82.930000,83.099998,57.655243,10831600.00
2018-06-12,83.110001,83.750000,82.320000,82.419998,57.183456,12351800.00
2018-06-13,82.440002,82.599998,81.470001,81.510002,56.552082,12049300.00
2018-06-14,81.940002,82.300003,81.500000,81.889999,56.815746,11477300.00
2018-06-15,81.720001,81.820000,80.510002,80.660004,55.962357,23797500.00
2018-06-18,80.400002,81.379997,80.300003,80.820000,56.073372,9192600.00
2018-06-19,79.889999,80.959999,79.709999,80.699997,55.990097,8759700.00
2018-06-20,80.849998,81.129997,80.269997,80.449997,55.816624,8917700.00
2018-06-21,80.019997,80.379997,79.330002,79.690002,55.289368,10990700.00
2018-06-22,81.160004,81.940002,80.919998,81.379997,56.461891,16012200.00
2018-06-25,80.779999,81.239998,79.300003,79.739998,55.324051,10557200.00
2018-06-26,80.150002,81.010002,79.970001,80.639999,55.948479,10382800.00
2018-06-27,81.059998,82.480003,81.059998,81.709999,56.690842,12725900.00
2018-06-28,81.730003,82.070000,81.029999,81.970001,56.871231,9390700.00
2018-06-29,82.449997,83.540001,82.290001,82.730003,57.398544,17323200.00
2018-07-02,81.889999,82.129997,81.320000,81.760002,56.725559,9998300.00
2018-07-03,82.580002,83.449997,82.080002,82.239998,57.058571,7197300.00
2018-07-05,82.589996,82.769997,82.050003,82.309998,57.107132,9035700.00
2018-07-06,81.959999,82.699997,81.660004,82.330002,57.120995,7637100.00
2018-07-09,82.809998,83.129997,82.559998,82.900002,57.516476,7158600.00
2018-07-10,83.699997,84.120003,83.510002,83.660004,58.043758,8806200.00
2018-07-11,83.029999,83.529999,82.029999,82.589996,57.301399,10405300.00
2018-07-12,83.010002,83.239998,82.309998,82.690002,57.370785,9762200.00
2018-07-13,82.680000,83.750000,82.559998,83.309998,57.800922,8720000.00
2018-07-16,82.519997,82.790001,82.000000,82.489998,57.232002,8306900.00
2018-07-17,82.260002,82.750000,82.040001,82.309998,57.107132,7373300.00
2018-07-18,81.800003,82.320000,81.489998,82.220001,57.044689,8711900.00
2018-07-19,82.199997,82.620003,81.720001,82.010002,56.898998,8659100.00
2018-07-20,81.720001,81.930000,81.250000,81.400002,56.475754,9196300.00
2018-07-23,81.949997,82.000000,81.180000,81.400002,56.475754,8425900.00
2018-07-24,81.519997,83.019997,81.480003,83.010002,57.592796,11121000.00
2018-07-25,83.010002,83.739998,82.510002,83.589996,57.995213,9523600.00
2018-07-26,83.830002,84.400002,83.370003,84.239998,58.446171,13210100.00
2018-07-27,80.970001,82.379997,80.809998,81.919998,56.836536,18220800.00
2018-07-30,82.129997,82.129997,80.709999,81.739998,56.711662,11282800.00
2018-07-31,81.639999,82.150002,81.440002,81.510002,56.552082,11716800.00
2018-08-01,80.889999,80.930000,80.220001,80.389999,55.775024,8936300.00
2018-08-02,79.889999,80.260002,79.449997,79.910004,55.441998,8364300.00
2018-08-03,79.970001,80.300003,79.629997,80.199997,55.643192,7811100.00
2018-08-06,80.250000,80.430000,79.739998,80.180000,55.629318,10041800.00
2018-08-07,80.910004,81.589996,80.309998,81.269997,56.385574,10698100.00
2018-08-08,81.019997,81.230003,80.349998,80.730003,56.010914,7275000.00
2018-08-09,80.730003,80.910004,80.110001,80.320000,55.726460,9828500.00
2018-08-10,79.510002,79.519997,78.860001,79.419998,55.670380,12954300.00
2018-08-13,79.449997,79.750000,78.430000,78.559998,55.067558,10308500.00
2018-08-14,78.989998,79.070000,78.080002,78.309998,54.892303,8005900.00
2018-08-15,77.779999,77.900002,76.510002,76.940002,53.931980,16307800.00
2018-08-16,77.279999,78.099998,77.199997,78.000000,54.675003,11519900.00
2018-08-17,78.339996,78.489998,77.800003,78.260002,54.857281,10178400.00
2018-08-20,78.260002,79.000000,78.169998,78.809998,55.242779,8152100.00
2018-08-21,79.050003,79.580002,78.669998,78.830002,55.256805,9192200.00
2018-08-22,79.110001,80.050003,79.019997,79.959999,56.048901,10098200.00
2018-08-23,79.559998,79.629997,78.900002,79.080002,55.432049,7203900.00
2018-08-24,79.519997,80.050003,79.419998,79.620003,55.810570,6545200.00
2018-08-27,79.910004,80.470001,79.860001,80.400002,56.357323,6671900.00
2018-08-28,80.580002,80.820000,80.199997,80.279999,56.273197,8823400.00
2018-08-29,80.440002,81.040001,80.099998,80.860001,56.679760,8004800.00
2018-08-30,80.449997,80.779999,80.120003,80.510002,56.434425,7450900.00
2018-08-31,80.239998,80.459999,79.769997,80.169998,56.196091,10700000.00
2018-09-04,80.410004,80.690002,79.809998,80.290001,56.280220,8855000.00
2018-09-05,79.900002,81.430000,79.599998,81.360001,57.030251,13878400.00
2018-09-06,81.110001,81.639999,80.339996,80.459999,56.399372,13320600.00
2018-09-07,80.150002,81.930000,79.820000,81.830002,57.359707,16417800.00
2018-09-10,82.239998,82.739998,81.660004,81.709999,57.275578,10817900.00
2018-09-11,81.959999,83.190002,81.629997,82.860001,58.081680,11891900.00
2018-09-12,83.250000,83.779999,82.870003,83.129997,58.270935,11556300.00
2018-09-13,83.150002,83.250000,82.010002,82.320000,57.703163,11162700.00
2018-09-14,82.419998,83.150002,82.269997,82.919998,58.123745,9442600.00
2018-09-17,83.000000,83.610001,82.989998,83.410004,58.467228,8403300.00
2018-09-18,83.900002,84.129997,83.449997,83.629997,58.621422,9219900.00
2018-09-19,83.639999,84.769997,83.639999,84.629997,59.322399,10413600.00
2018-09-20,84.860001,85.339996,84.540001,84.820000,59.455589,11198200.00
2018-09-21,85.010002,85.430000,84.519997,85.169998,59.700897,26639400.00
2018-09-24,85.790001,87.089996,85.720001,86.599998,60.703293,13549500.00
2018-09-25,87.029999,87.360001,86.370003,86.500000,60.633186,12200700.00
2018-09-26,86.019997,86.500000,85.690002,85.779999,60.128490,10275500.00
2018-09-27,86.089996,86.379997,85.589996,85.769997,60.121490,7895400.00
2018-09-28,85.250000,85.930000,84.989998,85.019997,59.595764,9884900.00
2018-10-01,85.349998,86.029999,85.260002,85.809998,60.149529,8566900.00
2018-10-02,85.800003,86.669998,85.620003,86.459999,60.605156,8453100.00
2018-10-03,86.510002,86.889999,85.980003,86.150002,60.387840,10206700.00
2018-10-04,85.500000,86.080002,85.250000,85.580002,59.988308,10204600.00
2018-10-05,85.309998,85.699997,84.930000,85.339996,59.820091,9217400.00
2018-10-08,84.790001,86.309998,84.650002,86.129997,60.373833,13242400.00
2018-10-09,86.379997,86.879997,85.739998,86.510002,60.640209,10177900.00
2018-10-10,86.730003,86.820000,84.500000,84.519997,59.245285,16573400.00
2018-10-11,83.940002,84.169998,81.169998,81.599998,57.198475,20320100.00
2018-10-12,82.129997,82.239998,80.269997,81.379997,57.044270,15216300.00
2018-10-15,81.379997,81.739998,80.820000,80.820000,56.651733,10558800.00
2018-10-16,80.510002,81.269997,80.010002,81.199997,56.918091,9781800.00
2018-10-17,80.940002,81.519997,80.339996,81.500000,57.128376,12247700.00
2018-10-18,81.199997,82.470001,81.199997,81.849998,57.373718,17448600.00
2018-10-19,81.660004,82.459999,81.510002,81.970001,57.457836,12098700.00
2018-10-22,82.000000,82.180000,80.639999,81.150002,56.883053,9474100.00
2018-10-23,80.059998,80.459999,78.720001,79.839996,55.964783,15465100.00
2018-10-24,80.129997,80.260002,77.550003,77.620003,54.408646,16085700.00
2018-10-25,78.489998,79.050003,77.739998,78.309998,54.892303,12315500.00
2018-10-26,77.870003,78.410004,76.959999,77.529999,54.345551,18160100.00
2018-10-29,78.070000,78.430000,76.220001,77.050003,54.009102,15707000.00
2018-10-30,77.620003,79.029999,77.419998,78.779999,55.221771,17758200.00
2018-10-31,79.339996,80.349998,78.900002,79.680000,55.852627,16629100.00
2018-11-01,79.830002,80.750000,79.300003,80.669998,56.546577,14159300.00
2018-11-02,81.760002,82.449997,80.230003,81.949997,57.443794,19350400.00
2018-11-05,82.500000,82.870003,81.440002,81.639999,57.226513,15815000.00
2018-11-06,81.739998,82.099998,81.349998,81.989998,57.471848,9063200.00
2018-11-07,82.209999,83.139999,81.660004,83.029999,58.200851,12699800.00
2018-11-08,83.129997,83.750000,81.540001,81.709999,57.275578,16865500.00
2018-11-09,80.260002,81.400002,79.690002,80.870003,57.261433,15070100.00
2018-11-12,81.660004,81.730003,79.730003,79.830002,56.525032,11906600.00
2018-11-13,79.800003,79.849998,77.639999,78.000000,55.229271,15530200.00
2018-11-14,78.860001,79.089996,76.750000,77.389999,54.797344,18552100.00
2018-11-15,76.669998,78.190002,75.910004,78.190002,55.363789,18976000.00
2018-11-16,78.370003,79.190002,78.099998,78.959999,55.909019,13704900.00
2018-11-19,78.459999,79.360001,78.430000,79.220001,56.093113,9430800.00
2018-11-20,78.419998,78.900002,76.370003,76.970001,54.499958,15533700.00
2018-11-21,77.430000,78.379997,77.260002,77.559998,54.917713,9685300.00
2018-11-23,76.050003,76.199997,74.699997,75.489998,53.452007,10875400.00
2018-11-26,76.239998,77.320000,76.120003,76.980003,54.507030,13741100.00
2018-11-27,76.570000,77.449997,76.400002,77.050003,54.556606,10344500.00
2018-11-28,77.040001,78.449997,76.839996,78.449997,55.547897,11482100.00
2018-11-29,78.220001,79.529999,78.190002,79.059998,55.979824,10255200.00
2018-11-30,78.449997,79.599998,78.320000,79.500000,56.291359,14040100.00
2018-12-03,80.239998,81.459999,80.139999,81.220001,57.509254,19415100.00
2018-12-04,81.379997,81.949997,79.349998,79.430000,56.241814,18540700.00
2018-12-06,78.000000,78.440002,76.919998,78.389999,55.505413,23218100.00
2018-12-07,79.389999,80.360001,77.330002,77.639999,54.974384,16224700.00
2018-12-10,77.860001,77.860001,74.800003,76.540001,54.195492,17946200.00
2018-12-11,77.699997,77.800003,75.680000,76.680000,54.294609,15742400.00
2018-12-12,78.040001,78.199997,76.019997,76.019997,53.827297,14559800.00
2018-12-13,76.029999,77.220001,75.949997,76.980003,54.507030,13749700.00
2018-12-14,76.720001,76.870003,75.089996,75.580002,53.515762,12669300.00
2018-12-17,75.260002,75.599998,73.480003,74.040001,52.425320,15464100.00
2018-12-18,73.629997,73.860001,71.620003,72.000000,50.980854,18681200.00
2018-12-19,72.449997,73.269997,70.300003,70.779999,50.117016,21679600.00
2018-12-20,70.089996,70.660004,68.050003,68.629997,48.594669,28723700.00
2018-12-21,68.139999,70.370003,67.669998,68.120003,48.233555,47287300.00
2018-12-24,66.870003,67.529999,65.440002,65.510002,46.385506,14262800.00
2018-12-26,66.180000,68.660004,64.650002,68.639999,48.601761,24887700.00
2018-12-27,67.739998,68.940002,66.080002,68.940002,48.814167,22077000.00
2018-12-28,69.180000,69.580002,67.820000,68.169998,48.268959,19710600.00
2018-12-31,68.320000,69.150002,67.660004,68.190002,48.283131,15807000.00
2019-01-02,67.349998,69.870003,67.260002,69.690002,49.345234,16727200.00
2019-01-03,70.000000,70.250000,68.360001,68.620003,48.587593,13866100.00
2019-01-04,69.639999,71.269997,69.360001,71.150002,50.379002,16043600.00
2019-01-07,71.250000,72.099998,70.739998,71.519997,50.640991,10844200.00
2019-01-08,72.540001,72.589996,71.940002,72.040001,51.009182,11439000.00
2019-01-09,72.599998,72.599998,71.650002,72.419998,51.278252,13473500.00
2019-01-10,72.070000,72.080002,71.120003,72.050003,51.016254,13151100.00
2019-01-11,71.849998,71.889999,71.070000,71.720001,50.782608,9790100.00
2019-01-14,71.209999,71.779999,71.120003,71.629997,50.718880,11012400.00
2019-01-15,71.949997,72.360001,71.320000,71.669998,50.747196,10298300.00
2019-01-16,71.419998,72.379997,71.309998,71.639999,50.725956,12595600.00
2019-01-17,71.190002,72.339996,70.900002,72.129997,51.072926,10141700.00
2019-01-18,73.269997,73.290001,72.129997,72.989998,51.681835,15759200.00
2019-01-22,72.389999,72.709999,71.680000,71.889999,50.902973,15035600.00
2019-01-23,72.010002,72.300003,70.930000,71.300003,50.485218,13187200.00
2019-01-24,71.099998,71.970001,70.639999,71.400002,50.556023,11272500.00
2019-01-25,72.070000,72.269997,71.540001,71.720001,50.782608,8996200.00
2019-01-28,71.019997,71.279999,70.370003,71.239998,50.442719,13678400.00
2019-01-29,71.699997,72.190002,71.480003,71.510002,50.633907,10513200.00
2019-01-30,71.769997,72.570000,71.510002,72.290001,51.186199,11524700.00
2019-01-31,72.290001,73.489998,72.019997,73.279999,51.887192,19876700.00
2019-02-01,74.919998,76.489998,74.320000,75.919998,53.756493,22968700.00
2019-02-04,75.760002,75.760002,74.400002,74.820000,52.977619,15483800.00
2019-02-05,75.180000,75.639999,75.010002,75.589996,53.522846,12786700.00
2019-02-06,75.580002,75.769997,75.129997,75.260002,53.289165,10866900.00
2019-02-07,74.949997,75.190002,73.900002,74.680000,52.878483,14418900.00
2019-02-08,73.760002,74.070000,72.730003,73.980003,52.964397,11959500.00
2019-02-11,73.879997,74.220001,73.400002,74.099998,53.050308,10434800.00
2019-02-12,75.080002,75.449997,74.820000,75.400002,53.981022,12599200.00
2019-02-13,75.580002,76.540001,75.510002,76.250000,54.589539,13214600.00
2019-02-14,76.260002,76.650002,75.709999,76.269997,54.603867,12772900.00
2019-02-15,76.940002,77.760002,76.750000,77.709999,55.634815,14330300.00
2019-02-19,77.559998,78.480003,77.449997,78.230003,56.007088,13551500.00
2019-02-20,78.300003,78.809998,78.000000,78.529999,56.221867,12633100.00
2019-02-21,78.209999,78.660004,77.610001,77.820000,55.713543,10266000.00
2019-02-22,78.709999,78.949997,77.620003,78.419998,56.143116,9519300.00
2019-02-25,78.430000,78.849998,78.199997,78.500000,56.200386,9274400.00
2019-02-26,78.680000,79.129997,78.389999,78.660004,56.314945,10990600.00
2019-02-27,78.879997,79.750000,78.660004,79.470001,56.894848,12398200.00
2019-02-28,79.449997,79.750000,78.709999,79.029999,56.579830,14597900.00
2019-03-01,79.379997,80.000000,79.029999,80.000000,57.274277,15419400.00
2019-03-04,80.239998,80.550003,79.010002,80.309998,57.496220,18089900.00
2019-03-05,80.120003,80.400002,79.750000,80.190002,57.410316,13745500.00
2019-03-06,78.849998,79.379997,77.860001,79.279999,56.758823,18633600.00
2019-03-07,79.550003,80.260002,79.320000,80.160004,57.388832,16541700.00
2019-03-08,78.889999,79.320000,78.250000,79.010002,56.565510,16211300.00
2019-03-11,79.980003,80.290001,79.650002,79.779999,57.116787,11060900.00
2019-03-12,80.110001,80.580002,79.889999,80.000000,57.274277,11320000.00
2019-03-13,80.589996,80.760002,80.199997,80.709999,57.782589,10260200.00
2019-03-14,80.800003,80.910004,80.349998,80.440002,57.589298,9976700.00
2019-03-15,80.180000,80.550003,80.099998,80.150002,57.381676,25316400.00
2019-03-18,80.440002,81.250000,80.440002,81.080002,58.047493,9840600.00
2019-03-19,81.580002,82.000000,80.639999,80.870003,57.897133,13936500.00
2019-03-20,80.750000,81.919998,80.559998,81.320000,58.219303,13133600.00
2019-03-21,80.809998,81.889999,80.800003,81.790001,58.555790,10117000.00
2019-03-22,81.230003,81.440002,80.300003,80.480003,57.617920,12497700.00
2019-03-25,80.000000,80.440002,79.589996,79.919998,57.217018,11320400.00
2019-03-26,80.330002,81.269997,80.180000,80.959999,57.961575,9472800.00
2019-03-27,80.970001,81.309998,79.820000,80.339996,57.517708,7258700.00
2019-03-28,80.029999,80.790001,80.019997,80.739998,57.804062,7412300.00
2019-03-29,81.330002,81.480003,80.480003,80.800003,57.847031,10889200.00
2019-04-01,81.230003,81.779999,81.080002,81.730003,58.512840,10816400.00
2019-04-02,81.750000,81.949997,81.110001,81.379997,58.262260,7646000.00
2019-04-03,81.769997,81.769997,80.610001,80.900002,57.918613,8562900.00
2019-04-04,81.120003,82.080002,80.769997,82.050003,58.741928,9360600.00
2019-04-05,82.150002,82.529999,81.949997,82.489998,59.056942,10059100.00
2019-04-08,82.669998,83.199997,82.589996,83.000000,59.422039,9108200.00
2019-04-09,82.519997,82.580002,81.739998,81.930000,58.656029,8561600.00
2019-04-10,81.919998,82.080002,81.410004,81.559998,58.391132,10324300.00
2019-04-11,81.540001,82.070000,81.019997,81.949997,58.670357,9115100.00
2019-04-12,82.809998,82.809998,80.580002,80.919998,57.932945,16638700.00
2019-04-15,80.889999,81.059998,80.519997,80.650002,57.739639,8536100.00
2019-04-16,80.809998,81.349998,80.690002,81.199997,58.133408,7005700.00
2019-04-17,81.550003,81.699997,81.080002,81.430000,58.298065,8311400.00
2019-04-18,81.559998,81.830002,81.070000,81.129997,58.083275,9493900.00
2019-04-22,81.870003,83.220001,81.639999,82.900002,59.350475,10770600.00
2019-04-23,83.190002,83.489998,82.680000,83.379997,59.694118,10595100.00
2019-04-24,83.010002,83.080002,81.730003,81.760002,58.534328,11684000.00
2019-04-25,81.650002,82.839996,81.400002,82.220001,58.863628,11135000.00
2019-04-26,80.269997,80.629997,79.559998,80.489998,57.625084,18053500.00
2019-04-29,80.120003,80.379997,79.660004,79.970001,57.252800,10023700.00
2019-04-30,80.370003,80.529999,79.930000,80.279999,57.474747,13721500.00
2019-05-01,79.940002,80.260002,78.620003,78.669998,56.322098,13909800.00
2019-05-02,78.279999,78.500000,77.239998,77.290001,55.334114,15360400.00
2019-05-03,77.790001,78.209999,77.440002,77.470001,55.462986,12180700.00
2019-05-06,76.919998,77.660004,76.709999,77.129997,55.219574,13367100.00
2019-05-07,76.500000,76.790001,75.769997,76.720001,54.926041,13498800.00
2019-05-08,76.540001,77.290001,76.419998,76.839996,55.011955,11352900.00
2019-05-09,76.349998,76.879997,75.959999,76.769997,54.961819,13221600.00
2019-05-10,76.180000,76.790001,75.169998,76.559998,55.439747,11056000.00
2019-05-13,75.650002,76.230003,75.360001,75.709999,54.824238,12176100.00
2019-05-14,76.129997,76.800003,75.760002,75.809998,54.896660,10548400.00
2019-05-15,75.570000,76.550003,75.209999,76.370003,55.302181,8918000.00
2019-05-16,76.400002,76.949997,76.220001,76.360001,55.294933,8105200.00
2019-05-17,75.650002,76.300003,75.589996,75.910004,54.969078,9279400.00
2019-05-20,76.050003,76.360001,75.669998,75.900002,54.961842,7154300.00
2019-05-21,76.269997,76.459999,75.930000,76.250000,55.215267,8489900.00
2019-05-22,76.019997,76.220001,75.389999,75.559998,54.715637,7858300.00
2019-05-23,74.769997,74.800003,73.040001,73.790001,53.433926,14657200.00
2019-05-24,74.139999,74.250000,73.440002,74.099998,53.658398,7056400.00
2019-05-28,74.239998,74.250000,72.489998,72.610001,52.579433,14912900.00
2019-05-29,71.889999,72.430000,71.620003,72.160004,52.253586,13645200.00
2019-05-30,72.019997,72.129997,71.529999,71.970001,52.115986,9362100.00
2019-05-31,71.190002,71.550003,70.629997,70.769997,51.247017,13983300.00
2019-06-03,71.089996,72.010002,70.970001,71.879997,52.050823,11831000.00
2019-06-04,72.449997,73.660004,72.169998,73.589996,53.289082,10423000.00
2019-06-05,73.639999,73.639999,72.580002,72.980003,52.847374,10617800.00
2019-06-06,73.709999,74.620003,73.589996,74.309998,53.810459,11738900.00
2019-06-07,74.510002,74.959999,74.430000,74.580002,54.005978,9095500.00
2019-06-10,75.190002,75.330002,74.449997,74.910004,54.244953,7760400.00
2019-06-11,75.510002,75.809998,74.820000,74.839996,54.194256,9415100.00
2019-06-12,74.480003,74.610001,73.809998,74.029999,53.607708,7920800.00
2019-06-13,74.699997,75.169998,74.379997,74.680000,54.078396,8986400.00
2019-06-14,74.680000,74.809998,74.230003,74.349998,53.839424,8575900.00
2019-06-17,74.160004,75.190002,74.040001,75.089996,54.375286,9355700.00
2019-06-18,75.419998,76.220001,75.349998,75.739998,54.845978,10091500.00
2019-06-19,75.400002,75.849998,75.169998,75.320000,54.541840,9757400.00
2019-06-20,76.239998,76.970001,76.080002,76.610001,55.475975,16229700.00
2019-06-21,77.139999,77.760002,76.870003,77.690002,56.258041,23108100.00
2019-06-24,77.529999,77.760002,76.809998,76.949997,55.722176,10011800.00
2019-06-25,77.080002,77.220001,76.190002,76.269997,55.229759,9740000.00
2019-06-26,76.680000,77.129997,76.470001,76.599998,55.468735,11365500.00
2019-06-27,76.589996,76.750000,75.760002,75.820000,54.903908,8147800.00
2019-06-28,76.190002,76.730003,75.940002,76.629997,55.490463,14781300.00
2019-07-01,77.129997,77.930000,76.290001,76.559998,55.439747,11437900.00
2019-07-02,76.139999,76.269997,75.410004,75.720001,54.831490,10475400.00
2019-07-03,75.820000,76.500000,75.629997,76.440002,55.352871,5246100.00
2019-07-05,76.190002,76.349998,75.589996,76.129997,55.128395,6880800.00
2019-07-08,76.139999,76.699997,75.919998,76.480003,55.381828,7876100.00
2019-07-09,76.449997,76.769997,75.730003,76.430000,55.345631,7863000.00
2019-07-10,76.800003,77.629997,76.739998,77.510002,56.127674,8077400.00
2019-07-11,77.410004,77.610001,77.050003,77.570000,56.171146,6404000.00
2019-07-12,77.750000,77.879997,77.500000,77.629997,56.214600,6139000.00
2019-07-15,77.629997,77.739998,76.889999,77.080002,55.816299,7116400.00
2019-07-16,76.919998,77.070000,75.790001,75.930000,54.983574,10197400.00
2019-07-17,75.739998,75.959999,75.349998,75.480003,54.657700,7419300.00
2019-07-18,75.029999,75.269997,74.180000,74.839996,54.194256,11424500.00
2019-07-19,74.900002,75.250000,74.540001,74.989998,54.302883,11243100.00
2019-07-22,75.239998,75.300003,74.500000,75.070000,54.360806,8368800.00
2019-07-23,75.150002,75.769997,74.750000,75.370003,54.578045,8551200.00
2019-07-24,75.389999,76.050003,74.849998,75.360001,54.570801,8260200.00
2019-07-25,75.779999,75.779999,74.800003,74.930000,54.259426,9083900.00
2019-07-26,74.870003,75.080002,74.599998,74.809998,54.172546,7677300.00
2019-07-29,74.879997,75.379997,74.699997,75.339996,54.556316,7091900.00
2019-07-30,75.059998,75.559998,74.889999,75.349998,54.563568,6961200.00
2019-07-31,75.040001,75.660004,74.260002,74.360001,53.846645,13104600.00
2019-08-01,73.739998,74.269997,72.269997,72.459999,52.470810,17132800.00
2019-08-02,72.610001,73.260002,71.180000,71.750000,51.956680,21376700.00
2019-08-05,70.779999,70.919998,69.610001,70.279999,50.892189,19080900.00
2019-08-06,70.290001,71.010002,70.279999,70.959999,51.384613,12282400.00
2019-08-07,69.860001,70.879997,69.400002,70.500000,51.051495,15231100.00
2019-08-08,70.849998,72.410004,70.620003,72.379997,52.412876,14304100.00
2019-08-09,72.129997,72.250000,70.470001,70.839996,51.297707,13686600.00
2019-08-12,70.059998,70.160004,69.330002,69.629997,51.048447,9542600.00
2019-08-13,69.269997,70.620003,68.919998,70.489998,51.678947,12403300.00
2019-08-14,69.070000,69.089996,67.650002,67.650002,49.596836,18114400.00
2019-08-15,67.459999,67.559998,66.529999,67.250000,49.303577,12874400.00
2019-08-16,67.779999,68.459999,67.269997,68.300003,50.073372,12649000.00
2019-08-19,68.970001,69.650002,68.860001,69.449997,50.916466,10032800.00
2019-08-20,69.300003,69.300003,68.709999,69.029999,50.608566,9743500.00
2019-08-21,69.959999,69.980003,69.370003,69.720001,51.114418,10134200.00
2019-08-22,69.910004,69.959999,69.250000,69.570000,51.004467,8972000.00
2019-08-23,68.820000,69.529999,67.029999,67.489998,49.479519,15371900.00
2019-08-26,68.120003,68.260002,67.529999,67.849998,49.743458,7343900.00
2019-08-27,68.129997,68.440002,66.970001,67.190002,49.259594,9490900.00
2019-08-28,67.529999,67.980003,67.160004,67.680000,49.618824,9647400.00
2019-08-29,68.300003,68.669998,68.089996,68.430000,50.168686,9004100.00
2019-08-30,68.610001,69.080002,68.059998,68.480003,50.205341,9180800.00
2019-09-03,67.889999,68.680000,67.629997,68.559998,50.263985,9849700.00
2019-09-04,69.500000,69.610001,69.089996,69.290001,50.799175,6959200.00
2019-09-05,69.839996,70.550003,69.699997,70.269997,51.517658,9901500.00
2019-09-06,70.349998,70.949997,70.120003,70.930000,52.001526,10418500.00
2019-09-09,71.160004,72.070000,70.980003,71.489998,52.412083,12840200.00
2019-09-10,72.139999,72.849998,71.620003,72.070000,52.837292,13810800.00
2019-09-11,72.779999,72.839996,71.550003,71.930000,52.734665,10525700.00
2019-09-12,70.980003,72.160004,70.699997,71.980003,52.771320,9100700.00
2019-09-13,72.260002,72.720001,72.059998,72.639999,53.255203,7337200.00
2019-09-16,75.040001,75.180000,73.599998,73.730003,54.054314,19830200.00
2019-09-17,73.820000,74.080002,72.629997,73.169998,53.643742,14452200.00
2019-09-18,72.650002,72.970001,72.330002,72.820000,53.387154,7292200.00
2019-09-19,72.970001,73.190002,72.190002,72.330002,53.027916,8050200.00
2019-09-20,72.489998,72.500000,71.860001,72.080002,52.844639,19736600.00
2019-09-23,71.519997,72.360001,71.459999,72.129997,52.881306,7495200.00
2019-09-24,71.809998,71.870003,70.820000,71.139999,52.155483,13307100.00
2019-09-25,70.980003,71.470001,70.820000,71.349998,52.309456,8035200.00
2019-09-26,71.220001,71.349998,70.680000,70.970001,52.030865,8420200.00
2019-09-27,70.699997,71.669998,70.629997,71.480003,52.404762,8224000.00
2019-09-30,71.239998,71.449997,70.580002,70.610001,51.766926,9768900.00
2019-10-01,70.830002,70.910004,68.910004,68.949997,50.549900,10279100.00
2019-10-02,68.269997,68.589996,67.010002,67.150002,49.230267,14503700.00
2019-10-03,67.000000,68.000000,66.309998,67.980003,49.838772,10788400.00
2019-10-04,68.110001,69.070000,67.820000,68.970001,50.564564,10534800.00
2019-10-07,68.699997,69.029999,68.019997,68.019997,49.868095,10993000.00
2019-10-08,67.540001,67.919998,66.639999,66.699997,48.900349,9748700.00
2019-10-09,67.300003,67.699997,67.199997,67.440002,49.442867,8580900.00
2019-10-10,67.430000,68.360001,67.379997,68.250000,50.036713,7100100.00
2019-10-11,68.980003,69.489998,68.889999,68.980003,50.571918,10101900.00
2019-10-14,68.599998,69.370003,68.589996,69.180000,50.718525,6234600.00
2019-10-15,69.059998,70.000000,69.010002,69.419998,50.894485,6645700.00
2019-10-16,69.209999,69.529999,68.209999,68.230003,50.022064,9765800.00
2019-10-17,68.480003,68.879997,68.080002,68.139999,49.956070,9757200.00
2019-10-18,67.870003,68.150002,67.610001,67.610001,49.567497,13472700.00
2019-10-21,67.820000,68.769997,67.820000,68.739998,50.395958,10199300.00
2019-10-22,68.779999,69.760002,68.650002,69.089996,50.652554,9536000.00
2019-10-23,68.959999,69.760002,68.779999,69.750000,51.136421,8641800.00
2019-10-24,69.959999,70.050003,69.019997,69.089996,50.652554,9003600.00
2019-10-25,68.900002,69.480003,68.900002,69.250000,50.769859,7607200.00
2019-10-28,69.459999,69.669998,68.580002,68.639999,50.322636,11209600.00
2019-10-29,68.480003,69.029999,68.239998,68.440002,50.176018,13894400.00
2019-10-30,68.370003,68.370003,67.269997,67.720001,49.648148,12840600.00
2019-10-31,67.459999,67.720001,67.139999,67.570000,49.538181,16169100.00
2019-11-01,68.389999,69.610001,68.309998,69.599998,51.026451,14108700.00
2019-11-04,70.070000,71.870003,69.940002,71.669998,52.544048,15858200.00
2019-11-05,72.040001,73.120003,71.849998,73.089996,53.585102,14930400.00
2019-11-06,72.730003,72.870003,71.199997,71.489998,52.412083,13996500.00
2019-11-07,72.029999,73.029999,72.000000,73.010002,53.526478,13073800.00
2019-11-08,71.610001,71.800003,70.660004,70.769997,52.509933,12106000.00
2019-11-11,70.209999,70.610001,69.970001,70.339996,52.190884,8674000.00
2019-11-12,70.269997,70.410004,68.980003,69.370003,51.471172,13918600.00
2019-11-13,69.019997,69.150002,68.599998,68.800003,51.048237,11773700.00
2019-11-14,68.860001,68.970001,68.180000,68.500000,50.825645,11279800.00
2019-11-15,68.709999,69.300003,68.669998,69.190002,51.337616,11252800.00
2019-11-18,68.699997,68.820000,68.300003,68.519997,50.840481,10095600.00
2019-11-19,68.400002,68.559998,67.779999,67.820000,50.321102,12605500.00
2019-11-20,67.669998,68.540001,67.320000,68.029999,50.476917,16930700.00
2019-11-21,68.019997,69.750000,67.919998,69.669998,51.693752,14080900.00
2019-11-22,69.709999,70.180000,69.330002,69.370003,51.471172,12143600.00
2019-11-25,69.370003,69.440002,68.709999,68.910004,51.129868,10670000.00
2019-11-26,68.919998,69.040001,68.440002,68.739998,51.003716,15457000.00
2019-11-27,68.760002,69.089996,68.410004,68.699997,50.974030,8393900.00
2019-11-29,68.330002,68.529999,68.000000,68.129997,50.551128,7980800.00
2019-12-02,68.500000,68.879997,68.370003,68.419998,50.766296,11116900.00
2019-12-03,68.000000,68.250000,67.519997,67.879997,50.365612,12245800.00
2019-12-04,68.250000,68.760002,68.139999,68.650002,50.936939,11049700.00
2019-12-05,68.889999,68.970001,68.209999,68.410004,50.758865,13109000.00
2019-12-06,68.760002,69.870003,68.760002,69.510002,51.575050,13710800.00
2019-12-09,69.080002,69.970001,69.019997,69.660004,51.686348,12397700.00
2019-12-10,69.660004,70.150002,68.699997,69.059998,51.241161,14281800.00
2019-12-11,68.739998,69.760002,68.669998,68.959999,51.166954,13748400.00
2019-12-12,68.959999,70.379997,68.900002,70.339996,52.190884,17068500.00
2019-12-13,70.480003,70.540001,69.120003,69.230003,51.367287,12274500.00
2019-12-16,69.699997,70.250000,69.699997,70.000000,51.938614,15208700.00
2019-12-17,69.980003,70.379997,69.309998,69.680000,51.701176,14450700.00
2019-12-18,69.629997,70.290001,69.279999,69.870003,51.842163,13652300.00
2019-12-19,69.989998,70.050003,69.239998,69.389999,51.486012,13273200.00
2019-12-20,69.860001,70.230003,69.389999,69.940002,51.894104,35092000.00
2019-12-23,69.860001,70.300003,69.529999,70.290001,52.153793,14172500.00
2019-12-24,70.349998,70.500000,69.910004,70.019997,51.953457,3979400.00
2019-12-26,70.190002,70.500000,70.010002,70.129997,52.035084,8840200.00
2019-12-27,70.199997,70.309998,69.879997,69.889999,51.857002,10516100.00
2019-12-30,70.089996,70.440002,69.400002,69.480003,51.552784,12689400.00
2019-12-31,69.019997,69.800003,69.010002,69.779999,51.775379,13151800.00
2020-01-02,70.239998,71.019997,70.239998,70.900002,52.606411,12456400.00
2020-01-03,71.339996,71.370003,70.160004,70.330002,52.183483,17386900.00
2020-01-06,70.320000,71.360001,70.230003,70.870003,52.584137,20081900.00
2020-01-07,70.500000,70.519997,69.510002,70.290001,52.153793,17387700.00
2020-01-08,70.110001,70.290001,69.169998,69.230003,51.367287,15137700.00
2020-01-09,69.139999,69.900002,68.629997,69.760002,51.760544,14811800.00
2020-01-10,69.930000,69.959999,69.120003,69.139999,51.300514,11995600.00
2020-01-13,69.199997,69.870003,69.110001,69.800003,51.790222,9953900.00
2020-01-14,69.379997,69.580002,68.889999,69.199997,51.345028,16261000.00
2020-01-15,69.199997,69.589996,68.889999,69.089996,51.263420,11390300.00
2020-01-16,69.300003,69.580002,68.800003,68.820000,51.063080,13340300.00
2020-01-17,68.750000,69.080002,68.290001,68.559998,50.870174,18144100.00
2020-01-21,68.379997,68.419998,67.510002,67.580002,50.143021,17982600.00
2020-01-22,67.559998,67.699997,67.000000,67.190002,49.853649,17033100.00
2020-01-23,66.709999,66.930000,66.050003,66.769997,49.542011,19605900.00
2020-01-24,66.540001,66.680000,66.040001,66.320000,49.208122,18238600.00
2020-01-27,65.419998,65.730003,64.699997,64.739998,48.035793,21231000.00
2020-01-28,65.110001,65.199997,64.629997,64.650002,47.969017,19664700.00
2020-01-29,65.029999,65.129997,63.900002,64.110001,47.568356,14202800.00
2020-01-30,63.779999,64.879997,63.430000,64.790001,48.072903,18544700.00
2020-01-31,63.200001,63.200001,61.860001,62.119999,46.091816,34282900.00
2020-02-03,61.380001,61.419998,60.369999,60.730000,45.060467,27389300.00
2020-02-04,61.450001,61.910000,59.889999,59.970001,44.496559,31922100.00
2020-02-05,60.750000,62.930000,60.599998,62.730000,46.544415,32099200.00
2020-02-06,62.930000,63.009998,61.779999,61.880001,45.913746,16055400.00
2020-02-07,61.410000,61.660000,61.060001,61.470001,45.609531,15112500.00
2020-02-10,60.480000,60.520000,59.619999,59.959999,45.127834,20934500.00
2020-02-11,60.580002,60.889999,60.169998,60.529999,45.556843,14908700.00
2020-02-12,61.340000,61.529999,60.560001,61.270000,46.113785,17862100.00
2020-02-13,61.060001,61.419998,60.560001,60.930000,45.857895,16949400.00
2020-02-14,61.150002,61.160000,60.279999,60.650002,45.647152,10855300.00
2020-02-18,60.150002,60.389999,59.450001,59.880001,45.067631,18948500.00
2020-02-19,60.110001,60.619999,59.830002,60.340000,45.413841,12804900.00
2020-02-20,60.230000,60.540001,59.720001,59.860001,45.052570,14817200.00
2020-02-21,59.509998,59.509998,58.790001,59.130001,44.503159,20315700.00
2020-02-24,57.619999,57.799999,56.360001,56.360001,42.418365,32096600.00
2020-02-25,56.750000,56.750000,53.970001,54.200001,40.792679,36414500.00
2020-02-26,54.549999,54.820000,52.930000,53.009998,39.897045,29801000.00
2020-02-27,51.709999,52.439999,49.799999,49.820000,37.496143,48141300.00
2020-02-28,48.770000,51.439999,48.009998,51.439999,38.715408,62446700.00
2020-03-02,52.590000,53.889999,51.130001,53.880001,40.551834,38127600.00
2020-03-03,53.950001,54.150002,50.980000,51.299999,38.610035,50580700.00
2020-03-04,52.230000,52.480000,51.119999,52.419998,39.452991,24079600.00
2020-03-05,50.419998,50.700001,49.040001,50.110001,37.714413,40788200.00
2020-03-06,48.840000,49.009998,47.200001,47.689999,35.893044,55640500.00
2020-03-09,41.709999,44.570000,40.799999,41.860001,31.505192,72896300.00
2020-03-10,46.169998,46.259998,41.450001,43.410000,32.671768,60445900.00
2020-03-11,42.389999,43.480000,41.750000,41.980000,31.595497,51986100.00
2020-03-12,39.900002,40.650002,37.000000,37.180000,27.982876,65725300.00
2020-03-13,40.009998,40.139999,35.000000,38.119999,28.690351,79891500.00
2020-03-16,34.400002,37.880001,33.250000,34.490002,25.958300,48924700.00
2020-03-17,35.209999,37.380001,34.200001,36.810001,27.704409,41204400.00
2020-03-18,34.549999,36.709999,31.230000,33.119999,24.927189,54036400.00
2020-03-19,33.730000,34.900002,32.349998,34.430000,25.913136,49412400.00
2020-03-20,34.840000,35.180000,31.559999,32.740002,24.641186,76534600.00
2020-03-23,32.529999,32.700001,30.110001,31.450001,23.670290,56952500.00
2020-03-24,34.419998,36.169998,33.330002,35.439999,26.673286,61835600.00
2020-03-25,36.509998,38.590000,35.180000,37.290001,28.065655,56607700.00
2020-03-26,37.500000,39.560001,36.720001,38.820000,29.217197,46722000.00
2020-03-27,37.130001,37.680000,36.200001,36.950001,27.809772,51558600.00
2020-03-30,36.230000,38.150002,35.860001,37.500000,28.223711,45835000.00
2020-03-31,38.340000,39.450001,37.369999,37.970001,28.577450,41491600.00
2020-04-01,36.860001,38.700001,36.340000,37.529999,28.246296,36045900.00
2020-04-02,38.740002,41.959999,37.900002,40.400002,30.406359,62000200.00
2020-04-03,41.450001,42.180000,38.520000,39.209999,29.510714,48425700.00
2020-04-06,39.880001,40.830002,39.230000,40.470001,30.459036,41301900.00
2020-04-07,42.900002,43.320000,41.160000,41.240002,31.038567,48921800.00
2020-04-08,41.950001,44.040001,41.470001,43.849998,33.002930,33355600.00
2020-04-09,45.459999,46.709999,41.740002,43.130001,32.461037,60107300.00
2020-04-13,44.450001,44.689999,41.970001,42.759998,32.182564,29651900.00
2020-04-14,43.000000,43.750000,41.910000,42.430000,31.934196,30769000.00
2020-04-15,41.000000,41.060001,39.380001,40.480000,30.466572,33125000.00
2020-04-16,40.480000,40.480000,38.930000,39.150002,29.465559,30934000.00
2020-04-17,39.880001,43.320000,39.869999,43.220001,32.528770,40829100.00
2020-04-20,40.750000,42.740002,40.540001,41.180000,30.993399,39260800.00
2020-04-21,40.400002,42.130001,39.630001,40.959999,30.827827,44381600.00
2020-04-22,42.599998,42.930000,41.860001,42.130001,31.708405,27074200.00
2020-04-23,43.130001,44.660000,42.810001,43.450001,32.701881,35271000.00
2020-04-24,44.400002,44.889999,43.130001,43.730000,32.912613,28653800.00
2020-04-27,43.590000,44.320000,42.230000,43.939999,33.070667,28274400.00
2020-04-28,44.369999,45.389999,44.110001,44.970001,33.845882,26545100.00
2020-04-29,46.259998,47.599998,46.160000,47.459999,35.719933,29502500.00
2020-04-30,47.680000,47.680000,45.770000,46.470001,34.974838,37076300.00
2020-05-01,45.630001,46.389999,43.000000,43.139999,32.468567,35399300.00
2020-05-04,42.509998,44.939999,42.220001,44.880001,33.778149,27465600.00
2020-05-05,46.259998,47.150002,44.660000,44.830002,33.740501,29276200.00
2020-05-06,44.930000,45.270000,43.900002,43.990002,33.108295,22659000.00
2020-05-07,44.959999,45.270000,43.970001,44.240002,33.296467,22160300.00
2020-05-08,45.310001,46.220001,44.980000,46.180000,34.756561,19977400.00
2020-05-11,46.110001,46.200001,45.509998,45.740002,34.425407,22258000.00
2020-05-12,45.419998,45.669998,44.119999,44.119999,33.849983,25439100.00
2020-05-13,43.740002,43.869999,41.599998,41.930000,32.169765,30827900.00
2020-05-14,41.070000,42.549999,40.200001,42.299999,32.453636,24856500.00
2020-05-15,42.380001,43.009998,41.849998,42.000000,32.223465,22445600.00
2020-05-18,44.400002,45.580002,44.060001,45.340000,34.785995,32026100.00
2020-05-19,45.549999,46.630001,43.930000,43.939999,33.711891,21771600.00
2020-05-20,44.619999,45.580002,44.570000,45.369999,34.809021,19352400.00
2020-05-21,45.439999,45.790001,44.389999,44.560001,34.187561,19130700.00
2020-05-22,44.049999,44.669998,43.450001,44.599998,34.218262,15406400.00
2020-05-26,45.740002,46.299999,45.470001,45.910000,35.223320,20356500.00
2020-05-27,46.660000,47.139999,45.410000,46.240002,35.476501,20788300.00
2020-05-28,46.430000,46.459999,44.930000,45.040001,34.555836,19698000.00
2020-05-29,44.820000,45.689999,44.369999,45.470001,34.885738,25874700.00
2020-06-01,45.320000,46.450001,44.799999,46.279999,35.507195,19031000.00
2020-06-02,46.860001,47.450001,46.750000,47.310001,36.297440,22319000.00
2020-06-03,48.000000,49.400002,47.950001,49.240002,37.778191,23418000.00
2020-06-04,48.880001,49.150002,48.160000,49.099998,37.670769,18731400.00
2020-06-05,51.650002,53.450001,51.599998,53.080002,40.724335,41328900.00
2020-06-08,54.720001,55.360001,53.459999,54.740002,41.997921,33579400.00
2020-06-09,52.880001,53.970001,52.450001,53.520000,41.061909,27276900.00
2020-06-10,53.500000,53.500000,50.599998,50.650002,38.859970,31156800.00
2020-06-11,47.529999,48.840000,46.099998,46.180000,35.430470,39183000.00
2020-06-12,48.040001,48.619999,45.910000,47.169998,36.190029,30978100.00
2020-06-15,45.349998,47.759998,44.750000,47.139999,36.167004,27929300.00
2020-06-16,49.570000,49.750000,47.240002,48.200001,36.980255,26203400.00
2020-06-17,48.000000,48.130001,46.599998,46.630001,35.775715,19279400.00
2020-06-18,46.110001,47.330002,45.770000,46.919998,35.998222,21478700.00
2020-06-19,48.220001,48.259998,45.980000,45.980000,35.277023,48899900.00
2020-06-22,45.689999,46.439999,45.400002,46.419998,35.614605,17565400.00
2020-06-23,46.900002,47.220001,46.500000,46.700001,35.829433,18916600.00
2020-06-24,45.910000,45.959999,44.250000,44.500000,34.141537,27626900.00
2020-06-25,44.049999,45.240002,43.689999,45.169998,34.655575,19353600.00
2020-06-26,44.880001,44.939999,43.500000,43.619999,33.466381,31518600.00
2020-06-29,43.810001,44.580002,43.540001,44.320000,34.003437,17052100.00
2020-06-30,43.430000,44.970001,43.160000,44.720001,34.310326,22153600.00
2020-07-01,44.490002,45.380001,43.669998,43.709999,33.535419,17290100.00
2020-07-02,44.619999,45.189999,43.930000,44.080002,33.819298,18216600.00
2020-07-06,44.669998,45.080002,43.840000,44.389999,34.057137,22692000.00
2020-07-07,43.900002,44.000000,43.110001,43.240002,33.174835,17407600.00
2020-07-08,43.150002,43.930000,42.840000,43.139999,33.098110,18291400.00
2020-07-09,42.900002,43.099998,41.290001,41.360001,31.732443,25882000.00
2020-07-10,41.119999,42.709999,41.099998,42.650002,32.722164,18951000.00
2020-07-13,42.980000,43.290001,42.230000,42.660000,32.729843,20028300.00
2020-07-14,42.529999,44.189999,42.259998,44.070000,33.811626,21444100.00
2020-07-15,45.029999,45.090000,44.209999,44.630001,34.241280,17332400.00
2020-07-16,44.310001,44.810001,43.790001,44.279999,33.972736,14673700.00
2020-07-17,44.330002,44.689999,43.389999,43.520000,33.389656,17958900.00
2020-07-20,43.209999,43.509998,42.480000,42.500000,32.607086,18553900.00
2020-07-21,43.150002,45.189999,43.110001,44.650002,34.256618,28821800.00
2020-07-22,44.150002,44.150002,43.369999,43.610001,33.458698,21345400.00
2020-07-23,43.400002,43.820000,43.020000,43.700001,33.527756,17934400.00
2020-07-24,43.880001,44.419998,43.189999,43.430000,33.320599,16415300.00
2020-07-27,43.230000,44.090000,42.970001,44.070000,33.811626,18547900.00
2020-07-28,43.910000,44.250000,43.459999,43.549999,33.412666,19190500.00
2020-07-29,43.709999,44.090000,43.340000,44.029999,33.780937,14143200.00
2020-07-30,43.130001,43.180000,41.830002,41.869999,32.123734,29901100.00
2020-07-31,41.160000,42.169998,40.910000,42.080002,32.284847,32116200.00
2020-08-03,42.049999,42.500000,41.470001,42.250000,32.415276,23033600.00
2020-08-04,42.340000,43.599998,42.240002,43.470001,33.351292,17724000.00
2020-08-05,44.150002,44.310001,43.529999,43.849998,33.642834,17175100.00
2020-08-06,43.400002,43.900002,43.250000,43.639999,33.481720,14434900.00
2020-08-07,43.230000,43.520000,42.810001,43.439999,33.328270,18757900.00
2020-08-10,43.990002,44.599998,43.599998,44.509998,34.149200,24367800.00
2020-08-11,45.500000,46.419998,44.730000,44.970001,34.502132,28987500.00
2020-08-12,44.459999,44.939999,43.630001,44.090000,34.494301,22503200.00
2020-08-13,43.500000,43.869999,42.919998,43.009998,33.649349,17338700.00
2020-08-14,42.599998,43.279999,42.410000,43.200001,33.798004,13595700.00
2020-08-17,43.169998,43.169998,42.470001,42.639999,33.359890,15554600.00
2020-08-18,42.590000,43.189999,42.290001,42.430000,33.195583,13014000.00
2020-08-19,42.349998,42.660000,41.869999,41.959999,32.827869,14473100.00
2020-08-20,41.689999,41.889999,41.299999,41.320000,32.327168,15678500.00
2020-08-21,41.299999,41.340000,40.709999,41.009998,32.084629,25517700.00
2020-08-24,41.279999,42.509998,41.090000,42.220001,33.031296,18208900.00
2020-08-25,41.660000,42.070000,40.700001,40.880001,31.982925,31285600.00
2020-08-26,40.639999,40.840000,40.000000,40.009998,31.302271,26795000.00
2020-08-27,40.000000,40.299999,39.310001,39.740002,31.091036,32034300.00
2020-08-28,39.840000,40.919998,39.759998,40.689999,31.834278,33477100.00
2020-08-31,40.639999,40.720001,39.900002,39.939999,31.247505,25259600.00
2020-09-01,39.750000,39.750000,39.049999,39.430000,30.848507,22464100.00
2020-09-02,39.230000,39.720001,38.950001,39.189999,30.660734,26413400.00
2020-09-03,39.200001,40.029999,38.880001,39.110001,30.598152,28817200.00
2020-09-04,39.459999,39.790001,38.650002,39.080002,30.574678,24632500.00
2020-09-08,38.250000,38.680000,37.349998,38.180000,29.870554,38496400.00
2020-09-09,38.349998,38.840000,37.919998,37.950001,29.690607,25886100.00
2020-09-10,38.270000,38.369999,36.900002,37.000000,28.947369,34381200.00
2020-09-11,37.130001,37.310001,36.490002,36.900002,28.869129,26838600.00
2020-09-14,36.910000,37.009998,36.490002,36.660000,28.681360,26129900.00
2020-09-15,36.799999,37.380001,36.209999,36.270000,28.376245,23724200.00
2020-09-16,36.459999,38.150002,36.270000,37.810001,29.581076,30890900.00
2020-09-17,37.349998,37.980000,36.970001,37.799999,29.573254,24696200.00
2020-09-18,37.529999,37.820000,36.700001,37.189999,29.096014,46853800.00
2020-09-21,36.430000,36.709999,35.680000,36.430000,28.501421,35351800.00
2020-09-22,36.459999,36.840000,35.470001,35.529999,27.797293,27303200.00
2020-09-23,35.650002,35.790001,34.349998,34.389999,26.905401,31251400.00
2020-09-24,34.400002,34.820000,33.759998,34.320000,26.850636,26796000.00
2020-09-25,34.000000,34.939999,33.880001,34.639999,27.100998,23486000.00
2020-09-28,35.139999,35.900002,35.099998,35.310001,27.625179,23396500.00
2020-09-29,35.000000,35.110001,33.990002,34.279999,26.819345,20770500.00
2020-09-30,34.639999,34.919998,34.130001,34.330002,26.858459,22223700.00
2020-10-01,33.790001,34.099998,32.939999,33.130001,25.919628,36890200.00
2020-10-02,32.250000,33.349998,32.209999,32.980000,25.802269,32694300.00
2020-10-05,33.320000,33.750000,33.169998,33.740002,26.396870,22965200.00
2020-10-06,34.119999,34.419998,33.310001,33.389999,26.123039,26731800.00
2020-10-07,33.639999,33.740002,33.209999,33.500000,26.209106,23779300.00
2020-10-08,33.880001,35.340000,33.759998,35.259998,27.586052,34413700.00
2020-10-09,35.680000,35.950001,34.650002,34.740002,27.179232,29228600.00
2020-10-12,34.540001,34.730000,34.230000,34.630001,27.093168,17912800.00
2020-10-13,34.730000,34.869999,34.099998,34.220001,26.772396,20995100.00
2020-10-14,34.060001,34.830002,34.029999,34.150002,26.717634,17743000.00
2020-10-15,33.700001,34.459999,33.270000,34.450001,26.952347,23251600.00
2020-10-16,34.369999,34.639999,33.880001,34.099998,26.678516,22627200.00
2020-10-19,34.099998,34.369999,33.389999,33.419998,26.146509,23645800.00
2020-10-20,33.660000,33.930000,33.330002,33.700001,26.365576,23040600.00
2020-10-21,33.509998,33.619999,33.139999,33.160000,25.943094,28619300.00
2020-10-22,33.180000,34.959999,33.020000,34.860001,27.273108,31831500.00
2020-10-23,34.970001,35.080002,33.860001,34.160000,26.725456,27429100.00
2020-10-26,33.610001,33.770000,32.950001,33.349998,26.091745,30888700.00
2020-10-27,33.150002,33.200001,32.700001,32.820000,25.677095,27100700.00
2020-10-28,32.099998,32.380001,31.520000,31.570000,24.699141,42136400.00
2020-10-29,31.410000,33.130001,31.110001,32.970001,25.794451,38622800.00
2020-10-30,32.410000,33.139999,32.009998,32.619999,25.520618,47885700.00
2020-11-02,33.139999,34.459999,32.570000,33.990002,26.592461,40130300.00
2020-11-03,34.490002,34.490002,33.130001,33.410000,26.138685,36773000.00
2020-11-04,33.270000,34.139999,32.529999,33.230000,25.997862,35410100.00
2020-11-05,33.369999,33.919998,33.139999,33.169998,25.950918,30824100.00
2020-11-06,33.099998,33.660000,32.619999,32.779999,25.645802,33985600.00
2020-11-09,36.419998,38.009998,36.060001,36.930000,28.892603,76879400.00
2020-11-10,37.049999,37.430000,35.980000,36.860001,29.533590,49055400.00
2020-11-11,37.090000,37.119999,36.189999,36.480000,29.229120,34124500.00
2020-11-12,35.860001,36.290001,34.869999,35.230000,28.227571,30933700.00
2020-11-13,35.400002,36.250000,35.380001,36.080002,28.908628,29241500.00
2020-11-16,37.590000,38.169998,37.099998,38.160000,30.575203,38596800.00
2020-11-17,37.810001,38.709999,37.380001,38.669998,30.983822,26521100.00
2020-11-18,39.020000,39.130001,37.200001,37.209999,29.814022,31068000.00
2020-11-19,36.860001,37.500000,36.560001,37.400002,29.966255,26954400.00
2020-11-20,37.349998,37.410000,36.779999,36.939999,29.597681,18351000.00
2020-11-23,37.500000,39.430000,37.279999,39.360001,31.536684,29367600.00
2020-11-24,40.509998,42.080002,40.220001,41.980000,33.635921,46979300.00
2020-11-25,41.669998,41.709999,40.650002,40.810001,32.698483,28178200.00
2020-11-27,40.700001,40.939999,39.869999,40.189999,32.201706,14971900.00
2020-11-30,39.799999,39.880001,37.970001,38.130001,30.551161,45614300.00
2020-12-01,38.959999,39.650002,38.470001,38.500000,30.847614,32472900.00
2020-12-02,38.389999,40.419998,38.340000,39.939999,32.001396,29369500.00
2020-12-03,40.070000,40.639999,39.730000,40.209999,32.217731,27038900.00
2020-12-04,40.770000,41.759998,40.650002,41.680000,33.395546,28723600.00
2020-12-07,41.419998,41.540001,40.669998,40.900002,32.770588,24899400.00
2020-12-08,40.529999,42.590000,40.439999,42.240002,33.844246,32573800.00
2020-12-09,42.709999,43.730000,42.380001,42.799999,34.292946,37824800.00
2020-12-10,43.200001,44.470001,42.759998,44.009998,35.262432,38058700.00
2020-12-11,43.700001,43.930000,43.209999,43.799999,35.094173,25478800.00
2020-12-14,44.340000,44.459999,42.180000,42.220001,33.828228,30595000.00
2020-12-15,42.439999,43.220001,42.060001,43.040001,34.485229,27138400.00
2020-12-16,43.750000,44.110001,42.959999,43.700001,35.014053,34273000.00
2020-12-17,44.000000,44.040001,43.400002,43.480000,34.837780,21204600.00
2020-12-18,43.270000,43.779999,42.419998,42.730000,34.236851,46596800.00
2020-12-21,41.110001,42.080002,40.529999,41.950001,33.611889,27869500.00
2020-12-22,41.580002,41.900002,41.230000,41.240002,33.043015,21792900.00
2020-12-23,41.509998,42.389999,41.459999,41.770000,33.467655,19085900.00
2020-12-24,41.650002,41.849998,41.380001,41.599998,33.331451,8039000.00
2020-12-28,41.689999,42.549999,41.520000,41.740002,33.443634,23877500.00
2020-12-29,42.040001,42.119999,41.200001,41.270000,33.067039,20287700.00
2020-12-30,41.330002,42.419998,41.270000,41.599998,33.331451,23807300.00
2020-12-31,41.470001,41.680000,40.970001,41.220001,33.026981,22786500.00
2021-01-04,41.450001,42.250000,41.000000,41.500000,33.251320,27764700.00
2021-01-05,41.840000,44.799999,41.830002,43.500000,34.853798,44035100.00
2021-01-06,44.410000,45.099998,43.700001,44.610001,35.743172,36484800.00
2021-01-07,45.000000,45.570000,44.529999,44.959999,36.023613,29528100.00
2021-01-08,45.200001,45.820000,44.950001,45.459999,36.424221,28628200.00
2021-01-11,45.040001,47.139999,44.750000,46.840000,37.529938,38246200.00
2021-01-12,47.459999,48.169998,46.910000,47.880001,38.363224,36915100.00
2021-01-13,48.529999,48.709999,47.689999,48.419998,38.795887,29000300.00
2021-01-14,48.500000,51.080002,48.500000,50.310001,40.310223,35474800.00
2021-01-15,48.910000,49.080002,47.290001,47.889999,38.371227,42411300.00
2021-01-19,48.450001,49.439999,48.349998,48.840000,39.132401,24932600.00
2021-01-20,49.110001,49.740002,48.990002,49.529999,39.685257,22342400.00
2021-01-21,49.330002,49.389999,47.680000,48.110001,38.547508,29044500.00
2021-01-22,47.009998,47.639999,46.639999,47.430000,38.002670,23264800.00
2021-01-25,46.900002,47.049999,46.160000,46.900002,37.578007,26395800.00
2021-01-26,47.259998,47.860001,45.849998,45.869999,36.752731,23976800.00
2021-01-27,45.000000,46.660000,44.529999,45.349998,36.336086,32410300.00
2021-01-28,45.939999,46.590000,45.689999,46.060001,36.904968,24967200.00
2021-01-29,45.549999,46.040001,44.509998,44.840000,35.927464,38961100.00
2021-02-01,45.580002,45.580002,44.290001,44.919998,35.991562,24412400.00
2021-02-02,45.810001,46.990002,45.279999,45.630001,36.560444,31940400.00
2021-02-03,45.630001,47.669998,45.419998,47.419998,37.994652,28459300.00
2021-02-04,47.880001,48.380001,47.250000,48.330002,38.723774,25280300.00
2021-02-05,49.180000,50.119999,49.040001,49.950001,40.021782,34980100.00
2021-02-08,50.919998,52.360001,50.709999,52.099998,41.744431,36998700.00
2021-02-09,50.669998,50.959999,49.770000,50.630001,41.255539,28977000.00
2021-02-10,50.630001,51.419998,50.389999,51.119999,41.654812,25723800.00
2021-02-11,50.889999,50.930000,48.779999,49.840000,40.611805,26972200.00
2021-02-12,49.430000,50.709999,49.410000,50.520000,41.165905,19756700.00
2021-02-16,51.959999,52.529999,51.619999,52.040001,42.404461,28060100.00
2021-02-17,52.349998,53.270000,51.799999,52.849998,43.064484,25509700.00
2021-02-18,52.810001,52.939999,51.860001,52.020000,42.388161,20627600.00
2021-02-19,52.110001,52.560001,51.919998,52.369999,42.673351,22607200.00
2021-02-22,52.590000,54.810001,52.590000,54.299999,44.246010,36435100.00
2021-02-23,54.980000,55.259998,53.740002,55.049999,44.857140,33527900.00
2021-02-24,55.189999,57.000000,54.869999,56.700001,46.201641,28728600.00
2021-02-25,56.980000,57.250000,55.349998,55.759998,45.435680,29670900.00
2021-02-26,54.410000,55.060001,53.119999,54.369999,44.303043,35291000.00
2021-03-01,56.470001,57.610001,56.130001,56.400002,45.957176,36998300.00
2021-03-02,56.650002,56.959999,56.020000,56.070000,45.688282,30302600.00
2021-03-03,56.419998,57.959999,55.880001,56.520000,46.054962,35358900.00
2021-03-04,57.119999,59.470001,57.099998,58.709999,47.839474,52137500.00
2021-03-05,59.830002,61.049999,59.110001,60.930000,49.648422,51429800.00
2021-03-08,61.580002,61.610001,59.820000,60.869999,49.599533,38154600.00
2021-03-09,60.610001,61.389999,59.470001,59.930000,48.833572,35645900.00
2021-03-10,60.520000,61.919998,60.029999,61.770000,50.332897,31579100.00
2021-03-11,61.779999,62.549999,61.259998,61.310001,49.958061,24802600.00
2021-03-12,61.549999,62.369999,61.500000,61.970001,50.495865,20422700.00
2021-03-15,61.490002,61.860001,59.869999,60.389999,49.208397,31243600.00
2021-03-16,59.540001,59.660000,58.439999,59.110001,48.165417,30624800.00
2021-03-17,58.689999,59.730000,58.619999,59.369999,48.377266,25575500.00
2021-03-18,58.810001,58.970001,56.520000,56.810001,46.291264,38622800.00
2021-03-19,56.709999,57.470001,55.810001,56.490002,46.030525,84439400.00
2021-03-22,56.500000,56.860001,55.900002,55.910000,45.557911,29315100.00
2021-03-23,54.939999,56.290001,54.450001,55.220001,44.995670,33493300.00
2021-03-24,56.080002,57.279999,56.080002,56.340000,45.908287,29781800.00
2021-03-25,55.209999,56.500000,54.500000,56.180000,45.777916,31495900.00
2021-03-26,57.299999,57.779999,56.520000,57.709999,47.024616,34226500.00
2021-03-29,57.340000,57.820000,56.740002,57.400002,46.772026,21144400.00
2021-03-30,56.860001,57.360001,56.490002,56.689999,46.193489,20303400.00
2021-03-31,56.349998,56.630001,55.799999,55.830002,45.492729,23686500.00
2021-04-01,56.320000,57.450001,56.139999,57.389999,46.763874,23194500.00
2021-04-05,57.299999,57.320000,56.139999,56.500000,46.038666,23264800.00
2021-04-06,56.840000,57.540001,56.259998,56.340000,45.908287,18926300.00
2021-04-07,56.389999,56.770000,56.240002,56.590000,46.112003,22385000.00
2021-04-08,55.930000,56.080002,55.320000,56.000000,45.631245,21999300.00
2021-04-09,56.000000,56.439999,55.529999,55.869999,45.525311,20020700.00
2021-04-12,56.759998,56.790001,55.310001,55.500000,45.223816,20238800.00
2021-04-13,55.299999,55.980000,55.090000,55.709999,45.394939,19370600.00
2021-04-14,56.410000,58.009998,56.250000,57.320000,46.706841,28051100.00
2021-04-15,57.419998,57.419998,56.779999,56.980000,46.429794,23250300.00
2021-04-16,57.360001,57.680000,56.439999,56.660000,46.169044,22752000.00
2021-04-19,56.750000,57.139999,55.959999,56.480000,46.022369,21123300.00
2021-04-20,56.470001,56.470001,54.779999,55.290001,45.052704,21782100.00
2021-04-21,54.500000,56.130001,54.299999,56.000000,45.631245,16625600.00
2021-04-22,55.990002,55.990002,55.020000,55.270000,45.036404,21600100.00
2021-04-23,55.270000,55.939999,55.180000,55.570000,45.280857,15337900.00
2021-04-26,55.470001,56.290001,55.439999,55.680000,45.370495,16083800.00
2021-04-27,56.009998,56.630001,55.810001,56.410000,45.965328,19278600.00
2021-04-28,56.910000,58.459999,56.790001,58.110001,47.350563,24729800.00
2021-04-29,58.919998,59.480000,58.150002,58.939999,48.026882,27318400.00
2021-04-30,58.330002,58.889999,57.160000,57.240002,46.641651,30518400.00
2021-05-03,57.980000,58.990002,57.740002,58.820000,47.929100,20509600.00
2021-05-04,59.000000,59.500000,58.509998,59.189999,48.230587,23522200.00
2021-05-05,59.770000,61.049999,59.400002,60.970001,49.681026,31526200.00
2021-05-06,60.860001,61.639999,60.029999,61.549999,50.153622,26836800.00
2021-05-07,61.070000,62.470001,60.849998,62.430000,50.870686,33610600.00
2021-05-10,63.240002,64.019997,62.529999,62.580002,50.992916,31956600.00
2021-05-11,61.630001,62.389999,60.389999,60.590000,49.371376,34563800.00
2021-05-12,60.009998,61.680000,59.750000,60.040001,49.635925,34426500.00
2021-05-13,59.000000,60.450001,58.750000,59.299999,49.024158,24268200.00
2021-05-14,59.930000,60.880001,59.930000,60.770000,50.239429,20735400.00
2021-05-17,60.540001,62.250000,60.430000,62.189999,51.413364,25282500.00
2021-05-18,62.000000,62.299999,60.400002,60.430000,49.958340,25170800.00
2021-05-19,59.099998,59.860001,58.419998,58.980000,48.759605,28889800.00
2021-05-20,58.950001,59.150002,58.240002,58.840000,48.643864,20692500.00
2021-05-21,59.419998,59.830002,58.849998,58.919998,48.710007,20792700.00
2021-05-24,59.080002,59.799999,58.689999,59.610001,49.280441,18400300.00
2021-05-25,59.500000,59.540001,58.119999,58.259998,48.164371,25616100.00
2021-05-26,58.250000,59.119999,57.900002,58.939999,48.726536,21698700.00
2021-05-27,59.230000,59.700001,58.020000,58.560001,48.412392,33556000.00
2021-05-28,58.730000,58.799999,58.110001,58.369999,48.255306,19246800.00
2021-06-01,59.450001,60.700001,59.450001,60.459999,49.983135,28474200.00
2021-06-02,60.750000,61.310001,60.169998,60.939999,50.379963,22978300.00
2021-06-03,60.549999,61.410000,60.349998,61.180000,50.578381,20272800.00
2021-06-04,61.459999,61.700001,60.779999,61.450001,50.801601,20427800.00
2021-06-07,61.330002,61.730000,61.020000,61.049999,50.470909,15477900.00
2021-06-08,61.500000,62.480000,60.669998,62.130001,51.363758,28953400.00
2021-06-09,62.669998,63.419998,62.189999,62.650002,51.793644,29133000.00
2021-06-10,63.610001,63.980000,62.250000,62.750000,51.876312,27488700.00
2021-06-11,63.009998,63.189999,62.139999,62.169998,51.396828,17631700.00
2021-06-14,62.299999,62.779999,61.570000,62.070000,51.314156,16997200.00
2021-06-15,62.480000,64.400002,62.349998,64.330002,53.182522,30717100.00
2021-06-16,64.320000,64.800003,63.560001,64.099998,52.992382,24803200.00
2021-06-17,63.860001,64.459999,61.270000,61.990002,51.248016,28491800.00
2021-06-18,61.000000,61.549999,60.240002,60.400002,49.933540,39590700.00
2021-06-21,60.930000,62.700001,60.900002,62.590000,51.744049,33145400.00
2021-06-22,62.849998,64.010002,62.230000,63.790001,52.736095,25140400.00
2021-06-23,64.050003,64.699997,63.580002,64.260002,53.124649,20701600.00
2021-06-24,64.150002,64.559998,63.810001,64.519997,53.339600,19568400.00
2021-06-25,64.610001,64.930000,64.360001,64.660004,53.455349,18438300.00
2021-06-28,64.559998,64.559998,62.750000,63.009998,52.091270,20570000.00
2021-06-29,63.209999,63.770000,62.590000,62.619999,51.768856,19579300.00
2021-06-30,62.700001,63.230000,62.450001,63.080002,52.149139,17875500.00
2021-07-01,64.330002,64.419998,62.770000,63.259998,52.297939,22530300.00
2021-07-02,63.009998,63.320000,62.419998,63.169998,52.223537,14555300.00
2021-07-06,62.750000,62.759998,60.900002,61.369999,50.735455,22110800.00
2021-07-07,61.180000,61.810001,59.619999,60.410000,49.941803,21671400.00
2021-07-08,59.450001,60.709999,59.310001,60.139999,49.718597,18935900.00
2021-07-09,60.700001,61.450001,60.240002,61.230000,50.619717,20086000.00
2021-07-12,60.419998,61.500000,60.160000,61.169998,50.570110,21809400.00
2021-07-13,61.000000,61.509998,60.509998,60.880001,50.330364,17147300.00
2021-07-14,61.169998,61.730000,59.360001,59.529999,49.214298,21573600.00
2021-07-15,59.169998,59.700001,58.770000,58.950001,48.734818,15851100.00
2021-07-16,59.180000,59.259998,57.150002,57.320000,47.387264,27049500.00
2021-07-19,55.639999,56.200001,54.599998,55.349998,45.758636,37969100.00
2021-07-20,55.500000,56.599998,55.029999,55.959999,46.262936,26756100.00
2021-07-21,56.860001,58.299999,56.830002,57.759998,47.751015,20908700.00
2021-07-22,57.730000,57.740002,56.660000,57.110001,47.213646,13493800.00
2021-07-23,57.290001,57.290001,56.470001,57.040001,47.155785,14088200.00
2021-07-26,57.160000,58.650002,57.000000,58.480000,48.346241,18387600.00
2021-07-27,58.009998,58.009998,57.209999,57.830002,47.808895,16861400.00
2021-07-28,58.000000,58.630001,57.619999,58.220001,48.131298,16855300.00
2021-07-29,59.000000,59.330002,58.560001,58.930000,48.718269,18607800.00
2021-07-30,58.880001,58.880001,57.320000,57.570000,47.593929,28652800.00
2021-08-02,57.549999,59.060001,57.400002,57.580002,47.602211,20873800.00
2021-08-03,57.570000,58.410000,56.930000,58.200001,48.114773,18208200.00
2021-08-04,57.189999,57.880001,56.810001,56.840000,46.990437,20868300.00
2021-08-05,57.130001,57.700001,56.830002,57.200001,47.288063,15180200.00
2021-08-06,57.660000,58.070000,57.529999,57.860001,47.833683,14888500.00
2021-08-09,57.130001,57.520000,56.830002,57.200001,47.288063,17828200.00
2021-08-10,57.419998,58.360001,57.299999,58.180000,48.098236,16340200.00
2021-08-11,58.189999,58.500000,57.720001,58.349998,48.238773,18278600.00
2021-08-12,57.400002,57.790001,56.869999,57.349998,48.129677,19225500.00
2021-08-13,57.029999,57.070000,56.299999,56.770000,47.642933,20063000.00
2021-08-16,56.020000,56.090000,55.270000,55.939999,46.946358,16959500.00
2021-08-17,55.500000,56.299999,55.000000,55.560001,46.627464,16243700.00
2021-08-18,55.419998,55.810001,54.310001,54.389999,45.645573,21890500.00
2021-08-19,53.470001,53.709999,52.099998,52.730000,44.252445,30923500.00
2021-08-20,52.270000,53.139999,52.110001,52.740002,44.260845,16918300.00
2021-08-23,53.950001,55.060001,53.950001,54.910000,46.081963,21632600.00
2021-08-24,55.290001,55.849998,55.009998,55.360001,46.459618,17915600.00
2021-08-25,55.240002,55.770000,54.869999,55.459999,46.543541,13270300.00
2021-08-26,55.200001,55.540001,54.630001,54.709999,45.914116,11842600.00
2021-08-27,55.400002,56.209999,55.400002,55.770000,46.803696,15822500.00
2021-08-30,56.240002,56.340000,55.119999,55.160000,46.291767,14086100.00
2021-08-31,54.930000,55.310001,54.459999,54.520000,45.754658,27104100.00
2021-09-01,54.490002,54.759998,53.599998,53.770000,45.125248,21644100.00
2021-09-02,54.290001,55.639999,54.270000,55.080002,46.224636,23293300.00
2021-09-03,55.119999,55.320000,54.599998,54.869999,46.048393,13840000.00
2021-09-07,54.669998,55.270000,54.470001,54.549999,45.779846,14354400.00
2021-09-08,54.790001,55.180000,54.009998,54.049999,45.360226,18756700.00
2021-09-09,53.619999,55.000000,53.299999,54.090000,45.393787,19110800.00
2021-09-10,55.189999,55.230000,53.950001,53.980000,45.301487,15123700.00
2021-09-13,54.650002,55.930000,54.619999,55.369999,46.468010,22052300.00
2021-09-14,55.689999,55.770000,54.410000,54.580002,45.805023,19940300.00
2021-09-15,55.369999,56.529999,55.310001,56.419998,47.349190,23240900.00
2021-09-16,56.459999,56.459999,55.500000,55.820000,46.845669,17907200.00
2021-09-17,55.340000,56.750000,55.099998,55.160000,46.291767,30000400.00
2021-09-20,53.779999,54.169998,52.959999,53.689999,45.058102,27555100.00
2021-09-21,54.369999,54.509998,53.250000,53.639999,45.016148,19696800.00
2021-09-22,54.430000,55.910000,54.369999,55.209999,46.333729,25690600.00
2021-09-23,55.419998,57.240002,55.279999,57.080002,47.903091,23069400.00
2021-09-24,56.700001,57.820000,56.680000,57.590000,48.331093,22328600.00
2021-09-27,58.849998,59.799999,58.820000,59.299999,49.766171,32972200.00
2021-09-28,59.900002,60.480000,59.509998,59.919998,50.286491,37619300.00
2021-09-29,59.840000,60.189999,59.049999,59.880001,50.252926,23422800.00
2021-09-30,60.119999,60.169998,58.810001,58.820000,49.363338,31289600.00
2021-10-01,59.410000,60.990002,59.410000,60.930000,51.134113,24407300.00
2021-10-04,61.320000,62.070000,60.950001,61.720001,51.797104,33946700.00
2021-10-05,62.520000,62.700001,61.020000,61.619999,51.713173,29641600.00
2021-10-06,60.470001,61.119999,59.750000,60.490002,50.764854,25284900.00
2021-10-07,60.610001,61.080002,60.139999,60.660000,50.907505,19513600.00
2021-10-08,61.250000,62.419998,61.250000,62.180000,52.183144,22186900.00
2021-10-11,63.029999,63.060001,61.500000,61.560001,51.662827,22121500.00
2021-10-12,61.570000,61.980000,60.849998,61.240002,51.394279,20198600.00
2021-10-13,60.779999,61.389999,60.209999,61.070000,51.251602,14991700.00
2021-10-14,61.709999,62.220001,61.169998,62.000000,52.032089,18594500.00
2021-10-15,62.730000,63.070000,62.439999,62.590000,52.527233,16092600.00
2021-10-18,63.090000,63.139999,62.270000,62.560001,52.502052,18282800.00
2021-10-19,62.869999,63.610001,62.669998,63.500000,53.290920,18933200.00
2021-10-20,62.889999,63.869999,62.720001,63.849998,53.584656,14305200.00
2021-10-21,63.470001,63.639999,62.349998,62.689999,52.611149,16564600.00
2021-10-22,62.770000,63.220001,62.349998,63.119999,52.972015,14266800.00
2021-10-25,63.720001,64.419998,63.580002,64.349998,54.004272,17939800.00
2021-10-26,64.489998,65.940002,64.360001,65.839996,55.254711,25585100.00
2021-10-27,65.160004,65.250000,63.980000,64.129997,53.819641,21764500.00
2021-10-28,63.820000,64.470001,63.630001,64.309998,53.970692,16626400.00
2021-10-29,65.050003,65.360001,64.330002,64.470001,54.104973,23966300.00
2021-11-01,65.070000,66.080002,65.019997,65.629997,55.078480,19656400.00
2021-11-02,65.029999,65.449997,64.660004,64.820000,54.398708,16300000.00
2021-11-03,64.040001,64.449997,63.660000,63.930000,53.651787,17372800.00
2021-11-04,64.680000,64.889999,63.830002,64.410004,54.054623,17720100.00
2021-11-05,65.050003,65.330002,64.559998,65.019997,54.566540,18565100.00
2021-11-08,65.550003,66.379997,65.379997,65.720001,55.154007,17696000.00
2021-11-09,65.769997,66.370003,65.309998,66.360001,55.691116,18781300.00
2021-11-10,65.320000,65.650002,63.770000,64.190002,54.593956,20177200.00
2021-11-11,64.190002,64.830002,64.019997,64.309998,54.696018,13319300.00
2021-11-12,63.959999,64.370003,63.580002,63.820000,54.279278,18158900.00
2021-11-15,63.759998,64.769997,63.220001,64.370003,54.747063,18849200.00
2021-11-16,64.339996,65.370003,64.339996,65.019997,55.299873,17028700.00
2021-11-17,64.379997,65.239998,64.180000,64.309998,54.696018,15497000.00
2021-11-18,64.160004,64.529999,63.110001,63.610001,54.100666,16948200.00
2021-11-19,61.889999,62.029999,60.410000,60.669998,51.600182,32035500.00
2021-11-22,60.320000,62.540001,60.320000,61.509998,52.314602,21994400.00
2021-11-23,62.189999,63.380001,61.919998,63.130001,53.692429,21185900.00
2021-11-24,62.580002,63.849998,62.580002,63.480000,53.990108,15869700.00
2021-11-26,60.520000,61.419998,59.540001,61.250000,52.093475,24979600.00
2021-11-29,62.570000,63.139999,61.290001,61.590000,52.382652,18946400.00
2021-11-30,60.459999,61.189999,59.660000,59.840000,50.894264,34979800.00
2021-12-01,60.900002,62.029999,59.750000,59.790001,50.851738,30630600.00
2021-12-02,59.740002,61.580002,59.139999,61.279999,52.118988,29216000.00
2021-12-03,61.919998,62.230000,60.349998,60.889999,51.787289,22014700.00
2021-12-06,61.720001,62.160000,61.419998,61.580002,52.374142,19210500.00
2021-12-07,62.340000,63.029999,62.099998,62.270000,52.960991,19800400.00
2021-12-08,62.610001,63.189999,62.340000,62.450001,53.114079,18214400.00
2021-12-09,62.049999,62.770000,61.810001,62.610001,53.250164,16910300.00
2021-12-10,63.270000,63.349998,62.230000,63.009998,53.590370,17942400.00
2021-12-13,62.470001,62.720001,61.349998,61.630001,52.416664,17793700.00
2021-12-14,61.259998,62.470001,61.220001,61.540001,52.340126,22551100.00
2021-12-15,61.189999,61.500000,60.009998,61.270000,52.110489,19961900.00
2021-12-16,61.439999,62.450001,61.299999,61.369999,52.195538,21187800.00
2021-12-17,60.950001,61.279999,59.689999,60.029999,51.055859,44338100.00
2021-12-20,58.790001,59.250000,57.959999,59.160000,50.315914,21819300.00
2021-12-21,59.750000,60.680000,59.720001,60.500000,51.455601,19798900.00
2021-12-22,60.340000,61.369999,59.970001,60.990002,51.872353,14058300.00
2021-12-23,61.169998,61.840000,61.000000,61.020000,51.897861,13543300.00
2021-12-27,60.930000,61.950001,60.419998,61.889999,52.637791,12593700.00
2021-12-28,61.910000,62.310001,61.400002,61.689999,52.467690,12781000.00
2021-12-29,61.480000,61.599998,60.919998,61.150002,52.008423,12733600.00
2021-12-30,61.220001,61.599998,60.770000,60.790001,51.702248,11940300.00
2021-12-31,60.740002,61.470001,60.700001,61.189999,52.042450,14072000.00
2022-01-03,61.240002,63.599998,61.209999,63.540001,54.041126,24282400.00
2022-01-04,64.129997,66.190002,64.099998,65.930000,56.073849,38584000.00
2022-01-05,66.500000,67.610001,66.480003,66.750000,56.771255,34033300.00
2022-01-06,68.000000,68.480003,67.070000,68.320000,58.106560,30668500.00
2022-01-07,68.519997,69.180000,67.980003,68.879997,58.582832,23985400.00
2022-01-10,68.970001,69.169998,67.949997,68.470001,58.234142,22760300.00
2022-01-11,68.889999,71.400002,68.580002,71.349998,60.683590,32936100.00
2022-01-12,71.139999,71.809998,70.639999,71.139999,60.504974,23045100.00
2022-01-13,71.120003,71.580002,70.309998,70.629997,60.071213,21043200.00
2022-01-14,70.650002,72.150002,70.599998,71.870003,61.125843,23012900.00
2022-01-18,72.820000,73.879997,72.010002,73.080002,62.154964,32841200.00
2022-01-19,73.750000,73.860001,72.550003,73.110001,62.180473,26431600.00
2022-01-20,72.500000,74.370003,72.260002,73.269997,62.316551,26774600.00
2022-01-21,73.180000,73.180000,71.040001,72.169998,61.381008,35995200.00
2022-01-24,70.879997,73.080002,69.809998,72.790001,61.908310,41507000.00
2022-01-25,72.589996,75.239998,71.389999,74.930000,63.728378,39278400.00
2022-01-26,75.430000,76.000000,73.489998,74.169998,63.081993,35252400.00
2022-01-27,75.459999,76.010002,73.989998,75.120003,63.889984,29174700.00
2022-01-28,74.970001,75.620003,73.949997,75.279999,64.026093,30595700.00
2022-01-31,74.970001,76.419998,74.269997,75.959999,64.604416,36085500.00
2022-02-01,76.449997,81.510002,76.269997,80.830002,68.746391,61033100.00
2022-02-02,80.059998,80.809998,79.150002,80.620003,68.567780,30299300.00
2022-02-03,80.089996,80.309998,79.019997,79.680000,67.768295,28529400.00
2022-02-04,80.870003,82.529999,80.870003,81.410004,69.239662,32197500.00
2022-02-07,81.139999,83.080002,80.639999,82.389999,70.073166,34949200.00
2022-02-08,82.269997,82.500000,79.919998,80.260002,68.261604,34356300.00
2022-02-09,79.580002,80.029999,78.709999,79.000000,67.934814,40106100.00
2022-02-10,78.720001,79.680000,77.790001,78.239998,67.281258,28527700.00
2022-02-11,78.620003,80.320000,78.230003,80.209999,68.975327,42002100.00
2022-02-14,79.580002,79.839996,77.050003,78.980003,67.917610,34652800.00
2022-02-15,76.900002,78.190002,76.419998,77.989998,67.066277,25075100.00
2022-02-16,78.790001,79.730003,78.040001,78.349998,67.375854,21733800.00
2022-02-17,78.480003,79.120003,77.949997,78.230003,67.272675,23738800.00
2022-02-18,77.160004,78.169998,76.889999,77.360001,66.524529,23394800.00
2022-02-22,79.669998,79.790001,75.309998,76.459999,65.750580,35947800.00
2022-02-23,76.459999,77.470001,76.129997,76.769997,66.017159,25385000.00
2022-02-24,79.000000,79.029999,74.029999,75.800003,65.183037,46199900.00
2022-02-25,76.690002,77.989998,76.260002,77.839996,66.937279,28310300.00
2022-02-28,76.510002,78.930000,76.199997,78.419998,67.436050,32204600.00
2022-03-01,78.769997,80.650002,78.330002,79.169998,68.081001,40002300.00
2022-03-02,80.599998,82.150002,79.820000,80.529999,69.250526,44321400.00
2022-03-03,79.860001,81.769997,79.629997,81.040001,69.689087,30196600.00
2022-03-04,81.050003,84.279999,80.660004,84.089996,72.311897,42802200.00
2022-03-07,84.919998,87.230003,83.900002,87.120003,74.917496,55207900.00
2022-03-08,89.050003,91.510002,85.430000,87.779999,75.485031,72082300.00
2022-03-09,84.029999,86.570000,81.599998,82.790001,71.193962,65466700.00
2022-03-10,84.010002,85.680000,82.900002,85.360001,73.403999,44644200.00
2022-03-11,84.070000,86.230003,83.970001,84.919998,73.025620,35303400.00
2022-03-14,83.059998,83.449997,80.500000,81.879997,70.411430,37462600.00
2022-03-15,78.820000,79.169998,76.370003,77.220001,66.404129,47957900.00
2022-03-16,77.809998,78.620003,76.250000,76.930000,66.154747,37812300.00
2022-03-17,78.180000,79.150002,77.070000,78.980003,67.917610,34041900.00
2022-03-18,79.059998,79.389999,78.099998,78.669998,67.651039,41461500.00
2022-03-21,80.120003,82.519997,79.739998,82.199997,70.686615,33089300.00
2022-03-22,81.629997,82.199997,80.790001,81.839996,70.377029,23132200.00
2022-03-23,83.339996,84.269997,83.050003,83.129997,71.486336,27716300.00
2022-03-24,83.459999,84.650002,82.750000,83.379997,71.701324,19871600.00
2022-03-25,82.919998,85.489998,82.790001,85.199997,73.266396,22398300.00
2022-03-28,83.169998,83.309998,82.019997,82.809998,71.211166,21552400.00
2022-03-29,80.809998,82.489998,79.760002,82.370003,70.832802,27036300.00
2022-03-30,83.059998,84.010002,82.709999,83.779999,72.045319,22079000.00
2022-03-31,82.870003,84.400002,82.550003,82.589996,71.021980,27861500.00
2022-04-01,81.989998,84.139999,81.989998,83.120003,71.477753,18671100.00
2022-04-04,83.559998,83.660004,82.050003,83.160004,71.512154,20869400.00
2022-04-05,83.500000,85.070000,82.559998,82.730003,71.142372,21753100.00
2022-04-06,83.419998,84.699997,82.940002,83.650002,71.933517,24768200.00
2022-04-07,83.830002,85.440002,82.709999,85.050003,73.137421,26122000.00
2022-04-08,85.169998,87.209999,85.169998,86.839996,74.676689,24866500.00
2022-04-11,85.779999,85.930000,83.500000,83.849998,72.105499,21800100.00
2022-04-12,85.709999,86.820000,85.379997,85.599998,73.610382,22444200.00
2022-04-13,86.610001,87.110001,85.190002,86.809998,74.650917,19306800.00
2022-04-14,86.669998,88.459999,86.230003,87.830002,75.528046,24566400.00
2022-04-18,88.500000,88.889999,87.750000,88.550003,76.147186,19032300.00
2022-04-19,88.010002,88.660004,87.269997,87.760002,75.467834,20382600.00
2022-04-20,87.970001,88.500000,87.300003,87.959999,75.639824,20689400.00
2022-04-21,88.949997,89.800003,86.790001,87.029999,74.840088,29010900.00
2022-04-22,86.660004,88.120003,85.000000,85.129997,73.206215,23591600.00
2022-04-25,82.370003,82.660004,79.290001,82.260002,70.738205,37698300.00
2022-04-26,82.730003,84.720001,82.180000,82.290001,70.763992,28941500.00
2022-04-27,83.389999,85.480003,82.279999,84.639999,72.784851,32773000.00
2022-04-28,84.879997,88.139999,84.070000,87.199997,74.986267,33683800.00
2022-04-29,88.139999,88.139999,84.699997,85.250000,73.309418,34656500.00
2022-05-02,85.010002,87.040001,84.629997,86.410004,74.306923,36335200.00
2022-05-03,86.260002,88.779999,86.120003,88.190002,75.837608,33908100.00
2022-05-04,89.500000,91.879997,88.910004,91.699997,78.855980,46188400.00
2022-05-05,92.040001,92.050003,88.389999,90.309998,77.660675,41013400.00
2022-05-06,90.980003,91.820000,89.349998,91.690002,78.847374,29619300.00
2022-05-09,89.440002,89.559998,84.019997,84.459999,72.630058,45851600.00
2022-05-10,85.639999,86.889999,83.519997,85.019997,73.111633,34483200.00
2022-05-11,86.430000,88.940002,86.279999,86.790001,74.633713,33020600.00
2022-05-12,85.949997,86.379997,83.400002,86.300003,74.972519,29491500.00
2022-05-13,87.360001,88.949997,86.349998,88.860001,77.196503,25798400.00
2022-05-16,88.980003,91.980003,88.970001,90.949997,79.012161,26101200.00
2022-05-17,91.730003,92.449997,91.120003,92.110001,80.019913,23120700.00
2022-05-18,92.510002,92.919998,89.830002,90.650002,78.751564,25451200.00
2022-05-19,89.000000,92.300003,89.000000,91.139999,79.177223,24387400.00
2022-05-20,91.930000,93.589996,90.400002,91.860001,79.802711,28795000.00
2022-05-23,92.660004,94.769997,92.550003,93.889999,81.566277,27239300.00
2022-05-24,92.820000,94.790001,92.320000,94.400002,82.009338,24293300.00
2022-05-25,94.580002,96.529999,94.470001,96.300003,83.659958,29947800.00
2022-05-26,96.599998,97.430000,96.199997,96.639999,83.955315,24314800.00
2022-05-27,95.949997,97.930000,95.300003,97.589996,84.780624,25588800.00
2022-05-31,98.559998,99.779999,95.709999,96.000000,83.399323,44888100.00
2022-06-01,97.019997,98.709999,96.620003,97.839996,84.997810,25815400.00
2022-06-02,97.290001,98.099998,96.790001,97.669998,84.850113,19089100.00
2022-06-03,97.900002,99.660004,97.900002,99.089996,86.083733,21038200.00
2022-06-06,99.180000,99.779999,98.669998,98.839996,85.866547,20682100.00
2022-06-07,99.699997,103.430000,99.489998,103.370003,89.801949,37810200.00
2022-06-08,103.489998,105.570000,102.980003,104.589996,90.861824,31613200.00
2022-06-09,103.419998,104.570000,102.160004,102.330002,88.898460,26607000.00
2022-06-10,101.940002,103.349998,99.790001,100.459999,87.273911,30950500.00
2022-06-13,97.519997,97.769997,93.919998,95.849998,83.268997,33421000.00
2022-06-14,97.410004,98.669998,95.269997,96.099998,83.486198,31264000.00
2022-06-15,95.989998,96.570000,93.269997,94.889999,82.435013,29620800.00
2022-06-16,92.410004,93.129997,90.279999,91.389999,79.394424,35696700.00
2022-06-17,90.959999,91.349998,85.660004,86.120003,74.816147,64610200.00
2022-06-21,88.580002,92.529999,88.519997,91.480003,79.472595,35951500.00
2022-06-22,87.540001,89.760002,87.529999,87.860001,76.327759,29727200.00
2022-06-23,88.660004,89.050003,83.519997,85.209999,74.025574,35757200.00
2022-06-24,86.949997,88.400002,85.809998,86.900002,75.493774,26639000.00
2022-06-27,87.809998,90.040001,87.669998,89.029999,77.344193,25478700.00
2022-06-28,91.120003,93.239998,90.349998,91.500000,79.489990,33096900.00
2022-06-29,92.980003,93.199997,87.760002,88.120003,76.553635,25400900.00
2022-06-30,86.139999,87.599998,84.669998,85.639999,74.399132,39948100.00
2022-07-01,86.739998,87.879997,84.709999,87.550003,76.058441,26327900.00
2022-07-05,86.339996,86.699997,83.010002,84.809998,73.678093,34591100.00
2022-07-06,83.760002,85.230003,81.010002,83.279999,72.348900,33375700.00
2022-07-07,85.379997,86.760002,85.300003,85.940002,74.659767,23817400.00
2022-07-08,86.949997,87.300003,84.930000,86.080002,74.781380,17673800.00
2022-07-11,85.169998,86.120003,84.360001,85.639999,74.399132,15603800.00
2022-07-12,83.779999,85.050003,82.860001,84.500000,73.408783,21013000.00
2022-07-13,83.379997,86.309998,83.300003,84.839996,73.704147,19928600.00
2022-07-14,81.849998,83.309998,80.690002,83.139999,72.227295,26343000.00
2022-07-15,84.800003,84.879997,82.900002,84.540001,73.443527,17243700.00
2022-07-18,86.580002,87.940002,85.750000,86.099998,74.798767,19395800.00
2022-07-19,86.419998,88.519997,86.250000,88.269997,76.683929,18248900.00
2022-07-20,87.580002,89.650002,87.250000,89.239998,77.526634,16584400.00
2022-07-21,86.930000,87.800003,85.209999,87.750000,76.232208,21375700.00
2022-07-22,87.550003,88.470001,86.629997,87.080002,75.650139,15479500.00
2022-07-25,88.160004,90.129997,87.419998,89.980003,78.169495,17536400.00
2022-07-26,91.129997,91.279999,89.000000,89.629997,77.865433,15141200.00
2022-07-27,90.279999,92.000000,89.400002,91.570000,79.550789,18047000.00
2022-07-28,92.180000,93.250000,91.010002,92.639999,80.480347,20353100.00
2022-07-29,94.449997,97.519997,94.099998,96.930000,84.207245,29825800.00
2022-08-01,94.790001,95.349998,93.230003,94.480003,82.078857,20793200.00
2022-08-02,94.690002,95.199997,93.820000,94.070000,81.722641,16722500.00
2022-08-03,94.419998,94.419998,90.790001,91.019997,79.072990,23580800.00
2022-08-04,90.309998,90.339996,86.430000,87.190002,75.745689,31821500.00
2022-08-05,86.360001,89.690002,86.279999,88.449997,76.840309,17408000.00
2022-08-08,88.610001,89.599998,88.220001,88.949997,77.274689,14458500.00
2022-08-09,90.050003,91.610001,89.949997,90.589996,78.699425,19083400.00
2022-08-10,90.680000,91.790001,89.190002,91.449997,79.446541,18302000.00
2022-08-11,91.839996,94.300003,91.440002,93.190002,81.744766,18797900.00
2022-08-12,92.480003,94.019997,92.110001,94.000000,82.455284,15058200.00
2022-08-15,90.529999,92.730003,89.660004,92.320000,80.981613,20755200.00
2022-08-16,92.029999,92.889999,91.290001,91.459999,80.227234,14038200.00
2022-08-17,91.269997,93.209999,90.919998,92.199997,80.876343,13678000.00
2022-08-18,93.150002,95.309998,93.089996,94.379997,82.788605,17770400.00
2022-08-19,94.160004,95.199997,93.800003,94.080002,82.525467,16128600.00
2022-08-22,93.419998,94.489998,91.860001,94.010002,82.464050,16019900.00
2022-08-23,95.550003,98.410004,95.449997,98.000000,85.964012,23764700.00
2022-08-24,98.010002,98.970001,97.360001,98.580002,86.472801,17050300.00
2022-08-25,98.919998,99.860001,98.099998,99.089996,86.920143,15305700.00
2022-08-26,98.769997,99.910004,97.419998,97.870003,85.849976,15531400.00
2022-08-29,98.180000,101.559998,98.139999,100.120003,87.823647,23059200.00
2022-08-30,98.360001,98.620003,95.820000,96.309998,84.481583,17086800.00
2022-08-31,94.029999,96.839996,93.589996,95.589996,83.849998,18340900.00
2022-09-01,94.419998,95.070000,92.290001,93.870003,82.341248,16423000.00
2022-09-02,96.349998,96.790001,95.110001,95.589996,83.849998,18206800.00
2022-09-06,96.160004,96.589996,94.510002,94.949997,83.288605,19201500.00
2022-09-07,93.190002,94.589996,92.300003,94.139999,82.578087,16274700.00
2022-09-08,94.660004,95.419998,93.720001,94.910004,83.253525,18759200.00
2022-09-09,96.519997,97.000000,95.320000,96.500000,84.648239,17158000.00
2022-09-12,97.650002,99.190002,96.879997,97.610001,85.621918,16118900.00
2022-09-13,96.610001,97.779999,94.910004,95.330002,83.621941,18229100.00
2022-09-14,96.190002,98.559998,96.150002,97.669998,85.674538,22655700.00
2022-09-15,96.220001,96.540001,94.050003,94.830002,83.183350,21092300.00
2022-09-16,95.070000,95.339996,92.000000,93.209999,81.762299,37874700.00
2022-09-19,91.010002,93.489998,91.000000,93.199997,81.753532,15342100.00
2022-09-20,92.730003,92.930000,91.639999,92.440002,81.086884,14712500.00
2022-09-21,93.570000,93.879997,90.870003,90.949997,79.779877,17332400.00
2022-09-22,92.199997,92.660004,90.519997,90.570000,79.446541,16139400.00
2022-09-23,87.500000,87.500000,84.849998,85.750000,75.218536,27738800.00
2022-09-26,84.900002,86.220001,83.889999,83.980003,73.665916,22043400.00
2022-09-27,85.610001,86.959999,84.809998,85.739998,75.209740,17307300.00
2022-09-28,86.120003,89.300003,85.919998,88.860001,77.946556,19543300.00
2022-09-29,88.180000,89.360001,87.129997,88.680000,77.788666,17896000.00
2022-09-30,88.169998,89.040001,87.309998,87.309998,76.586914,21357600.00
2022-10-03,90.040001,92.360001,89.720001,91.919998,80.630714,23881300.00
2022-10-04,93.239998,95.360001,92.709999,95.269997,83.569298,22133700.00
2022-10-05,95.750000,99.989998,95.660004,99.120003,86.946480,34857700.00
2022-10-06,98.470001,102.180000,98.330002,102.059998,89.525383,29124700.00
2022-10-07,102.190002,103.320000,100.180000,101.029999,88.621887,24507600.00
2022-10-10,101.489998,102.029999,98.720001,98.839996,86.700851,16786100.00
2022-10-11,97.220001,99.760002,96.750000,98.000000,85.964012,17804100.00
2022-10-12,97.500000,98.910004,97.230003,98.430000,86.341202,12635800.00
2022-10-13,97.550003,102.449997,97.400002,101.870003,89.358727,22019100.00
2022-10-14,101.120003,102.239998,99.040001,99.190002,87.007874,15222000.00
2022-10-17,101.070000,101.970001,100.500000,100.620003,88.262245,14283200.00
2022-10-18,101.540001,102.349998,99.230003,100.800003,88.420120,14065400.00
2022-10-19,101.250000,103.989998,101.230003,103.790001,91.042931,20921700.00
2022-10-20,104.320000,105.000000,103.410004,103.930000,91.165726,17649000.00
2022-10-21,104.449997,106.400002,103.910004,105.860001,92.858688,22814100.00
2022-10-24,105.660004,107.680000,105.120003,106.599998,93.507782,17024200.00
2022-10-25,106.410004,107.330002,105.070000,105.879997,92.876236,15719800.00
2022-10-26,106.260002,107.830002,106.000000,107.139999,93.981483,17383800.00
2022-10-27,108.410004,109.580002,107.419998,107.550003,94.341125,18214000.00
2022-10-28,109.459999,111.209999,108.120003,110.699997,97.104240,28169400.00
2022-10-31,109.500000,112.910004,109.440002,110.809998,97.200745,26401800.00
2022-11-01,112.370003,112.570000,110.650002,111.910004,98.165642,22213100.00
2022-11-02,111.580002,112.099998,109.309998,109.610001,96.148132,20654200.00
2022-11-03,108.580002,111.820000,108.309998,111.099998,97.455124,17103700.00
2022-11-04,113.000000,113.500000,110.800003,112.309998,98.516525,17541500.00
2022-11-07,112.410004,113.989998,112.129997,113.639999,99.683167,16008000.00
2022-11-08,113.480003,114.660004,112.599998,114.000000,99.998962,14661000.00
2022-11-09,113.099998,113.279999,108.570000,108.900002,95.525322,19522800.00
2022-11-10,110.190002,110.699997,107.570000,110.500000,96.928810,20146700.00
2022-11-11,112.580002,114.500000,112.489998,113.949997,99.955093,20518900.00
2022-11-14,112.629997,114.639999,112.489998,113.370003,100.246910,20858300.00
2022-11-15,113.800003,114.529999,112.870003,114.129997,100.918930,19373800.00
2022-11-16,113.440002,114.260002,111.860001,112.910004,99.840157,13591000.00
2022-11-17,111.290001,113.199997,110.750000,113.059998,99.972778,12425900.00
2022-11-18,110.900002,112.480003,109.610001,112.080002,99.106239,15415000.00
2022-11-21,109.989998,111.199997,107.480003,110.970001,98.124718,20973000.00
2022-11-22,112.209999,114.470001,111.430000,114.180000,100.963142,17719100.00
2022-11-23,112.320000,113.949997,112.099998,113.610001,100.459129,11546700.00
2022-11-25,113.879997,114.610001,113.059998,113.209999,100.105415,7136000.00
2022-11-28,110.660004,111.459999,109.620003,109.809998,97.098999,23015500.00
2022-11-29,110.610001,111.800003,109.790001,110.540001,97.744476,14453200.00
2022-11-30,111.540001,111.900002,109.779999,111.339996,98.451881,23158100.00
2022-12-01,111.639999,112.070000,110.180000,110.800003,97.974396,14398300.00
2022-12-02,109.510002,111.709999,109.199997,109.860001,97.143196,15248400.00
2022-12-05,110.699997,111.360001,105.940002,106.849998,94.481613,19287700.00
2022-12-06,105.900002,107.040001,103.150002,103.879997,91.855415,21197000.00
2022-12-07,103.779999,104.849998,102.370003,103.650002,91.652039,20061700.00
2022-12-08,106.279999,106.800003,103.709999,104.419998,92.332909,21128800.00
2022-12-09,104.589996,105.949997,103.300003,103.540001,91.554764,21298200.00
2022-12-12,103.830002,106.239998,103.589996,106.089996,93.809578,20413200.00
2022-12-13,107.800003,108.540001,107.019997,107.250000,94.835312,24305300.00
2022-12-14,107.989998,108.300003,105.750000,106.459999,94.136757,17597300.00
2022-12-15,105.330002,106.169998,103.699997,105.440002,93.234825,15365100.00
2022-12-16,103.690002,105.580002,103.129997,104.699997,92.580490,54596600.00
2022-12-19,105.260002,106.199997,104.379997,105.169998,92.996086,13611100.00
2022-12-20,105.169998,107.510002,105.070000,106.690002,94.340157,14680000.00
2022-12-21,108.290001,108.589996,107.160004,108.059998,95.551567,13565400.00
2022-12-22,107.889999,108.190002,104.099998,105.879997,93.623909,13213000.00
2022-12-23,106.949997,108.739998,106.900002,108.680000,96.099770,11539400.00
2022-12-27,109.269997,110.470001,108.830002,110.190002,97.434998,11962100.00
2022-12-28,109.910004,110.000000,107.900002,108.379997,95.834526,10702100.00
2022-12-29,107.989998,109.720001,107.989998,109.199997,96.559593,10534000.00
2022-12-30,108.610001,110.500000,108.610001,110.300003,97.532272,11799600.00
2023-01-03,109.779999,110.019997,105.489998,106.510002,94.180984,15146200.00
2023-01-04,104.800003,107.160004,104.760002,106.820000,94.455086,18058400.00
2023-01-05,106.339996,109.949997,106.309998,109.209999,96.568443,15946600.00
2023-01-06,110.080002,111.989998,109.669998,110.529999,97.735649,16348100.00
2023-01-09,111.639999,111.639999,107.809998,108.470001,95.914101,17964600.00
2023-01-10,109.790001,110.330002,108.010002,110.089996,97.346573,15104600.00
2023-01-11,110.989998,111.449997,109.089996,111.370003,98.478401,16710400.00
2023-01-12,111.820000,113.739998,111.739998,113.220001,100.114258,15357300.00
2023-01-13,113.110001,113.489998,112.160004,113.150002,100.052368,12011400.00
2023-01-17,113.410004,114.080002,112.669998,112.930000,99.857826,16542200.00
2023-01-18,113.260002,114.120003,110.400002,110.610001,97.806389,16399700.00
2023-01-19,110.070000,112.129997,109.580002,111.320000,98.434189,12928000.00
2023-01-20,111.360001,113.440002,110.610001,113.349998,100.229225,16515600.00
2023-01-23,113.639999,114.589996,112.639999,112.760002,99.707512,16584400.00
2023-01-24,109.160004,114.019997,104.870003,113.809998,100.635956,13583000.00
2023-01-25,113.230003,113.650002,111.389999,113.209999,100.105415,11914700.00
2023-01-26,114.720001,117.779999,114.339996,117.760002,104.128738,21019700.00
2023-01-27,116.949997,117.669998,115.389999,115.610001,102.227623,15179200.00
2023-01-30,115.089996,115.489998,113.150002,113.559998,100.414902,18672100.00
2023-01-31,112.099998,116.400002,110.430000,116.010002,102.581314,27861800.00
2023-02-01,115.830002,117.379997,113.339996,114.739998,101.458313,19464900.00
2023-02-02,114.849998,115.070000,109.830002,111.150002,98.283882,24562100.00
2023-02-03,111.900002,114.110001,111.559998,111.919998,98.964745,20226600.00
2023-02-06,112.360001,113.089996,110.320000,111.730003,98.796745,13855200.00
2023-02-07,112.389999,115.309998,112.019997,114.919998,101.617485,16013300.00
2023-02-08,115.050003,115.830002,113.849998,113.919998,100.733231,18459700.00
2023-02-09,114.620003,116.239998,114.180000,114.349998,101.113457,17439300.00
2023-02-10,116.510002,119.629997,116.160004,119.169998,105.375534,24918600.00
2023-02-13,117.720001,118.180000,115.900002,117.800003,104.965637,14536200.00
2023-02-14,117.010002,117.809998,116.019997,116.419998,103.735992,12079000.00
2023-02-15,115.720001,116.089996,114.139999,116.070000,103.424118,13663400.00
2023-02-16,115.309998,116.779999,114.800003,115.730003,103.121162,11360600.00
2023-02-17,114.190002,114.190002,110.980003,111.279999,99.155998,20758300.00
2023-02-21,110.809998,112.379997,110.809998,111.169998,99.057983,14469400.00
2023-02-22,110.480003,110.970001,108.639999,109.730003,97.774872,13973800.00
2023-02-23,110.730003,111.830002,109.900002,110.739998,98.674820,11289400.00
2023-02-24,109.330002,110.959999,109.019997,110.750000,98.683746,14351000.00
2023-02-27,110.800003,111.260002,109.959999,110.550003,98.505524,11710500.00
2023-02-28,111.239998,111.360001,109.220001,109.910004,97.935265,18107000.00
2023-03-01,109.309998,111.860001,109.239998,110.889999,98.808487,13200000.00
2023-03-02,110.620003,111.699997,110.169998,111.400002,99.262932,10339900.00
2023-03-03,110.050003,113.370003,109.949997,112.809998,100.519295,13006700.00
2023-03-06,111.989998,113.839996,111.870003,113.809998,101.410347,14347400.00
2023-03-07,112.809998,113.169998,111.169998,111.610001,99.450035,11525300.00
2023-03-08,111.230003,112.419998,109.070000,109.980003,97.997627,13509800.00
2023-03-09,110.870003,112.230003,109.029999,109.129997,97.240242,12961200.00
2023-03-10,109.559998,111.040001,107.150002,107.779999,96.037331,15795700.00
2023-03-13,105.339996,107.860001,103.720001,106.540001,94.932419,20745600.00
2023-03-14,106.349998,109.010002,104.959999,106.940002,95.288834,18263500.00
2023-03-15,102.820000,104.199997,100.220001,101.620003,90.548454,25733800.00
2023-03-16,99.110001,101.680000,98.019997,101.029999,90.022736,27465200.00
2023-03-17,100.599998,101.610001,99.139999,99.839996,88.962387,43199500.00
2023-03-20,99.629997,102.480003,99.500000,102.449997,91.288025,32042100.00
2023-03-21,104.169998,107.279999,104.129997,107.040001,95.377945,31592300.00
2023-03-22,106.800003,107.180000,104.559998,104.589996,93.194878,14952700.00
2023-03-23,105.360001,106.339996,102.440002,103.410004,92.143440,14385900.00
2023-03-24,101.470001,103.849998,100.910004,103.529999,92.250374,13401600.00
2023-03-27,104.739998,106.480003,103.910004,105.800003,94.273048,14805900.00
2023-03-28,105.440002,107.650002,105.190002,107.120003,95.449219,11047600.00
2023-03-29,108.059998,109.160004,107.489998,108.959999,97.088760,14219100.00
2023-03-30,109.550003,109.570000,108.519997,109.489998,97.561012,11578200.00
2023-03-31,109.680000,110.169998,109.050003,109.660004,97.712502,14418000.00
2023-04-03,113.389999,116.849998,113.120003,116.129997,103.477585,28087700.00
2023-04-04,116.260002,116.699997,114.169998,115.019997,102.488510,16365500.00
2023-04-05,115.349998,117.000000,114.309998,116.989998,104.243889,16479500.00
2023-04-06,116.860001,117.180000,114.769997,115.050003,102.515259,15778000.00
2023-04-10,114.779999,116.180000,114.169998,114.540001,102.060829,13006600.00
2023-04-11,114.959999,116.199997,114.379997,115.349998,102.782570,11758500.00
2023-04-12,116.160004,116.589996,114.930000,115.230003,102.675659,10919000.00
2023-04-13,114.599998,115.889999,114.129997,115.769997,103.156807,12399700.00
2023-04-14,115.900002,116.660004,115.120003,116.050003,103.406296,11530800.00
2023-04-17,115.489998,116.510002,114.419998,114.699997,102.203384,13260400.00
2023-04-18,114.389999,117.209999,114.300003,116.940002,104.199348,17436100.00
2023-04-19,116.080002,116.900002,115.769997,116.570000,103.869652,10682600.00
2023-04-20,115.129997,115.680000,113.230003,115.639999,103.040977,17038700.00
2023-04-21,116.489998,116.879997,115.260002,116.010002,103.370659,14315300.00
2023-04-24,115.919998,118.889999,115.879997,118.199997,105.322067,15831300.00
2023-04-25,117.550003,117.739998,115.629997,116.519997,103.825081,12179800.00
2023-04-26,116.029999,117.089996,114.680000,115.449997,102.871666,15566100.00
2023-04-27,115.620003,117.010002,114.879997,116.830002,104.101318,16279200.00
2023-04-28,117.250000,119.919998,116.830002,118.339996,105.446808,24381900.00
2023-05-01,115.989998,117.300003,114.449997,114.669998,102.176636,17355000.00
2023-05-02,113.940002,113.940002,109.290001,110.099998,98.104561,24324100.00
2023-05-03,109.080002,109.809998,107.760002,107.930000,96.170982,16212300.00
2023-05-04,107.900002,108.750000,105.910004,106.040001,94.486900,17177200.00
2023-05-05,108.550003,109.430000,107.529999,108.680000,96.839256,14968200.00
2023-05-08,110.500000,110.970001,109.040001,109.110001,97.222427,11187800.00
2023-05-09,108.339996,110.230003,108.209999,109.139999,97.249161,11370800.00
2023-05-10,109.739998,110.010002,106.709999,107.739998,96.001694,14884800.00
2023-05-11,106.489998,106.820000,104.930000,105.790001,94.264137,17165900.00
2023-05-12,106.309998,107.010002,104.779999,105.779999,94.255226,12613300.00
2023-05-15,105.510002,105.930000,104.580002,105.070000,94.434975,13715600.00
2023-05-16,104.629997,104.809998,102.019997,102.519997,92.143074,14795200.00
2023-05-17,103.389999,105.230003,102.849998,104.820000,94.210281,14064700.00
2023-05-18,104.550003,105.910004,104.129997,105.769997,95.064133,12005600.00
2023-05-19,106.570000,107.050003,105.820000,106.260002,95.504532,13359600.00
2023-05-22,105.839996,107.040001,104.879997,104.970001,94.345100,12882000.00
2023-05-23,105.989998,108.220001,105.750000,106.400002,95.630363,14394400.00
2023-05-24,107.379997,108.510002,106.730003,107.589996,96.699905,16340300.00
2023-05-25,105.940002,106.430000,104.709999,105.660004,94.965263,14316500.00
2023-05-26,106.470001,106.949997,104.830002,104.970001,94.345100,12370300.00
2023-05-30,103.290001,104.120003,102.610001,104.040001,93.509254,11938000.00
2023-05-31,102.290001,103.040001,101.739998,102.180000,91.837486,24926100.00
2023-06-01,101.750000,105.580002,101.260002,103.360001,92.898048,13551900.00
2023-06-02,105.160004,106.129997,104.529999,105.760002,95.055138,14112000.00
2023-06-05,107.190002,107.190002,105.089996,105.290001,94.632706,10628000.00
2023-06-06,104.150002,106.269997,103.980003,106.150002,95.405670,12209800.00
2023-06-07,106.790001,108.889999,106.730003,108.529999,97.544746,16027100.00
2023-06-08,108.769997,109.139999,105.900002,108.190002,97.239197,13517100.00
2023-06-09,108.459999,108.610001,107.160004,107.389999,96.520149,12251600.00
2023-06-12,105.809998,107.059998,105.559998,106.419998,95.648346,14112000.00
2023-06-13,107.379997,108.339996,106.279999,106.440002,95.666321,13533800.00
2023-06-14,107.449997,108.110001,104.389999,105.160004,94.515877,16627700.00
2023-06-15,105.500000,107.029999,105.440002,105.889999,95.171974,16224100.00
2023-06-16,106.360001,106.769997,104.959999,105.129997,94.488899,43128900.00
2023-06-20,104.680000,104.769997,102.120003,102.720001,92.322853,17514100.00
2023-06-21,102.500000,104.629997,102.330002,103.870003,93.356445,13285700.00
2023-06-22,102.839996,103.889999,102.650002,103.300003,92.844139,12455300.00
2023-06-23,102.589996,102.820000,101.620003,102.400002,92.035240,17933600.00
2023-06-26,102.199997,104.910004,102.199997,104.290001,93.733932,14283400.00
2023-06-27,104.050003,104.610001,103.269997,104.550003,93.967613,13227500.00
2023-06-28,104.309998,105.820000,103.199997,105.400002,94.731583,13084100.00
2023-06-29,105.660004,106.730003,105.129997,106.699997,95.899994,11364400.00
2023-06-30,107.320000,107.879997,106.809998,107.250000,96.394318,13544700.00
2023-07-03,107.489998,108.459999,107.070000,107.459999,96.583076,7397000.00
2023-07-05,107.629997,107.919998,106.099998,106.910004,96.088730,12491200.00
2023-07-06,105.089996,105.720001,102.430000,102.919998,92.502579,17961400.00
2023-07-07,101.919998,104.000000,101.559998,103.160004,92.718323,21929200.00
2023-07-10,102.970001,104.750000,102.750000,104.690002,94.093445,14877600.00
2023-07-11,105.260002,106.160004,104.809998,105.970001,95.243881,12576500.00
2023-07-12,107.000000,107.650002,106.129997,106.489998,95.711235,13238200.00
2023-07-13,105.970001,106.230003,103.320000,104.540001,93.958626,26826800.00
2023-07-14,104.050003,104.050003,100.529999,100.940002,90.723007,28181900.00
2023-07-17,100.720001,101.669998,100.220001,101.379997,91.118469,18051300.00
2023-07-18,100.919998,102.199997,100.339996,100.919998,90.705032,24617800.00
2023-07-19,101.050003,102.400002,100.800003,101.620003,91.334190,15556500.00
2023-07-20,102.540001,103.660004,102.360001,103.410004,92.943008,15740200.00
2023-07-21,104.160004,104.379997,103.260002,103.889999,93.374420,17121500.00
2023-07-24,104.360001,106.160004,103.959999,105.519997,94.839424,15090900.00
2023-07-25,105.059998,106.089996,104.540001,105.680000,94.983238,14116100.00
2023-07-26,105.110001,105.720001,104.639999,105.089996,94.452942,15159600.00
2023-07-27,106.000000,106.989998,104.739998,105.419998,94.749550,17677900.00
2023-07-28,105.110001,105.160004,102.320000,104.160004,93.617088,17566400.00
2023-07-31,105.190002,107.860001,105.190002,107.239998,96.385338,24197000.00
2023-08-01,106.949997,107.320000,105.529999,106.620003,95.828079,14177400.00
2023-08-02,106.260002,106.379997,104.570000,105.290001,94.632706,13484100.00
2023-08-03,105.889999,107.879997,105.300003,107.120003,96.277481,16280400.00
2023-08-04,107.959999,109.239998,107.330002,107.419998,96.547112,14279600.00
2023-08-07,107.900002,108.419998,106.510002,107.199997,96.349396,12410800.00
2023-08-08,106.040001,107.750000,104.839996,107.730003,96.825745,14065600.00
2023-08-09,108.709999,110.419998,108.309998,109.559998,98.470512,19919600.00
2023-08-10,110.190002,111.629997,109.440002,110.120003,98.973831,15837200.00
2023-08-11,110.370003,112.070000,110.050003,111.830002,100.510735,14047000.00
2023-08-14,111.680000,111.980003,110.779999,111.919998,100.591629,12973400.00
2023-08-15,110.750000,110.860001,107.970001,108.160004,98.009102,14909600.00
2023-08-16,108.279999,109.330002,106.279999,106.339996,96.359901,13695100.00
2023-08-17,107.419998,110.150002,107.419998,108.400002,98.226570,16709500.00
2023-08-18,107.639999,110.199997,107.620003,110.040001,99.712669,16224000.00
2023-08-21,110.360001,110.980003,108.139999,108.709999,98.507484,11092400.00
2023-08-22,109.169998,109.720001,107.949997,108.099998,97.954742,10518800.00
2023-08-23,107.040001,107.300003,105.720001,107.150002,97.093887,11435600.00
2023-08-24,106.419998,107.769997,106.070000,106.349998,96.368958,10818500.00
2023-08-25,107.430000,108.930000,106.620003,108.250000,98.090652,13579300.00
2023-08-28,108.449997,110.040001,108.440002,109.160004,98.915260,10382100.00
2023-08-29,109.660004,110.019997,108.419998,109.809998,99.504257,9665000.00
2023-08-30,110.440002,111.139999,109.980003,110.879997,100.473824,11922100.00
2023-08-31,111.120003,111.419998,110.620003,111.190002,100.754730,17479800.00
2023-09-01,112.199997,113.820000,112.199997,113.519997,102.866074,14843500.00
2023-09-05,114.099998,115.830002,113.500000,113.529999,102.875130,18304000.00
2023-09-06,113.480003,114.589996,113.230003,114.510002,103.763161,13325500.00
2023-09-07,114.650002,115.849998,113.699997,113.949997,103.255699,13248500.00
2023-09-08,114.529999,116.050003,114.320000,115.610001,104.759918,14283200.00
2023-09-11,116.180000,116.680000,113.570000,114.160004,103.445992,14383600.00
2023-09-12,115.339996,117.669998,115.269997,117.489998,106.463470,20145800.00
2023-09-13,117.410004,117.959999,115.900002,116.440002,105.512032,13472800.00
2023-09-14,117.550003,118.660004,117.330002,118.519997,107.396812,15210700.00
2023-09-15,117.900002,118.510002,116.500000,116.699997,105.747612,34568400.00
2023-09-18,117.529999,118.239998,116.699997,117.639999,106.599403,14045300.00
2023-09-19,118.620003,118.839996,116.610001,117.330002,106.318489,12562900.00
2023-09-20,116.540001,118.019997,116.320000,116.400002,105.475777,11879900.00
2023-09-21,116.980003,117.370003,114.599998,114.760002,103.989685,14400600.00
2023-09-22,115.709999,116.680000,114.809998,114.940002,104.152794,13197300.00
2023-09-25,115.089996,116.650002,114.830002,116.230003,105.321732,11316000.00
2023-09-26,115.500000,116.730003,115.370003,116.410004,105.484848,11805400.00
2023-09-27,117.889999,120.500000,117.400002,120.199997,108.919144,23976200.00
2023-09-28,119.980003,120.699997,118.190002,119.470001,108.257668,16808100.00
2023-09-29,119.099998,119.180000,116.730003,117.580002,106.545029,18813600.00
2023-10-02,117.529999,117.790001,114.550003,115.629997,104.778038,14395000.00
2023-10-03,115.440002,116.440002,115.029999,115.830002,104.959274,13297100.00
2023-10-04,114.050003,114.089996,110.500000,111.500000,101.035645,19622200.00
2023-10-05,109.800003,110.900002,108.699997,108.989998,98.761208,20128800.00
2023-10-06,105.730003,108.269997,105.110001,107.169998,97.112007,25367500.00
2023-10-09,110.440002,112.070000,109.519997,110.919998,100.510078,22369900.00
2023-10-10,111.019997,111.449997,110.120003,110.449997,100.084175,13892000.00
2023-10-11,106.959999,107.169998,104.830002,106.489998,96.495834,57939000.00
2023-10-12,107.589996,107.839996,106.089996,106.470001,96.477715,31183000.00
2023-10-13,108.029999,110.199997,107.839996,109.870003,99.558617,30276500.00
2023-10-16,110.500000,110.680000,109.129997,109.949997,99.631111,18452000.00
2023-10-17,109.730003,111.800003,109.680000,111.389999,100.935974,19775400.00
2023-10-18,111.820000,113.389999,111.699997,112.949997,102.349564,23380300.00
2023-10-19,112.720001,113.970001,111.330002,113.019997,102.412994,20972500.00
2023-10-20,112.919998,113.320000,110.790001,111.080002,100.655060,22445300.00
2023-10-23,110.629997,110.959999,108.680000,109.449997,99.178024,18185000.00
2023-10-24,109.699997,109.820000,108.120003,108.389999,98.217514,16786100.00
2023-10-25,108.519997,109.500000,108.129997,108.589996,98.398743,22047300.00
2023-10-26,107.449997,108.339996,106.500000,107.599998,97.501663,18768300.00
2023-10-27,108.889999,109.860001,104.959999,105.550003,95.644073,23092000.00
2023-10-30,105.739998,106.419998,105.209999,105.879997,95.943077,19379900.00
2023-10-31,105.580002,106.160004,104.540001,105.849998,95.915894,22185200.00
2023-11-01,106.529999,107.169998,105.459999,105.639999,95.725609,28984900.00
2023-11-02,105.879997,109.190002,105.500000,109.110001,98.869965,25212700.00
2023-11-03,108.400002,108.779999,106.540001,107.779999,97.664780,30555600.00
2023-11-06,108.169998,108.269997,105.769997,105.870003,95.934021,19097300.00
2023-11-07,104.470001,104.860001,103.290001,104.209999,94.429810,20272500.00
2023-11-08,103.730003,104.900002,102.889999,102.930000,93.269951,19184100.00
2023-11-09,103.669998,103.970001,102.860001,102.959999,93.297112,18380500.00
2023-11-10,103.930000,104.410004,102.910004,103.750000,94.012993,17825500.00
2023-11-13,104.050003,105.139999,103.809998,104.839996,95.000687,15308400.00
2023-11-14,104.300003,104.820000,103.870003,104.290001,95.366463,18260500.00
2023-11-15,103.959999,105.150002,103.500000,103.660004,94.790390,20137600.00
2023-11-16,102.900002,103.269997,101.150002,102.459999,93.693039,22469100.00
2023-11-17,103.059998,105.430000,102.750000,104.959999,95.979134,22984900.00
2023-11-20,105.379997,105.879997,104.430000,104.500000,95.558487,17458800.00
2023-11-21,104.209999,104.699997,103.220001,104.459999,95.521919,14989000.00
2023-11-22,102.580002,104.120003,101.940002,104.010002,95.110435,18072000.00
2023-11-24,104.019997,105.470001,103.910004,104.570000,95.622505,9480800.00
2023-11-27,104.099998,104.400002,103.180000,103.959999,95.064705,18013500.00
2023-11-28,104.239998,104.910004,103.879997,103.900002,95.009850,20629500.00
2023-11-29,104.269997,104.580002,101.639999,102.339996,93.583313,26802100.00
2023-11-30,103.110001,104.480003,101.809998,102.739998,93.949097,29254700.00
2023-12-01,102.500000,104.220001,102.220001,102.989998,94.177704,17845300.00
2023-12-04,102.129997,103.360001,101.589996,102.430000,93.665611,21523900.00
2023-12-05,102.269997,102.339996,100.290001,100.440002,91.845901,22250300.00
2023-12-06,100.000000,100.720001,98.339996,99.110001,90.629692,31154800.00
2023-12-07,99.860001,100.839996,98.089996,98.419998,89.998718,29990700.00
2023-12-08,99.019997,99.790001,98.750000,99.550003,91.032043,22074900.00
2023-12-11,99.800003,99.860001,98.580002,99.620003,91.096069,22252300.00
2023-12-12,98.680000,98.680000,97.480003,98.050003,89.660393,26084000.00
2023-12-13,98.040001,99.029999,97.660004,98.919998,90.455940,19915400.00
2023-12-14,99.849998,102.139999,99.720001,101.580002,92.888336,26165700.00
2023-12-15,100.589996,101.000000,100.309998,100.900002,92.266533,55527000.00
2023-12-18,102.129997,103.110001,101.519997,101.650002,92.952362,21610400.00
2023-12-19,102.000000,103.190002,101.790001,102.989998,94.177704,18904700.00
2023-12-20,103.500000,103.940002,101.129997,101.269997,92.604874,20988900.00
2023-12-21,101.470001,102.010002,100.809998,101.730003,93.025520,19250900.00
2023-12-22,102.309998,102.940002,101.820000,101.910004,93.190117,12927800.00
2023-12-26,102.739998,103.029999,102.120003,102.139999,93.400421,16835100.00
2023-12-27,102.040001,102.550003,101.339996,101.660004,92.961502,14558800.00
2023-12-28,101.389999,101.610001,100.129997,100.190002,91.617287,16329300.00
2023-12-29,100.370003,100.589996,99.620003,99.980003,91.425247,17746400.00
2024-01-02,100.919998,103.099998,100.849998,102.360001,93.601608,23483000.00
2024-01-03,102.269997,103.620003,101.660004,103.220001,94.388031,23490800.00
2024-01-04,104.080002,104.570000,102.050003,102.320000,93.565018,19395200.00
2024-01-05,103.169998,103.400002,102.129997,102.629997,93.848503,15827400.00
2024-01-08,100.730003,101.040001,98.900002,100.919998,92.284821,23370100.00
2024-01-09,101.290001,101.290001,99.190002,99.669998,91.141777,19496600.00
2024-01-10,99.800003,99.800003,98.160004,98.690002,90.245644,18206100.00
2024-01-11,99.040001,99.500000,98.559998,98.669998,90.227325,15833400.00
2024-01-12,100.139999,100.650002,99.169998,99.949997,91.397827,18041700.00
2024-01-16,99.820000,100.010002,97.529999,97.690002,89.331192,20235700.00
2024-01-17,96.599998,97.959999,96.580002,96.980003,88.681953,18384000.00
2024-01-18,97.000000,97.089996,95.820000,96.800003,88.517349,20940300.00
2024-01-19,96.720001,97.019997,96.410004,96.949997,88.654510,20088400.00
2024-01-22,96.699997,97.099998,95.769997,96.820000,88.535645,19955900.00
2024-01-23,96.809998,98.500000,96.730003,97.910004,89.532372,15863400.00
2024-01-24,98.320000,99.650002,97.739998,99.599998,91.077759,17330600.00
2024-01-25,100.309998,102.180000,99.620003,102.129997,93.391273,22089500.00
2024-01-26,101.970001,103.080002,101.190002,103.000000,94.186844,20817200.00
2024-01-29,102.980003,103.199997,101.860001,103.129997,94.305725,18317500.00
2024-01-30,102.410004,104.879997,102.099998,104.849998,95.878540,19610900.00
2024-01-31,104.739998,104.879997,102.769997,102.809998,94.013100,22415300.00
2024-02-01,103.570000,104.010002,101.620003,102.389999,93.629036,19240700.00
2024-02-02,103.750000,104.000000,101.610001,101.970001,93.244972,21973400.00
2024-02-05,101.449997,102.379997,100.500000,101.550003,92.860916,17190900.00
2024-02-06,102.070000,103.040001,101.570000,102.250000,93.501022,13347900.00
2024-02-07,102.250000,102.730003,101.180000,102.220001,93.473587,13826800.00
2024-02-08,102.339996,104.419998,102.110001,103.970001,95.073853,19636900.00
2024-02-09,104.099998,104.839996,101.699997,101.769997,93.062073,20410500.00
2024-02-12,102.160004,103.400002,102.000000,103.169998,94.342300,18173100.00
2024-02-13,102.760002,103.089996,100.599998,101.339996,93.530098,18917400.00
2024-02-14,101.870003,102.620003,100.419998,100.839996,93.068649,17651300.00
2024-02-15,100.599998,103.940002,100.599998,103.730003,95.735924,23196300.00
2024-02-16,104.010002,104.629997,103.519997,103.730003,95.735924,20151400.00
2024-02-20,103.839996,104.120003,102.650002,102.750000,94.831451,17650000.00
2024-02-21,103.019997,104.980003,102.989998,104.849998,96.769608,20991300.00
2024-02-22,104.160004,105.410004,103.449997,104.760002,96.686554,20470700.00
2024-02-23,103.879997,104.089996,102.879997,103.839996,95.837448,15975900.00
2024-02-26,103.720001,104.940002,103.050003,104.250000,96.215843,13360800.00
2024-02-27,104.680000,105.150002,103.849998,104.029999,96.012802,16360000.00
2024-02-28,104.470001,105.430000,104.000000,104.320000,96.280457,14810500.00
2024-02-29,104.680000,105.070000,104.220001,104.519997,96.465042,17566100.00
2024-03-01,105.720001,106.389999,105.379997,105.839996,97.683311,18460100.00
2024-03-04,105.660004,105.849998,104.029999,104.360001,96.317368,18138000.00
2024-03-05,104.529999,106.269997,104.320000,105.639999,97.498726,19952700.00
2024-03-06,106.620003,107.570000,106.150002,106.769997,98.541641,20472800.00
2024-03-07,106.599998,107.980003,106.599998,107.370003,99.095406,15195400.00
2024-03-08,107.230003,108.400002,106.769997,108.379997,100.027580,16281500.00
2024-03-11,108.250000,109.120003,107.339996,109.019997,100.618240,17577300.00
2024-03-12,109.059998,109.279999,108.029999,108.320000,99.972198,14957200.00
2024-03-13,109.139999,110.349998,109.110001,109.529999,101.088928,17122200.00
2024-03-14,109.830002,111.550003,109.690002,111.470001,102.879440,22121000.00
2024-03-15,110.849998,112.300003,110.849998,111.269997,102.694832,38264400.00
2024-03-18,111.790001,112.860001,111.099998,112.300003,103.645485,16770500.00
2024-03-19,112.220001,113.489998,112.059998,113.089996,104.374580,14878800.00
2024-03-20,112.720001,113.400002,112.129997,112.989998,104.282295,16119700.00
2024-03-21,112.919998,113.910004,112.570000,113.489998,104.743759,14878000.00
2024-03-22,113.480003,113.690002,112.820000,113.489998,104.743759,14701900.00
2024-03-25,113.830002,115.779999,113.830002,114.650002,105.814354,14011700.00
2024-03-26,114.660004,114.980003,113.410004,113.790001,105.020645,13152300.00
2024-03-27,113.480003,115.059998,113.410004,114.970001,106.109703,12415700.00
2024-03-28,115.529999,116.449997,115.059998,116.239998,107.281830,18482100.00
2024-04-01,116.410004,117.239998,115.379997,116.989998,107.974030,13817000.00
2024-04-02,117.919998,119.599998,117.330002,119.279999,110.087547,19919600.00
2024-04-03,119.480003,119.750000,118.730003,119.300003,110.106026,16504300.00
2024-04-04,119.050003,119.879997,118.639999,119.720001,110.493637,18467400.00
2024-04-05,119.980003,122.150002,119.639999,121.370003,112.016479,21720600.00
2024-04-08,121.080002,121.739998,120.209999,120.550003,111.259682,17513900.00
2024-04-09,121.000000,121.650002,120.339996,121.180000,111.841110,14132300.00
2024-04-10,121.220001,122.470001,120.730003,122.199997,112.782516,17409200.00
2024-04-11,122.690002,122.690002,120.339996,121.790001,112.404106,17555900.00
2024-04-12,122.949997,123.750000,119.669998,120.370003,111.093552,21556200.00
2024-04-15,121.089996,121.690002,119.449997,119.680000,110.456718,15029500.00
2024-04-16,119.559998,120.220001,117.919998,118.690002,109.543030,18082200.00
2024-04-17,118.550003,119.349998,117.120003,118.629997,109.487640,14538600.00
2024-04-18,119.000000,119.720001,117.970001,118.519997,109.386124,13821400.00
2024-04-19,119.160004,120.930000,118.949997,119.879997,110.641319,21572400.00
2024-04-22,119.260002,121.570000,118.430000,120.559998,111.268906,16340700.00
2024-04-23,120.000000,121.059998,119.449997,121.029999,111.702682,13929800.00
2024-04-24,120.300003,121.260002,119.389999,121.050003,111.721138,12101200.00
2024-04-25,121.029999,121.760002,119.400002,121.330002,111.979568,16041000.00
2024-04-26,119.000000,119.099998,116.220001,117.959999,108.869278,27289500.00
2024-04-29,117.760002,120.050003,117.760002,119.639999,110.419807,17309900.00
2024-04-30,119.110001,120.199997,117.980003,118.269997,109.155380,21083300.00
2024-05-01,118.279999,118.470001,115.660004,116.029999,107.088020,27777700.00
2024-05-02,116.260002,117.260002,115.900002,116.239998,107.281830,25513600.00
2024-05-03,116.000000,116.070000,114.129997,116.000000,107.060333,28023300.00
2024-05-06,116.669998,118.339996,116.400002,116.750000,107.752525,31401300.00
2024-05-07,117.279999,117.580002,115.930000,116.169998,107.217216,30122000.00
2024-05-08,115.709999,116.949997,115.410004,116.150002,107.198769,18957200.00
2024-05-09,116.199997,118.529999,116.190002,118.440002,109.312309,17564000.00
2024-05-10,118.540001,118.660004,117.580002,117.959999,108.869278,13648100.00
2024-05-13,118.419998,119.040001,117.120003,117.910004,108.823143,15060600.00
2024-05-14,116.790001,117.739998,116.480003,117.669998,109.483734,15079100.00
2024-05-15,117.610001,118.839996,116.080002,118.580002,110.330414,18244300.00
2024-05-16,118.540001,119.300003,117.540001,117.870003,109.669807,15745200.00
2024-05-17,118.300003,119.830002,117.959999,119.639999,111.316666,15104500.00
2024-05-20,119.730003,119.889999,118.550003,118.669998,110.414162,11551300.00
2024-05-21,118.400002,119.449997,117.779999,117.849998,109.651215,14495000.00
2024-05-22,117.459999,117.459999,114.959999,115.480003,107.446106,17879300.00
2024-05-23,115.599998,117.510002,113.360001,113.510002,105.613136,15979800.00
2024-05-24,114.839996,115.080002,113.040001,113.419998,105.529404,12212900.00
2024-05-28,113.519997,115.110001,113.070000,114.860001,106.869232,13978300.00
2024-05-29,114.529999,114.550003,112.809998,113.629997,105.724777,13902000.00
2024-05-30,113.269997,114.129997,112.959999,113.989998,106.059746,14683700.00
2024-05-31,114.120003,117.489998,113.989998,117.260002,109.102257,29037400.00
2024-06-03,116.300003,116.360001,113.760002,114.449997,106.487747,19589300.00
2024-06-04,113.000000,113.089996,110.919998,112.669998,104.831566,19412200.00
2024-06-05,112.889999,113.190002,111.480003,113.120003,105.250275,14863500.00
2024-06-06,112.750000,114.040001,112.110001,113.970001,106.041138,13154100.00
2024-06-07,113.790001,114.900002,112.669998,112.750000,104.906021,13289200.00
2024-06-10,113.059998,114.220001,112.699997,113.080002,105.213066,15239700.00
2024-06-11,112.489998,112.669998,111.309998,112.169998,104.366371,12462400.00
2024-06-12,113.300003,113.300003,110.540001,110.930000,103.212624,13606800.00
2024-06-13,110.839996,110.860001,109.720001,110.040001,102.384544,14466900.00
2024-06-14,110.019997,110.209999,108.589996,109.110001,101.519249,13313400.00
2024-06-17,109.169998,109.459999,108.180000,108.360001,100.821434,21147900.00
2024-06-18,109.029999,110.720001,108.800003,109.379997,101.770462,17762900.00
2024-06-20,109.910004,112.620003,109.589996,111.739998,103.966270,17433200.00
2024-06-21,111.900002,112.699997,110.760002,110.760002,103.054466,52212500.00
2024-06-24,111.639999,114.529999,111.639999,114.050003,106.115570,16266700.00
2024-06-25,114.110001,114.550003,113.459999,114.370003,106.413315,14188900.00
2024-06-26,114.389999,114.820000,113.139999,114.410004,106.450531,15771800.00
2024-06-27,114.989998,114.989998,114.110001,114.900002,106.906433,16812700.00
2024-06-28,115.860001,116.540001,114.680000,115.120003,107.111145,24565900.00
2024-07-01,115.709999,116.739998,114.529999,114.959999,106.962265,11972900.00
2024-07-02,115.900002,115.940002,113.489998,114.180000,106.236526,13326700.00
2024-07-03,114.269997,115.660004,114.269997,114.760002,106.776192,7732900.00
2024-07-05,114.610001,114.629997,112.690002,113.370003,105.482880,12631000.00
2024-07-08,112.389999,113.550003,111.419998,112.180000,104.375664,13350500.00
2024-07-09,111.110001,112.540001,110.620003,110.940002,103.221931,11727000.00
2024-07-10,110.919998,111.959999,110.419998,111.919998,104.133766,10004100.00
2024-07-11,111.430000,113.320000,110.930000,113.250000,105.371231,13082700.00
2024-07-12,113.989998,114.150002,112.629997,113.269997,105.389847,11684900.00
2024-07-15,114.269997,116.160004,113.580002,115.209999,107.194878,13032500.00
2024-07-16,114.349998,116.349998,113.709999,116.040001,107.967125,13614100.00
2024-07-17,116.739998,118.180000,116.550003,117.639999,109.455818,13602800.00
2024-07-18,117.949997,119.919998,117.440002,118.800003,110.535118,13033600.00
2024-07-19,118.589996,118.879997,115.870003,116.070000,107.995049,16157700.00
2024-07-22,115.180000,115.940002,114.580002,115.269997,107.250694,12065900.00
2024-07-23,114.809998,115.169998,113.169998,113.410004,105.520103,11251700.00
2024-07-24,113.769997,115.199997,113.070000,115.010002,107.008797,14925200.00
2024-07-25,115.169998,118.029999,114.559998,117.430000,109.260429,17021700.00
2024-07-26,116.769997,118.029999,116.470001,117.330002,109.167381,11252500.00
2024-07-29,117.320000,117.389999,115.379997,116.099998,108.022957,8861800.00
2024-07-30,116.360001,118.599998,116.230003,118.169998,109.948952,12483900.00
2024-07-31,119.639999,119.760002,118.559998,118.589996,110.339729,15137700.00
2024-08-01,118.349998,119.489998,116.360001,116.949997,108.813828,15051500.00
2024-08-02,115.970001,118.870003,115.419998,116.879997,108.748703,20403800.00
2024-08-05,115.540001,116.029999,113.250000,114.769997,106.785484,18025900.00
2024-08-06,114.449997,115.629997,113.629997,114.160004,106.217926,13647800.00
2024-08-07,115.449997,117.120003,115.260002,115.680000,107.632187,13660700.00
2024-08-08,116.080002,118.110001,115.730003,117.889999,109.688438,13851000.00
2024-08-09,117.889999,119.309998,117.360001,118.849998,110.581627,12151900.00
2024-08-12,119.550003,120.169998,118.019997,119.000000,110.721207,13228900.00
2024-08-13,118.279999,118.510002,117.500000,117.860001,109.660522,11585100.00
2024-08-14,118.099998,119.900002,117.629997,118.949997,110.674683,12194500.00
2024-08-15,118.250000,119.629997,118.120003,118.730003,111.359367,11579400.00
2024-08-16,117.989998,118.480003,117.660004,118.169998,110.834129,10056000.00
2024-08-19,118.400002,120.500000,118.169998,118.529999,111.171783,12417500.00
2024-08-20,118.650002,118.650002,114.510002,114.580002,107.467003,15632000.00
2024-08-21,115.010002,115.570000,113.760002,113.849998,106.782303,11752400.00
2024-08-22,113.779999,115.010002,113.639999,114.730003,107.607681,10609500.00
2024-08-23,115.029999,116.720001,115.029999,116.320000,109.098976,10381400.00
2024-08-26,117.760002,118.940002,116.919998,118.809998,111.434395,13671000.00
2024-08-27,118.959999,119.410004,117.400002,117.680000,110.374550,9991600.00
2024-08-28,117.000000,117.580002,116.260002,116.519997,109.286552,10742900.00
2024-08-29,117.199997,118.790001,116.349998,118.129997,110.796616,10753900.00
2024-08-30,116.790001,118.019997,116.290001,117.940002,110.618401,13284700.00
2024-09-03,115.839996,116.089996,114.040001,115.470001,108.301750,15725100.00
2024-09-04,115.290001,116.150002,113.980003,114.059998,106.979286,12620600.00
2024-09-05,115.070000,115.279999,113.070000,113.169998,106.144516,17200800.00
2024-09-06,113.589996,114.180000,111.730003,112.639999,105.647430,13467700.00
2024-09-09,112.870003,116.150002,112.660004,115.010002,107.870300,21645300.00
2024-09-10,115.099998,115.400002,110.169998,110.820000,103.940422,20913400.00
2024-09-11,110.779999,110.949997,107.769997,109.720001,102.908691,19571900.00
2024-09-12,109.900002,111.330002,109.760002,111.230003,104.324959,15919500.00
2024-09-13,111.470001,112.470001,110.930000,111.150002,104.249924,10035400.00
2024-09-16,112.050003,113.089996,111.690002,112.709999,105.713081,11729000.00
2024-09-17,112.320000,114.370003,112.120003,114.180000,107.091820,12202600.00
2024-09-18,114.110001,115.629997,113.809998,114.580002,107.467003,12569900.00
2024-09-19,116.160004,117.580002,115.190002,116.000000,108.798836,12660600.00
2024-09-20,115.459999,115.510002,114.250000,115.269997,108.114151,36206200.00
2024-09-23,115.330002,117.790001,115.120003,117.360001,110.074425,16066300.00
2024-09-24,117.839996,118.160004,116.830002,117.050003,109.783661,11984900.00
2024-09-25,116.489998,117.050003,114.040001,114.769997,107.645187,13816000.00
2024-09-26,111.139999,113.480003,111.139999,112.800003,105.797501,16887900.00
2024-09-27,113.760002,116.089996,113.250000,115.820000,108.630035,15964000.00
2024-09-30,115.459999,117.389999,114.959999,117.220001,109.943108,13247600.00
2024-10-01,116.040001,120.599998,115.930000,119.930000,112.484879,23235900.00
2024-10-02,121.930000,122.820000,120.199997,121.519997,113.976166,17129700.00
2024-10-03,121.900002,123.169998,120.930000,122.580002,114.970360,16524300.00
2024-10-04,123.199997,125.190002,122.430000,124.830002,117.080681,19752300.00
2024-10-07,125.250000,126.339996,124.860001,125.370003,117.587166,15714400.00
2024-10-08,123.879997,124.019997,121.260002,122.040001,114.463875,14818500.00
2024-10-09,120.900002,122.580002,120.800003,122.089996,114.510788,11144900.00
2024-10-10,123.160004,123.699997,122.290001,123.139999,115.495598,10243300.00
2024-10-11,123.099998,124.029999,122.940002,123.610001,115.936417,8294800.00
2024-10-14,123.239998,124.260002,122.620003,124.080002,116.377235,9808100.00
2024-10-15,120.820000,121.949997,119.779999,120.349998,112.878799,15771300.00
2024-10-16,120.889999,121.440002,120.599998,120.660004,113.169571,8426800.00
2024-10-17,120.760002,121.580002,119.709999,120.349998,112.878799,11204900.00
2024-10-18,120.440002,120.639999,119.150002,120.010002,112.559898,12898600.00
2024-10-21,120.980003,121.480003,119.720001,120.080002,112.625565,10177800.00
2024-10-22,120.260002,121.190002,119.940002,120.699997,113.207069,9201400.00
2024-10-23,119.970001,120.750000,119.400002,120.269997,112.803764,8320300.00
2024-10-24,120.000000,120.440002,119.129997,119.589996,112.165977,9905600.00
2024-10-25,120.199997,120.430000,119.320000,119.489998,112.072182,10714600.00
2024-10-28,116.790001,119.010002,116.769997,118.900002,111.518806,11844500.00
2024-10-29,118.580002,119.169998,117.070000,117.279999,109.999359,14731000.00
2024-10-30,117.660004,118.269997,116.480003,116.690002,109.445999,12303700.00
2024-10-31,117.150002,118.669998,116.680000,116.779999,109.530426,20512000.00
2024-11-01,119.930000,119.949997,114.839996,114.949997,107.814018,20939300.00
2024-11-04,116.070000,118.699997,115.930000,118.610001,111.246826,14965400.00
2024-11-05,119.080002,119.209999,118.010002,118.959999,111.575089,10436700.00
2024-11-06,121.150002,121.910004,119.300003,121.000000,113.488449,20807700.00
2024-11-07,121.300003,121.500000,119.610001,121.150002,113.629150,12184400.00
2024-11-08,120.980003,121.419998,119.660004,121.110001,113.591614,12836000.00
2024-11-11,121.000000,121.620003,120.070000,120.470001,112.991341,11969700.00
2024-11-12,121.129997,121.309998,119.839996,120.349998,112.878799,11972800.00
2024-11-13,120.570000,122.050003,118.800003,121.470001,113.929283,15127900.00
2024-11-14,121.660004,121.879997,120.330002,120.559998,114.004921,13041800.00
2024-11-15,120.400002,121.239998,119.129997,119.309998,112.822884,19051700.00
2024-11-18,119.790001,120.620003,119.269997,120.309998,113.768517,14239700.00
2024-11-19,119.750000,119.750000,118.199997,118.629997,112.179848,11584400.00
2024-11-20,119.169998,120.470001,118.639999,120.320000,113.777969,11360900.00
2024-11-21,121.080002,122.550003,120.269997,121.930000,115.300423,14675400.00
2024-11-22,121.820000,123.209999,121.639999,121.790001,115.168037,13323400.00
2024-11-25,121.430000,121.879997,119.610001,119.970001,113.447006,26580300.00
2024-11-26,119.529999,119.680000,117.849998,117.970001,111.555748,14827300.00
2024-11-27,118.089996,118.730003,117.430000,117.660004,111.262604,11079100.00
2024-11-29,117.440002,118.500000,116.949997,117.959999,111.546295,9426500.00
2024-12-02,118.050003,118.199997,116.820000,117.849998,111.442276,12687300.00
2024-12-03,118.720001,118.720001,117.260002,117.669998,111.272049,11756600.00
2024-12-04,117.500000,117.550003,113.860001,114.279999,108.066383,19520600.00
2024-12-05,114.709999,115.620003,114.059998,114.779999,108.539177,15751200.00
2024-12-06,114.540001,114.769997,113.500000,113.570000,107.394981,16171100.00
2024-12-09,114.639999,114.940002,112.750000,112.900002,106.761414,17412600.00
2024-12-10,113.589996,113.879997,111.750000,112.669998,106.543907,20990900.00
2024-12-11,112.000000,112.389999,111.110001,111.919998,105.834694,32392200.00
2024-12-12,111.589996,112.379997,110.779999,111.820000,105.740120,14543300.00
2024-12-13,111.900002,111.900002,110.250000,110.839996,104.813416,13106100.00
2024-12-16,110.199997,110.400002,108.160004,108.470001,102.572289,20256100.00
2024-12-17,107.239998,108.169998,106.790001,108.010002,102.137299,17554000.00
2024-12-18,107.570000,108.830002,106.309998,106.419998,100.633736,17114500.00
2024-12-19,107.389999,107.669998,105.209999,105.510002,99.773216,20565600.00
2024-12-20,105.449997,106.139999,104.839996,105.870003,100.113655,40141200.00
2024-12-23,105.309998,106.599998,104.919998,106.300003,100.520264,12285100.00
2024-12-24,106.519997,107.190002,105.699997,106.400002,100.614822,7807000.00
2024-12-26,106.519997,107.029999,105.940002,106.489998,100.699928,9652400.00
2024-12-27,106.300003,107.989998,105.769997,106.480003,100.690475,11943900.00
2024-12-30,106.300003,106.559998,105.510002,105.760002,100.009621,11080800.00
2024-12-31,106.169998,107.900002,105.779999,107.570000,101.721199,12387800.00
2025-01-02,108.279999,109.000000,106.879997,107.309998,101.475349,12685400.00
2025-01-03,108.000000,108.489998,107.459999,107.860001,101.995445,14237900.00
2025-01-06,108.239998,109.779999,107.519997,107.739998,101.881973,15623700.00
2025-01-07,108.940002,110.059998,108.279999,108.750000,102.837044,12625900.00
2025-01-08,107.309998,107.709999,106.010002,106.930000,101.116028,17858100.00
2025-01-10,108.699997,110.099998,105.779999,106.540001,100.747215,19304500.00
2025-01-13,107.129997,109.629997,107.129997,109.290001,103.347694,17073400.00
2025-01-14,108.790001,109.760002,107.830002,109.720001,103.754318,11191200.00
2025-01-15,110.050003,111.730003,109.470001,111.510002,105.446991,14521100.00
2025-01-16,111.190002,111.690002,110.550003,111.320000,105.267326,10366600.00
2025-01-17,111.029999,112.870003,110.820000,112.320000,106.212944,19298500.00
2025-01-21,112.050003,112.180000,111.129997,111.470001,105.409157,20416300.00
2025-01-22,111.199997,111.570000,109.400002,109.529999,103.574646,15718000.00
2025-01-23,110.309998,111.139999,109.610001,110.150002,104.160934,13726800.00
2025-01-24,110.239998,110.709999,108.410004,108.660004,102.751945,14235900.00
2025-01-27,109.010002,110.449997,108.389999,110.169998,104.179848,15926700.00
2025-01-28,110.410004,110.870003,107.790001,108.040001,102.165649,15862000.00
2025-01-29,107.709999,108.779999,107.470001,108.669998,102.761406,12345500.00
2025-01-30,109.239998,109.849998,108.699997,109.570000,103.612457,14346300.00
2025-01-31,110.550003,110.550003,106.099998,106.830002,101.021446,20376500.00
2025-02-03,106.639999,107.300003,105.320000,107.089996,101.267303,14623200.00
2025-02-04,106.709999,110.279999,106.529999,109.959999,103.981262,14835700.00
2025-02-05,109.739998,110.010002,109.099998,109.879997,103.905617,13364400.00
2025-02-06,110.769997,111.050003,107.989998,108.430000,102.534447,13411400.00
2025-02-07,108.779999,109.730003,108.320000,108.889999,102.969444,10051600.00
2025-02-10,110.010002,111.029999,109.879997,110.970001,104.936348,12142200.00
2025-02-11,111.599998,112.510002,110.820000,111.669998,105.598282,12713100.00
2025-02-12,110.050003,110.230003,107.180000,107.349998,102.421181,18244100.00
2025-02-13,107.150002,108.410004,106.519997,108.129997,103.165375,15460000.00
2025-02-14,108.519997,110.230003,108.099998,108.239998,103.270317,15733500.00
2025-02-18,108.629997,110.989998,108.320000,110.139999,105.083084,20060300.00
2025-02-19,110.760002,112.129997,110.059998,110.300003,105.235733,10964700.00
2025-02-20,110.570000,112.419998,109.949997,112.000000,106.857681,16325800.00
2025-02-21,111.320000,111.849998,110.559998,110.690002,105.607841,14710000.00
2025-02-24,110.930000,111.860001,110.320000,111.269997,106.161194,13153500.00
2025-02-25,111.300003,112.129997,108.889999,109.730003,104.691902,14497000.00
2025-02-26,109.739998,109.870003,108.519997,109.459999,104.434303,10446400.00
2025-02-27,110.010002,111.290001,109.279999,110.150002,105.092621,15293200.00
2025-02-28,110.110001,111.580002,109.339996,111.330002,106.218445,18821700.00
2025-03-03,111.699997,112.160004,106.510002,107.760002,102.812363,18706900.00
2025-03-04,106.360001,108.959999,105.940002,107.540001,102.602463,19394900.00
2025-03-05,105.839996,106.330002,103.669998,105.440002,100.598885,24822200.00
2025-03-06,105.430000,108.110001,104.360001,107.620003,102.678780,17150200.00
2025-03-07,108.410004,110.400002,108.300003,109.019997,104.014503,19625000.00
2025-03-10,109.279999,112.570000,109.080002,111.800003,106.666870,22749100.00
2025-03-11,111.919998,112.099998,108.790001,109.160004,104.148079,19904700.00
2025-03-12,109.050003,110.129997,108.419998,109.129997,104.119453,14051500.00
2025-03-13,108.330002,110.820000,107.629997,108.669998,103.680580,17767800.00
2025-03-14,108.940002,112.180000,108.309998,111.900002,106.762283,15890100.00
2025-03-17,111.800003,114.500000,111.730003,113.760002,108.536880,19908800.00
2025-03-18,114.089996,114.540001,112.570000,113.639999,108.422386,15998700.00
2025-03-19,114.199997,115.820000,113.830002,115.410004,110.111130,17315000.00
2025-03-20,114.720001,116.470001,114.209999,115.900002,110.578621,16230800.00
2025-03-21,115.500000,115.989998,114.349998,115.500000,110.196983,41102800.00
2025-03-24,115.680000,116.910004,115.580002,115.800003,110.483215,14207500.00
2025-03-25,116.430000,117.639999,115.959999,116.589996,111.236931,12081800.00
2025-03-26,117.680000,119.180000,117.680000,118.269997,112.839806,14110800.00
2025-03-27,118.099998,119.070000,117.260002,117.889999,112.477257,12740800.00
2025-03-28,118.099998,118.459999,117.239998,117.730003,112.324600,10233400.00
2025-03-31,117.790001,119.910004,117.790001,118.930000,113.469490,21652300.00
2025-04-01,119.220001,119.279999,117.930000,119.040001,113.574463,12425400.00
2025-04-02,118.389999,118.839996,117.660004,118.669998,113.221436,12614600.00
2025-04-03,114.370003,115.449997,112.230003,112.430000,107.267937,21204600.00
2025-04-04,109.870003,110.830002,103.830002,104.339996,99.549370,30841300.00
2025-04-07,100.389999,105.800003,98.459999,102.940002,98.213669,35068500.00
2025-04-08,105.459999,105.599998,99.010002,100.769997,96.143288,27147800.00
2025-04-09,99.370003,106.580002,98.129997,105.800003,100.942345,30063300.00
2025-04-10,103.709999,103.779999,97.800003,99.930000,95.341858,33999300.00
2025-04-11,100.300003,103.930000,98.790001,103.139999,98.404480,22884600.00
2025-04-14,105.029999,105.089996,102.720001,103.389999,98.642998,18020000.00
2025-04-15,103.639999,105.410004,103.000000,103.099998,98.366310,13164900.00
2025-04-16,103.949997,105.589996,103.699997,104.190002,99.406273,13607000.00
2025-04-17,104.690002,108.550003,104.459999,106.919998,102.010925,17916500.00
2025-04-21,105.610001,105.629997,104.120003,105.349998,100.513008,16926500.00
2025-04-22,106.139999,108.940002,106.139999,108.300003,103.327568,13147000.00
2025-04-23,108.809998,109.300003,106.470001,107.370003,102.440262,14235700.00
2025-04-24,107.970001,108.879997,106.959999,108.629997,103.642403,9849600.00
2025-04-25,108.139999,108.760002,107.419998,108.570000,103.585159,11245800.00
2025-04-28,108.750000,109.250000,107.680000,108.629997,103.642403,13890900.00
2025-04-29,107.739998,108.830002,107.519997,108.360001,103.384819,9483100.00
2025-04-30,107.419998,107.419998,104.150002,105.629997,100.780151,20379300.00
2025-05-01,105.099998,106.919998,104.980003,105.779999,100.923256,18610300.00
2025-05-02,107.720001,109.000000,104.550003,106.209999,101.333519,16581900.00
2025-05-05,104.650002,104.660004,103.070000,103.269997,98.528503,19624000.00
2025-05-06,103.889999,105.980003,103.480003,104.709999,99.902390,16303400.00
2025-05-07,104.989998,105.290001,104.070000,104.610001,99.806984,12332200.00
2025-05-08,105.339996,107.389999,105.339996,106.070000,101.199959,19196500.00
2025-05-09,107.139999,107.750000,106.379997,107.309998,102.383011,10992100.00
2025-05-12,110.269997,110.440002,108.320000,109.160004,104.148079,14244600.00
2025-05-13,109.320000,110.510002,109.019997,109.459999,104.434303,13350800.00
2025-05-14,108.860001,108.860001,107.930000,108.480003,103.499306,15494900.00
2025-05-15,106.489998,108.650002,105.970001,108.580002,104.548828,15004300.00
2025-05-16,108.650002,108.889999,107.449997,108.190002,104.173317,14042500.00
2025-05-19,107.570000,107.570000,105.720001,106.470001,102.517174,16802700.00
2025-05-20,106.389999,106.720001,104.779999,104.949997,101.053596,12429300.00
2025-05-21,104.529999,104.970001,103.639999,103.660004,99.811493,16716100.00
2025-05-22,103.059998,103.470001,101.889999,102.970001,99.147110,13417400.00
2025-05-23,102.599998,103.470001,102.070000,103.029999,99.204880,12061600.00
2025-05-27,103.489998,103.860001,102.900002,103.519997,99.676682,13043600.00
2025-05-28,104.290001,104.430000,101.790001,102.110001,98.319046,14292400.00
2025-05-29,102.279999,102.849998,101.750000,102.690002,98.877510,13825300.00
2025-05-30,102.160004,102.389999,101.190002,102.300003,98.501991,28645800.00
2025-06-02,103.750000,103.849998,102.220001,103.050003,99.224136,17290500.00
2025-06-03,102.900002,104.660004,102.209999,103.800003,99.946304,19194300.00
2025-06-04,103.919998,104.919998,102.300003,102.300003,98.501991,15648500.00
2025-06-05,102.980003,103.050003,101.730003,101.830002,98.049438,13924800.00
2025-06-06,102.760002,104.500000,102.680000,104.269997,100.398842,15487800.00
2025-06-09,104.330002,105.849998,103.830002,104.970001,101.072853,17087300.00
2025-06-10,106.080002,107.650002,105.930000,107.220001,103.239334,17634800.00
2025-06-11,107.760002,109.389999,106.459999,109.309998,105.251732,22648200.00
2025-06-12,108.919998,110.190002,108.220001,109.730003,105.656136,17469400.00
2025-06-13,112.349998,112.529999,110.680000,112.120003,107.957405,28540200.00
2025-06-16,111.820000,113.160004,111.129997,112.480003,108.304039,22986100.00
2025-06-17,113.949997,114.930000,113.110001,114.000000,109.767601,19451700.00
2025-06-18,114.610001,115.239998,112.940002,113.190002,108.987679,17968900.00
2025-06-20,113.449997,115.040001,113.180000,114.699997,110.441620,36273300.00
2025-06-23,116.699997,116.949997,111.160004,111.739998,107.591515,26631100.00
2025-06-24,109.250000,110.940002,107.910004,108.339996,104.317741,24828300.00
2025-06-25,108.110001,109.239998,107.699997,108.370003,104.346634,17483200.00
2025-06-26,108.940002,110.440002,108.550003,109.989998,105.906487,18304800.00
2025-06-27,109.940002,110.099998,108.370003,109.379997,105.319138,22002100.00
2025-06-30,108.639999,108.839996,107.720001,107.800003,103.797798,19199000.00
2025-07-01,108.129997,109.639999,107.150002,109.239998,105.184319,15536900.00
2025-07-02,110.000000,111.360001,108.830002,111.050003,106.927139,11892200.00
2025-07-03,110.860001,112.470001,110.620003,112.199997,108.034424,11223600.00
2025-07-07,111.540001,112.050003,110.220001,111.110001,106.984901,15415900.00
2025-07-08,110.889999,114.459999,110.849998,114.190002,109.950546,17913400.00
2025-07-09,113.919998,114.269997,113.269997,113.800003,109.575050,10652100.00
2025-07-10,113.709999,115.269997,113.070000,114.930000,110.663078,14901700.00
2025-07-11,114.849998,115.760002,114.510002,115.430000,111.144524,11683900.00
2025-07-14,115.230003,115.230003,113.220001,113.919998,109.690575,13220300.00
2025-07-15,113.660004,114.059998,112.599998,112.910004,108.718079,10959300.00
2025-07-16,112.879997,113.500000,112.099998,112.230003,108.063324,11158900.00
2025-07-17,111.489998,112.230003,111.089996,111.660004,107.514481,13151400.00
2025-07-18,111.110001,111.730003,107.339996,107.769997,103.768898,32366600.00
2025-07-21,107.599998,108.769997,107.440002,108.050003,104.038506,17010400.00
2025-07-22,107.980003,109.440002,107.610001,108.540001,104.510315,13970900.00
2025-07-23,108.930000,110.000000,108.849998,109.930000,105.848709,12002700.00
2025-07-24,109.660004,110.949997,109.129997,110.790001,106.676781,15647200.00
2025-07-25,110.730003,110.980003,109.699997,110.400002,106.301262,10548900.00
2025-07-28,111.000000,112.110001,110.839996,111.440002,107.302658,12353000.00
2025-07-29,111.900002,113.000000,111.410004,112.879997,108.689178,15928000.00
2025-07-30,112.410004,112.610001,111.260002,111.900002,107.745575,12996900.00
2025-07-31,110.360001,112.500000,110.360001,111.639999,107.495224,17233700.00
2025-08-01,112.000000,112.540001,108.860001,109.639999,105.569481,19652000.00
2025-08-04,109.220001,109.919998,107.089996,107.370003,103.383759,19129500.00
2025-08-05,107.220001,107.820000,106.070000,107.239998,103.258575,21314300.00
2025-08-06,108.309998,109.050003,106.370003,106.510002,102.555687,15321800.00
2025-08-07,107.139999,108.059998,105.889999,105.949997,102.016479,13468300.00
2025-08-08,106.500000,107.510002,105.949997,106.800003,102.834923,14417700.00
2025-08-11,107.110001,107.529999,105.529999,105.830002,101.900932,13570700.00
2025-08-12,106.339996,107.279999,105.779999,106.129997,102.189781,14109400.00
2025-08-13,106.000000,107.599998,105.739998,107.599998,103.605217,17958700.00
2025-08-14,107.550003,107.589996,106.440002,107.379997,103.393387,13683500.00
2025-08-15,106.190002,107.559998,105.949997,106.489998,103.490570,19271900.00
2025-08-18,106.099998,107.230003,105.669998,106.720001,103.714096,13040000.00
2025-08-19,106.199997,107.459999,106.150002,107.419998,104.394371,16113600.00
2025-08-20,107.879997,109.330002,107.680000,108.529999,105.473106,18959700.00
2025-08-21,108.419998,109.570000,107.959999,109.230003,106.153397,12194900.00
2025-08-22,109.599998,111.410004,109.599998,111.279999,108.145645,13586700.00
2025-08-25,110.900002,111.919998,110.540001,111.739998,108.592682,9744900.00
2025-08-26,111.370003,111.809998,110.360001,111.489998,108.349724,18143900.00
2025-08-27,111.419998,112.980003,111.419998,112.750000,109.574249,15262600.00
2025-08-28,112.870003,113.650002,112.070000,113.349998,110.157349,14189800.00
2025-08-29,113.720001,114.790001,113.580002,114.290001,111.070862,14597900.00
2025-09-02,114.180000,115.239998,113.330002,114.690002,111.459602,15206700.00
2025-09-03,113.970001,114.430000,111.459999,111.910004,108.757904,14920100.00
2025-09-04,112.110001,113.129997,111.379997,112.400002,109.234100,12864400.00
2025-09-05,111.599998,111.779999,109.019997,109.230003,106.153397,16826700.00
2025-09-08,109.730003,110.050003,108.349998,109.849998,106.755920,15440500.00
2025-09-09,110.529999,112.510002,110.529999,110.650002,107.533394,14899500.00
2025-09-10,111.160004,112.559998,110.839996,112.500000,109.331291,15837600.00
2025-09-11,111.400002,112.769997,110.870003,112.139999,108.981430,11534500.00
2025-09-12,112.860001,113.220001,111.879997,112.160004,109.000862,11105700.00
2025-09-15,112.180000,112.459999,111.320000,112.349998,109.185509,12880500.00
2025-09-16,112.959999,115.320000,112.779999,114.680000,111.449883,17208000.00
2025-09-17,114.529999,115.489998,114.050003,115.290001,112.042709,13302000.00
2025-09-18,115.169998,115.349998,113.400002,113.930000,110.721008,14628700.00
2025-09-19,113.900002,113.980003,112.639999,112.820000,109.642265,38746500.00
2025-09-22,112.449997,112.800003,111.559998,112.019997,108.864799,15611500.00
2025-09-23,112.720001,114.750000,112.480003,113.949997,110.740440,25369100.00
2025-09-24,114.570000,115.760002,114.470001,114.559998,111.333260,14756100.00
2025-09-25,114.639999,115.900002,114.410004,115.589996,112.334251,15012600.00
2025-09-26,115.959999,118.360001,115.919998,117.220001,113.918335,18568900.00
2025-09-29,116.059998,116.500000,113.669998,114.220001,111.002846,19189300.00
2025-09-30,113.349998,113.489998,111.940002,112.750000,109.574249,18076200.00
2025-10-01,112.559998,113.019997,111.290001,111.989998,108.835648,16614000.00
2025-10-02,111.970001,113.089996,111.029999,111.290001,108.155365,13062600.00
2025-10-03,111.900002,113.750000,111.900002,113.260002,110.069885,12950100.00
2025-10-06,113.290001,114.769997,113.180000,114.199997,110.983398,12036800.00
2025-10-07,114.070000,114.510002,111.739998,114.260002,111.041718,11945000.00
2025-10-08,114.379997,115.010002,113.410004,114.019997,110.808472,12301000.00
2025-10-09,114.430000,115.510002,112.739998,112.910004,109.729744,10976200.00
2025-10-10,112.260002,112.620003,110.709999,110.730003,107.611137,13811600.00
2025-10-13,111.540001,112.300003,111.320000,112.239998,109.078606,10296500.00
2025-10-14,110.760002,112.959999,110.709999,112.290001,109.127197,11167200.00
2025-10-15,112.800003,113.570000,110.970001,111.610001,108.466354,12182900.00
2025-10-16,111.879997,112.190002,110.389999,110.639999,107.523682,11782200.00
2025-10-17,111.629997,112.910004,111.180000,112.239998,109.078606,13460100.00
2025-10-20,112.000000,113.150002,111.980003,112.699997,109.525642,9523600.00
2025-10-21,112.889999,113.360001,111.989998,112.709999,109.535370,9202300.00
2025-10-22,113.449997,115.180000,113.080002,114.709999,111.479042,12938800.00
2025-10-23,116.629997,116.849998,115.360001,115.980003,112.713272,15001100.00
2025-10-24,116.349998,116.470001,115.180000,115.389999,112.139885,9919400.00
2025-10-27,115.699997,115.989998,115.099998,115.940002,112.674393,10975400.00
2025-10-28,115.489998,116.180000,114.989998,115.029999,111.790024,9535200.00
2025-10-29,114.919998,117.050003,114.809998,116.449997,113.170013,12570600.00
2025-10-30,116.430000,116.519997,114.529999,114.690002,111.459602,16172900.00
2025-10-31,113.980003,115.230003,112.620003,114.360001,111.138893,20213400.00
2025-11-03,114.500000,114.989998,113.639999,113.760002,110.555801,12290300.00
2025-11-04,113.379997,114.349998,112.510002,114.139999,110.925095,16860700.00
2025-11-05,114.089996,115.180000,113.669998,113.680000,110.478058,12400900.00
2025-11-06,113.639999,114.940002,113.639999,114.500000,111.274963,14219700.00
2025-11-07,115.209999,117.510002,114.900002,117.220001,113.918335,17181100.00
2025-11-10,117.440002,118.449997,115.459999,118.220001,114.890182,13048000.00
2025-11-11,118.830002,120.809998,118.830002,119.779999,116.406235,16077100.00
2025-11-12,119.099998,119.279999,117.790001,118.120003,114.792992,13790900.00
2025-11-13,118.629997,119.760002,118.279999,118.790001,115.444122,17291900.00
2025-11-14,118.449997,119.480003,116.660004,119.290001,116.944031,17064300.00
2025-11-17,118.970001,119.500000,117.110001,117.680000,115.365692,16034900.00
2025-11-18,117.260002,119.480003,116.480003,119.029999,116.689140,15808500.00
2025-11-19,116.849998,118.180000,115.930000,117.349998,115.042183,15919200.00
2025-11-20,117.980003,119.010002,116.739998,117.019997,114.718666,14401000.00
2025-11-21,116.989998,117.379997,115.650002,117.080002,114.777489,15667600.00
2025-11-24,117.199997,117.199997,114.739998,115.970001,113.689323,18034900.00
2025-11-25,115.180000,115.900002,114.190002,114.510002,112.258026,14434600.00
2025-11-26,114.410004,115.739998,114.309998,114.769997,112.512917,11650600.00
2025-11-28,114.949997,118.739998,114.820000,115.919998,113.640297,7240800.00
2025-12-01,116.099998,117.410004,116.099998,116.629997,114.336342,12658100.00
2025-12-02,116.440002,116.599998,114.690002,115.379997,113.110924,14607700.00
2025-12-03,115.949997,117.980003,115.879997,117.800003,115.483330,16819100.00
2025-12-04,117.500000,118.339996,116.660004,117.139999,114.836304,13686900.00
2025-12-05,116.750000,118.779999,116.410004,116.540001,114.248116,12516900.00
2025-12-08,115.830002,117.000000,115.040001,115.980003,113.699120,14904200.00
2025-12-09,116.900002,120.470001,116.889999,118.250000,115.924484,23790800.00
2025-12-10,118.730003,119.870003,118.370003,119.540001,117.189110,19845200.00
2025-12-11,119.110001,120.360001,119.070000,119.540001,117.189110,14781800.00
2025-12-12,119.440002,119.919998,118.309998,118.820000,116.483269,14459500.00
2025-12-15,119.010002,119.029999,116.849998,117.760002,115.444122,16358700.00
2025-12-16,116.769997,116.839996,114.610001,114.680000,112.424690,17638700.00
2025-12-17,115.209999,117.620003,115.169998,117.410004,115.101013,18502200.00
2025-12-18,116.989998,116.989998,115.629997,116.540001,114.248116,13705600.00
2025-12-19,116.750000,117.570000,115.959999,116.690002,114.395164,45412800.00
2025-12-22,117.339996,118.459999,117.339996,118.150002,115.826454,11768600.00
2025-12-23,118.470001,120.029999,118.320000,119.419998,117.071472,12567600.00
2025-12-24,119.330002,120.050003,119.120003,119.220001,116.875404,6137400.00
2025-12-26,118.889999,119.550003,118.529999,119.110001,116.767570,8066100.00
2025-12-29,120.150002,121.300003,119.400002,120.529999,118.159645,14782500.00
2025-12-30,121.099998,121.800003,120.629997,120.989998,118.610596,11150500.00
2025-12-31,121.180000,121.260002,119.870003,120.339996,117.973381,10559900.00
2026-01-02,120.089996,122.680000,119.610001,122.650002,120.237961,14175100.00
2026-01-05,125.209999,125.930000,122.389999,125.360001,122.894661,30112200.00
2026-01-06,125.349998,125.800003,121.000000,121.050003,118.669418,23328600.00
2026-01-07,119.800003,120.120003,118.269997,118.489998,116.159760,20353000.00
2026-01-08,118.980003,123.629997,118.660004,122.910004,120.492844,20232700.00
2026-01-09,123.230003,124.860001,123.099998,124.610001,122.159409,16137700.00
2026-01-12,124.459999,124.500000,122.559998,124.029999,121.590813,15314900.00
2026-01-13,125.000000,127.139999,124.809998,126.540001,124.051445,21619700.00
2026-01-14,127.349998,131.720001,127.129997,130.199997,127.639458,27593900.00
2026-01-15,129.130005,130.199997,128.300003,129.130005,126.590515,17400000.00
2026-01-16,128.910004,130.160004,128.869995,129.889999,127.335564,16592400.00
2026-01-20,131.509995,131.940002,130.070007,130.460007,127.894371,16477300.00
2026-01-21,131.910004,133.729996,131.910004,133.610001,130.982422,18879900.00
2026-01-22,133.050003,134.179993,131.850006,133.639999,131.011826,16600100.00
2026-01-23,135.089996,135.979996,134.479996,134.970001,132.315659,17758200.00
2026-01-26,136.929993,136.940002,134.169998,134.839996,132.188202,16056100.00
2026-01-27,135.250000,136.929993,134.710007,136.830002,134.139084,14517000.00
2026-01-28,137.690002,138.009995,136.669998,137.580002,134.874329,15637300.00
2026-01-29,140.320007,142.339996,139.110001,140.509995,137.746704,35760600.00
2026-01-30,138.740005,142.210007,137.830002,141.399994,138.619202,29657700.00
2026-02-02,139.830002,140.320007,138.059998,138.399994,135.678207,27735600.00
2026-02-03,138.639999,145.009995,138.309998,143.729996,140.903397,37577800.00
2026-02-04,144.119995,147.839996,144.119995,147.589996,144.687469,29426200.00
2026-02-05,146.580002,146.729996,143.800003,146.080002,143.207169,18431700.00
2026-02-06,146.619995,149.570007,146.089996,149.050003,146.118774,17216000.00
2026-02-09,149.259995,151.550003,148.630005,151.210007,148.236298,21297300.00
2026-02-10,151.350006,151.779999,149.820007,151.589996,148.608810,15800300.00
2026-02-11,153.970001,156.929993,153.570007,155.559998,152.500748,23091500.00
2026-02-12,153.889999,155.250000,149.880005,149.929993,147.961136,30652500.00
2026-02-13,150.550003,151.660004,147.979996,148.449997,146.500580,20166000.00
2026-02-17,148.199997,149.130005,145.149994,146.190002,144.270264,19766600.00
2026-02-18,148.149994,150.979996,147.610001,150.679993,148.701294,19849700.00
2026-02-19,152.199997,153.380005,150.839996,150.970001,148.987488,20305000.00
2026-02-20,150.490005,150.809998,146.460007,147.279999,145.345947,25908600.00
2026-02-23,148.149994,151.270004,148.130005,150.759995,148.780243,16073100.00
2026-02-24,150.419998,150.720001,148.029999,149.259995,147.299942,14185500.00
2026-02-25,149.910004,150.179993,147.330002,149.059998,147.102570,15225700.00
2026-02-26,147.809998,150.960007,146.770004,148.539993,146.589386,15632100.00
2026-02-27,151.000000,153.649994,149.250000,152.500000,150.497406,30275100.00
2026-03-02,159.350006,159.610001,153.029999,154.220001,152.194809,31493100.00
2026-03-03,155.429993,156.050003,150.300003,151.830002,149.836197,25198900.00
2026-03-04,150.720001,151.160004,147.860001,149.820007,147.852600,16764800.00
2026-03-05,151.000000,152.330002,149.470001,150.759995,148.780243,22969300.00
2026-03-06,153.149994,153.800003,149.960007,151.210007,149.224350,21136400.00
2026-03-09,152.020004,153.889999,149.470001,150.440002,148.464447,25532700.00
2026-03-10,149.250000,150.399994,147.699997,148.130005,146.184799,19617600.00
2026-03-11,147.990005,151.809998,147.660004,151.580002,149.589478,15297400.00
2026-03-12,152.270004,155.000000,151.630005,153.529999,151.513870,26054000.00
2026-03-13,154.300003,156.889999,152.979996,156.119995,154.069855,22414100.00
2026-03-16,156.000000,157.779999,154.759995,157.229996,155.165283,22835600.00
2026-03-17,158.250000,160.449997,156.800003,158.809998,156.724533,21592200.00
2026-03-18,159.660004,160.179993,157.529999,157.589996,155.520554,18947100.00
2026-03-19,158.259995,159.559998,154.839996,158.160004,156.083069,27082700.00
2026-03-20,159.350006,162.440002,159.100006,159.669998,157.573242,53942100.00
2026-03-23,156.119995,161.419998,155.020004,161.130005,159.014084,25021300.00
2026-03-24,161.710007,167.479996,161.250000,165.380005,163.208267,26131800.00
2026-03-25,163.869995,165.000000,162.929993,163.259995,161.116104,17192300.00
2026-03-26,164.089996,165.679993,162.059998,165.429993,163.257599,18625200.00
2026-03-27,165.580002,171.229996,164.800003,170.990005,168.744583,30338300.00
2026-03-30,172.509995,176.410004,171.050003,171.470001,169.218277,29813500.00
2026-03-31,172.669998,174.380005,165.970001,169.660004,167.432053,32006700.00
2026-04-01,165.770004,168.000000,159.529999,160.779999,158.668671,37927600.00
2026-04-02,164.490005,166.899994,159.589996,160.690002,158.579849,25377700.00
2026-04-06,160.570007,163.750000,159.529999,163.369995,161.224655,16344300.00
2026-04-07,164.220001,166.240005,161.770004,163.910004,161.757568,25227500.00
2026-04-08,153.520004,156.350006,150.979996,156.220001,154.168549,31311200.00
2026-04-09,156.860001,159.229996,154.309998,155.039993,153.004044,25868400.00
2026-04-10,154.039993,155.119995,151.919998,152.509995,150.507248,21065000.00
2026-04-13,154.270004,154.619995,151.279999,152.639999,150.635559,18685600.00
2026-04-14,150.070007,150.110001,146.720001,149.240005,147.280212,18528200.00
2026-04-15,148.600006,150.229996,146.899994,149.009995,147.053223,15626500.00
2026-04-16,149.529999,152.779999,149.350006,151.979996,149.984222,15191000.00
2026-04-17,144.860001,146.800003,141.970001,146.440002,144.516968,28947400.00
2026-04-20,147.380005,149.369995,146.350006,147.679993,145.740677,16354400.00
2026-04-21,147.369995,148.809998,146.240005,148.360001,146.411758,17515900.00
2026-04-22,149.369995,150.679993,148.179993,149.500000,147.536789,13738700.00
2026-04-23,149.850006,151.229996,148.500000,150.529999,148.553268,12970400.00
2026-04-24,149.639999,150.300003,146.949997,148.910004,146.954544,13735900.00
2026-04-27,149.160004,151.179993,147.970001,148.190002,146.244003,13940800.00
2026-04-28,151.529999,152.309998,149.830002,150.559998,148.582870,15173600.00
2026-04-29,152.020004,154.949997,151.009995,154.669998,152.638901,14669100.00
2026-04-30,152.429993,155.690002,151.339996,154.330002,152.303360,22885900.00
2026-05-01,152.610001,155.009995,151.130005,152.750000,150.744110,15458200.00
2026-05-04,152.669998,154.470001,149.520004,153.690002,151.671768,14238500.00
2026-05-05,153.100006,155.289993,152.410004,154.880005,152.846146,12494600.00
2026-05-06,149.070007,150.330002,147.089996,148.690002,146.737427,20527000.00
2026-05-07,146.800003,147.080002,144.190002,146.580002,144.655136,22509400.00
2026-05-08,145.850006,146.500000,143.919998,144.570007,142.671539,19550100.00
2026-05-11,146.020004,149.720001,146.000000,149.679993,147.714432,14849500.00
2026-05-12,151.250000,151.809998,149.770004,150.630005,148.651962,16443100.00
2026-05-13,150.059998,151.789993,149.679993,151.570007,149.579620,15772800.00
2026-05-14,151.899994,153.119995,151.259995,152.779999,150.773712,11331500.00
2026-05-15,153.750000,158.000000,153.000000,157.919998,156.904022,27882400.00
2026-05-18,157.320007,161.729996,155.229996,160.490005,159.457489,20065200.00
2026-05-19,161.500000,163.320007,159.639999,162.550003,161.504242,20715600.00
2026-05-20,161.610001,163.679993,156.270004,156.279999,155.274567,18509700.00
2026-05-21,158.419998,159.389999,153.460007,155.289993,154.290939,17061700.00
2026-05-22,154.029999,155.550003,153.169998,154.919998,153.923325,12948500.00
2026-05-26,153.500000,154.550003,149.470001,149.809998,148.846191,13057800.00
2026-05-27,147.229996,148.690002,145.750000,147.899994,146.948486,16241100.00
2026-05-28,149.339996,150.210007,146.869995,146.960007,146.014542,14012500.00
2026-05-29,146.190002,146.929993,144.710007,145.259995,144.325470,27959900.00
2026-06-01,147.020004,149.649994,147.000000,149.380005,148.418976,16732100.00
2026-06-02,149.029999,150.830002,148.500000,149.559998,148.597809,10462400.00
2026-06-03,150.610001,154.910004,150.020004,152.529999,151.548706,14373000.00
2026-06-04,152.050003,153.429993,150.940002,152.039993,151.061844,11799400.00
2026-06-05,152.009995,152.130005,149.300003,149.919998,148.955490,16584000.00
2026-06-08,151.160004,153.809998,150.899994,151.750000,150.773712,13870900.00
2026-06-09,150.910004,151.130005,147.779999,148.910004,147.951996,18163500.00
2026-06-10,151.229996,152.490005,149.559998,150.619995,149.650986,14596500.00
2026-06-11,152.300003,152.490005,146.419998,146.600006,145.656860,17285800.00
2026-06-12,145.630005,148.910004,145.149994,147.009995,146.064209,17713100.00
2026-06-15,139.740005,141.979996,137.720001,140.919998,140.013397,23631400.00
2026-06-16,140.190002,142.149994,139.979996,141.860001,140.947342,18925400.00
2026-06-17,141.220001,142.339996,140.320007,140.740005,139.834549,16663200.00
2026-06-18,138.320007,138.460007,135.850006,137.809998,136.923401,48063400.00
2026-06-22,138.539993,139.000000,137.020004,138.470001,137.579163,15783300.00
2026-06-23,139.460007,140.389999,138.500000,139.729996,138.831039,13699400.00
2026-06-24,137.119995,137.639999,135.589996,136.899994,136.019257,16212900.00
2026-06-25,135.639999,138.070007,134.949997,137.550003,136.665070,13288800.00
2026-06-26,136.970001,137.580002,135.919998,136.539993,135.661560,22684200.00
2026-06-29,136.580002,137.389999,135.389999,136.059998,135.184662,11972700.00
2026-06-30,136.479996,137.300003,135.330002,136.720001,135.840408,28784000.00
2026-07-01,136.529999,137.490005,135.630005,136.279999,135.403244,12433400.00
2026-07-02,137.149994,139.139999,136.330002,137.089996,136.208023,13703300.00
2026-07-06,136.550003,137.369995,136.009995,136.440002,135.562210,13915100.00
2026-07-07,138.559998,141.740005,138.130005,141.690002,140.778442,14667800.00
2026-07-08,143.440002,143.990005,139.809998,141.130005,140.222046,18291400.00
2026-07-09,139.660004,140.050003,137.119995,137.460007,136.575653,14110200.00
2026-07-10,137.899994,138.970001,137.139999,138.880005,137.986526,9753500.00
2026-07-13,140.919998,145.229996,140.490005,144.509995,143.580292,18724300.00
2026-07-14,145.509995,146.000000,143.889999,145.089996,144.156555,16096400.00
2026-07-15,145.089996,145.089996,142.029999,144.509995,143.580292,13444500.00
2026-07-16,145.279999,146.869995,144.550003,145.949997,145.011032,13518000.00
2026-07-17,149.029999,150.000000,147.169998,147.360001,146.411957,19031400.00
2026-07-20,146.500000,149.089996,146.229996,148.360001,147.405533,12149200.00
2026-07-21,149.009995,151.759995,148.479996,151.710007,150.733978,13145300.00
2026-07-22,153.860001,154.800003,152.949997,154.449997,153.456345,13788700.00
2026-07-23,156.600006,158.570007,156.059998,156.889999,155.880646,15822800.00
2026-07-24,156.990005,158.710007,155.679993,156.940002,155.930328,12091600.00
2026-07-27,153.070007,155.419998,152.500000,154.770004,153.774292,13955800.00
2026-07-28,154.169998,156.179993,151.880005,153.039993,152.055420,16299900.00
2026-07-29,157.720001,159.070007,155.860001,156.750000,155.741547,14571300.00
2026-07-30,155.089996,157.779999,154.529999,156.970001,155.960144,12578100.00
2026-07-31,153.740005,156.160004,152.139999,155.440002,154.439987,15714200.00
2026-08-03,153.460007,155.910004,152.649994,155.059998,154.062424,14532800.00
2026-08-04,151.619995,154.839996,149.089996,153.960007,152.969513,14347900.00
2026-08-05,155.039993,155.039993,151.149994,151.630005,150.654495,12227500.00
2026-08-06,154.220001,154.869995,151.839996,154.839996,153.843842,11879100.00
2026-08-07,152.639999,153.669998,151.529999,153.039993,152.055420,18455200.00
2026-08-10,154.500000,160.369995,154.449997,159.789993,158.761993,19761600.00
2026-08-11,159.660004,161.669998,159.270004,159.800003,158.771927,13744500.00
2026-08-12,158.550003,160.229996,157.559998,159.750000,158.722244,13219500.00
2026-08-13,158.029999,159.759995,157.429993,158.610001,157.589584,10542800.00
2026-08-14,159.710007,161.259995,159.250000,160.100006,159.070007,10231300.00
2026-08-17,160.100006,162.509995,159.089996,161.460007,161.460007,12858100.00
2026-08-18,164.350006,165.669998,163.250000,165.559998,165.559998,18952700.00
2026-08-19,166.070007,168.210007,164.660004,164.770004,164.770004,13648900.00
2026-08-20,167.020004,168.639999,166.070007,166.149994,166.149994,13803000.00
2026-08-21,166.539993,168.000000,164.610001,165.110001,165.110001,14314300.00
2026-08-24,163.869995,165.220001,162.250000,164.050003,164.050003,10842500.00
2026-08-25,161.449997,162.809998,160.460007,160.639999,160.639999,17525300.00
2026-08-26,158.000000,161.130005,157.759995,158.190002,158.190002,14838400.00
2026-08-27,157.630005,158.190002,156.139999,156.440002,156.440002,14288500.00
2026-08-28,156.600006,157.419998,155.320007,156.710007,156.710007,11352600.00
2026-08-31,159.940002,161.589996,158.740005,160.949997,160.949997,18363400.00
2026-09-01,163.600006,164.699997,162.220001,164.550003,164.550003,11381800.00
2026-09-02,163.929993,165.020004,162.759995,164.149994,164.149994,11287000.00
2026-09-03,164.429993,165.649994,162.089996,162.210007,162.210007,13755100.00
2026-09-04,161.020004,161.479996,159.160004,159.470001,159.470001,16206400.00
2026-09-08,160.610001,163.110001,158.750000,160.660004,160.660004,12607700.00
2026-09-09,162.880005,165.179993,162.550003,164.229996,164.229996,13124000.00
2026-09-10,167.000000,167.369995,163.179993,165.229996,165.229996,16615300.00
2026-09-11,165.070007,167.089996,164.080002,165.990005,165.990005,11362400.00
2026-09-14,168.699997,169.449997,164.039993,165.080002,165.080002,13942100.00
2026-09-15,165.360001,169.639999,165.149994,169.320007,169.320007,12329200.00
2026-09-16,167.229996,167.500000,162.559998,163.320007,163.320007,13437800.00
2026-09-17,161.830002,163.389999,161.449997,163.270004,163.270004,10976500.00
2026-09-18,162.500000,163.539993,161.309998,163.539993,163.539993,37640600.00
2026-09-21,160.960007,161.949997,157.940002,158.300003,158.300003,15752500.00
2026-09-22,157.529999,159.970001,155.850006,158.710007,158.710007,14189400.00
2026-09-23,159.619995,162.119995,159.419998,161.229996,161.229996,12569300.00
2026-09-24,163.059998,164.910004,161.199997,162.139999,162.139999,12484900.00
2026-09-25,160.229996,161.789993,159.779999,160.589996,160.589996,10996700.00
2026-09-28,162.800003,163.539993,161.050003,162.520004,162.520004,12809500.00
2026-09-29,160.220001,161.970001,159.270004,161.350006,161.350006,9160000.00
2026-09-30,162.229996,164.369995,161.800003,162.750000,162.750000,13100400.00
2026-10-01,161.500000,164.080002,160.809998,163.820007,163.820007,11703100.00
2026-10-02,161.550003,164.610001,161.550003,164.009995,164.009995,11287000.00
